building_id,meter_id,timestamp,electricity,water,supply_temp,return_temp,ambient_temp,humidity,occupancy,is_anomaly
B001,B001_M1,2025-01-01 08:00:00,374.18,,7.4,14.2,27.8,54.7,15.7,True
B001,B001_M5,2025-01-01 09:00:00,140.07,12.38,8.9,17.4,28.1,45.3,15.4,False
B001,B001_M2,2025-01-01 10:00:00,234.03,12.38,7.9,16.2,28.2,41.0,29.3,False
B001,B001_M4,2025-01-01 11:00:00,179.29,,8.6,15.4,25.3,46.4,18.9,False
B001,B001_M2,2025-01-01 12:00:00,206.38,12.36,10.1,17.2,25.8,70.1,35.9,False
B001,B001_M3,2025-01-01 13:00:00,255.02,,10.7,17.5,19.0,56.0,31.4,False
B001,B001_M3,2025-01-01 14:00:00,240.68,,10.9,13.1,29.2,54.4,42.4,False
B001,B001_M1,2025-01-01 15:00:00,223.06,,11.7,12.2,19.7,53.4,13.8,False
B001,B001_M3,2025-01-01 16:00:00,309.41,17.55,11.6,17.0,26.4,45.0,38.3,False
B001,B001_M2,2025-01-01 17:00:00,267.26,11.27,11.1,12.2,23.2,75.5,29.9,False
B001,B001_M2,2025-01-01 18:00:00,121.31,,9.3,15.8,26.6,64.8,41.0,False
B001,B001_M5,2025-01-01 19:00:00,140.49,11.55,7.8,14.2,20.3,54.9,29.2,False
B001,B001_M1,2025-01-01 20:00:00,105.17,6.94,7.7,12.6,29.4,54.1,43.5,False
B001,B001_M5,2025-01-01 21:00:00,151.06,7.52,10.6,12.5,20.8,67.9,31.6,False
B002,B002_M2,2025-01-01 08:00:00,70.95,10.5,7.6,17.0,26.3,45.7,32.7,False
B002,B002_M3,2025-01-01 09:00:00,115.0,,7.5,14.7,20.0,43.6,20.9,False
B002,B002_M4,2025-01-01 10:00:00,126.04,,9.0,14.8,27.6,48.4,43.2,False
B002,B002_M4,2025-01-01 11:00:00,183.22,18.14,7.0,18.0,16.1,47.8,11.9,False
B002,B002_M2,2025-01-01 12:00:00,169.07,12.49,11.1,12.0,28.9,62.8,48.7,False
B002,B002_M3,2025-01-01 13:00:00,124.61,13.53,7.2,13.4,15.6,47.0,32.5,False
B002,B002_M1,2025-01-01 14:00:00,143.71,12.72,9.7,17.9,23.6,45.0,44.9,False
B002,B002_M4,2025-01-01 15:00:00,101.85,,10.8,16.8,29.1,65.7,27.7,False
B002,B002_M1,2025-01-01 16:00:00,170.94,,11.5,13.8,18.0,73.0,24.7,False
B002,B002_M1,2025-01-01 17:00:00,110.14,,11.9,15.4,23.9,74.6,39.3,False
B002,B002_M4,2025-01-01 18:00:00,76.51,19.54,8.0,13.5,17.8,43.3,35.7,False
B002,B002_M2,2025-01-01 19:00:00,89.28,16.16,8.8,13.4,24.8,52.0,35.0,False
B002,B002_M2,2025-01-01 20:00:00,107.88,,8.8,16.2,24.5,48.3,20.9,False
B002,B002_M2,2025-01-01 21:00:00,56.8,19.4,7.8,15.8,19.3,74.9,26.7,False
B003,B003_M2,2025-01-01 08:00:00,301.39,5.67,9.3,13.5,26.2,56.7,24.2,False
B003,B003_M1,2025-01-01 09:00:00,423.82,,11.5,13.4,18.0,67.4,16.9,False
B003,B003_M2,2025-01-01 10:00:00,437.78,,8.8,13.4,23.4,56.0,35.4,False
B003,B003_M1,2025-01-01 11:00:00,571.9,,11.6,15.1,27.7,76.5,12.9,False
B003,B003_M2,2025-01-01 12:00:00,403.22,5.6,9.2,13.4,20.3,66.5,14.0,False
B003,B003_M3,2025-01-01 13:00:00,435.41,,11.1,17.4,25.8,66.6,38.0,False
B003,B003_M2,2025-01-01 14:00:00,369.91,18.06,10.3,15.8,24.0,42.5,23.2,False
B003,B003_M3,2025-01-01 15:00:00,522.57,15.49,11.8,16.8,26.6,70.1,14.7,False
B003,B003_M3,2025-01-01 16:00:00,500.73,5.12,9.3,16.8,25.1,62.5,43.8,False
B003,B003_M3,2025-01-01 17:00:00,421.94,16.21,7.1,13.5,26.0,57.6,47.1,False
B003,B003_M1,2025-01-01 18:00:00,231.86,15.97,11.2,17.0,29.8,57.6,33.4,False
B003,B003_M2,2025-01-01 19:00:00,259.42,,10.4,15.1,18.1,73.0,48.6,False
B003,B003_M2,2025-01-01 20:00:00,332.08,7.76,10.6,13.8,15.2,51.4,15.5,False
B003,B003_M1,2025-01-01 21:00:00,208.5,19.6,9.8,16.4,21.2,42.2,21.9,False
B004,B004_M2,2025-01-01 08:00:00,185.12,,10.7,15.4,26.1,74.5,21.6,False
B004,B004_M1,2025-01-01 09:00:00,264.89,10.36,7.2,16.0,17.4,60.4,28.0,False
B004,B004_M2,2025-01-01 10:00:00,368.79,5.5,9.7,15.3,29.9,78.9,35.7,False
B004,B004_M2,2025-01-01 11:00:00,313.83,18.35,7.6,17.9,27.9,60.3,41.4,False
B004,B004_M1,2025-01-01 12:00:00,270.37,15.8,7.2,12.8,26.9,72.5,38.2,False
B004,B004_M3,2025-01-01 13:00:00,349.07,,11.0,15.3,15.1,41.8,34.4,False
B004,B004_M2,2025-01-01 14:00:00,287.17,16.05,7.3,12.4,21.7,63.6,20.5,False
B004,B004_M2,2025-01-01 15:00:00,320.65,,7.4,13.8,19.0,45.8,37.9,False
B004,B004_M3,2025-01-01 16:00:00,258.64,11.81,7.9,13.9,22.7,74.8,22.4,False
B004,B004_M3,2025-01-01 17:00:00,267.22,,9.3,13.6,26.2,60.9,27.8,False
B004,B004_M1,2025-01-01 18:00:00,200.29,,11.3,15.9,24.3,73.5,29.3,False
B004,B004_M1,2025-01-01 19:00:00,156.82,9.59,11.5,16.7,27.1,62.3,34.0,False
B004,B004_M1,2025-01-01 20:00:00,180.86,18.78,8.7,12.3,20.8,45.8,16.2,False
B004,B004_M3,2025-01-01 21:00:00,177.47,14.12,8.3,17.6,18.7,67.4,45.0,False
B005,B005_M4,2025-01-01 08:00:00,39.31,,9.4,12.0,29.5,67.4,35.2,False
B005,B005_M3,2025-01-01 09:00:00,61.52,11.46,10.4,16.7,24.7,73.1,16.0,False
B005,B005_M5,2025-01-01 10:00:00,54.44,17.17,10.6,16.3,29.9,77.6,46.7,False
B005,B005_M5,2025-01-01 11:00:00,54.96,8.87,7.5,13.0,26.8,63.6,45.5,False
B005,B005_M4,2025-01-01 12:00:00,96.8,,8.9,12.5,28.0,40.1,30.7,False
B005,B005_M5,2025-01-01 13:00:00,81.76,,7.3,16.5,28.9,79.3,25.0,False
B005,B005_M4,2025-01-01 14:00:00,59.44,14.14,8.7,14.4,25.7,77.2,17.0,False
B005,B005_M3,2025-01-01 15:00:00,56.16,,8.9,15.3,17.7,56.0,19.0,False
B005,B005_M1,2025-01-01 16:00:00,79.26,18.79,8.5,15.3,22.5,76.7,10.9,False
B005,B005_M4,2025-01-01 17:00:00,65.19,19.09,11.7,15.5,25.8,54.6,49.0,False
B005,B005_M1,2025-01-01 18:00:00,45.39,8.55,11.2,12.7,25.8,56.2,27.8,False
B005,B005_M1,2025-01-01 19:00:00,36.65,,10.5,15.8,20.3,61.1,44.2,False
B005,B005_M1,2025-01-01 20:00:00,46.75,14.06,7.3,14.6,16.6,78.7,35.4,False
B005,B005_M3,2025-01-01 21:00:00,46.67,18.54,9.2,18.0,28.6,66.5,29.4,False
B001,B001_M1,2025-01-02 08:00:00,115.82,6.74,8.2,14.8,23.9,53.7,22.0,False
B001,B001_M1,2025-01-02 09:00:00,199.0,19.07,11.3,13.2,27.5,40.9,11.1,False
B001,B001_M3,2025-01-02 10:00:00,171.05,16.62,9.8,12.9,15.3,53.0,26.9,False
B001,B001_M1,2025-01-02 11:00:00,219.28,10.94,9.1,12.4,21.6,73.3,26.2,False
B001,B001_M2,2025-01-02 12:00:00,210.47,8.7,11.3,16.7,26.8,50.6,32.4,False
B001,B001_M4,2025-01-02 13:00:00,264.88,12.44,9.1,12.6,27.6,54.6,18.3,False
B001,B001_M1,2025-01-02 14:00:00,227.35,10.22,11.3,16.7,16.4,54.5,24.0,False
B001,B001_M5,2025-01-02 15:00:00,268.32,11.19,9.9,16.5,20.2,68.9,46.9,False
B001,B001_M3,2025-01-02 16:00:00,221.46,8.01,11.4,16.1,28.3,75.8,47.3,False
B001,B001_M2,2025-01-02 17:00:00,245.0,,7.6,13.6,29.5,71.9,39.0,False
B001,B001_M1,2025-01-02 18:00:00,92.7,,11.0,15.0,23.5,56.5,16.1,False
B001,B001_M1,2025-01-02 19:00:00,104.45,5.55,7.8,15.0,26.4,64.9,11.1,False
B001,B001_M4,2025-01-02 20:00:00,153.21,,7.9,14.8,17.8,41.9,39.3,False
B001,B001_M1,2025-01-02 21:00:00,122.82,6.58,7.7,16.5,20.9,79.5,28.1,False
B002,B002_M2,2025-01-02 08:00:00,109.72,18.88,7.7,14.7,17.4,53.1,12.9,False
B002,B002_M1,2025-01-02 09:00:00,94.4,,9.8,13.4,18.9,79.7,17.7,False
B002,B002_M2,2025-01-02 10:00:00,108.22,6.6,11.3,17.7,29.6,47.8,47.6,False
B002,B002_M2,2025-01-02 11:00:00,111.42,18.4,9.7,17.8,28.1,47.7,28.7,False
B002,B002_M2,2025-01-02 12:00:00,112.48,,11.2,17.7,21.4,53.0,41.0,False
B002,B002_M1,2025-01-02 13:00:00,142.64,8.25,10.5,17.2,24.7,44.1,16.1,False
B002,B002_M3,2025-01-02 14:00:00,121.43,16.84,9.4,16.6,18.1,69.4,46.4,False
B002,B002_M4,2025-01-02 15:00:00,174.25,19.12,10.2,12.3,28.2,62.7,49.0,False
B002,B002_M1,2025-01-02 16:00:00,191.18,19.91,7.1,15.2,26.8,66.6,17.7,False
B002,B002_M1,2025-01-02 17:00:00,140.62,10.05,7.7,17.2,29.6,53.7,21.3,False
B002,B002_M4,2025-01-02 18:00:00,73.22,6.24,10.3,16.5,29.2,58.6,15.8,False
B002,B002_M2,2025-01-02 19:00:00,70.26,11.16,11.5,12.2,15.9,73.4,39.6,False
B002,B002_M2,2025-01-02 20:00:00,84.94,17.04,9.4,14.9,23.8,72.4,10.1,False
B002,B002_M2,2025-01-02 21:00:00,70.3,,11.5,12.8,27.8,54.0,20.1,False
B003,B003_M3,2025-01-02 08:00:00,246.57,,7.8,17.0,18.5,73.1,48.8,False
B003,B003_M3,2025-01-02 09:00:00,546.98,7.29,9.2,12.5,16.7,65.1,40.1,False
B003,B003_M2,2025-01-02 10:00:00,392.94,17.54,8.9,16.6,17.2,61.7,38.4,False
B003,B003_M3,2025-01-02 11:00:00,437.77,7.78,9.0,13.3,23.6,74.1,31.5,False
B003,B003_M1,2025-01-02 12:00:00,529.67,12.55,8.1,17.4,16.7,70.1,13.2,False
B003,B003_M3,2025-01-02 13:00:00,397.63,15.71,7.7,12.1,29.7,61.9,26.2,False
B003,B003_M1,2025-01-02 14:00:00,336.05,17.71,8.8,16.6,21.4,63.6,19.2,False
B003,B003_M3,2025-01-02 15:00:00,550.9,12.39,10.2,12.3,24.1,72.8,14.6,False
B003,B003_M2,2025-01-02 16:00:00,503.31,,9.5,12.5,27.1,50.8,44.0,False
B003,B003_M2,2025-01-02 17:00:00,531.9,5.55,8.1,16.0,22.2,71.1,42.7,False
B003,B003_M3,2025-01-02 18:00:00,278.61,,10.3,12.9,26.9,66.8,11.2,False
B003,B003_M2,2025-01-02 19:00:00,315.47,14.43,10.9,16.9,21.3,74.0,10.1,False
B003,B003_M3,2025-01-02 20:00:00,283.15,6.73,8.9,12.5,21.5,69.0,18.6,False
B003,B003_M3,2025-01-02 21:00:00,298.8,6.12,11.7,13.4,28.4,56.6,20.1,False
B004,B004_M1,2025-01-02 08:00:00,178.23,11.01,11.8,12.9,24.6,42.0,17.7,False
B004,B004_M3,2025-01-02 09:00:00,325.66,18.48,9.5,17.4,20.9,73.1,46.8,False
B004,B004_M2,2025-01-02 10:00:00,275.93,14.64,9.2,13.4,24.7,77.5,47.0,False
B004,B004_M1,2025-01-02 11:00:00,309.09,12.41,10.0,13.5,25.9,63.3,38.4,False
B004,B004_M3,2025-01-02 12:00:00,563.02,,8.1,12.1,17.7,74.5,38.2,True
B004,B004_M3,2025-01-02 13:00:00,430.86,8.82,8.2,13.3,16.4,77.0,13.0,False
B004,B004_M2,2025-01-02 14:00:00,424.25,,11.8,17.2,18.6,74.5,45.8,False
B004,B004_M1,2025-01-02 15:00:00,237.07,15.62,9.0,15.5,27.1,67.2,25.9,False
B004,B004_M1,2025-01-02 16:00:00,365.63,9.06,7.6,16.5,20.6,44.0,30.8,False
B004,B004_M1,2025-01-02 17:00:00,280.46,19.38,10.5,16.2,23.4,49.9,21.6,False
B004,B004_M1,2025-01-02 18:00:00,150.39,18.92,11.4,12.4,15.4,45.2,27.9,False
B004,B004_M3,2025-01-02 19:00:00,150.41,8.19,8.0,14.6,20.9,66.4,20.7,False
B004,B004_M2,2025-01-02 20:00:00,220.32,10.77,9.6,12.9,27.3,59.9,18.0,False
B004,B004_M2,2025-01-02 21:00:00,178.16,11.0,8.4,16.7,16.1,64.3,18.7,False
B005,B005_M5,2025-01-02 08:00:00,45.32,16.39,7.5,14.4,15.4,42.2,22.2,False
B005,B005_M4,2025-01-02 09:00:00,59.68,6.26,11.2,13.9,28.1,68.8,29.2,False
B005,B005_M1,2025-01-02 10:00:00,97.7,18.18,12.0,16.8,18.9,56.5,32.1,False
B005,B005_M5,2025-01-02 11:00:00,72.27,15.24,7.1,15.9,19.9,55.6,47.6,False
B005,B005_M4,2025-01-02 12:00:00,71.3,,9.1,17.8,15.7,54.6,39.1,False
B005,B005_M1,2025-01-02 13:00:00,55.56,11.2,10.9,15.1,27.5,72.7,22.4,False
B005,B005_M3,2025-01-02 14:00:00,64.59,,11.7,14.3,17.5,45.0,20.4,False
B005,B005_M1,2025-01-02 15:00:00,79.23,14.9,11.9,14.9,21.5,48.7,14.9,False
B005,B005_M5,2025-01-02 16:00:00,41.39,12.5,10.9,14.1,19.9,73.6,17.4,False
B005,B005_M5,2025-01-02 17:00:00,52.55,16.02,7.5,16.2,17.4,67.2,41.3,False
B005,B005_M4,2025-01-02 18:00:00,43.86,12.52,11.7,16.1,26.7,60.6,12.0,False
B005,B005_M3,2025-01-02 19:00:00,27.57,,9.3,15.1,19.4,56.1,11.9,False
B005,B005_M3,2025-01-02 20:00:00,34.26,12.24,11.1,12.1,16.2,72.4,40.7,False
B005,B005_M2,2025-01-02 21:00:00,41.96,,11.6,17.1,20.2,77.9,27.9,False
B001,B001_M1,2025-01-03 08:00:00,129.66,,9.1,13.0,26.5,75.0,33.3,False
B001,B001_M5,2025-01-03 09:00:00,277.94,8.0,7.3,17.2,24.1,76.6,43.8,False
B001,B001_M1,2025-01-03 10:00:00,178.1,,10.0,13.7,25.2,45.5,48.0,False
B001,B001_M5,2025-01-03 11:00:00,203.19,5.49,8.6,15.0,25.4,46.8,43.1,False
B001,B001_M5,2025-01-03 12:00:00,257.19,16.01,7.5,12.5,22.5,78.6,19.0,False
B001,B001_M5,2025-01-03 13:00:00,208.13,,7.7,12.5,15.6,53.7,37.9,False
B001,B001_M5,2025-01-03 14:00:00,201.12,13.28,7.9,12.4,24.3,75.7,24.6,False
B001,B001_M1,2025-01-03 15:00:00,332.69,,8.5,16.2,15.4,60.0,11.6,False
B001,B001_M4,2025-01-03 16:00:00,300.85,15.69,7.2,13.5,29.6,79.4,41.0,False
B001,B001_M4,2025-01-03 17:00:00,168.25,7.84,10.4,14.9,28.7,72.8,22.8,False
B001,B001_M3,2025-01-03 18:00:00,125.54,19.27,9.1,12.5,18.0,57.7,16.4,False
B001,B001_M5,2025-01-03 19:00:00,92.11,6.5,8.6,16.3,27.3,48.8,31.9,False
B001,B001_M2,2025-01-03 20:00:00,206.49,,8.0,14.8,29.0,40.3,31.4,True
B001,B001_M1,2025-01-03 21:00:00,100.37,6.74,10.7,14.4,21.6,44.1,17.3,False
B002,B002_M4,2025-01-03 08:00:00,67.43,,7.2,16.0,26.8,79.2,13.4,False
B002,B002_M4,2025-01-03 09:00:00,151.38,14.69,9.5,16.2,29.7,76.0,18.8,False
B002,B002_M4,2025-01-03 10:00:00,110.28,10.27,8.0,12.5,24.4,46.7,25.9,False
B002,B002_M4,2025-01-03 11:00:00,117.22,11.97,7.0,16.7,28.2,76.4,26.8,False
B002,B002_M3,2025-01-03 12:00:00,124.36,14.82,8.3,12.1,23.3,57.1,27.0,False
B002,B002_M3,2025-01-03 13:00:00,143.44,,10.0,14.0,22.6,52.7,20.4,False
B002,B002_M1,2025-01-03 14:00:00,107.35,16.06,10.0,14.9,27.5,64.8,26.0,False
B002,B002_M1,2025-01-03 15:00:00,185.39,17.78,10.7,14.3,18.8,44.8,42.8,False
B002,B002_M4,2025-01-03 16:00:00,151.07,,11.9,16.2,27.7,45.6,44.5,False
B002,B002_M1,2025-01-03 17:00:00,134.56,,7.0,15.3,16.2,52.0,35.0,False
B002,B002_M2,2025-01-03 18:00:00,96.03,8.77,10.9,17.3,16.0,44.4,25.1,False
B002,B002_M1,2025-01-03 19:00:00,71.93,,11.8,16.3,22.4,78.7,25.0,False
B002,B002_M3,2025-01-03 20:00:00,71.57,,8.4,16.6,15.4,75.0,13.5,False
B002,B002_M4,2025-01-03 21:00:00,63.91,,9.1,12.2,23.5,46.8,46.0,False
B003,B003_M1,2025-01-03 08:00:00,209.56,8.69,11.2,12.0,16.5,72.0,39.8,False
B003,B003_M1,2025-01-03 09:00:00,466.73,13.11,9.2,13.3,21.4,44.6,32.8,False
B003,B003_M3,2025-01-03 10:00:00,639.43,12.33,7.4,16.8,29.7,62.5,25.7,False
B003,B003_M1,2025-01-03 11:00:00,410.49,8.0,8.7,16.4,29.6,47.2,38.1,False
B003,B003_M1,2025-01-03 12:00:00,469.76,,8.9,17.3,21.5,67.0,21.5,False
B003,B003_M3,2025-01-03 13:00:00,394.15,12.3,11.5,13.6,29.8,56.3,14.1,False
B003,B003_M1,2025-01-03 14:00:00,554.94,16.44,7.7,16.2,17.8,56.0,41.4,False
B003,B003_M2,2025-01-03 15:00:00,535.7,5.67,8.3,15.1,27.7,44.3,21.5,False
B003,B003_M2,2025-01-03 16:00:00,458.74,15.09,10.9,17.4,18.7,62.6,24.5,False
B003,B003_M1,2025-01-03 17:00:00,450.69,,9.8,13.7,19.1,62.7,36.0,False
B003,B003_M3,2025-01-03 18:00:00,279.58,,11.1,17.9,16.7,62.6,48.4,False
B003,B003_M3,2025-01-03 19:00:00,326.3,,10.1,17.2,15.8,50.8,24.8,False
B003,B003_M3,2025-01-03 20:00:00,200.72,,11.8,13.5,15.0,79.3,40.0,False
B003,B003_M3,2025-01-03 21:00:00,221.04,9.59,10.0,14.8,28.9,72.1,11.2,False
B004,B004_M1,2025-01-03 08:00:00,202.05,9.83,9.5,15.5,28.3,48.3,38.3,False
B004,B004_M1,2025-01-03 09:00:00,272.11,15.22,11.5,12.8,20.0,69.5,33.4,False
B004,B004_M1,2025-01-03 10:00:00,283.96,8.15,8.0,15.2,15.5,55.0,18.1,False
B004,B004_M1,2025-01-03 11:00:00,274.08,,9.4,13.0,24.0,66.6,22.6,False
B004,B004_M2,2025-01-03 12:00:00,345.69,5.34,7.8,16.7,22.2,68.3,46.8,False
B004,B004_M2,2025-01-03 13:00:00,323.79,,7.6,14.7,18.2,46.9,20.7,False
B004,B004_M1,2025-01-03 14:00:00,320.06,12.89,11.8,14.6,29.4,53.3,19.6,False
B004,B004_M2,2025-01-03 15:00:00,310.04,16.57,7.7,14.6,23.3,51.8,19.4,False
B004,B004_M3,2025-01-03 16:00:00,372.13,15.84,10.3,18.0,18.7,56.8,45.5,False
B004,B004_M2,2025-01-03 17:00:00,240.62,12.81,11.4,13.7,20.4,69.1,11.8,False
B004,B004_M2,2025-01-03 18:00:00,196.4,12.59,10.6,12.5,17.2,45.2,42.3,False
B004,B004_M3,2025-01-03 19:00:00,177.42,17.02,10.8,13.3,27.9,60.4,15.3,False
B004,B004_M2,2025-01-03 20:00:00,194.59,,7.5,16.3,24.6,51.6,14.9,False
B004,B004_M2,2025-01-03 21:00:00,210.53,7.3,8.3,14.4,23.9,66.3,17.7,False
B005,B005_M2,2025-01-03 08:00:00,36.27,,7.1,15.5,23.8,63.7,42.0,False
B005,B005_M1,2025-01-03 09:00:00,81.74,13.59,11.9,14.9,22.5,56.1,19.3,False
B005,B005_M2,2025-01-03 10:00:00,66.8,,11.1,13.0,21.4,61.0,28.3,False
B005,B005_M2,2025-01-03 11:00:00,60.96,,11.9,16.7,27.8,64.9,39.6,False
B005,B005_M5,2025-01-03 12:00:00,71.51,,8.3,17.6,19.8,57.5,27.4,False
B005,B005_M1,2025-01-03 13:00:00,79.57,16.47,8.8,14.9,28.7,47.5,15.6,False
B005,B005_M4,2025-01-03 14:00:00,77.23,11.71,8.3,13.4,27.8,58.3,38.2,False
B005,B005_M1,2025-01-03 15:00:00,55.64,11.73,8.2,15.6,16.5,43.5,42.9,False
B005,B005_M5,2025-01-03 16:00:00,62.9,18.4,9.7,17.5,28.5,61.9,19.2,False
B005,B005_M3,2025-01-03 17:00:00,56.97,10.25,9.5,13.5,18.2,53.0,47.8,False
B005,B005_M1,2025-01-03 18:00:00,39.86,8.5,8.3,14.0,26.3,42.8,11.9,False
B005,B005_M5,2025-01-03 19:00:00,42.41,,7.6,18.0,25.5,68.0,15.7,False
B005,B005_M5,2025-01-03 20:00:00,39.99,18.15,10.3,16.7,27.9,73.0,37.3,False
B005,B005_M3,2025-01-03 21:00:00,42.51,,10.1,15.2,17.6,42.6,26.0,False
B001,B001_M5,2025-01-04 08:00:00,68.68,18.28,7.0,13.1,24.4,63.0,25.3,False
B001,B001_M1,2025-01-04 09:00:00,106.35,14.61,7.7,18.0,28.7,46.0,44.7,False
B001,B001_M2,2025-01-04 10:00:00,74.48,5.47,8.1,17.3,21.8,68.0,48.0,False
B001,B001_M2,2025-01-04 11:00:00,114.74,8.2,11.2,14.9,27.1,57.5,36.0,False
B001,B001_M2,2025-01-04 12:00:00,88.23,7.95,8.9,15.2,17.0,72.2,14.2,False
B001,B001_M4,2025-01-04 13:00:00,65.81,,9.4,18.0,17.7,61.9,14.9,False
B001,B001_M3,2025-01-04 14:00:00,106.08,9.01,10.0,13.1,29.9,49.9,49.7,False
B001,B001_M4,2025-01-04 15:00:00,82.48,17.48,7.5,16.0,20.6,54.7,48.3,False
B001,B001_M3,2025-01-04 16:00:00,117.27,,10.4,14.1,23.3,41.7,21.1,False
B001,B001_M2,2025-01-04 17:00:00,95.38,14.51,11.5,16.6,28.9,67.7,28.8,False
B001,B001_M4,2025-01-04 18:00:00,59.63,,8.8,12.8,20.8,69.6,11.0,False
B001,B001_M4,2025-01-04 19:00:00,73.7,19.38,11.2,13.0,27.5,51.7,14.3,False
B001,B001_M2,2025-01-04 20:00:00,50.85,,10.0,15.2,16.9,42.7,23.1,False
B001,B001_M3,2025-01-04 21:00:00,102.18,14.06,11.2,13.9,25.1,49.2,29.4,False
B002,B002_M3,2025-01-04 08:00:00,78.36,13.56,10.8,17.0,23.6,40.9,25.4,False
B002,B002_M4,2025-01-04 09:00:00,47.59,16.15,11.4,14.3,23.6,49.4,40.8,False
B002,B002_M3,2025-01-04 10:00:00,56.91,13.2,11.0,12.1,27.7,57.3,30.0,False
B002,B002_M3,2025-01-04 11:00:00,51.0,15.27,10.2,14.7,18.1,47.7,19.1,False
B002,B002_M1,2025-01-04 12:00:00,63.45,11.1,11.2,12.6,15.8,48.6,34.2,False
B002,B002_M3,2025-01-04 13:00:00,57.17,12.42,7.5,17.4,27.6,75.3,20.3,False
B002,B002_M4,2025-01-04 14:00:00,49.78,8.9,8.3,12.4,20.8,59.8,48.1,False
B002,B002_M4,2025-01-04 15:00:00,68.4,,11.6,17.7,27.3,77.0,22.8,False
B002,B002_M2,2025-01-04 16:00:00,60.47,9.49,9.5,13.2,16.6,47.7,47.0,False
B002,B002_M4,2025-01-04 17:00:00,47.9,8.83,10.5,12.1,23.8,56.0,44.5,False
B002,B002_M2,2025-01-04 18:00:00,50.56,8.5,11.6,16.7,21.0,57.0,49.3,False
B002,B002_M2,2025-01-04 19:00:00,48.99,5.35,7.0,16.4,29.7,61.9,49.9,False
B002,B002_M3,2025-01-04 20:00:00,39.5,9.04,12.0,17.4,21.6,65.5,42.8,False
B002,B002_M3,2025-01-04 21:00:00,51.14,6.38,10.6,16.8,15.6,68.7,24.7,False
B003,B003_M2,2025-01-04 08:00:00,285.27,,10.0,12.4,27.8,63.5,16.0,False
B003,B003_M1,2025-01-04 09:00:00,255.75,15.27,10.7,14.0,28.1,56.3,43.6,False
B003,B003_M1,2025-01-04 10:00:00,194.87,,7.3,16.6,23.1,74.4,29.9,False
B003,B003_M1,2025-01-04 11:00:00,152.33,,10.5,13.7,21.0,70.6,33.4,False
B003,B003_M1,2025-01-04 12:00:00,270.79,,11.4,15.6,24.6,76.9,15.8,False
B003,B003_M1,2025-01-04 13:00:00,176.86,6.16,9.7,17.9,26.1,75.8,11.3,False
B003,B003_M2,2025-01-04 14:00:00,245.3,,8.4,15.2,22.8,61.1,25.1,False
B003,B003_M2,2025-01-04 15:00:00,199.04,,11.3,12.8,25.4,61.9,10.0,False
B003,B003_M3,2025-01-04 16:00:00,228.55,,11.5,16.4,22.2,76.5,34.9,False
B003,B003_M1,2025-01-04 17:00:00,246.5,18.37,7.7,16.4,29.9,58.5,31.9,False
B003,B003_M3,2025-01-04 18:00:00,269.24,11.39,10.3,12.7,24.2,72.0,42.5,False
B003,B003_M2,2025-01-04 19:00:00,177.02,,9.3,16.4,25.9,74.0,21.9,False
B003,B003_M1,2025-01-04 20:00:00,194.74,7.14,9.4,12.4,16.0,67.7,41.7,False
B003,B003_M2,2025-01-04 21:00:00,189.45,15.93,7.7,17.2,16.7,55.0,20.1,False
B004,B004_M1,2025-01-04 08:00:00,120.58,,7.7,17.9,24.3,64.7,39.1,False
B004,B004_M1,2025-01-04 09:00:00,141.28,,10.8,15.8,29.2,51.0,25.5,False
B004,B004_M3,2025-01-04 10:00:00,149.57,11.8,10.7,17.3,18.8,49.1,14.0,False
B004,B004_M2,2025-01-04 11:00:00,167.52,8.09,11.7,15.9,24.9,44.9,42.1,False
B004,B004_M2,2025-01-04 12:00:00,163.8,10.54,10.3,14.5,24.8,44.9,24.5,False
B004,B004_M3,2025-01-04 13:00:00,155.03,10.4,10.3,13.6,15.8,44.2,27.8,False
B004,B004_M1,2025-01-04 14:00:00,176.11,19.11,9.3,12.5,29.8,58.5,38.5,False
B004,B004_M3,2025-01-04 15:00:00,160.8,5.33,10.7,14.8,19.7,63.1,20.7,False
B004,B004_M1,2025-01-04 16:00:00,121.64,19.41,11.4,16.0,28.8,68.1,38.0,False
B004,B004_M2,2025-01-04 17:00:00,144.09,,9.1,15.2,27.5,45.4,40.7,True
B004,B004_M3,2025-01-04 18:00:00,122.91,13.63,11.6,15.5,15.9,63.9,21.1,False
B004,B004_M3,2025-01-04 19:00:00,139.82,5.3,10.2,16.5,24.8,59.9,48.5,False
B004,B004_M1,2025-01-04 20:00:00,146.57,16.62,10.3,16.2,16.6,66.2,34.3,False
B004,B004_M1,2025-01-04 21:00:00,142.66,8.71,11.2,16.7,24.3,48.6,43.7,False
B005,B005_M2,2025-01-04 08:00:00,32.58,14.35,9.8,12.2,29.5,77.9,29.5,False
B005,B005_M3,2025-01-04 09:00:00,36.8,,10.9,17.3,18.5,41.6,48.1,False
B005,B005_M2,2025-01-04 10:00:00,22.41,9.55,10.7,12.2,25.6,47.0,45.9,False
B005,B005_M1,2025-01-04 11:00:00,19.73,18.77,10.9,13.5,18.5,62.5,12.4,False
B005,B005_M1,2025-01-04 12:00:00,25.06,,11.6,17.4,27.0,44.3,14.7,False
B005,B005_M3,2025-01-04 13:00:00,65.66,8.58,11.1,15.5,17.0,79.7,31.8,True
B005,B005_M1,2025-01-04 14:00:00,22.52,18.38,7.5,12.4,28.2,74.8,41.7,False
B005,B005_M2,2025-01-04 15:00:00,31.8,,10.1,14.0,22.1,49.7,20.3,False
B005,B005_M5,2025-01-04 16:00:00,18.6,9.24,9.9,17.1,20.7,43.4,47.3,False
B005,B005_M4,2025-01-04 17:00:00,25.88,18.94,7.8,13.3,21.9,74.1,31.7,False
B005,B005_M3,2025-01-04 18:00:00,28.34,,9.8,12.7,17.8,57.7,49.2,False
B005,B005_M1,2025-01-04 19:00:00,37.89,10.88,10.8,17.6,20.3,48.1,32.7,False
B005,B005_M5,2025-01-04 20:00:00,30.28,,11.2,13.8,23.0,40.7,37.3,False
B005,B005_M3,2025-01-04 21:00:00,30.8,,9.1,17.6,20.9,41.6,39.6,False
B001,B001_M4,2025-01-05 08:00:00,85.76,15.06,8.5,17.4,26.1,72.8,44.2,False
B001,B001_M3,2025-01-05 09:00:00,101.83,11.01,11.7,12.1,16.5,63.2,26.1,False
B001,B001_M2,2025-01-05 10:00:00,107.39,10.69,11.1,14.0,17.4,60.2,18.7,False
B001,B001_M3,2025-01-05 11:00:00,66.88,,7.4,14.7,24.9,43.5,21.4,False
B001,B001_M3,2025-01-05 12:00:00,111.32,,7.9,14.2,17.6,55.5,45.5,False
B001,B001_M2,2025-01-05 13:00:00,85.39,13.35,11.0,14.0,29.1,44.1,45.2,False
B001,B001_M4,2025-01-05 14:00:00,71.03,15.4,11.9,13.8,18.1,75.4,33.2,False
B001,B001_M2,2025-01-05 15:00:00,79.5,5.78,11.1,17.2,17.7,43.1,40.2,False
B001,B001_M3,2025-01-05 16:00:00,82.06,12.95,10.1,12.7,19.7,79.0,27.3,False
B001,B001_M1,2025-01-05 17:00:00,87.28,8.12,11.0,15.1,28.0,51.3,44.9,False
B001,B001_M2,2025-01-05 18:00:00,101.37,9.43,11.5,13.7,16.9,73.8,10.3,False
B001,B001_M1,2025-01-05 19:00:00,96.61,14.29,11.7,12.8,28.9,53.9,18.3,False
B001,B001_M2,2025-01-05 20:00:00,72.2,,7.8,12.3,18.9,55.1,39.4,False
B001,B001_M5,2025-01-05 21:00:00,80.68,,9.9,13.5,27.6,66.4,15.3,False
B002,B002_M3,2025-01-05 08:00:00,62.61,,7.1,16.0,23.8,54.4,45.8,False
B002,B002_M3,2025-01-05 09:00:00,69.88,,7.7,16.1,16.8,69.4,17.8,False
B002,B002_M3,2025-01-05 10:00:00,51.51,14.87,7.6,12.1,26.0,77.4,23.9,False
B002,B002_M3,2025-01-05 11:00:00,45.61,14.73,10.2,13.5,28.1,62.7,21.1,False
B002,B002_M1,2025-01-05 12:00:00,48.4,,8.5,14.0,15.7,79.9,30.8,False
B002,B002_M4,2025-01-05 13:00:00,58.88,8.88,9.0,13.7,26.0,46.0,15.0,False
B002,B002_M4,2025-01-05 14:00:00,65.9,9.87,8.2,14.2,25.6,75.5,42.6,False
B002,B002_M3,2025-01-05 15:00:00,70.0,,9.0,16.6,16.1,57.6,46.4,False
B002,B002_M4,2025-01-05 16:00:00,47.52,9.02,7.4,14.6,22.8,76.0,49.7,False
B002,B002_M2,2025-01-05 17:00:00,135.82,10.79,9.8,18.0,18.0,65.8,16.4,True
B002,B002_M4,2025-01-05 18:00:00,60.43,12.31,7.7,15.3,15.4,68.7,20.6,False
B002,B002_M4,2025-01-05 19:00:00,49.95,19.68,7.1,17.5,17.6,42.8,33.5,False
B002,B002_M4,2025-01-05 20:00:00,49.35,19.54,11.8,16.3,18.5,49.4,42.2,False
B002,B002_M3,2025-01-05 21:00:00,57.01,5.12,8.2,17.8,21.9,79.4,44.3,False
B003,B003_M1,2025-01-05 08:00:00,256.64,,7.4,12.7,20.7,64.9,35.2,False
B003,B003_M1,2025-01-05 09:00:00,157.75,12.36,7.9,12.1,24.3,69.2,26.2,False
B003,B003_M3,2025-01-05 10:00:00,224.9,12.23,9.3,17.3,23.7,69.9,35.0,False
B003,B003_M2,2025-01-05 11:00:00,244.14,5.64,9.3,15.8,19.3,73.6,43.9,False
B003,B003_M1,2025-01-05 12:00:00,178.29,16.8,9.8,13.3,29.3,49.7,17.4,False
B003,B003_M3,2025-01-05 13:00:00,160.91,6.12,9.5,13.4,21.5,58.5,46.1,False
B003,B003_M3,2025-01-05 14:00:00,188.59,,8.0,15.9,27.3,67.9,39.8,False
B003,B003_M2,2025-01-05 15:00:00,220.35,,10.2,12.8,21.4,64.3,23.0,False
B003,B003_M1,2025-01-05 16:00:00,136.84,19.79,10.4,17.8,26.8,62.2,34.1,False
B003,B003_M2,2025-01-05 17:00:00,126.72,,10.4,14.0,18.3,50.9,35.2,False
B003,B003_M1,2025-01-05 18:00:00,174.44,15.98,10.5,16.9,15.5,69.8,48.1,False
B003,B003_M3,2025-01-05 19:00:00,208.34,,7.4,14.3,27.3,48.3,19.0,False
B003,B003_M3,2025-01-05 20:00:00,163.09,9.95,7.5,13.6,20.5,58.2,48.8,False
B003,B003_M1,2025-01-05 21:00:00,230.73,,9.1,16.8,17.9,45.1,20.0,False
B004,B004_M1,2025-01-05 08:00:00,119.56,,9.5,17.0,21.2,61.8,22.2,False
B004,B004_M3,2025-01-05 09:00:00,106.93,13.58,8.8,15.4,26.6,69.1,39.1,False
B004,B004_M2,2025-01-05 10:00:00,163.83,,7.9,13.6,28.9,52.3,42.2,False
B004,B004_M1,2025-01-05 11:00:00,142.31,10.7,12.0,13.9,25.6,74.4,17.2,False
B004,B004_M2,2025-01-05 12:00:00,158.87,17.36,7.5,15.7,20.3,56.9,15.9,False
B004,B004_M2,2025-01-05 13:00:00,146.0,19.57,9.1,12.3,21.2,52.6,16.1,False
B004,B004_M2,2025-01-05 14:00:00,120.84,9.48,9.8,17.9,26.3,52.3,28.1,False
B004,B004_M1,2025-01-05 15:00:00,102.95,19.36,10.9,13.0,24.7,55.0,28.6,False
B004,B004_M2,2025-01-05 16:00:00,183.53,,11.8,13.4,20.7,68.5,36.0,False
B004,B004_M3,2025-01-05 17:00:00,124.19,9.67,8.5,14.9,24.6,71.6,46.4,False
B004,B004_M2,2025-01-05 18:00:00,116.6,8.72,11.0,15.7,27.4,75.3,32.5,False
B004,B004_M1,2025-01-05 19:00:00,97.26,5.46,8.8,14.8,22.5,63.8,44.7,False
B004,B004_M2,2025-01-05 20:00:00,189.11,19.51,11.1,14.0,15.2,71.0,18.1,False
B004,B004_M3,2025-01-05 21:00:00,129.51,14.09,8.7,14.3,17.1,76.6,33.3,False
B005,B005_M1,2025-01-05 08:00:00,30.62,13.59,7.3,12.1,16.6,74.8,39.1,False
B005,B005_M3,2025-01-05 09:00:00,29.16,,11.1,16.8,27.4,42.8,37.7,False
B005,B005_M3,2025-01-05 10:00:00,21.77,,9.2,13.7,26.9,49.3,30.3,False
B005,B005_M2,2025-01-05 11:00:00,19.29,,9.8,14.7,28.0,45.4,10.4,False
B005,B005_M5,2025-01-05 12:00:00,26.98,18.78,8.2,12.0,18.1,60.4,42.8,False
B005,B005_M4,2025-01-05 13:00:00,26.79,,8.1,15.0,19.1,72.4,15.1,False
B005,B005_M1,2025-01-05 14:00:00,38.51,17.15,8.3,12.3,28.2,47.2,26.7,False
B005,B005_M5,2025-01-05 15:00:00,32.76,,9.7,15.5,29.6,67.3,34.7,False
B005,B005_M2,2025-01-05 16:00:00,24.22,19.25,11.8,15.6,23.4,76.0,40.6,False
B005,B005_M4,2025-01-05 17:00:00,25.26,14.41,11.0,12.7,17.8,78.8,12.1,False
B005,B005_M4,2025-01-05 18:00:00,25.92,11.24,11.4,13.7,24.1,68.1,42.8,False
B005,B005_M1,2025-01-05 19:00:00,24.3,5.38,9.5,15.4,15.8,52.7,14.4,False
B005,B005_M2,2025-01-05 20:00:00,19.21,,8.1,12.8,16.0,66.8,47.7,False
B005,B005_M1,2025-01-05 21:00:00,30.15,5.54,10.1,12.1,27.7,49.6,34.2,False
B001,B001_M2,2025-01-06 08:00:00,92.56,15.52,11.1,14.4,21.7,70.7,10.5,False
B001,B001_M5,2025-01-06 09:00:00,222.17,7.11,8.9,13.1,20.7,51.5,32.5,False
B001,B001_M2,2025-01-06 10:00:00,178.15,,7.7,12.1,18.0,73.7,46.7,False
B001,B001_M2,2025-01-06 11:00:00,186.12,,10.6,14.8,18.3,47.3,10.2,False
B001,B001_M1,2025-01-06 12:00:00,172.59,6.46,7.3,15.7,16.3,78.3,28.4,False
B001,B001_M4,2025-01-06 13:00:00,204.35,6.26,7.2,13.5,25.7,76.4,12.3,False
B001,B001_M4,2025-01-06 14:00:00,189.67,19.5,10.4,17.2,17.5,45.6,36.3,False
B001,B001_M1,2025-01-06 15:00:00,195.22,,11.6,15.2,24.3,59.2,24.0,False
B001,B001_M4,2025-01-06 16:00:00,230.69,18.11,9.4,15.2,20.2,51.9,37.1,False
B001,B001_M1,2025-01-06 17:00:00,188.69,15.68,7.7,16.1,19.1,61.6,33.1,False
B001,B001_M1,2025-01-06 18:00:00,98.13,11.39,8.8,12.0,23.9,78.0,21.0,False
B001,B001_M4,2025-01-06 19:00:00,136.89,12.79,10.4,13.0,15.5,77.7,36.1,False
B001,B001_M4,2025-01-06 20:00:00,130.06,10.6,10.9,16.0,22.9,60.2,34.6,False
B001,B001_M2,2025-01-06 21:00:00,130.95,,9.3,12.2,24.2,56.6,11.3,False
B002,B002_M1,2025-01-06 08:00:00,96.45,15.32,11.9,17.2,15.7,62.7,39.3,False
B002,B002_M4,2025-01-06 09:00:00,95.77,,9.9,17.9,24.5,45.1,30.2,False
B002,B002_M4,2025-01-06 10:00:00,112.02,,9.9,13.2,22.9,50.6,40.4,False
B002,B002_M3,2025-01-06 11:00:00,136.87,,9.1,12.3,20.0,62.4,22.6,False
B002,B002_M2,2025-01-06 12:00:00,110.07,18.02,11.2,15.8,22.4,78.4,31.5,False
B002,B002_M4,2025-01-06 13:00:00,123.37,14.26,7.8,12.6,20.5,45.2,47.3,False
B002,B002_M1,2025-01-06 14:00:00,118.33,8.97,11.2,14.4,21.2,75.8,16.6,False
B002,B002_M2,2025-01-06 15:00:00,121.53,5.81,9.2,12.2,26.8,77.0,15.2,False
B002,B002_M1,2025-01-06 16:00:00,110.06,18.85,11.8,14.8,21.5,66.1,24.9,False
B002,B002_M4,2025-01-06 17:00:00,154.6,9.15,11.1,15.4,29.4,65.4,46.7,False
B002,B002_M1,2025-01-06 18:00:00,194.41,16.08,11.7,17.6,20.9,45.5,26.0,True
B002,B002_M1,2025-01-06 19:00:00,74.5,,9.6,17.0,22.2,51.6,34.3,False
B002,B002_M3,2025-01-06 20:00:00,61.83,7.55,8.3,15.2,18.1,47.6,16.7,False
B002,B002_M2,2025-01-06 21:00:00,81.57,11.27,10.9,12.7,24.8,79.7,26.6,False
B003,B003_M1,2025-01-06 08:00:00,212.53,,7.5,17.5,16.7,54.4,15.2,False
B003,B003_M3,2025-01-06 09:00:00,365.83,13.29,10.2,17.8,19.9,71.2,38.8,False
B003,B003_M3,2025-01-06 10:00:00,477.07,9.84,10.4,17.6,17.8,51.5,14.6,False
B003,B003_M2,2025-01-06 11:00:00,568.64,15.25,9.0,17.0,22.7,63.4,12.4,False
B003,B003_M2,2025-01-06 12:00:00,438.65,7.93,7.6,15.1,18.7,74.9,36.1,False
B003,B003_M2,2025-01-06 13:00:00,421.31,9.55,8.2,13.2,24.3,55.4,48.5,False
B003,B003_M2,2025-01-06 14:00:00,556.52,11.39,9.1,17.1,21.7,40.6,35.6,False
B003,B003_M2,2025-01-06 15:00:00,456.39,,11.4,14.1,25.6,53.9,18.5,False
B003,B003_M3,2025-01-06 16:00:00,541.26,,11.9,14.2,29.9,48.8,24.0,False
B003,B003_M2,2025-01-06 17:00:00,672.77,6.83,8.4,16.9,16.9,69.8,40.5,True
B003,B003_M1,2025-01-06 18:00:00,232.65,,8.5,14.0,19.6,43.0,49.3,False
B003,B003_M1,2025-01-06 19:00:00,217.09,14.14,12.0,17.1,16.3,47.9,23.0,False
B003,B003_M2,2025-01-06 20:00:00,315.18,19.22,8.2,17.0,26.5,75.1,22.3,False
B003,B003_M2,2025-01-06 21:00:00,334.41,,8.1,18.0,21.1,51.9,47.0,False
B004,B004_M2,2025-01-06 08:00:00,203.5,14.25,8.1,14.7,16.1,48.6,24.5,False
B004,B004_M2,2025-01-06 09:00:00,357.46,16.26,11.9,15.7,17.2,76.2,37.9,False
B004,B004_M1,2025-01-06 10:00:00,271.62,,7.6,15.9,15.7,48.3,10.7,False
B004,B004_M1,2025-01-06 11:00:00,335.24,15.97,10.9,15.5,25.1,67.2,48.7,False
B004,B004_M3,2025-01-06 12:00:00,249.4,,8.4,15.8,25.0,68.4,46.5,False
B004,B004_M1,2025-01-06 13:00:00,380.93,13.77,10.6,17.9,24.7,54.9,42.7,False
B004,B004_M3,2025-01-06 14:00:00,341.86,10.27,9.8,13.2,24.2,73.9,24.6,False
B004,B004_M1,2025-01-06 15:00:00,391.71,13.34,10.5,15.4,23.5,79.8,10.1,False
B004,B004_M1,2025-01-06 16:00:00,296.77,13.63,8.4,12.1,20.6,51.3,30.9,False
B004,B004_M3,2025-01-06 17:00:00,399.2,13.33,8.5,15.6,15.9,43.9,47.6,False
B004,B004_M3,2025-01-06 18:00:00,406.8,12.08,10.2,16.1,28.4,63.0,38.8,True
B004,B004_M3,2025-01-06 19:00:00,205.08,14.82,8.1,15.5,17.9,41.6,18.1,False
B004,B004_M3,2025-01-06 20:00:00,160.73,18.77,10.9,12.3,24.7,64.6,26.8,False
B004,B004_M1,2025-01-06 21:00:00,213.42,6.09,10.2,17.4,26.4,69.6,16.9,False
B005,B005_M2,2025-01-06 08:00:00,37.26,5.36,10.4,16.3,21.5,75.0,10.3,False
B005,B005_M5,2025-01-06 09:00:00,55.14,7.25,11.2,13.3,18.0,65.4,44.4,False
B005,B005_M1,2025-01-06 10:00:00,63.02,,10.6,12.6,23.0,72.5,30.7,False
B005,B005_M1,2025-01-06 11:00:00,102.69,15.17,7.6,13.0,21.7,63.3,46.4,False
B005,B005_M3,2025-01-06 12:00:00,51.63,18.0,8.3,14.8,20.9,78.6,40.7,False
B005,B005_M5,2025-01-06 13:00:00,64.37,5.05,11.8,17.5,22.3,76.6,21.4,False
B005,B005_M4,2025-01-06 14:00:00,68.04,14.34,9.1,14.4,18.5,60.0,33.1,False
B005,B005_M3,2025-01-06 15:00:00,52.38,,9.4,14.7,21.1,73.3,32.7,False
B005,B005_M3,2025-01-06 16:00:00,63.98,,10.0,16.9,23.4,52.2,10.9,False
B005,B005_M1,2025-01-06 17:00:00,74.7,19.27,9.7,16.4,16.0,69.5,26.1,False
B005,B005_M5,2025-01-06 18:00:00,34.36,,7.8,12.9,29.4,71.4,40.8,False
B005,B005_M4,2025-01-06 19:00:00,36.26,12.94,11.5,12.6,20.9,73.7,32.5,False
B005,B005_M3,2025-01-06 20:00:00,32.37,6.03,11.0,13.5,18.5,42.4,14.0,False
B005,B005_M5,2025-01-06 21:00:00,30.0,8.56,9.6,12.8,24.6,55.3,11.8,False
B001,B001_M1,2025-01-07 08:00:00,126.81,12.14,7.4,14.8,15.7,57.6,20.7,False
B001,B001_M5,2025-01-07 09:00:00,274.56,19.75,9.4,16.4,15.7,40.8,42.5,False
B001,B001_M5,2025-01-07 10:00:00,210.89,,11.6,15.6,15.1,64.6,11.4,False
B001,B001_M3,2025-01-07 11:00:00,195.02,7.16,11.8,17.0,25.3,66.0,38.0,False
B001,B001_M4,2025-01-07 12:00:00,204.46,13.39,10.5,14.2,29.8,78.6,38.8,False
B001,B001_M5,2025-01-07 13:00:00,262.06,17.06,9.1,13.8,22.9,45.5,26.3,False
B001,B001_M3,2025-01-07 14:00:00,196.47,6.56,10.3,15.7,19.0,61.6,19.4,False
B001,B001_M3,2025-01-07 15:00:00,160.68,,8.7,17.0,17.4,57.5,30.5,False
B001,B001_M1,2025-01-07 16:00:00,183.72,9.33,8.2,15.5,15.1,45.1,40.1,False
B001,B001_M3,2025-01-07 17:00:00,169.73,,10.4,14.8,16.6,45.0,36.5,False
B001,B001_M2,2025-01-07 18:00:00,106.4,,8.9,15.4,23.4,43.5,38.4,False
B001,B001_M1,2025-01-07 19:00:00,145.61,11.22,7.5,15.2,29.3,53.3,31.8,False
B001,B001_M3,2025-01-07 20:00:00,124.06,7.14,7.2,15.5,28.9,68.8,31.7,False
B001,B001_M2,2025-01-07 21:00:00,116.9,,10.6,14.6,20.6,50.3,21.3,False
B002,B002_M4,2025-01-07 08:00:00,74.01,15.03,10.1,15.5,17.5,48.5,36.3,False
B002,B002_M2,2025-01-07 09:00:00,156.67,11.01,11.1,14.4,22.5,68.1,27.0,False
B002,B002_M2,2025-01-07 10:00:00,139.82,10.28,8.0,16.4,28.3,54.5,37.9,False
B002,B002_M4,2025-01-07 11:00:00,118.67,13.44,10.6,15.5,27.9,44.8,25.1,False
B002,B002_M1,2025-01-07 12:00:00,108.02,,10.9,16.8,25.9,69.0,10.8,False
B002,B002_M3,2025-01-07 13:00:00,95.21,,8.8,16.5,29.5,57.1,34.7,False
B002,B002_M3,2025-01-07 14:00:00,125.19,,8.4,17.3,23.4,67.8,41.8,False
B002,B002_M2,2025-01-07 15:00:00,117.9,,9.9,15.6,23.0,77.0,15.4,False
B002,B002_M3,2025-01-07 16:00:00,109.25,11.95,12.0,17.7,16.2,47.5,29.9,False
B002,B002_M1,2025-01-07 17:00:00,155.64,19.66,12.0,15.3,27.2,72.7,47.4,False
B002,B002_M1,2025-01-07 18:00:00,63.36,17.8,8.6,14.2,18.5,66.6,27.1,False
B002,B002_M4,2025-01-07 19:00:00,63.99,6.54,7.2,12.7,22.8,79.2,41.4,False
B002,B002_M1,2025-01-07 20:00:00,81.16,,11.2,17.0,19.3,68.2,29.5,False
B002,B002_M1,2025-01-07 21:00:00,56.67,8.82,9.9,15.1,28.2,47.4,22.2,False
B003,B003_M1,2025-01-07 08:00:00,351.35,8.72,10.4,15.1,22.5,42.6,40.9,False
B003,B003_M1,2025-01-07 09:00:00,469.01,,10.0,12.3,16.0,68.7,14.1,False
B003,B003_M3,2025-01-07 10:00:00,462.25,,9.9,14.6,26.4,41.7,36.2,False
B003,B003_M1,2025-01-07 11:00:00,427.89,17.08,9.4,16.0,15.3,40.9,30.5,False
B003,B003_M1,2025-01-07 12:00:00,344.87,15.15,10.0,12.3,15.3,58.6,33.6,False
B003,B003_M1,2025-01-07 13:00:00,434.72,,9.2,17.6,22.1,76.2,44.5,False
B003,B003_M1,2025-01-07 14:00:00,392.79,,7.0,15.2,15.9,58.0,11.0,False
B003,B003_M3,2025-01-07 15:00:00,467.34,,7.1,13.1,18.5,56.2,26.4,False
B003,B003_M2,2025-01-07 16:00:00,408.35,7.87,11.5,17.4,15.3,72.2,45.0,False
B003,B003_M1,2025-01-07 17:00:00,632.31,9.29,8.6,17.9,22.7,55.4,39.7,True
B003,B003_M3,2025-01-07 18:00:00,326.67,19.34,9.5,15.4,16.1,43.9,17.7,False
B003,B003_M2,2025-01-07 19:00:00,239.04,,8.0,13.2,23.5,71.9,30.1,False
B003,B003_M1,2025-01-07 20:00:00,224.66,13.08,12.0,14.1,23.4,79.9,42.4,False
B003,B003_M1,2025-01-07 21:00:00,284.37,14.88,11.0,12.1,28.3,49.3,36.4,False
B004,B004_M2,2025-01-07 08:00:00,433.32,14.11,8.3,13.9,28.6,40.9,39.6,True
B004,B004_M1,2025-01-07 09:00:00,369.5,8.9,7.3,12.4,15.7,45.5,22.2,False
B004,B004_M1,2025-01-07 10:00:00,324.01,,8.1,13.9,28.1,56.8,39.3,False
B004,B004_M2,2025-01-07 11:00:00,290.8,9.5,8.3,16.1,26.8,66.6,29.0,False
B004,B004_M3,2025-01-07 12:00:00,259.5,9.96,8.8,13.4,25.0,45.2,14.2,False
B004,B004_M1,2025-01-07 13:00:00,296.26,,8.5,12.6,18.6,43.6,22.0,False
B004,B004_M2,2025-01-07 14:00:00,319.82,9.85,11.3,16.1,26.6,56.3,39.8,False
B004,B004_M3,2025-01-07 15:00:00,311.61,17.35,9.9,17.2,23.0,77.0,10.9,False
B004,B004_M2,2025-01-07 16:00:00,399.02,14.07,8.1,16.4,29.5,72.5,20.0,False
B004,B004_M3,2025-01-07 17:00:00,259.39,11.03,8.4,14.8,26.8,60.5,35.2,False
B004,B004_M2,2025-01-07 18:00:00,208.89,,9.0,13.6,29.1,78.6,17.0,False
B004,B004_M3,2025-01-07 19:00:00,192.07,6.87,7.8,15.4,19.4,68.5,16.1,False
B004,B004_M1,2025-01-07 20:00:00,163.39,16.78,7.2,16.6,26.9,71.1,33.1,False
B004,B004_M2,2025-01-07 21:00:00,145.54,13.9,7.7,14.1,20.5,50.9,28.2,False
B005,B005_M4,2025-01-07 08:00:00,25.91,8.03,10.0,16.2,23.5,45.8,33.7,False
B005,B005_M5,2025-01-07 09:00:00,76.66,9.65,11.7,12.6,24.6,59.4,34.9,False
B005,B005_M3,2025-01-07 10:00:00,79.18,19.88,8.8,13.8,23.4,47.9,32.3,False
B005,B005_M2,2025-01-07 11:00:00,73.39,16.11,9.1,14.9,16.7,53.6,35.1,False
B005,B005_M5,2025-01-07 12:00:00,62.9,8.35,9.9,12.3,27.2,46.3,18.2,False
B005,B005_M2,2025-01-07 13:00:00,63.24,,9.4,15.6,19.3,71.9,16.1,False
B005,B005_M1,2025-01-07 14:00:00,82.15,,10.2,12.5,29.1,66.6,30.9,False
B005,B005_M1,2025-01-07 15:00:00,82.34,17.91,10.2,17.0,20.7,41.1,11.1,False
B005,B005_M1,2025-01-07 16:00:00,76.71,8.15,10.5,17.6,28.8,43.0,22.1,False
B005,B005_M5,2025-01-07 17:00:00,48.12,11.97,11.0,17.1,25.7,69.7,30.1,False
B005,B005_M4,2025-01-07 18:00:00,40.65,,8.1,12.3,24.1,54.6,43.9,False
B005,B005_M2,2025-01-07 19:00:00,31.26,5.71,8.3,16.5,17.5,69.3,10.4,False
B005,B005_M5,2025-01-07 20:00:00,46.57,,7.3,12.5,22.9,57.2,31.0,False
B005,B005_M1,2025-01-07 21:00:00,27.6,5.38,10.7,17.7,16.4,66.2,40.6,False
B001,B001_M4,2025-01-08 08:00:00,96.48,19.1,7.0,14.1,22.4,65.8,49.4,False
B001,B001_M4,2025-01-08 09:00:00,164.99,19.89,11.6,15.8,27.8,76.6,43.0,False
B001,B001_M1,2025-01-08 10:00:00,407.05,13.68,9.4,13.4,25.4,56.0,21.1,True
B001,B001_M3,2025-01-08 11:00:00,233.0,16.95,8.7,17.8,23.4,52.7,44.2,False
B001,B001_M3,2025-01-08 12:00:00,239.74,,12.0,17.9,23.5,62.8,24.0,False
B001,B001_M3,2025-01-08 13:00:00,217.43,14.91,10.8,16.9,21.6,64.7,39.2,False
B001,B001_M5,2025-01-08 14:00:00,192.58,16.35,10.2,13.4,27.0,59.9,45.5,False
B001,B001_M5,2025-01-08 15:00:00,244.23,,10.0,14.9,29.3,62.5,39.3,False
B001,B001_M1,2025-01-08 16:00:00,234.76,13.81,11.7,13.1,23.3,57.8,24.2,False
B001,B001_M1,2025-01-08 17:00:00,249.89,,10.6,12.1,24.4,45.3,31.1,False
B001,B001_M3,2025-01-08 18:00:00,114.93,17.41,9.9,17.2,19.2,61.6,11.9,False
B001,B001_M3,2025-01-08 19:00:00,101.77,19.89,9.9,16.6,21.2,42.8,11.9,False
B001,B001_M3,2025-01-08 20:00:00,97.91,12.78,11.4,16.1,28.2,44.9,33.1,False
B001,B001_M1,2025-01-08 21:00:00,89.9,8.84,10.0,16.3,17.2,47.8,28.9,False
B002,B002_M2,2025-01-08 08:00:00,63.4,12.77,8.6,12.8,29.4,59.2,17.5,False
B002,B002_M1,2025-01-08 09:00:00,122.09,12.35,11.0,16.1,24.4,76.9,14.6,False
B002,B002_M3,2025-01-08 10:00:00,164.74,,11.9,17.7,18.0,56.5,35.8,False
B002,B002_M3,2025-01-08 11:00:00,156.39,7.05,8.4,13.1,21.6,59.2,39.5,False
B002,B002_M3,2025-01-08 12:00:00,201.79,14.3,10.2,13.3,18.5,49.1,41.4,False
B002,B002_M2,2025-01-08 13:00:00,102.08,7.76,11.1,17.6,26.9,43.8,23.7,False
B002,B002_M2,2025-01-08 14:00:00,136.91,12.54,10.0,14.1,16.3,58.4,28.7,False
B002,B002_M1,2025-01-08 15:00:00,132.53,,10.6,15.9,27.7,40.7,46.9,False
B002,B002_M2,2025-01-08 16:00:00,143.72,,9.7,15.5,17.0,60.4,32.4,False
B002,B002_M4,2025-01-08 17:00:00,122.8,,11.4,17.1,26.7,62.9,21.6,False
B002,B002_M4,2025-01-08 18:00:00,60.63,19.65,9.1,13.9,15.9,47.9,46.0,False
B002,B002_M1,2025-01-08 19:00:00,74.92,13.51,11.3,16.6,24.8,57.5,10.0,False
B002,B002_M3,2025-01-08 20:00:00,85.63,,9.6,15.0,25.9,47.4,38.9,False
B002,B002_M4,2025-01-08 21:00:00,71.53,12.99,7.8,13.7,15.3,78.3,25.3,False
B003,B003_M1,2025-01-08 08:00:00,235.96,,10.1,14.4,17.5,44.5,17.8,False
B003,B003_M3,2025-01-08 09:00:00,415.56,7.77,7.1,17.5,25.9,41.1,25.5,False
B003,B003_M3,2025-01-08 10:00:00,501.81,,9.7,12.6,29.7,48.9,40.5,False
B003,B003_M3,2025-01-08 11:00:00,412.78,7.81,11.1,17.4,23.9,64.5,32.2,False
B003,B003_M3,2025-01-08 12:00:00,536.59,,11.8,12.2,29.3,46.7,14.7,False
B003,B003_M1,2025-01-08 13:00:00,400.32,6.55,9.1,12.2,23.1,74.9,48.0,False
B003,B003_M1,2025-01-08 14:00:00,451.77,14.96,9.5,13.0,24.6,56.8,26.4,False
B003,B003_M3,2025-01-08 15:00:00,438.17,,9.4,14.3,17.1,51.2,23.6,False
B003,B003_M2,2025-01-08 16:00:00,384.88,,11.2,14.7,22.8,72.4,26.6,False
B003,B003_M1,2025-01-08 17:00:00,619.68,17.4,7.0,17.9,22.2,70.3,19.9,False
B003,B003_M1,2025-01-08 18:00:00,285.23,19.81,10.8,16.8,29.5,76.6,44.6,False
B003,B003_M1,2025-01-08 19:00:00,339.79,15.26,11.8,15.7,24.4,50.6,15.2,False
B003,B003_M3,2025-01-08 20:00:00,266.88,16.57,7.6,15.5,17.8,61.3,39.3,False
B003,B003_M1,2025-01-08 21:00:00,237.68,,7.2,16.7,26.1,61.4,39.1,False
B004,B004_M1,2025-01-08 08:00:00,205.57,6.46,9.6,15.0,18.7,40.2,32.6,False
B004,B004_M3,2025-01-08 09:00:00,312.19,,7.3,16.5,20.1,50.0,45.5,False
B004,B004_M2,2025-01-08 10:00:00,386.7,8.82,8.2,16.8,20.3,79.0,11.8,False
B004,B004_M3,2025-01-08 11:00:00,342.76,5.34,7.1,15.4,15.2,75.5,22.3,False
B004,B004_M2,2025-01-08 12:00:00,332.02,,11.3,16.3,21.9,52.7,32.5,False
B004,B004_M3,2025-01-08 13:00:00,341.52,,8.3,13.8,17.8,44.3,17.1,False
B004,B004_M1,2025-01-08 14:00:00,356.05,,11.4,16.4,16.4,46.9,22.4,False
B004,B004_M1,2025-01-08 15:00:00,323.56,,11.3,17.3,17.1,79.7,29.1,False
B004,B004_M1,2025-01-08 16:00:00,356.64,,10.1,15.4,17.0,79.1,16.6,False
B004,B004_M2,2025-01-08 17:00:00,336.79,11.87,11.2,12.7,20.7,67.1,30.2,False
B004,B004_M3,2025-01-08 18:00:00,237.94,9.33,7.2,14.9,26.8,63.8,24.0,False
B004,B004_M3,2025-01-08 19:00:00,203.23,8.43,11.5,17.9,18.7,43.2,30.1,False
B004,B004_M2,2025-01-08 20:00:00,175.06,,8.0,13.0,15.4,41.1,32.8,False
B004,B004_M1,2025-01-08 21:00:00,176.26,16.81,10.6,16.6,23.2,71.5,42.1,False
B005,B005_M5,2025-01-08 08:00:00,31.95,16.53,11.7,16.9,27.9,46.9,23.4,False
B005,B005_M3,2025-01-08 09:00:00,73.5,,7.5,16.6,25.3,72.5,39.5,False
B005,B005_M2,2025-01-08 10:00:00,88.79,19.12,9.1,13.8,16.4,59.4,13.4,False
B005,B005_M3,2025-01-08 11:00:00,69.42,,8.4,12.4,26.4,53.8,35.3,False
B005,B005_M4,2025-01-08 12:00:00,68.44,10.82,9.3,14.7,19.2,48.9,23.2,False
B005,B005_M1,2025-01-08 13:00:00,69.42,9.93,10.7,14.1,22.8,63.1,33.0,False
B005,B005_M5,2025-01-08 14:00:00,68.3,11.24,10.5,12.1,27.6,41.8,35.4,False
B005,B005_M2,2025-01-08 15:00:00,54.54,6.78,8.4,15.7,24.7,70.2,33.6,False
B005,B005_M2,2025-01-08 16:00:00,51.0,16.79,9.6,15.7,24.5,71.2,36.5,False
B005,B005_M2,2025-01-08 17:00:00,66.22,13.3,9.1,13.5,24.4,40.7,33.6,False
B005,B005_M4,2025-01-08 18:00:00,24.69,13.22,7.9,15.7,24.3,41.9,12.1,False
B005,B005_M4,2025-01-08 19:00:00,28.92,6.49,7.8,15.7,27.8,52.1,23.9,False
B005,B005_M2,2025-01-08 20:00:00,39.56,12.65,10.9,16.9,22.9,57.6,34.6,False
B005,B005_M3,2025-01-08 21:00:00,42.78,,11.8,13.5,16.4,50.9,47.7,False
B001,B001_M3,2025-01-09 08:00:00,126.77,14.1,9.8,14.0,22.3,67.6,35.6,False
B001,B001_M4,2025-01-09 09:00:00,210.76,9.05,10.9,12.5,18.7,68.5,49.8,False
B001,B001_M1,2025-01-09 10:00:00,229.11,10.12,8.7,17.8,16.8,42.9,33.3,False
B001,B001_M1,2025-01-09 11:00:00,169.74,7.29,7.6,15.0,19.1,51.5,44.4,False
B001,B001_M1,2025-01-09 12:00:00,198.91,18.3,7.4,12.7,24.8,40.3,20.1,False
B001,B001_M3,2025-01-09 13:00:00,276.34,,7.1,12.7,28.8,72.1,12.0,False
B001,B001_M2,2025-01-09 14:00:00,208.32,,10.1,17.6,29.4,75.4,31.8,False
B001,B001_M2,2025-01-09 15:00:00,272.24,8.64,9.4,12.6,23.6,70.4,46.0,False
B001,B001_M5,2025-01-09 16:00:00,286.96,5.86,9.5,16.2,24.4,65.1,20.5,False
B001,B001_M5,2025-01-09 17:00:00,168.54,,9.8,17.1,26.3,72.5,46.3,False
B001,B001_M2,2025-01-09 18:00:00,100.01,,7.3,13.0,29.4,56.0,34.3,False
B001,B001_M5,2025-01-09 19:00:00,99.35,10.1,8.0,17.2,15.8,41.3,33.6,False
B001,B001_M2,2025-01-09 20:00:00,123.33,16.06,7.9,13.8,28.4,68.4,27.0,False
B001,B001_M2,2025-01-09 21:00:00,109.33,13.07,11.3,17.3,22.2,49.4,15.2,False
B002,B002_M2,2025-01-09 08:00:00,92.06,5.03,9.7,16.1,19.1,62.0,47.6,False
B002,B002_M4,2025-01-09 09:00:00,114.81,5.73,8.1,13.8,23.8,50.6,17.6,False
B002,B002_M1,2025-01-09 10:00:00,131.52,,10.1,13.6,25.8,67.8,48.3,False
B002,B002_M4,2025-01-09 11:00:00,116.28,8.15,11.4,12.6,24.1,79.7,28.7,False
B002,B002_M4,2025-01-09 12:00:00,171.26,,8.4,14.2,18.5,58.9,35.1,False
B002,B002_M2,2025-01-09 13:00:00,116.38,14.04,10.6,12.1,21.0,47.9,13.3,False
B002,B002_M3,2025-01-09 14:00:00,99.38,18.16,7.5,16.9,20.2,47.1,31.9,False
B002,B002_M4,2025-01-09 15:00:00,147.6,9.6,7.3,16.6,20.5,44.8,24.3,False
B002,B002_M2,2025-01-09 16:00:00,96.43,5.18,8.2,16.3,15.3,75.7,40.6,False
B002,B002_M4,2025-01-09 17:00:00,182.89,,10.7,17.4,28.5,48.6,10.1,False
B002,B002_M3,2025-01-09 18:00:00,68.02,10.59,9.6,14.2,25.0,58.8,24.1,False
B002,B002_M1,2025-01-09 19:00:00,72.98,6.07,10.0,16.8,25.0,78.5,12.7,False
B002,B002_M3,2025-01-09 20:00:00,86.58,5.2,11.4,16.5,26.3,51.8,33.5,False
B002,B002_M2,2025-01-09 21:00:00,105.73,,11.8,16.0,24.3,73.2,13.8,False
B003,B003_M3,2025-01-09 08:00:00,239.62,8.0,11.0,14.3,29.6,75.9,18.9,False
B003,B003_M2,2025-01-09 09:00:00,611.32,16.86,11.5,16.0,16.5,69.2,24.0,False
B003,B003_M1,2025-01-09 10:00:00,349.18,,10.6,14.0,27.4,70.1,26.3,False
B003,B003_M2,2025-01-09 11:00:00,445.25,,7.4,16.3,16.4,47.6,12.1,False
B003,B003_M3,2025-01-09 12:00:00,313.91,8.27,7.4,17.0,27.9,49.2,20.9,False
B003,B003_M2,2025-01-09 13:00:00,430.28,,8.4,13.7,19.0,60.7,16.3,False
B003,B003_M3,2025-01-09 14:00:00,432.34,15.15,7.2,16.0,28.1,57.1,13.4,False
B003,B003_M3,2025-01-09 15:00:00,365.66,18.78,11.7,15.8,18.8,73.9,37.4,False
B003,B003_M3,2025-01-09 16:00:00,616.57,,8.3,15.1,16.6,42.8,20.9,False
B003,B003_M2,2025-01-09 17:00:00,496.05,14.81,11.2,16.2,20.7,43.6,38.7,False
B003,B003_M2,2025-01-09 18:00:00,345.64,,11.3,12.6,22.0,77.5,34.1,False
B003,B003_M1,2025-01-09 19:00:00,269.15,9.95,7.9,14.2,24.1,67.3,34.5,False
B003,B003_M1,2025-01-09 20:00:00,266.26,,11.3,12.8,28.7,72.5,20.5,False
B003,B003_M3,2025-01-09 21:00:00,269.96,13.58,8.6,15.8,16.6,45.6,42.2,False
B004,B004_M3,2025-01-09 08:00:00,159.71,15.54,11.0,16.2,29.4,69.7,26.2,False
B004,B004_M1,2025-01-09 09:00:00,292.75,10.56,8.1,15.0,21.8,78.4,48.6,False
B004,B004_M1,2025-01-09 10:00:00,729.49,7.56,9.7,14.1,18.6,79.0,34.7,True
B004,B004_M2,2025-01-09 11:00:00,408.23,7.0,10.2,17.1,17.7,49.3,37.7,False
B004,B004_M1,2025-01-09 12:00:00,390.41,7.41,9.6,14.0,29.4,62.9,34.1,False
B004,B004_M2,2025-01-09 13:00:00,325.08,5.42,8.5,15.2,21.5,55.4,36.9,False
B004,B004_M2,2025-01-09 14:00:00,314.13,,11.2,17.4,18.4,52.7,32.0,False
B004,B004_M2,2025-01-09 15:00:00,303.92,15.4,9.5,13.3,22.2,72.1,10.2,False
B004,B004_M1,2025-01-09 16:00:00,342.98,,11.5,12.0,28.8,78.6,39.9,False
B004,B004_M3,2025-01-09 17:00:00,275.91,,10.9,16.5,29.3,51.7,14.9,False
B004,B004_M1,2025-01-09 18:00:00,236.89,16.68,7.8,14.2,24.9,71.1,19.5,False
B004,B004_M2,2025-01-09 19:00:00,197.24,18.45,10.4,12.9,15.2,40.5,38.0,False
B004,B004_M1,2025-01-09 20:00:00,177.84,,9.5,15.2,25.8,51.5,20.6,False
B004,B004_M1,2025-01-09 21:00:00,214.36,11.88,8.5,16.8,17.4,60.7,32.5,False
B005,B005_M1,2025-01-09 08:00:00,38.98,,10.8,15.8,26.4,41.2,26.3,False
B005,B005_M2,2025-01-09 09:00:00,49.13,,12.0,14.2,17.1,50.4,32.4,False
B005,B005_M1,2025-01-09 10:00:00,65.25,10.77,7.4,13.8,21.1,61.4,21.5,False
B005,B005_M3,2025-01-09 11:00:00,73.84,16.62,11.8,16.3,21.2,76.4,16.7,False
B005,B005_M2,2025-01-09 12:00:00,134.82,16.8,10.4,14.2,19.6,67.0,28.4,True
B005,B005_M2,2025-01-09 13:00:00,74.27,8.2,7.5,13.9,20.3,58.4,48.3,False
B005,B005_M5,2025-01-09 14:00:00,77.11,6.54,7.6,16.4,17.2,52.1,16.1,False
B005,B005_M2,2025-01-09 15:00:00,62.87,16.25,11.5,15.1,23.2,65.9,22.9,False
B005,B005_M3,2025-01-09 16:00:00,52.44,18.14,9.1,18.0,21.7,61.0,37.2,False
B005,B005_M4,2025-01-09 17:00:00,81.56,16.78,11.1,16.5,26.4,56.9,49.4,False
B005,B005_M5,2025-01-09 18:00:00,28.52,,9.3,14.5,25.7,60.9,36.4,False
B005,B005_M2,2025-01-09 19:00:00,27.34,,7.4,16.5,25.3,63.1,30.3,False
B005,B005_M2,2025-01-09 20:00:00,44.33,13.5,7.0,17.0,20.5,46.7,46.3,False
B005,B005_M1,2025-01-09 21:00:00,39.67,9.39,11.6,13.4,25.3,46.7,48.6,False
B001,B001_M2,2025-01-10 08:00:00,151.07,13.26,10.8,16.6,25.8,40.8,26.3,False
B001,B001_M2,2025-01-10 09:00:00,211.02,15.92,9.9,17.1,29.7,70.8,47.2,False
B001,B001_M1,2025-01-10 10:00:00,302.34,12.7,9.7,13.6,18.7,46.0,27.5,False
B001,B001_M1,2025-01-10 11:00:00,233.49,9.44,9.4,12.1,18.2,48.8,36.2,False
B001,B001_M5,2025-01-10 12:00:00,403.42,15.71,7.8,13.4,26.5,43.3,29.7,True
B001,B001_M1,2025-01-10 13:00:00,243.82,,11.7,15.1,23.6,54.9,47.9,False
B001,B001_M1,2025-01-10 14:00:00,177.57,12.49,10.5,17.2,26.3,61.8,44.0,False
B001,B001_M1,2025-01-10 15:00:00,234.72,13.63,8.4,13.0,18.1,46.4,29.7,False
B001,B001_M1,2025-01-10 16:00:00,264.64,,7.7,13.1,28.6,65.7,46.7,False
B001,B001_M3,2025-01-10 17:00:00,249.32,15.81,8.1,12.9,20.3,46.6,37.7,False
B001,B001_M1,2025-01-10 18:00:00,132.93,,8.6,13.0,20.2,74.1,30.2,False
B001,B001_M3,2025-01-10 19:00:00,125.41,,10.8,14.3,27.9,68.2,34.1,False
B001,B001_M2,2025-01-10 20:00:00,130.67,14.06,9.0,17.3,20.6,46.6,30.6,False
B001,B001_M5,2025-01-10 21:00:00,160.81,19.34,11.3,13.4,22.9,68.8,22.3,False
B002,B002_M3,2025-01-10 08:00:00,166.53,17.45,8.6,12.1,16.0,55.9,46.9,True
B002,B002_M2,2025-01-10 09:00:00,178.65,16.07,9.5,16.0,30.0,52.2,18.6,False
B002,B002_M2,2025-01-10 10:00:00,155.03,6.37,7.9,16.2,24.8,70.3,26.7,False
B002,B002_M3,2025-01-10 11:00:00,120.14,7.69,11.4,17.4,26.4,46.1,24.7,False
B002,B002_M3,2025-01-10 12:00:00,175.05,,8.8,17.9,23.8,77.9,27.6,False
B002,B002_M4,2025-01-10 13:00:00,116.35,19.29,8.0,16.1,26.0,60.4,49.2,False
B002,B002_M3,2025-01-10 14:00:00,159.09,10.77,8.4,17.9,20.7,75.5,38.6,False
B002,B002_M3,2025-01-10 15:00:00,99.42,8.72,7.3,12.3,18.2,59.0,14.2,False
B002,B002_M4,2025-01-10 16:00:00,118.15,12.69,9.9,13.1,29.4,58.6,44.2,False
B002,B002_M4,2025-01-10 17:00:00,253.06,,11.4,12.0,27.2,66.8,27.5,True
B002,B002_M2,2025-01-10 18:00:00,80.19,,10.7,16.2,17.3,76.6,10.5,False
B002,B002_M4,2025-01-10 19:00:00,75.23,,9.4,14.9,25.8,78.5,26.7,False
B002,B002_M2,2025-01-10 20:00:00,76.26,,7.1,13.4,19.5,74.6,28.3,False
B002,B002_M1,2025-01-10 21:00:00,76.15,6.22,11.6,15.7,22.4,71.7,39.0,False
B003,B003_M3,2025-01-10 08:00:00,230.09,12.99,12.0,15.7,15.5,44.5,23.9,False
B003,B003_M3,2025-01-10 09:00:00,393.52,17.54,9.9,15.3,22.0,55.3,11.3,False
B003,B003_M1,2025-01-10 10:00:00,457.89,6.94,8.4,14.9,23.4,74.9,16.2,False
B003,B003_M3,2025-01-10 11:00:00,441.91,,10.7,16.6,16.2,46.4,44.3,False
B003,B003_M3,2025-01-10 12:00:00,485.66,7.17,9.7,12.6,20.1,56.0,41.5,False
B003,B003_M2,2025-01-10 13:00:00,397.8,9.66,9.1,12.6,29.7,53.4,24.3,False
B003,B003_M3,2025-01-10 14:00:00,630.88,,11.9,12.3,24.8,78.5,19.3,False
B003,B003_M1,2025-01-10 15:00:00,484.69,14.24,9.0,14.2,19.0,43.0,45.0,False
B003,B003_M3,2025-01-10 16:00:00,520.46,8.65,7.8,14.3,24.6,51.8,16.4,False
B003,B003_M2,2025-01-10 17:00:00,424.73,9.18,9.0,17.0,23.2,59.1,48.6,False
B003,B003_M3,2025-01-10 18:00:00,257.03,14.63,10.4,16.2,26.5,63.7,43.8,False
B003,B003_M2,2025-01-10 19:00:00,289.32,,8.1,17.5,23.7,41.7,45.3,False
B003,B003_M3,2025-01-10 20:00:00,333.74,16.76,8.0,17.8,28.2,43.2,32.0,False
B003,B003_M1,2025-01-10 21:00:00,310.97,12.48,7.9,14.4,15.9,64.0,15.2,False
B004,B004_M1,2025-01-10 08:00:00,189.83,,10.4,16.0,18.6,61.9,16.2,False
B004,B004_M1,2025-01-10 09:00:00,387.96,19.92,11.3,15.5,25.3,48.5,46.0,False
B004,B004_M2,2025-01-10 10:00:00,339.18,13.82,7.7,15.0,30.0,53.4,49.0,False
B004,B004_M3,2025-01-10 11:00:00,442.17,19.35,8.5,13.2,25.5,43.8,49.5,False
B004,B004_M2,2025-01-10 12:00:00,305.45,12.51,10.1,15.2,22.1,48.3,14.7,False
B004,B004_M1,2025-01-10 13:00:00,256.94,11.36,11.6,16.3,19.8,71.0,18.5,False
B004,B004_M2,2025-01-10 14:00:00,369.76,14.13,8.0,16.1,25.4,53.9,13.1,False
B004,B004_M2,2025-01-10 15:00:00,433.67,15.57,9.2,12.9,22.5,47.1,48.9,False
B004,B004_M1,2025-01-10 16:00:00,250.57,6.89,11.5,17.6,27.9,75.0,42.1,False
B004,B004_M3,2025-01-10 17:00:00,357.05,19.44,7.8,16.5,19.9,72.2,48.2,False
B004,B004_M3,2025-01-10 18:00:00,172.43,,9.2,17.4,15.9,79.7,37.2,False
B004,B004_M1,2025-01-10 19:00:00,141.73,,7.8,17.5,17.1,69.3,17.3,False
B004,B004_M3,2025-01-10 20:00:00,195.55,,7.8,14.4,25.6,55.7,20.3,False
B004,B004_M2,2025-01-10 21:00:00,168.13,15.55,11.3,16.3,29.2,55.9,39.1,False
B005,B005_M5,2025-01-10 08:00:00,46.54,16.17,10.8,15.8,16.5,67.0,47.4,False
B005,B005_M2,2025-01-10 09:00:00,69.85,17.38,10.8,16.9,24.5,48.2,11.8,False
B005,B005_M5,2025-01-10 10:00:00,74.25,11.09,8.1,13.0,20.6,71.2,41.7,False
B005,B005_M5,2025-01-10 11:00:00,78.98,,7.4,12.0,23.6,57.1,26.2,False
B005,B005_M2,2025-01-10 12:00:00,67.95,,7.4,16.1,23.4,76.4,18.7,False
B005,B005_M3,2025-01-10 13:00:00,66.99,17.96,9.3,16.8,19.1,48.9,12.8,False
B005,B005_M1,2025-01-10 14:00:00,48.85,8.49,8.7,16.7,21.2,59.0,10.8,False
B005,B005_M5,2025-01-10 15:00:00,75.06,18.94,7.4,13.5,29.4,51.6,19.5,False
B005,B005_M2,2025-01-10 16:00:00,72.09,7.33,9.1,14.6,26.1,72.8,40.6,False
B005,B005_M2,2025-01-10 17:00:00,52.69,14.62,8.1,16.1,26.2,77.7,32.4,False
B005,B005_M1,2025-01-10 18:00:00,34.85,15.41,10.6,15.7,22.6,70.1,37.5,False
B005,B005_M1,2025-01-10 19:00:00,46.99,13.61,10.4,15.3,18.7,47.1,34.1,False
B005,B005_M3,2025-01-10 20:00:00,33.63,15.35,9.5,14.8,21.2,77.0,10.1,False
B005,B005_M5,2025-01-10 21:00:00,43.69,17.0,7.5,17.8,26.9,46.6,30.0,False
B001,B001_M1,2025-01-11 08:00:00,84.14,18.32,8.5,18.0,26.6,54.3,19.4,False
B001,B001_M3,2025-01-11 09:00:00,78.05,8.24,9.7,14.2,21.1,42.2,46.1,False
B001,B001_M5,2025-01-11 10:00:00,67.42,19.38,9.6,14.6,26.9,43.2,42.8,False
B001,B001_M5,2025-01-11 11:00:00,107.88,7.5,7.5,17.4,19.3,46.6,42.4,False
B001,B001_M3,2025-01-11 12:00:00,114.68,9.79,11.0,16.7,28.4,77.1,49.3,False
B001,B001_M2,2025-01-11 13:00:00,62.79,14.83,9.6,16.6,18.9,52.0,37.7,False
B001,B001_M2,2025-01-11 14:00:00,115.59,11.8,9.6,14.8,29.2,52.2,35.3,False
B001,B001_M5,2025-01-11 15:00:00,77.13,13.5,8.0,15.9,17.3,42.1,20.3,False
B001,B001_M1,2025-01-11 16:00:00,78.33,10.08,9.9,17.9,25.1,56.3,35.6,False
B001,B001_M5,2025-01-11 17:00:00,66.46,,10.3,13.7,18.2,74.2,14.9,False
B001,B001_M3,2025-01-11 18:00:00,96.09,10.09,8.6,13.9,18.5,79.7,47.5,False
B001,B001_M5,2025-01-11 19:00:00,103.45,8.03,8.6,16.5,15.0,78.5,15.9,False
B001,B001_M5,2025-01-11 20:00:00,123.69,12.14,9.6,12.1,25.9,55.3,29.4,False
B001,B001_M3,2025-01-11 21:00:00,136.3,19.94,9.1,13.4,17.3,47.6,31.1,False
B002,B002_M1,2025-01-11 08:00:00,54.14,13.74,8.6,14.1,20.0,44.7,20.1,False
B002,B002_M1,2025-01-11 09:00:00,58.88,5.53,10.4,16.7,27.6,40.6,37.2,False
B002,B002_M2,2025-01-11 10:00:00,39.51,8.48,7.8,16.7,16.0,52.7,34.0,False
B002,B002_M3,2025-01-11 11:00:00,81.19,,7.1,12.9,18.4,44.0,13.0,False
B002,B002_M2,2025-01-11 12:00:00,49.1,12.68,10.7,15.9,21.6,45.1,18.4,False
B002,B002_M2,2025-01-11 13:00:00,43.19,9.84,9.0,17.4,23.3,41.5,11.0,False
B002,B002_M4,2025-01-11 14:00:00,47.06,15.75,10.2,15.9,22.7,46.7,16.7,False
B002,B002_M2,2025-01-11 15:00:00,40.0,19.29,11.1,17.3,25.8,63.6,14.0,False
B002,B002_M4,2025-01-11 16:00:00,56.37,16.65,7.4,14.0,16.6,70.2,40.9,False
B002,B002_M1,2025-01-11 17:00:00,48.23,15.56,10.7,13.9,16.3,64.5,48.7,False
B002,B002_M4,2025-01-11 18:00:00,69.11,18.94,11.7,16.1,26.8,55.1,28.8,False
B002,B002_M1,2025-01-11 19:00:00,77.11,7.94,10.2,16.4,19.6,64.6,28.5,False
B002,B002_M1,2025-01-11 20:00:00,77.13,,8.3,13.5,21.7,61.8,36.7,False
B002,B002_M3,2025-01-11 21:00:00,61.73,10.28,8.6,16.2,27.2,53.3,43.4,False
B003,B003_M3,2025-01-11 08:00:00,144.99,13.22,9.2,15.3,15.3,78.9,22.5,False
B003,B003_M3,2025-01-11 09:00:00,211.95,12.44,11.5,12.9,16.1,49.6,18.4,False
B003,B003_M2,2025-01-11 10:00:00,264.85,,8.4,13.3,18.3,49.7,24.9,False
B003,B003_M3,2025-01-11 11:00:00,186.45,11.06,10.1,17.1,23.9,56.8,33.2,False
B003,B003_M1,2025-01-11 12:00:00,228.13,14.05,9.6,17.3,24.2,57.7,32.0,False
B003,B003_M3,2025-01-11 13:00:00,262.49,18.15,11.1,14.1,24.4,70.2,11.9,False
B003,B003_M3,2025-01-11 14:00:00,229.16,17.51,11.0,14.9,24.6,54.1,12.2,False
B003,B003_M3,2025-01-11 15:00:00,190.97,5.15,11.1,13.8,26.4,75.5,19.8,False
B003,B003_M2,2025-01-11 16:00:00,169.21,7.46,9.0,13.6,21.2,60.6,42.8,False
B003,B003_M3,2025-01-11 17:00:00,380.41,14.89,8.1,12.7,23.4,73.1,29.9,True
B003,B003_M1,2025-01-11 18:00:00,225.43,14.71,8.2,14.3,18.9,74.1,16.0,False
B003,B003_M3,2025-01-11 19:00:00,247.02,11.42,10.0,12.1,17.6,53.8,21.3,False
B003,B003_M1,2025-01-11 20:00:00,173.96,7.8,9.4,14.9,19.6,55.7,24.9,False
B003,B003_M2,2025-01-11 21:00:00,235.7,7.16,9.6,12.1,21.5,41.5,18.9,False
B004,B004_M3,2025-01-11 08:00:00,96.11,18.1,9.8,15.4,25.1,48.8,11.7,False
B004,B004_M3,2025-01-11 09:00:00,161.21,5.04,9.6,17.7,23.3,55.1,35.4,False
B004,B004_M2,2025-01-11 10:00:00,159.93,,7.9,13.8,19.8,76.4,26.0,False
B004,B004_M2,2025-01-11 11:00:00,161.78,15.24,11.7,13.5,26.7,69.4,13.0,False
B004,B004_M2,2025-01-11 12:00:00,178.09,,8.6,14.0,18.1,66.7,27.1,False
B004,B004_M1,2025-01-11 13:00:00,192.43,16.47,8.5,12.2,23.2,51.4,38.5,False
B004,B004_M2,2025-01-11 14:00:00,100.91,13.16,9.2,14.3,29.6,77.8,34.4,False
B004,B004_M2,2025-01-11 15:00:00,168.01,8.17,10.2,17.0,26.6,72.6,37.5,False
B004,B004_M1,2025-01-11 16:00:00,144.51,7.29,11.8,17.7,24.4,47.2,35.4,False
B004,B004_M1,2025-01-11 17:00:00,158.03,17.81,8.3,13.4,22.5,46.1,36.1,False
B004,B004_M1,2025-01-11 18:00:00,171.34,7.54,10.8,14.4,15.2,69.8,15.6,False
B004,B004_M2,2025-01-11 19:00:00,123.64,9.6,11.0,15.8,24.0,41.8,11.4,False
B004,B004_M2,2025-01-11 20:00:00,180.42,15.68,9.5,14.0,21.7,51.3,23.5,False
B004,B004_M3,2025-01-11 21:00:00,142.79,17.19,10.7,12.2,28.5,51.5,37.3,False
B005,B005_M4,2025-01-11 08:00:00,21.61,18.3,9.9,14.8,28.3,60.2,28.8,False
B005,B005_M3,2025-01-11 09:00:00,34.69,,8.2,17.0,18.4,61.9,42.1,False
B005,B005_M5,2025-01-11 10:00:00,52.42,19.89,9.9,17.1,15.1,47.0,42.8,True
B005,B005_M4,2025-01-11 11:00:00,26.27,17.23,11.5,16.6,22.7,61.8,33.0,False
B005,B005_M5,2025-01-11 12:00:00,43.89,18.6,9.3,13.3,16.2,80.0,39.4,False
B005,B005_M2,2025-01-11 13:00:00,32.88,12.18,8.2,12.5,24.5,65.6,13.8,False
B005,B005_M3,2025-01-11 14:00:00,38.86,10.62,11.4,14.7,26.8,75.1,16.3,False
B005,B005_M3,2025-01-11 15:00:00,33.02,10.54,7.2,15.4,18.5,55.4,49.6,False
B005,B005_M3,2025-01-11 16:00:00,32.92,,9.7,12.5,15.2,56.5,33.4,False
B005,B005_M3,2025-01-11 17:00:00,32.26,,11.3,13.8,15.3,44.7,21.9,False
B005,B005_M2,2025-01-11 18:00:00,34.3,19.42,8.2,15.3,18.4,70.8,22.1,False
B005,B005_M5,2025-01-11 19:00:00,23.13,12.9,9.0,12.0,22.5,56.1,46.6,False
B005,B005_M4,2025-01-11 20:00:00,21.86,,7.3,14.2,19.7,76.8,45.4,False
B005,B005_M3,2025-01-11 21:00:00,44.11,,11.4,13.0,27.4,79.6,47.8,False
B001,B001_M2,2025-01-12 08:00:00,96.84,12.54,10.4,14.9,26.8,51.1,22.3,False
B001,B001_M2,2025-01-12 09:00:00,96.94,7.11,7.3,17.8,23.2,66.3,42.1,False
B001,B001_M5,2025-01-12 10:00:00,81.63,6.51,7.9,13.4,19.2,72.5,15.7,False
B001,B001_M5,2025-01-12 11:00:00,127.94,10.88,10.5,15.7,19.5,71.1,40.7,True
B001,B001_M3,2025-01-12 12:00:00,80.2,,11.1,18.0,24.0,46.4,32.7,False
B001,B001_M2,2025-01-12 13:00:00,113.87,,7.5,13.3,23.0,65.1,44.0,False
B001,B001_M5,2025-01-12 14:00:00,99.11,9.96,7.4,17.3,17.6,70.0,19.1,False
B001,B001_M2,2025-01-12 15:00:00,77.09,5.29,11.9,14.7,27.3,67.3,19.6,False
B001,B001_M3,2025-01-12 16:00:00,110.12,,9.2,17.2,27.1,79.1,39.1,False
B001,B001_M1,2025-01-12 17:00:00,70.16,14.24,8.0,15.2,22.5,72.8,28.1,False
B001,B001_M1,2025-01-12 18:00:00,103.91,8.42,9.4,13.2,23.1,43.3,24.9,False
B001,B001_M4,2025-01-12 19:00:00,97.41,17.2,9.7,17.6,27.3,60.7,48.8,False
B001,B001_M2,2025-01-12 20:00:00,67.99,12.9,7.7,17.4,18.3,57.8,30.1,False
B001,B001_M3,2025-01-12 21:00:00,107.7,,11.0,14.6,27.6,49.3,49.1,False
B002,B002_M3,2025-01-12 08:00:00,56.89,13.25,7.7,14.0,23.9,62.2,37.2,False
B002,B002_M4,2025-01-12 09:00:00,65.78,14.16,7.9,12.3,19.6,43.4,20.5,False
B002,B002_M4,2025-01-12 10:00:00,82.08,,11.3,17.1,18.5,41.9,34.4,False
B002,B002_M2,2025-01-12 11:00:00,61.61,8.14,11.2,15.2,20.4,44.0,13.0,False
B002,B002_M4,2025-01-12 12:00:00,46.76,16.73,10.9,14.7,24.4,59.9,20.4,False
B002,B002_M1,2025-01-12 13:00:00,36.86,,10.3,14.0,29.6,58.1,42.9,False
B002,B002_M1,2025-01-12 14:00:00,46.65,10.21,8.4,14.5,15.9,78.4,35.8,False
B002,B002_M3,2025-01-12 15:00:00,76.31,,10.7,12.7,23.2,58.3,20.3,False
B002,B002_M1,2025-01-12 16:00:00,53.78,16.31,7.5,14.2,16.4,68.5,27.9,False
B002,B002_M1,2025-01-12 17:00:00,54.8,16.41,11.9,15.5,15.2,70.3,22.1,False
B002,B002_M3,2025-01-12 18:00:00,52.31,8.36,10.2,13.7,21.8,62.9,48.1,False
B002,B002_M3,2025-01-12 19:00:00,58.5,,7.5,12.4,15.9,63.3,26.5,False
B002,B002_M1,2025-01-12 20:00:00,68.25,15.03,10.1,16.9,22.5,40.2,40.3,False
B002,B002_M1,2025-01-12 21:00:00,61.88,5.75,7.5,15.4,27.6,56.1,34.0,False
B003,B003_M3,2025-01-12 08:00:00,144.92,5.48,11.2,14.7,28.6,49.7,13.2,False
B003,B003_M3,2025-01-12 09:00:00,218.24,8.14,9.9,16.7,27.5,63.8,44.3,False
B003,B003_M2,2025-01-12 10:00:00,142.79,7.41,11.2,15.4,26.1,76.8,37.9,False
B003,B003_M1,2025-01-12 11:00:00,188.05,13.27,8.8,16.4,20.0,54.8,30.0,False
B003,B003_M1,2025-01-12 12:00:00,248.82,16.47,9.1,14.9,26.9,72.3,46.0,False
B003,B003_M2,2025-01-12 13:00:00,168.02,7.33,9.3,13.2,27.5,58.6,44.1,False
B003,B003_M2,2025-01-12 14:00:00,186.97,8.55,11.8,16.1,24.8,68.2,46.6,False
B003,B003_M1,2025-01-12 15:00:00,187.33,,10.8,14.1,30.0,59.3,14.2,False
B003,B003_M3,2025-01-12 16:00:00,235.33,17.04,7.2,12.2,20.3,67.5,18.9,False
B003,B003_M3,2025-01-12 17:00:00,238.14,13.58,9.4,17.9,15.9,44.0,47.9,False
B003,B003_M1,2025-01-12 18:00:00,204.87,,8.9,14.0,19.1,72.2,43.8,False
B003,B003_M2,2025-01-12 19:00:00,240.29,13.22,11.3,14.1,27.2,63.0,25.8,False
B003,B003_M3,2025-01-12 20:00:00,163.82,7.47,7.4,14.8,22.5,72.0,17.3,False
B003,B003_M1,2025-01-12 21:00:00,241.48,18.43,10.1,13.7,27.6,78.0,47.7,False
B004,B004_M2,2025-01-12 08:00:00,123.42,,10.5,12.6,28.4,51.0,45.8,False
B004,B004_M1,2025-01-12 09:00:00,148.26,16.76,9.6,13.6,19.0,62.2,26.0,False
B004,B004_M3,2025-01-12 10:00:00,132.59,9.4,9.3,14.6,20.3,77.2,39.9,False
B004,B004_M3,2025-01-12 11:00:00,185.93,,7.7,12.8,15.9,66.6,38.3,False
B004,B004_M1,2025-01-12 12:00:00,172.69,14.28,11.3,12.6,29.8,44.8,25.9,False
B004,B004_M2,2025-01-12 13:00:00,143.36,,11.2,17.5,25.2,70.7,20.0,False
B004,B004_M2,2025-01-12 14:00:00,180.25,19.04,11.0,15.0,26.5,43.7,24.9,False
B004,B004_M3,2025-01-12 15:00:00,136.94,,7.1,15.1,17.9,76.1,39.0,False
B004,B004_M3,2025-01-12 16:00:00,142.85,,7.3,14.6,26.8,40.4,25.6,False
B004,B004_M1,2025-01-12 17:00:00,343.45,,10.7,15.7,22.5,59.9,40.6,True
B004,B004_M2,2025-01-12 18:00:00,153.77,8.67,7.8,12.6,20.9,62.6,13.9,False
B004,B004_M2,2025-01-12 19:00:00,155.59,11.97,9.8,12.6,18.0,72.8,27.9,False
B004,B004_M2,2025-01-12 20:00:00,140.32,12.16,8.7,15.4,23.9,44.8,30.6,False
B004,B004_M3,2025-01-12 21:00:00,140.59,12.06,8.3,15.3,23.7,75.3,28.3,False
B005,B005_M2,2025-01-12 08:00:00,31.76,17.0,7.0,12.4,27.6,74.6,14.6,False
B005,B005_M3,2025-01-12 09:00:00,28.23,,10.9,15.8,19.1,67.7,31.4,False
B005,B005_M4,2025-01-12 10:00:00,45.68,6.65,7.8,13.2,25.2,44.8,35.5,False
B005,B005_M4,2025-01-12 11:00:00,19.01,,11.7,15.6,15.4,70.1,26.1,False
B005,B005_M3,2025-01-12 12:00:00,41.59,18.36,7.9,12.6,23.5,79.7,18.4,True
B005,B005_M3,2025-01-12 13:00:00,61.85,19.1,10.2,15.0,25.6,60.1,24.5,True
B005,B005_M5,2025-01-12 14:00:00,29.49,14.73,11.6,12.9,21.3,78.6,38.2,False
B005,B005_M3,2025-01-12 15:00:00,60.39,19.22,10.3,17.6,29.7,74.1,27.2,True
B005,B005_M1,2025-01-12 16:00:00,24.09,13.11,7.2,16.8,27.7,72.4,28.1,False
B005,B005_M3,2025-01-12 17:00:00,32.87,,8.6,14.1,29.8,54.3,39.6,False
B005,B005_M5,2025-01-12 18:00:00,28.92,17.55,9.9,12.3,24.5,48.6,18.9,False
B005,B005_M2,2025-01-12 19:00:00,36.39,13.84,10.1,16.7,24.1,44.0,42.1,False
B005,B005_M2,2025-01-12 20:00:00,22.62,13.48,9.6,13.3,24.2,43.6,17.1,False
B005,B005_M1,2025-01-12 21:00:00,41.55,8.86,9.6,17.8,22.5,46.2,20.1,False
B001,B001_M3,2025-01-13 08:00:00,110.02,12.42,9.2,17.1,27.6,79.1,39.8,False
B001,B001_M3,2025-01-13 09:00:00,196.42,5.78,7.0,16.3,23.3,62.7,14.5,False
B001,B001_M1,2025-01-13 10:00:00,194.48,8.48,9.0,15.9,24.0,55.0,12.9,False
B001,B001_M5,2025-01-13 11:00:00,188.85,10.08,11.3,14.8,21.2,76.3,44.4,False
B001,B001_M2,2025-01-13 12:00:00,226.89,,8.8,15.8,29.8,45.7,34.7,False
B001,B001_M5,2025-01-13 13:00:00,250.78,9.26,9.4,13.8,18.5,75.0,42.1,False
B001,B001_M1,2025-01-13 14:00:00,194.13,12.7,8.9,12.0,25.9,56.9,26.0,False
B001,B001_M5,2025-01-13 15:00:00,207.26,8.79,10.0,17.9,27.1,79.6,20.9,False
B001,B001_M1,2025-01-13 16:00:00,244.75,,10.2,13.2,25.8,57.6,23.3,False
B001,B001_M1,2025-01-13 17:00:00,226.27,19.46,7.8,17.5,23.3,68.4,14.2,False
B001,B001_M4,2025-01-13 18:00:00,108.18,8.78,8.5,12.1,20.9,77.5,33.2,False
B001,B001_M4,2025-01-13 19:00:00,130.56,,7.8,15.2,15.9,60.8,24.0,False
B001,B001_M2,2025-01-13 20:00:00,99.04,19.58,7.7,17.0,21.9,45.0,16.9,False
B001,B001_M1,2025-01-13 21:00:00,190.0,15.15,7.4,12.0,15.1,49.2,39.6,True
B002,B002_M4,2025-01-13 08:00:00,67.29,8.13,10.4,16.9,20.0,45.3,15.7,False
B002,B002_M3,2025-01-13 09:00:00,100.22,7.67,7.3,13.6,19.4,62.9,49.2,False
B002,B002_M4,2025-01-13 10:00:00,120.62,11.16,11.1,16.6,19.7,74.6,42.2,False
B002,B002_M2,2025-01-13 11:00:00,132.37,6.19,10.1,13.5,18.3,76.7,48.6,False
B002,B002_M2,2025-01-13 12:00:00,119.21,19.59,7.8,15.7,24.6,55.1,45.4,False
B002,B002_M4,2025-01-13 13:00:00,169.18,12.85,11.3,13.7,16.9,75.1,37.7,False
B002,B002_M4,2025-01-13 14:00:00,155.25,17.82,11.5,13.6,25.9,43.0,42.6,False
B002,B002_M3,2025-01-13 15:00:00,117.03,11.17,8.1,13.6,18.3,52.5,32.9,False
B002,B002_M2,2025-01-13 16:00:00,151.76,7.34,8.6,15.0,20.1,48.1,20.6,False
B002,B002_M4,2025-01-13 17:00:00,309.7,13.18,10.1,12.6,27.2,62.1,34.5,True
B002,B002_M2,2025-01-13 18:00:00,81.85,6.23,8.5,14.3,28.7,75.9,41.4,False
B002,B002_M4,2025-01-13 19:00:00,97.25,,11.0,14.2,20.5,65.2,35.7,False
B002,B002_M2,2025-01-13 20:00:00,94.59,,9.0,14.4,21.4,50.9,33.6,False
B002,B002_M4,2025-01-13 21:00:00,73.83,9.42,10.6,15.3,26.0,61.6,27.6,False
B003,B003_M3,2025-01-13 08:00:00,231.54,19.54,7.9,12.7,29.0,64.1,26.5,False
B003,B003_M2,2025-01-13 09:00:00,436.26,7.35,11.4,14.9,17.3,42.1,34.0,False
B003,B003_M1,2025-01-13 10:00:00,491.18,9.21,8.3,13.5,22.2,66.0,17.1,False
B003,B003_M3,2025-01-13 11:00:00,568.8,6.77,10.3,13.8,28.9,65.5,28.0,False
B003,B003_M3,2025-01-13 12:00:00,541.22,18.61,9.7,14.4,20.8,75.9,21.4,False
B003,B003_M1,2025-01-13 13:00:00,427.64,,10.4,14.1,17.4,61.2,36.6,False
B003,B003_M2,2025-01-13 14:00:00,389.38,13.21,8.5,15.6,18.0,46.7,49.1,False
B003,B003_M1,2025-01-13 15:00:00,476.82,6.28,11.2,16.3,24.6,79.2,14.1,False
B003,B003_M3,2025-01-13 16:00:00,344.21,17.09,7.5,17.4,20.7,50.9,43.4,False
B003,B003_M2,2025-01-13 17:00:00,512.51,10.15,7.1,13.3,21.6,44.0,17.9,False
B003,B003_M2,2025-01-13 18:00:00,561.88,,10.4,16.5,21.7,77.1,12.1,True
B003,B003_M2,2025-01-13 19:00:00,230.45,8.48,7.4,12.6,27.0,47.1,31.8,False
B003,B003_M2,2025-01-13 20:00:00,292.01,,9.6,16.4,29.1,59.7,13.0,False
B003,B003_M1,2025-01-13 21:00:00,231.28,,11.5,16.4,15.9,43.6,45.5,False
B004,B004_M1,2025-01-13 08:00:00,171.45,18.14,9.1,13.8,19.6,69.8,25.5,False
B004,B004_M2,2025-01-13 09:00:00,396.07,15.17,7.4,16.6,26.2,59.4,22.3,False
B004,B004_M3,2025-01-13 10:00:00,345.01,5.07,7.6,17.7,29.1,58.0,37.9,False
B004,B004_M2,2025-01-13 11:00:00,297.52,8.35,10.1,17.2,23.4,64.6,38.3,False
B004,B004_M3,2025-01-13 12:00:00,341.87,12.31,7.4,17.9,19.9,75.0,38.3,False
B004,B004_M1,2025-01-13 13:00:00,278.07,11.85,9.5,17.6,27.7,72.3,34.9,False
B004,B004_M2,2025-01-13 14:00:00,242.41,5.59,8.1,17.3,22.0,70.1,18.3,False
B004,B004_M2,2025-01-13 15:00:00,245.46,18.3,8.8,15.3,26.6,44.5,22.7,False
B004,B004_M3,2025-01-13 16:00:00,455.81,14.87,8.2,16.3,21.2,66.7,46.6,False
B004,B004_M3,2025-01-13 17:00:00,293.64,10.34,9.5,15.3,15.0,49.8,35.2,False
B004,B004_M3,2025-01-13 18:00:00,182.04,,8.4,12.2,29.6,44.2,20.5,False
B004,B004_M1,2025-01-13 19:00:00,205.45,15.32,8.6,14.6,20.1,59.9,12.5,False
B004,B004_M2,2025-01-13 20:00:00,161.6,,10.0,17.6,22.4,72.7,25.5,False
B004,B004_M2,2025-01-13 21:00:00,245.6,,11.6,13.8,26.2,44.3,42.9,False
B005,B005_M3,2025-01-13 08:00:00,46.98,,7.8,13.8,26.9,74.0,27.0,False
B005,B005_M2,2025-01-13 09:00:00,84.28,12.6,10.8,16.0,18.5,79.6,30.5,False
B005,B005_M1,2025-01-13 10:00:00,94.8,15.78,11.2,17.8,23.5,47.7,29.9,False
B005,B005_M3,2025-01-13 11:00:00,171.73,,8.9,17.4,29.1,50.6,30.3,True
B005,B005_M1,2025-01-13 12:00:00,73.16,8.13,9.1,16.8,16.6,60.6,14.6,False
B005,B005_M1,2025-01-13 13:00:00,59.33,13.39,10.6,15.2,19.4,45.5,46.9,False
B005,B005_M3,2025-01-13 14:00:00,57.51,12.7,9.4,13.2,29.0,45.6,13.8,False
B005,B005_M1,2025-01-13 15:00:00,72.11,17.65,10.2,15.8,21.5,77.0,16.6,False
B005,B005_M2,2025-01-13 16:00:00,90.16,12.04,11.1,13.2,18.1,46.6,10.8,False
B005,B005_M1,2025-01-13 17:00:00,47.29,18.59,7.4,17.7,29.1,69.7,42.5,False
B005,B005_M1,2025-01-13 18:00:00,37.33,6.28,10.7,13.3,21.6,79.2,31.9,False
B005,B005_M3,2025-01-13 19:00:00,44.6,7.17,8.2,17.2,17.7,65.6,29.8,False
B005,B005_M4,2025-01-13 20:00:00,39.72,19.31,9.8,17.1,28.2,43.6,49.8,False
B005,B005_M3,2025-01-13 21:00:00,33.81,15.37,11.9,15.3,23.0,71.1,35.7,False
B001,B001_M3,2025-01-14 08:00:00,126.05,9.28,12.0,14.8,17.3,64.5,41.4,False
B001,B001_M4,2025-01-14 09:00:00,164.31,6.69,8.3,16.1,27.5,55.0,46.8,False
B001,B001_M5,2025-01-14 10:00:00,165.59,,7.2,12.8,17.6,43.8,16.9,False
B001,B001_M5,2025-01-14 11:00:00,251.84,11.24,7.6,14.8,15.1,78.3,36.8,False
B001,B001_M2,2025-01-14 12:00:00,206.24,8.1,9.2,12.2,23.7,45.5,11.4,False
B001,B001_M4,2025-01-14 13:00:00,178.12,6.44,7.8,15.7,28.8,69.2,37.3,False
B001,B001_M5,2025-01-14 14:00:00,268.63,12.75,8.6,12.5,25.0,69.3,20.0,False
B001,B001_M2,2025-01-14 15:00:00,225.45,6.95,11.0,14.5,29.5,48.7,24.8,False
B001,B001_M3,2025-01-14 16:00:00,215.51,18.46,10.2,18.0,19.7,59.7,34.2,False
B001,B001_M4,2025-01-14 17:00:00,190.49,13.07,10.8,14.0,22.5,68.7,43.5,False
B001,B001_M3,2025-01-14 18:00:00,119.25,8.66,7.8,15.6,24.1,69.4,42.2,False
B001,B001_M3,2025-01-14 19:00:00,100.43,15.34,7.3,13.8,27.2,56.9,14.0,False
B001,B001_M3,2025-01-14 20:00:00,130.44,,11.7,14.2,26.6,78.4,44.8,False
B001,B001_M1,2025-01-14 21:00:00,121.77,7.96,7.2,12.5,15.8,52.8,23.8,False
B002,B002_M4,2025-01-14 08:00:00,57.36,6.42,10.6,13.0,28.4,73.1,28.9,False
B002,B002_M4,2025-01-14 09:00:00,105.65,11.42,7.0,15.6,27.6,43.7,13.0,False
B002,B002_M2,2025-01-14 10:00:00,119.25,14.65,7.7,14.7,15.5,47.2,40.6,False
B002,B002_M4,2025-01-14 11:00:00,126.76,5.18,7.9,13.9,21.1,49.5,40.9,False
B002,B002_M1,2025-01-14 12:00:00,108.58,11.47,8.4,16.7,22.4,43.2,24.3,False
B002,B002_M3,2025-01-14 13:00:00,157.7,19.84,10.0,12.4,25.7,53.7,14.3,False
B002,B002_M1,2025-01-14 14:00:00,117.0,,8.4,12.3,26.5,44.6,42.7,False
B002,B002_M3,2025-01-14 15:00:00,135.44,,8.4,13.7,16.7,57.0,41.6,False
B002,B002_M2,2025-01-14 16:00:00,99.66,7.34,11.0,14.0,18.7,74.9,34.6,False
B002,B002_M1,2025-01-14 17:00:00,139.5,11.1,11.0,17.1,27.0,66.3,20.7,False
B002,B002_M1,2025-01-14 18:00:00,76.97,11.48,7.9,16.9,20.7,42.2,43.2,False
B002,B002_M4,2025-01-14 19:00:00,54.1,19.19,9.3,12.2,29.0,60.8,10.8,False
B002,B002_M1,2025-01-14 20:00:00,83.28,13.87,11.8,14.7,29.9,51.0,18.1,False
B002,B002_M3,2025-01-14 21:00:00,55.65,16.08,9.0,15.1,27.7,49.0,43.0,False
B003,B003_M1,2025-01-14 08:00:00,234.93,16.35,10.1,14.8,23.8,73.5,34.2,False
B003,B003_M2,2025-01-14 09:00:00,580.91,12.05,10.0,16.7,25.4,42.8,23.2,False
B003,B003_M3,2025-01-14 10:00:00,355.96,12.97,10.9,12.4,23.3,52.8,18.7,False
B003,B003_M2,2025-01-14 11:00:00,480.47,,11.1,16.1,20.5,49.3,21.4,False
B003,B003_M1,2025-01-14 12:00:00,354.02,6.55,9.9,16.4,25.3,56.2,28.3,False
B003,B003_M1,2025-01-14 13:00:00,611.95,,10.4,15.3,21.8,43.9,31.2,False
B003,B003_M1,2025-01-14 14:00:00,377.42,16.89,10.0,14.4,17.9,73.0,32.0,False
B003,B003_M3,2025-01-14 15:00:00,369.78,,9.8,16.7,20.0,70.7,10.5,False
B003,B003_M3,2025-01-14 16:00:00,485.31,,10.0,15.6,19.2,74.0,41.8,False
B003,B003_M3,2025-01-14 17:00:00,918.44,18.43,10.7,13.1,21.1,54.3,26.9,True
B003,B003_M1,2025-01-14 18:00:00,207.22,7.5,9.2,16.3,26.7,49.9,49.1,False
B003,B003_M1,2025-01-14 19:00:00,280.41,,7.7,15.9,22.3,59.2,23.8,False
B003,B003_M1,2025-01-14 20:00:00,278.94,11.99,11.3,15.3,18.6,63.6,21.5,False
B003,B003_M1,2025-01-14 21:00:00,268.9,10.8,11.5,15.3,16.9,67.2,44.3,False
B004,B004_M3,2025-01-14 08:00:00,184.93,10.9,8.2,13.9,28.6,51.5,30.5,False
B004,B004_M1,2025-01-14 09:00:00,330.4,9.21,8.6,14.2,16.4,53.7,47.9,False
B004,B004_M2,2025-01-14 10:00:00,279.4,14.34,10.7,15.6,26.9,48.1,46.8,False
B004,B004_M1,2025-01-14 11:00:00,280.59,,8.6,16.7,24.3,52.5,30.3,False
B004,B004_M3,2025-01-14 12:00:00,297.31,8.1,10.8,17.3,25.7,58.6,37.7,False
B004,B004_M1,2025-01-14 13:00:00,369.7,17.15,9.9,12.2,24.0,78.4,15.7,False
B004,B004_M1,2025-01-14 14:00:00,369.01,14.83,7.5,15.0,24.7,43.9,14.8,False
B004,B004_M3,2025-01-14 15:00:00,219.68,17.06,7.5,15.3,21.3,62.1,42.6,False
B004,B004_M1,2025-01-14 16:00:00,230.24,7.93,9.1,15.2,23.6,50.9,26.4,False
B004,B004_M3,2025-01-14 17:00:00,357.43,16.46,8.5,16.3,22.3,56.0,49.6,False
B004,B004_M3,2025-01-14 18:00:00,172.25,17.08,10.4,16.4,25.2,48.7,19.6,False
B004,B004_M1,2025-01-14 19:00:00,182.72,,8.0,14.6,20.9,64.2,32.9,False
B004,B004_M1,2025-01-14 20:00:00,225.99,14.42,10.8,14.7,23.0,79.3,16.8,False
B004,B004_M1,2025-01-14 21:00:00,216.15,11.87,7.7,14.8,20.2,69.8,22.7,False
B005,B005_M5,2025-01-14 08:00:00,42.63,,7.9,12.2,26.0,71.9,32.5,False
B005,B005_M1,2025-01-14 09:00:00,65.5,11.94,9.0,15.4,15.4,66.4,35.9,False
B005,B005_M5,2025-01-14 10:00:00,59.26,5.14,7.4,17.4,23.6,56.8,39.8,False
B005,B005_M5,2025-01-14 11:00:00,49.11,10.29,11.0,14.8,18.5,53.3,14.1,False
B005,B005_M4,2025-01-14 12:00:00,78.59,10.98,10.4,13.8,28.4,76.2,19.2,False
B005,B005_M1,2025-01-14 13:00:00,56.25,6.09,8.0,16.3,28.9,58.7,13.4,False
B005,B005_M2,2025-01-14 14:00:00,63.05,16.09,10.0,12.9,28.1,73.3,16.1,False
B005,B005_M4,2025-01-14 15:00:00,174.73,12.13,11.3,17.4,27.2,59.0,38.2,True
B005,B005_M3,2025-01-14 16:00:00,93.31,15.96,10.6,13.9,24.9,54.1,13.6,True
B005,B005_M5,2025-01-14 17:00:00,78.01,,7.2,15.2,28.3,47.2,21.4,False
B005,B005_M2,2025-01-14 18:00:00,32.79,13.8,7.5,16.2,21.6,49.4,21.9,False
B005,B005_M2,2025-01-14 19:00:00,42.99,18.15,8.4,14.8,22.9,49.9,19.3,False
B005,B005_M2,2025-01-14 20:00:00,45.59,9.11,9.8,17.4,18.7,75.7,31.7,False
B005,B005_M5,2025-01-14 21:00:00,39.25,10.23,9.5,13.4,16.6,46.7,37.9,False
B001,B001_M1,2025-01-15 08:00:00,125.85,5.93,7.9,14.4,20.2,69.2,34.0,False
B001,B001_M3,2025-01-15 09:00:00,215.94,,11.3,16.8,29.1,68.5,22.1,False
B001,B001_M5,2025-01-15 10:00:00,206.64,,8.2,13.0,25.7,57.8,46.3,False
B001,B001_M1,2025-01-15 11:00:00,231.21,,9.7,17.3,26.4,52.4,35.7,False
B001,B001_M1,2025-01-15 12:00:00,186.99,9.56,10.7,17.7,19.4,72.8,12.3,False
B001,B001_M1,2025-01-15 13:00:00,265.68,5.9,8.2,17.8,25.6,72.7,31.8,False
B001,B001_M4,2025-01-15 14:00:00,181.73,,8.7,16.0,16.1,63.7,13.1,False
B001,B001_M2,2025-01-15 15:00:00,168.77,,11.5,16.2,24.8,46.1,42.1,False
B001,B001_M1,2025-01-15 16:00:00,285.59,,11.4,12.4,24.1,69.6,16.4,False
B001,B001_M5,2025-01-15 17:00:00,184.34,6.0,9.4,12.5,27.9,77.0,37.0,False
B001,B001_M2,2025-01-15 18:00:00,152.41,5.63,7.9,13.1,23.8,73.6,40.4,False
B001,B001_M2,2025-01-15 19:00:00,116.44,8.55,10.0,16.7,29.5,74.9,23.1,False
B001,B001_M4,2025-01-15 20:00:00,111.44,11.86,8.4,14.1,25.3,50.1,47.8,False
B001,B001_M1,2025-01-15 21:00:00,99.22,,9.4,16.2,26.2,64.3,33.5,False
B002,B002_M1,2025-01-15 08:00:00,61.1,,9.7,18.0,16.1,66.0,15.2,False
B002,B002_M3,2025-01-15 09:00:00,117.86,,8.1,15.8,18.0,59.8,12.7,False
B002,B002_M1,2025-01-15 10:00:00,137.27,13.08,7.5,17.1,16.4,65.4,17.5,False
B002,B002_M1,2025-01-15 11:00:00,110.5,18.72,7.8,14.9,18.5,73.6,28.1,False
B002,B002_M4,2025-01-15 12:00:00,160.85,,9.2,12.5,23.4,40.2,18.2,False
B002,B002_M2,2025-01-15 13:00:00,131.46,16.67,10.9,12.5,29.3,76.2,48.4,False
B002,B002_M3,2025-01-15 14:00:00,147.32,9.39,10.8,15.4,19.2,62.8,31.7,False
B002,B002_M2,2025-01-15 15:00:00,137.15,16.9,11.8,14.0,29.1,67.6,18.6,False
B002,B002_M1,2025-01-15 16:00:00,91.53,15.72,10.4,13.2,25.4,75.6,48.3,False
B002,B002_M1,2025-01-15 17:00:00,129.8,11.78,7.1,16.1,18.1,58.8,21.9,False
B002,B002_M3,2025-01-15 18:00:00,80.94,,7.7,16.5,19.1,60.3,43.9,False
B002,B002_M2,2025-01-15 19:00:00,68.91,8.62,11.8,17.0,22.4,49.9,28.9,False
B002,B002_M4,2025-01-15 20:00:00,84.15,9.45,10.1,15.2,24.9,70.9,36.7,False
B002,B002_M4,2025-01-15 21:00:00,81.73,9.52,9.7,17.2,25.7,48.3,13.5,False
B003,B003_M2,2025-01-15 08:00:00,327.22,8.9,8.8,15.7,24.7,59.8,44.0,False
B003,B003_M3,2025-01-15 09:00:00,347.34,10.25,11.2,15.6,20.5,70.8,47.2,False
B003,B003_M2,2025-01-15 10:00:00,310.54,18.11,10.0,13.0,15.6,40.5,49.6,False
B003,B003_M1,2025-01-15 11:00:00,394.85,12.46,10.8,17.4,27.7,49.0,29.4,False
B003,B003_M3,2025-01-15 12:00:00,497.73,17.6,9.5,16.1,16.8,59.1,43.9,False
B003,B003_M2,2025-01-15 13:00:00,401.92,16.53,8.7,14.0,22.4,71.7,41.7,False
B003,B003_M3,2025-01-15 14:00:00,490.05,,11.1,16.1,28.3,64.1,38.1,False
B003,B003_M2,2025-01-15 15:00:00,464.07,7.28,9.6,14.6,24.4,64.0,21.8,False
B003,B003_M3,2025-01-15 16:00:00,548.68,,8.0,14.4,27.2,72.7,39.9,False
B003,B003_M3,2025-01-15 17:00:00,803.38,11.24,10.1,14.9,26.3,66.8,38.5,True
B003,B003_M1,2025-01-15 18:00:00,237.38,10.8,10.8,16.5,29.5,68.6,40.4,False
B003,B003_M3,2025-01-15 19:00:00,279.89,8.0,10.1,15.3,27.7,79.1,19.0,False
B003,B003_M1,2025-01-15 20:00:00,275.14,16.29,8.8,12.1,24.3,50.5,24.0,False
B003,B003_M1,2025-01-15 21:00:00,289.59,,8.2,13.9,21.0,55.6,41.0,False
B004,B004_M3,2025-01-15 08:00:00,164.01,15.74,7.2,13.8,17.5,42.1,45.3,False
B004,B004_M2,2025-01-15 09:00:00,335.68,7.52,11.4,15.9,21.1,69.3,41.3,False
B004,B004_M3,2025-01-15 10:00:00,296.84,,10.6,16.6,20.2,78.4,14.2,False
B004,B004_M1,2025-01-15 11:00:00,297.03,7.61,8.7,15.1,23.8,59.8,39.0,False
B004,B004_M1,2025-01-15 12:00:00,350.76,9.64,9.7,15.6,17.2,46.4,49.5,False
B004,B004_M3,2025-01-15 13:00:00,304.87,,11.1,13.7,24.4,57.9,24.0,False
B004,B004_M1,2025-01-15 14:00:00,389.29,9.05,10.0,15.9,28.1,53.0,23.9,False
B004,B004_M2,2025-01-15 15:00:00,460.56,14.01,8.2,12.3,20.1,45.3,32.2,False
B004,B004_M3,2025-01-15 16:00:00,387.93,,11.7,13.6,21.9,55.0,44.8,False
B004,B004_M2,2025-01-15 17:00:00,357.39,7.48,7.1,13.2,22.1,44.0,30.2,False
B004,B004_M3,2025-01-15 18:00:00,193.01,,9.7,16.8,29.2,52.6,11.0,False
B004,B004_M3,2025-01-15 19:00:00,170.51,11.57,10.3,12.1,22.4,41.7,43.7,False
B004,B004_M1,2025-01-15 20:00:00,132.9,,11.2,15.1,21.9,61.3,26.8,False
B004,B004_M1,2025-01-15 21:00:00,225.19,16.11,10.7,17.7,28.6,51.5,18.1,False
B005,B005_M3,2025-01-15 08:00:00,28.14,,11.3,17.5,26.6,56.6,38.1,False
B005,B005_M2,2025-01-15 09:00:00,59.09,12.03,8.7,15.1,27.1,64.9,49.1,False
B005,B005_M2,2025-01-15 10:00:00,78.41,6.52,7.2,14.8,28.1,51.9,32.7,False
B005,B005_M4,2025-01-15 11:00:00,61.99,,10.1,17.1,25.5,79.7,38.2,False
B005,B005_M2,2025-01-15 12:00:00,63.81,5.53,11.8,13.2,23.2,68.5,34.9,False
B005,B005_M5,2025-01-15 13:00:00,63.79,,9.7,15.5,17.1,79.1,38.1,False
B005,B005_M3,2025-01-15 14:00:00,56.82,16.32,12.0,16.1,15.8,51.4,25.4,False
B005,B005_M4,2025-01-15 15:00:00,70.38,9.59,8.6,16.3,26.6,76.2,45.1,False
B005,B005_M3,2025-01-15 16:00:00,68.95,8.19,8.3,14.2,19.9,74.4,36.0,False
B005,B005_M4,2025-01-15 17:00:00,54.04,7.24,10.5,14.5,15.1,44.5,24.5,False
B005,B005_M3,2025-01-15 18:00:00,30.35,9.8,7.1,16.0,24.7,52.2,21.7,False
B005,B005_M1,2025-01-15 19:00:00,37.04,18.12,7.7,17.7,22.1,52.8,26.3,False
B005,B005_M1,2025-01-15 20:00:00,43.33,10.56,9.8,17.4,26.3,74.2,45.4,False
B005,B005_M1,2025-01-15 21:00:00,31.6,7.38,10.5,15.9,25.0,68.6,38.7,False
B001,B001_M3,2025-01-16 08:00:00,93.34,,7.0,15.5,19.2,73.2,29.8,False
B001,B001_M4,2025-01-16 09:00:00,200.15,14.21,8.3,14.3,27.6,52.1,29.2,False
B001,B001_M1,2025-01-16 10:00:00,216.9,11.29,7.5,15.1,19.4,70.6,48.2,False
B001,B001_M5,2025-01-16 11:00:00,530.45,7.68,11.9,14.2,18.7,52.6,22.1,True
B001,B001_M4,2025-01-16 12:00:00,182.98,16.26,10.4,12.4,15.3,41.3,42.6,False
B001,B001_M1,2025-01-16 13:00:00,211.18,9.62,7.6,17.4,21.8,48.6,15.7,False
B001,B001_M5,2025-01-16 14:00:00,245.03,10.91,10.7,12.7,24.0,50.0,47.5,False
B001,B001_M3,2025-01-16 15:00:00,236.59,16.92,10.8,12.9,16.5,63.1,26.2,False
B001,B001_M3,2025-01-16 16:00:00,154.19,,9.2,12.5,20.3,42.8,20.8,False
B001,B001_M1,2025-01-16 17:00:00,297.26,,8.1,14.5,23.1,54.6,33.3,False
B001,B001_M1,2025-01-16 18:00:00,157.16,8.01,11.6,17.6,26.7,44.6,14.7,False
B001,B001_M4,2025-01-16 19:00:00,137.19,,11.6,16.6,16.8,45.1,45.0,False
B001,B001_M4,2025-01-16 20:00:00,128.2,,8.4,16.5,29.8,70.4,27.2,False
B001,B001_M5,2025-01-16 21:00:00,106.32,11.4,9.3,12.2,25.6,42.8,49.5,False
B002,B002_M2,2025-01-16 08:00:00,56.62,6.37,10.4,13.0,28.8,57.3,39.6,False
B002,B002_M2,2025-01-16 09:00:00,164.69,,8.9,12.7,18.3,50.4,46.0,False
B002,B002_M3,2025-01-16 10:00:00,170.03,,8.2,12.4,26.9,51.7,46.4,False
B002,B002_M2,2025-01-16 11:00:00,168.75,7.62,8.8,15.7,19.2,63.8,10.8,False
B002,B002_M1,2025-01-16 12:00:00,150.3,,9.2,15.0,28.3,60.2,45.3,False
B002,B002_M1,2025-01-16 13:00:00,120.87,11.56,10.2,14.7,30.0,62.6,44.3,False
B002,B002_M4,2025-01-16 14:00:00,86.7,19.44,11.5,16.4,15.1,65.1,22.6,False
B002,B002_M4,2025-01-16 15:00:00,103.73,7.74,10.7,14.6,17.1,50.2,11.8,False
B002,B002_M1,2025-01-16 16:00:00,164.7,,9.0,14.5,16.2,54.1,15.8,False
B002,B002_M2,2025-01-16 17:00:00,115.94,,7.5,13.6,24.6,76.7,30.9,False
B002,B002_M4,2025-01-16 18:00:00,59.18,,8.0,16.0,24.0,64.4,41.8,False
B002,B002_M2,2025-01-16 19:00:00,94.28,,10.4,15.7,20.6,71.6,39.0,False
B002,B002_M2,2025-01-16 20:00:00,72.35,,8.7,17.3,22.8,72.4,26.1,False
B002,B002_M1,2025-01-16 21:00:00,69.24,13.59,10.7,13.2,18.0,48.8,33.3,False
B003,B003_M3,2025-01-16 08:00:00,289.13,,10.3,12.6,19.4,58.5,48.8,False
B003,B003_M3,2025-01-16 09:00:00,483.07,17.97,10.3,14.7,23.9,70.8,41.1,False
B003,B003_M2,2025-01-16 10:00:00,500.26,6.21,10.1,15.0,20.3,77.3,27.9,False
B003,B003_M2,2025-01-16 11:00:00,596.2,16.24,11.0,15.7,16.2,56.5,41.0,False
B003,B003_M3,2025-01-16 12:00:00,482.92,,7.7,17.6,17.8,56.3,37.2,False
B003,B003_M2,2025-01-16 13:00:00,412.31,13.23,11.0,16.9,20.8,66.6,18.0,False
B003,B003_M3,2025-01-16 14:00:00,438.78,,8.9,15.4,20.5,74.3,31.9,False
B003,B003_M2,2025-01-16 15:00:00,543.99,19.59,8.4,13.3,21.5,53.9,29.6,False
B003,B003_M3,2025-01-16 16:00:00,486.14,8.43,7.8,12.9,21.3,74.7,31.2,False
B003,B003_M1,2025-01-16 17:00:00,420.79,,7.1,13.9,16.9,76.1,11.2,False
B003,B003_M3,2025-01-16 18:00:00,554.86,17.74,9.4,15.8,26.5,61.1,37.1,True
B003,B003_M1,2025-01-16 19:00:00,217.14,,10.1,17.3,16.4,75.8,47.4,False
B003,B003_M2,2025-01-16 20:00:00,259.71,7.68,9.6,16.3,27.0,46.2,35.1,False
B003,B003_M3,2025-01-16 21:00:00,300.96,12.4,8.9,12.8,19.1,78.2,25.9,False
B004,B004_M1,2025-01-16 08:00:00,207.71,9.84,8.4,16.1,18.3,50.2,20.3,False
B004,B004_M2,2025-01-16 09:00:00,309.09,,12.0,16.0,21.5,73.2,24.7,False
B004,B004_M2,2025-01-16 10:00:00,264.53,,10.9,13.7,26.8,61.1,36.4,False
B004,B004_M2,2025-01-16 11:00:00,358.15,,9.9,17.2,15.9,58.6,37.6,False
B004,B004_M1,2025-01-16 12:00:00,835.04,16.71,11.8,16.3,27.4,49.4,47.5,True
B004,B004_M3,2025-01-16 13:00:00,367.37,,11.6,14.0,26.3,53.3,43.5,False
B004,B004_M1,2025-01-16 14:00:00,347.56,14.29,7.9,14.0,18.3,50.6,38.6,False
B004,B004_M1,2025-01-16 15:00:00,303.14,,9.0,17.7,26.5,71.1,10.5,False
B004,B004_M3,2025-01-16 16:00:00,322.88,19.56,10.0,16.5,26.2,69.3,48.7,False
B004,B004_M2,2025-01-16 17:00:00,403.61,16.36,8.5,13.4,23.4,65.6,29.4,False
B004,B004_M2,2025-01-16 18:00:00,221.41,,10.7,17.1,22.7,77.6,17.1,False
B004,B004_M3,2025-01-16 19:00:00,152.92,,10.8,16.5,26.3,43.6,23.8,False
B004,B004_M1,2025-01-16 20:00:00,162.98,19.79,9.5,17.8,22.5,53.0,38.0,False
B004,B004_M2,2025-01-16 21:00:00,228.94,9.23,9.4,12.4,29.8,40.0,33.9,False
B005,B005_M2,2025-01-16 08:00:00,48.54,11.56,7.3,17.8,25.9,44.9,35.6,False
B005,B005_M3,2025-01-16 09:00:00,64.67,,8.5,16.8,29.6,57.6,12.1,False
B005,B005_M3,2025-01-16 10:00:00,69.88,6.14,8.7,14.8,29.8,41.4,24.6,False
B005,B005_M3,2025-01-16 11:00:00,73.03,17.84,8.5,12.6,28.3,61.3,19.7,False
B005,B005_M4,2025-01-16 12:00:00,66.7,,8.1,17.6,17.6,41.5,47.1,False
B005,B005_M4,2025-01-16 13:00:00,65.22,18.92,9.0,14.5,15.4,52.1,36.1,False
B005,B005_M1,2025-01-16 14:00:00,81.88,12.28,7.6,16.0,20.2,79.5,19.0,False
B005,B005_M4,2025-01-16 15:00:00,111.83,15.6,11.1,14.4,28.5,65.4,49.0,True
B005,B005_M2,2025-01-16 16:00:00,65.71,11.56,8.3,16.5,16.9,60.3,22.3,False
B005,B005_M2,2025-01-16 17:00:00,52.42,12.83,10.7,17.7,19.1,63.6,34.7,False
B005,B005_M2,2025-01-16 18:00:00,29.33,6.06,8.5,16.4,18.3,47.6,40.9,False
B005,B005_M5,2025-01-16 19:00:00,37.85,13.83,7.5,13.5,21.8,56.0,35.4,False
B005,B005_M3,2025-01-16 20:00:00,52.86,13.72,10.7,12.9,29.5,59.6,29.6,False
B005,B005_M1,2025-01-16 21:00:00,51.29,10.42,7.4,14.4,20.2,48.6,17.4,False
B001,B001_M5,2025-01-17 08:00:00,133.32,,8.8,15.1,19.7,40.1,34.8,False
B001,B001_M2,2025-01-17 09:00:00,285.79,14.27,11.7,16.3,27.5,78.3,34.8,False
B001,B001_M2,2025-01-17 10:00:00,189.14,14.52,11.3,12.5,29.7,68.9,26.1,False
B001,B001_M2,2025-01-17 11:00:00,215.98,,8.2,13.4,20.4,72.9,35.8,False
B001,B001_M4,2025-01-17 12:00:00,209.57,9.36,7.1,15.6,20.2,64.0,10.7,False
B001,B001_M4,2025-01-17 13:00:00,159.58,5.49,10.8,15.5,16.6,54.7,21.1,False
B001,B001_M4,2025-01-17 14:00:00,201.87,,8.4,16.4,15.2,66.2,18.5,False
B001,B001_M5,2025-01-17 15:00:00,251.85,11.27,11.1,15.7,26.4,68.1,44.8,False
B001,B001_M5,2025-01-17 16:00:00,271.05,8.4,9.1,16.4,16.7,61.5,49.0,False
B001,B001_M2,2025-01-17 17:00:00,220.37,16.31,9.5,17.0,23.8,50.6,26.4,False
B001,B001_M1,2025-01-17 18:00:00,144.45,18.78,7.8,15.5,23.6,74.4,46.5,False
B001,B001_M5,2025-01-17 19:00:00,143.97,7.88,8.2,13.9,20.1,69.6,23.0,False
B001,B001_M5,2025-01-17 20:00:00,120.2,16.01,9.2,17.1,19.0,73.6,29.3,False
B001,B001_M2,2025-01-17 21:00:00,110.51,11.07,9.8,13.9,19.3,61.7,42.8,False
B002,B002_M1,2025-01-17 08:00:00,78.89,14.37,9.6,17.2,29.2,60.9,23.0,False
B002,B002_M1,2025-01-17 09:00:00,109.72,,9.9,16.8,15.0,68.5,19.5,False
B002,B002_M4,2025-01-17 10:00:00,157.7,,12.0,14.4,25.9,53.5,37.5,False
B002,B002_M3,2025-01-17 11:00:00,295.5,13.12,8.4,17.5,22.6,44.5,22.4,True
B002,B002_M2,2025-01-17 12:00:00,168.86,14.1,11.7,17.5,21.4,77.5,31.6,False
B002,B002_M3,2025-01-17 13:00:00,247.0,,8.6,15.2,29.0,40.3,10.6,True
B002,B002_M4,2025-01-17 14:00:00,107.29,12.41,10.2,14.5,15.4,62.6,37.8,False
B002,B002_M1,2025-01-17 15:00:00,109.94,13.73,8.2,15.8,15.6,62.0,46.8,False
B002,B002_M2,2025-01-17 16:00:00,125.79,13.34,10.0,13.9,17.0,75.8,10.7,False
B002,B002_M4,2025-01-17 17:00:00,137.8,18.24,8.0,14.8,24.3,45.7,14.7,False
B002,B002_M2,2025-01-17 18:00:00,76.64,7.82,10.8,13.1,26.0,66.6,39.3,False
B002,B002_M3,2025-01-17 19:00:00,75.36,,8.9,12.7,24.5,73.4,36.3,False
B002,B002_M2,2025-01-17 20:00:00,79.28,12.9,8.1,12.9,27.1,76.9,40.7,False
B002,B002_M4,2025-01-17 21:00:00,66.32,,8.5,13.9,18.7,74.9,35.9,False
B003,B003_M2,2025-01-17 08:00:00,203.82,,11.1,15.4,22.0,73.3,23.9,False
B003,B003_M3,2025-01-17 09:00:00,523.16,13.39,10.4,13.2,20.3,77.8,37.6,False
B003,B003_M1,2025-01-17 10:00:00,410.29,,10.4,17.3,16.9,78.0,47.2,False
B003,B003_M3,2025-01-17 11:00:00,629.24,,7.4,13.1,16.6,57.6,21.1,False
B003,B003_M3,2025-01-17 12:00:00,511.42,,7.1,12.0,23.0,64.4,25.2,False
B003,B003_M3,2025-01-17 13:00:00,402.68,10.37,11.0,16.1,27.1,42.4,23.0,False
B003,B003_M1,2025-01-17 14:00:00,515.91,5.18,11.3,17.4,21.1,65.3,41.3,False
B003,B003_M2,2025-01-17 15:00:00,439.76,,7.4,12.1,21.3,48.4,27.0,False
B003,B003_M2,2025-01-17 16:00:00,407.66,15.41,7.0,15.5,21.6,47.3,39.2,False
B003,B003_M3,2025-01-17 17:00:00,434.8,,8.1,14.6,21.3,70.6,23.9,False
B003,B003_M1,2025-01-17 18:00:00,270.07,8.2,10.1,12.5,27.0,48.3,32.1,False
B003,B003_M1,2025-01-17 19:00:00,263.71,8.62,8.4,13.7,15.1,52.5,10.0,False
B003,B003_M2,2025-01-17 20:00:00,297.58,6.88,11.6,15.9,26.2,60.6,30.2,False
B003,B003_M3,2025-01-17 21:00:00,314.94,18.83,9.5,15.4,24.5,44.1,40.6,False
B004,B004_M3,2025-01-17 08:00:00,176.42,,7.2,17.9,22.9,79.9,12.5,False
B004,B004_M3,2025-01-17 09:00:00,386.01,,9.7,12.3,18.6,77.7,30.8,False
B004,B004_M2,2025-01-17 10:00:00,300.42,13.22,9.2,16.7,18.8,74.1,39.7,False
B004,B004_M2,2025-01-17 11:00:00,256.4,13.64,7.8,14.1,15.2,52.5,41.0,False
B004,B004_M2,2025-01-17 12:00:00,366.88,17.52,8.9,12.0,29.6,77.6,16.8,False
B004,B004_M1,2025-01-17 13:00:00,266.61,17.53,11.3,14.9,17.9,77.0,41.3,False
B004,B004_M1,2025-01-17 14:00:00,305.29,19.29,10.8,15.9,28.9,80.0,28.3,False
B004,B004_M3,2025-01-17 15:00:00,303.74,13.28,8.4,13.3,28.1,47.8,40.7,False
B004,B004_M2,2025-01-17 16:00:00,301.99,6.79,11.7,15.0,17.2,68.2,11.2,False
B004,B004_M2,2025-01-17 17:00:00,284.51,10.37,8.5,13.5,15.7,59.6,41.3,False
B004,B004_M2,2025-01-17 18:00:00,160.59,,10.9,16.5,23.3,55.0,37.9,False
B004,B004_M1,2025-01-17 19:00:00,183.92,7.76,7.9,12.1,15.5,66.5,37.4,False
B004,B004_M3,2025-01-17 20:00:00,156.61,,11.4,12.1,15.9,56.9,38.3,False
B004,B004_M1,2025-01-17 21:00:00,215.81,,9.7,12.7,29.1,77.5,14.5,False
B005,B005_M3,2025-01-17 08:00:00,43.55,,7.4,15.2,20.8,56.1,40.4,False
B005,B005_M3,2025-01-17 09:00:00,64.25,,7.4,16.1,18.2,58.0,28.6,False
B005,B005_M5,2025-01-17 10:00:00,70.02,7.05,8.8,16.8,20.2,47.7,30.7,False
B005,B005_M2,2025-01-17 11:00:00,71.79,7.97,9.1,13.5,24.8,57.9,22.1,False
B005,B005_M3,2025-01-17 12:00:00,153.5,10.57,7.0,14.1,19.8,65.7,14.9,True
B005,B005_M3,2025-01-17 13:00:00,82.28,,11.2,16.6,29.1,71.2,23.7,False
B005,B005_M4,2025-01-17 14:00:00,75.61,,11.2,13.5,23.6,43.1,40.5,False
B005,B005_M4,2025-01-17 15:00:00,73.61,19.69,9.4,17.9,21.1,58.2,37.1,False
B005,B005_M5,2025-01-17 16:00:00,68.42,,10.4,17.9,19.5,50.9,29.4,False
B005,B005_M2,2025-01-17 17:00:00,93.64,5.91,10.0,12.7,24.0,78.5,37.6,False
B005,B005_M3,2025-01-17 18:00:00,39.85,17.86,11.0,17.6,15.0,78.0,16.8,False
B005,B005_M1,2025-01-17 19:00:00,35.84,10.1,9.8,13.4,22.5,71.7,23.2,False
B005,B005_M4,2025-01-17 20:00:00,42.4,,12.0,15.2,25.0,66.6,10.3,False
B005,B005_M1,2025-01-17 21:00:00,40.12,,12.0,12.1,19.6,71.3,19.3,False
B001,B001_M5,2025-01-18 08:00:00,60.56,17.21,8.7,14.4,22.4,63.6,24.8,False
B001,B001_M2,2025-01-18 09:00:00,68.29,18.13,9.9,13.9,22.4,65.0,45.0,False
B001,B001_M1,2025-01-18 10:00:00,94.24,12.85,9.2,17.7,15.4,57.2,18.3,False
B001,B001_M4,2025-01-18 11:00:00,61.68,12.57,9.6,16.7,20.0,65.6,22.2,False
B001,B001_M4,2025-01-18 12:00:00,49.34,17.81,7.6,16.0,23.2,75.9,17.2,False
B001,B001_M5,2025-01-18 13:00:00,65.5,15.44,7.3,17.5,24.6,57.2,35.8,False
B001,B001_M4,2025-01-18 14:00:00,98.37,,7.2,12.5,17.0,76.6,22.6,False
B001,B001_M4,2025-01-18 15:00:00,67.11,8.14,11.3,14.0,23.4,66.2,18.8,False
B001,B001_M3,2025-01-18 16:00:00,99.14,6.24,7.6,14.3,29.3,78.5,37.0,False
B001,B001_M4,2025-01-18 17:00:00,88.57,,11.7,17.5,15.4,55.6,45.7,False
B001,B001_M1,2025-01-18 18:00:00,64.02,9.02,9.7,12.8,28.7,43.5,45.9,False
B001,B001_M2,2025-01-18 19:00:00,116.1,18.95,8.4,15.7,18.6,76.8,18.6,False
B001,B001_M1,2025-01-18 20:00:00,109.69,12.46,10.1,17.7,16.8,79.5,13.1,False
B001,B001_M1,2025-01-18 21:00:00,90.94,18.45,10.0,16.1,22.3,61.8,48.1,False
B002,B002_M2,2025-01-18 08:00:00,62.2,18.89,11.3,12.2,17.7,57.7,10.9,False
B002,B002_M4,2025-01-18 09:00:00,60.23,10.83,8.0,14.8,23.2,59.4,36.5,False
B002,B002_M2,2025-01-18 10:00:00,49.58,7.24,7.5,17.1,19.7,67.0,41.1,False
B002,B002_M3,2025-01-18 11:00:00,73.61,5.99,10.6,13.3,29.0,54.5,18.1,False
B002,B002_M1,2025-01-18 12:00:00,77.43,18.07,9.0,13.4,15.2,54.0,24.4,False
B002,B002_M3,2025-01-18 13:00:00,55.09,,10.9,14.3,22.8,71.3,18.5,False
B002,B002_M3,2025-01-18 14:00:00,53.55,10.06,9.3,14.6,29.2,59.5,47.1,False
B002,B002_M4,2025-01-18 15:00:00,56.74,,8.0,15.5,17.0,79.4,47.7,False
B002,B002_M2,2025-01-18 16:00:00,79.89,17.87,8.0,17.5,26.4,61.3,42.0,False
B002,B002_M1,2025-01-18 17:00:00,52.99,,10.8,16.9,28.1,64.8,15.4,False
B002,B002_M2,2025-01-18 18:00:00,58.7,8.88,10.3,14.4,16.8,75.8,13.6,False
B002,B002_M3,2025-01-18 19:00:00,58.87,6.41,11.4,12.7,19.8,54.5,17.5,False
B002,B002_M2,2025-01-18 20:00:00,58.74,6.54,9.8,12.4,28.9,49.4,40.9,False
B002,B002_M3,2025-01-18 21:00:00,53.76,,10.0,15.6,27.6,53.8,38.1,False
B003,B003_M3,2025-01-18 08:00:00,151.17,19.8,7.2,17.3,23.1,76.8,43.7,False
B003,B003_M1,2025-01-18 09:00:00,257.15,,10.5,18.0,24.9,74.7,42.4,False
B003,B003_M3,2025-01-18 10:00:00,164.5,,9.2,13.0,16.0,69.7,26.0,False
B003,B003_M3,2025-01-18 11:00:00,186.38,16.06,10.9,15.1,25.4,63.8,16.2,False
B003,B003_M2,2025-01-18 12:00:00,244.68,5.99,8.4,14.3,24.0,62.1,44.6,False
B003,B003_M1,2025-01-18 13:00:00,185.87,18.55,7.7,12.7,21.3,57.0,38.9,False
B003,B003_M2,2025-01-18 14:00:00,229.87,18.58,9.5,15.9,28.8,43.7,15.0,False
B003,B003_M2,2025-01-18 15:00:00,183.15,,7.1,16.6,22.8,42.4,21.4,False
B003,B003_M3,2025-01-18 16:00:00,212.83,12.05,10.6,14.4,27.9,73.7,13.2,False
B003,B003_M2,2025-01-18 17:00:00,180.64,18.21,7.0,13.1,26.4,72.3,26.4,False
B003,B003_M2,2025-01-18 18:00:00,165.29,14.8,10.0,16.0,18.8,69.4,20.5,False
B003,B003_M1,2025-01-18 19:00:00,207.91,9.07,9.8,17.7,27.1,66.7,20.4,False
B003,B003_M1,2025-01-18 20:00:00,211.19,8.27,11.4,15.9,28.6,42.3,34.4,False
B003,B003_M2,2025-01-18 21:00:00,185.58,,9.2,17.3,26.9,42.6,42.4,False
B004,B004_M1,2025-01-18 08:00:00,138.05,,11.9,14.1,15.8,56.7,31.0,False
B004,B004_M2,2025-01-18 09:00:00,132.36,18.41,11.8,13.4,23.4,50.0,34.4,False
B004,B004_M1,2025-01-18 10:00:00,162.15,16.08,8.9,14.6,21.8,59.1,12.9,False
B004,B004_M2,2025-01-18 11:00:00,142.72,9.8,10.0,14.7,26.5,55.0,38.2,False
B004,B004_M3,2025-01-18 12:00:00,154.36,,12.0,16.2,15.4,73.4,19.7,False
B004,B004_M3,2025-01-18 13:00:00,139.43,13.08,11.8,17.3,21.6,78.5,46.4,False
B004,B004_M2,2025-01-18 14:00:00,160.37,18.64,8.1,17.7,16.9,71.0,41.9,False
B004,B004_M2,2025-01-18 15:00:00,156.28,6.2,10.4,15.9,27.5,48.0,10.6,False
B004,B004_M1,2025-01-18 16:00:00,119.22,5.6,11.0,16.2,17.7,74.8,14.5,False
B004,B004_M3,2025-01-18 17:00:00,139.24,,9.7,17.3,24.1,78.3,43.7,False
B004,B004_M1,2025-01-18 18:00:00,195.33,15.0,10.9,16.3,22.1,50.8,39.5,False
B004,B004_M2,2025-01-18 19:00:00,154.55,15.99,8.2,13.8,21.3,53.5,37.1,False
B004,B004_M3,2025-01-18 20:00:00,133.45,,10.5,16.4,23.2,68.4,15.0,False
B004,B004_M1,2025-01-18 21:00:00,172.38,15.07,11.4,17.3,21.3,68.9,18.8,False
B005,B005_M4,2025-01-18 08:00:00,30.56,9.18,8.6,16.0,29.4,52.9,31.5,False
B005,B005_M5,2025-01-18 09:00:00,21.54,7.89,10.3,13.8,27.8,69.6,29.2,False
B005,B005_M2,2025-01-18 10:00:00,23.98,18.2,11.2,17.6,19.0,57.7,20.5,False
B005,B005_M3,2025-01-18 11:00:00,29.74,,11.7,16.3,29.9,52.4,18.8,False
B005,B005_M1,2025-01-18 12:00:00,21.79,,10.8,16.8,29.6,47.6,44.9,False
B005,B005_M3,2025-01-18 13:00:00,40.1,8.32,9.9,14.5,15.3,71.6,46.4,False
B005,B005_M2,2025-01-18 14:00:00,28.06,11.62,9.3,13.3,27.1,51.2,28.3,False
B005,B005_M5,2025-01-18 15:00:00,29.81,9.49,7.7,17.0,26.4,53.9,35.7,False
B005,B005_M1,2025-01-18 16:00:00,39.59,,10.4,16.5,25.3,40.4,17.9,False
B005,B005_M5,2025-01-18 17:00:00,37.83,,8.9,17.4,27.3,76.8,30.9,False
B005,B005_M5,2025-01-18 18:00:00,43.39,14.56,9.0,15.9,28.2,65.9,36.6,False
B005,B005_M5,2025-01-18 19:00:00,65.85,7.68,10.4,17.0,28.3,77.6,41.4,True
B005,B005_M3,2025-01-18 20:00:00,23.78,,9.7,13.6,23.5,59.1,40.5,False
B005,B005_M4,2025-01-18 21:00:00,15.35,,11.5,16.6,23.8,45.3,28.4,False
B001,B001_M2,2025-01-19 08:00:00,95.97,7.29,9.9,12.4,18.4,42.5,49.6,False
B001,B001_M5,2025-01-19 09:00:00,94.44,19.6,9.8,17.2,26.7,56.9,24.1,False
B001,B001_M2,2025-01-19 10:00:00,76.96,,11.4,14.5,15.4,43.9,14.7,False
B001,B001_M5,2025-01-19 11:00:00,102.22,17.07,10.5,15.3,29.2,66.9,40.1,False
B001,B001_M1,2025-01-19 12:00:00,100.35,11.89,11.9,16.7,17.7,68.3,20.0,False
B001,B001_M4,2025-01-19 13:00:00,97.46,15.33,9.9,16.1,25.6,44.5,26.3,False
B001,B001_M5,2025-01-19 14:00:00,115.37,10.75,7.8,14.7,23.8,52.5,45.7,False
B001,B001_M4,2025-01-19 15:00:00,109.45,6.2,7.6,16.2,20.6,71.8,34.6,False
B001,B001_M3,2025-01-19 16:00:00,92.23,14.14,7.3,15.5,21.6,41.7,18.3,False
B001,B001_M3,2025-01-19 17:00:00,91.92,5.15,10.8,14.0,25.6,43.5,17.7,False
B001,B001_M5,2025-01-19 18:00:00,96.8,,11.7,13.1,27.9,77.7,23.7,False
B001,B001_M2,2025-01-19 19:00:00,128.66,,7.4,15.3,28.5,68.4,40.7,False
B001,B001_M5,2025-01-19 20:00:00,78.02,18.96,8.9,12.1,16.0,51.6,39.7,False
B001,B001_M3,2025-01-19 21:00:00,131.39,17.19,11.1,17.9,22.2,62.9,19.3,False
B002,B002_M1,2025-01-19 08:00:00,42.57,,10.5,17.3,28.1,65.8,26.7,False
B002,B002_M3,2025-01-19 09:00:00,49.17,11.5,9.6,18.0,24.9,70.1,15.2,False
B002,B002_M3,2025-01-19 10:00:00,46.67,18.26,8.1,18.0,27.0,76.1,48.3,False
B002,B002_M1,2025-01-19 11:00:00,51.99,,9.8,13.6,18.1,76.4,12.1,False
B002,B002_M4,2025-01-19 12:00:00,72.77,,7.1,16.8,21.1,53.9,20.5,False
B002,B002_M4,2025-01-19 13:00:00,64.68,12.84,11.3,17.0,25.8,79.4,10.8,False
B002,B002_M3,2025-01-19 14:00:00,47.67,11.77,7.6,14.4,21.6,40.4,25.7,False
B002,B002_M4,2025-01-19 15:00:00,43.47,7.43,11.6,12.9,25.7,69.9,13.7,False
B002,B002_M4,2025-01-19 16:00:00,58.51,10.6,10.3,13.6,16.4,64.2,34.3,False
B002,B002_M4,2025-01-19 17:00:00,78.32,9.93,8.8,16.8,18.1,43.7,47.1,False
B002,B002_M3,2025-01-19 18:00:00,33.23,,11.3,14.2,26.1,67.8,21.3,False
B002,B002_M1,2025-01-19 19:00:00,72.0,15.19,10.9,16.9,26.0,69.1,43.4,False
B002,B002_M3,2025-01-19 20:00:00,56.65,7.03,7.3,12.6,16.5,70.4,40.3,False
B002,B002_M4,2025-01-19 21:00:00,49.15,16.05,11.7,14.8,21.3,59.0,25.0,False
B003,B003_M1,2025-01-19 08:00:00,241.5,,11.5,15.1,28.4,69.2,31.4,False
B003,B003_M1,2025-01-19 09:00:00,134.81,18.3,7.3,17.0,27.0,67.2,36.2,False
B003,B003_M3,2025-01-19 10:00:00,270.69,,9.3,16.0,18.9,56.2,33.8,False
B003,B003_M1,2025-01-19 11:00:00,471.07,17.22,10.4,12.2,26.8,45.2,41.2,True
B003,B003_M3,2025-01-19 12:00:00,234.31,12.07,7.4,16.1,15.5,72.3,20.1,False
B003,B003_M3,2025-01-19 13:00:00,233.68,,11.7,13.7,19.8,62.1,15.4,False
B003,B003_M1,2025-01-19 14:00:00,141.79,13.17,12.0,12.7,16.3,79.0,40.4,False
B003,B003_M3,2025-01-19 15:00:00,215.41,,10.0,13.9,16.4,75.5,26.3,False
B003,B003_M2,2025-01-19 16:00:00,262.1,11.93,10.6,15.7,25.8,63.9,34.1,False
B003,B003_M2,2025-01-19 17:00:00,179.01,16.35,10.4,17.0,28.9,55.7,41.5,False
B003,B003_M1,2025-01-19 18:00:00,189.32,14.46,7.3,16.3,25.2,64.0,15.0,False
B003,B003_M1,2025-01-19 19:00:00,187.09,,9.8,15.9,15.6,54.7,26.2,False
B003,B003_M1,2025-01-19 20:00:00,280.62,,9.3,13.7,21.0,67.7,46.4,False
B003,B003_M1,2025-01-19 21:00:00,131.06,10.44,7.8,17.9,20.4,53.7,46.5,False
B004,B004_M2,2025-01-19 08:00:00,169.33,19.97,7.0,15.9,27.6,74.1,27.8,False
B004,B004_M2,2025-01-19 09:00:00,120.13,12.79,10.4,16.3,17.5,42.2,13.1,False
B004,B004_M2,2025-01-19 10:00:00,92.5,,11.1,17.3,24.0,55.2,22.1,False
B004,B004_M3,2025-01-19 11:00:00,146.33,5.09,8.3,16.1,28.6,55.8,29.3,False
B004,B004_M3,2025-01-19 12:00:00,116.8,6.35,7.3,14.7,16.5,60.2,25.3,False
B004,B004_M3,2025-01-19 13:00:00,97.19,,12.0,13.9,18.4,50.3,48.5,False
B004,B004_M3,2025-01-19 14:00:00,188.75,15.61,8.1,16.5,17.8,66.0,24.9,False
B004,B004_M2,2025-01-19 15:00:00,110.0,6.25,7.4,14.0,26.5,68.4,38.6,False
B004,B004_M1,2025-01-19 16:00:00,138.58,,10.2,16.8,22.8,73.1,10.1,False
B004,B004_M2,2025-01-19 17:00:00,125.9,13.39,10.1,18.0,18.8,75.8,26.9,False
B004,B004_M3,2025-01-19 18:00:00,116.45,6.74,7.2,14.0,24.7,47.3,24.7,False
B004,B004_M3,2025-01-19 19:00:00,110.78,6.68,9.8,12.3,22.0,53.1,17.6,False
B004,B004_M2,2025-01-19 20:00:00,176.46,11.5,10.0,15.1,19.9,55.9,30.2,False
B004,B004_M3,2025-01-19 21:00:00,159.56,9.8,11.8,14.7,23.1,55.8,20.1,False
B005,B005_M2,2025-01-19 08:00:00,32.23,13.89,11.6,13.8,28.2,44.5,16.4,False
B005,B005_M4,2025-01-19 09:00:00,35.7,8.01,9.0,17.7,26.1,55.3,45.0,False
B005,B005_M3,2025-01-19 10:00:00,20.51,14.14,10.2,17.3,25.1,74.2,42.8,False
B005,B005_M1,2025-01-19 11:00:00,29.51,12.8,9.5,14.0,23.3,50.3,27.5,False
B005,B005_M1,2025-01-19 12:00:00,68.2,7.13,8.8,13.4,23.1,52.8,44.7,True
B005,B005_M1,2025-01-19 13:00:00,25.89,5.47,10.0,15.6,16.0,49.6,12.2,False
B005,B005_M2,2025-01-19 14:00:00,37.35,8.82,9.3,17.5,17.9,61.9,48.1,False
B005,B005_M1,2025-01-19 15:00:00,34.21,11.9,9.3,17.5,25.1,68.6,16.2,False
B005,B005_M2,2025-01-19 16:00:00,19.24,8.59,8.8,17.3,23.7,69.2,30.2,False
B005,B005_M1,2025-01-19 17:00:00,19.61,16.98,7.5,15.0,16.6,46.6,11.9,False
B005,B005_M2,2025-01-19 18:00:00,47.22,9.88,8.3,14.4,18.2,51.1,13.5,False
B005,B005_M5,2025-01-19 19:00:00,21.87,,7.7,15.2,21.4,70.8,10.7,False
B005,B005_M1,2025-01-19 20:00:00,22.39,,7.1,13.5,29.6,57.7,47.0,False
B005,B005_M5,2025-01-19 21:00:00,29.25,19.97,7.9,16.9,29.1,42.5,30.0,False
B001,B001_M3,2025-01-20 08:00:00,140.17,19.94,11.7,16.0,27.0,63.8,13.1,False
B001,B001_M4,2025-01-20 09:00:00,240.76,,8.3,15.4,28.2,72.1,30.9,False
B001,B001_M5,2025-01-20 10:00:00,222.21,9.0,8.0,13.3,18.3,52.1,35.8,False
B001,B001_M3,2025-01-20 11:00:00,237.75,12.61,7.4,13.6,23.7,51.7,17.9,False
B001,B001_M5,2025-01-20 12:00:00,223.21,9.04,10.1,15.3,20.6,54.8,34.9,False
B001,B001_M2,2025-01-20 13:00:00,220.4,8.36,11.2,15.1,26.3,57.6,30.7,False
B001,B001_M5,2025-01-20 14:00:00,277.74,,7.2,13.9,29.6,49.5,32.9,False
B001,B001_M1,2025-01-20 15:00:00,171.18,18.59,7.5,15.8,23.4,73.3,28.7,False
B001,B001_M2,2025-01-20 16:00:00,244.53,7.33,7.0,12.0,25.6,71.8,49.1,False
B001,B001_M2,2025-01-20 17:00:00,258.09,,9.3,14.3,25.3,65.8,46.9,False
B001,B001_M4,2025-01-20 18:00:00,128.81,12.02,9.2,15.7,17.7,45.2,11.4,False
B001,B001_M3,2025-01-20 19:00:00,106.65,,11.5,17.0,16.9,49.7,23.1,False
B001,B001_M4,2025-01-20 20:00:00,149.4,13.25,10.1,16.9,24.3,41.3,27.8,False
B001,B001_M5,2025-01-20 21:00:00,113.71,,8.3,13.7,17.1,52.1,19.3,False
B002,B002_M3,2025-01-20 08:00:00,65.55,6.7,10.3,17.7,15.1,70.1,43.2,False
B002,B002_M1,2025-01-20 09:00:00,118.64,,8.3,12.3,19.3,45.9,19.9,False
B002,B002_M2,2025-01-20 10:00:00,173.82,13.79,11.8,14.6,25.2,59.2,21.4,False
B002,B002_M2,2025-01-20 11:00:00,117.62,7.54,11.9,16.2,17.9,70.7,34.6,False
B002,B002_M3,2025-01-20 12:00:00,114.5,16.27,8.7,14.8,18.9,48.1,37.1,False
B002,B002_M4,2025-01-20 13:00:00,178.29,15.1,10.6,12.6,16.8,52.5,38.3,False
B002,B002_M2,2025-01-20 14:00:00,184.08,,11.7,16.8,22.3,76.8,40.0,False
B002,B002_M2,2025-01-20 15:00:00,97.92,5.96,9.2,13.5,28.8,79.0,49.8,False
B002,B002_M1,2025-01-20 16:00:00,139.67,,11.9,17.3,17.3,47.8,12.1,False
B002,B002_M4,2025-01-20 17:00:00,104.79,9.42,9.9,14.7,26.6,63.7,46.5,False
B002,B002_M2,2025-01-20 18:00:00,99.73,17.31,11.0,17.2,26.1,50.1,37.1,False
B002,B002_M3,2025-01-20 19:00:00,54.1,,8.7,17.0,25.0,75.1,40.7,False
B002,B002_M2,2025-01-20 20:00:00,57.85,19.55,10.4,16.0,25.3,45.4,48.3,False
B002,B002_M2,2025-01-20 21:00:00,113.9,6.39,8.5,16.3,18.5,45.5,33.7,True
B003,B003_M2,2025-01-20 08:00:00,269.71,18.9,11.9,17.1,15.3,51.8,12.9,False
B003,B003_M3,2025-01-20 09:00:00,992.96,15.82,9.3,14.8,19.8,66.6,30.8,True
B003,B003_M3,2025-01-20 10:00:00,412.42,7.67,7.6,14.1,15.1,66.6,22.2,False
B003,B003_M2,2025-01-20 11:00:00,530.86,10.08,9.6,13.7,23.7,42.0,47.0,False
B003,B003_M2,2025-01-20 12:00:00,540.13,8.77,10.9,17.3,23.0,71.1,15.4,False
B003,B003_M1,2025-01-20 13:00:00,550.54,6.39,10.2,16.1,22.6,78.0,37.5,False
B003,B003_M3,2025-01-20 14:00:00,876.46,7.36,10.4,16.3,30.0,41.4,33.1,True
B003,B003_M3,2025-01-20 15:00:00,511.9,,11.3,15.2,17.0,59.8,40.0,False
B003,B003_M2,2025-01-20 16:00:00,582.92,15.01,9.5,15.0,15.8,62.8,29.3,False
B003,B003_M2,2025-01-20 17:00:00,459.16,8.53,9.8,12.2,28.3,52.2,46.7,False
B003,B003_M3,2025-01-20 18:00:00,274.34,5.64,11.3,12.4,26.9,76.4,13.7,False
B003,B003_M3,2025-01-20 19:00:00,266.9,16.35,8.8,15.8,22.0,72.9,22.6,False
B003,B003_M3,2025-01-20 20:00:00,246.54,,10.8,12.4,21.4,61.1,11.8,False
B003,B003_M2,2025-01-20 21:00:00,237.23,18.7,9.0,14.2,17.9,70.1,34.0,False
B004,B004_M1,2025-01-20 08:00:00,225.24,,11.0,16.8,28.1,41.5,25.6,False
B004,B004_M2,2025-01-20 09:00:00,402.89,5.57,9.1,13.0,15.4,72.1,20.7,False
B004,B004_M1,2025-01-20 10:00:00,312.13,,8.7,16.2,20.8,53.0,20.9,False
B004,B004_M3,2025-01-20 11:00:00,378.25,,10.7,13.3,15.3,50.0,26.2,False
B004,B004_M2,2025-01-20 12:00:00,325.24,,9.4,15.9,20.6,56.4,28.4,False
B004,B004_M2,2025-01-20 13:00:00,345.33,12.97,11.5,17.1,16.7,50.9,17.0,False
B004,B004_M3,2025-01-20 14:00:00,299.49,11.83,9.8,15.5,25.0,40.0,40.1,False
B004,B004_M2,2025-01-20 15:00:00,340.48,,11.3,17.8,22.0,65.8,10.4,False
B004,B004_M3,2025-01-20 16:00:00,368.77,,9.6,15.9,23.6,73.8,33.7,False
B004,B004_M3,2025-01-20 17:00:00,238.97,,7.3,14.2,27.1,58.5,36.0,False
B004,B004_M3,2025-01-20 18:00:00,148.06,17.32,11.1,13.1,23.5,62.0,40.9,False
B004,B004_M2,2025-01-20 19:00:00,233.75,9.48,7.7,12.8,21.6,68.6,46.1,False
B004,B004_M1,2025-01-20 20:00:00,187.45,6.06,7.1,16.4,25.1,77.8,15.9,False
B004,B004_M3,2025-01-20 21:00:00,218.98,,8.0,15.3,16.6,78.1,20.5,False
B005,B005_M2,2025-01-20 08:00:00,30.76,7.46,9.1,15.8,17.4,74.9,43.9,False
B005,B005_M5,2025-01-20 09:00:00,55.67,18.21,11.9,16.5,26.0,47.4,29.6,False
B005,B005_M4,2025-01-20 10:00:00,79.94,16.57,10.7,17.9,24.4,71.9,15.6,False
B005,B005_M4,2025-01-20 11:00:00,86.09,,8.5,12.3,28.7,47.4,43.4,False
B005,B005_M3,2025-01-20 12:00:00,78.66,,8.3,16.7,18.8,71.4,36.1,False
B005,B005_M1,2025-01-20 13:00:00,45.93,5.08,11.0,15.5,21.6,47.9,46.8,False
B005,B005_M5,2025-01-20 14:00:00,80.1,11.8,10.0,15.1,17.8,74.5,26.2,False
B005,B005_M1,2025-01-20 15:00:00,46.05,13.81,9.7,12.7,29.0,61.4,22.5,False
B005,B005_M5,2025-01-20 16:00:00,84.23,13.51,10.2,14.0,16.1,70.1,28.2,False
B005,B005_M2,2025-01-20 17:00:00,62.48,9.47,10.0,15.9,18.2,46.9,43.6,False
B005,B005_M5,2025-01-20 18:00:00,28.67,19.29,10.8,14.5,20.7,53.2,13.2,False
B005,B005_M3,2025-01-20 19:00:00,26.04,,9.1,15.4,18.3,75.3,46.1,False
B005,B005_M3,2025-01-20 20:00:00,38.84,,7.8,14.3,20.6,48.7,30.7,False
B005,B005_M2,2025-01-20 21:00:00,49.76,14.81,9.0,15.0,16.6,57.4,10.5,False
B001,B001_M1,2025-01-21 08:00:00,81.11,9.19,10.9,13.6,19.0,53.2,31.7,False
B001,B001_M2,2025-01-21 09:00:00,231.27,19.33,10.4,12.3,17.0,64.2,32.8,False
B001,B001_M1,2025-01-21 10:00:00,245.28,11.04,10.2,17.2,24.5,76.7,21.5,False
B001,B001_M5,2025-01-21 11:00:00,185.59,14.81,8.6,17.2,20.9,50.8,37.1,False
B001,B001_M5,2025-01-21 12:00:00,231.94,14.8,10.9,14.8,26.0,57.6,33.3,False
B001,B001_M4,2025-01-21 13:00:00,161.03,13.43,7.8,17.9,25.4,48.8,42.7,False
B001,B001_M3,2025-01-21 14:00:00,165.68,17.75,8.0,17.9,21.5,40.9,36.6,False
B001,B001_M2,2025-01-21 15:00:00,316.53,6.86,11.1,13.7,28.4,66.0,10.1,False
B001,B001_M5,2025-01-21 16:00:00,169.09,13.83,7.6,17.6,29.9,42.8,43.8,False
B001,B001_M4,2025-01-21 17:00:00,193.28,,8.6,13.0,18.8,56.7,47.8,False
B001,B001_M1,2025-01-21 18:00:00,90.9,,10.4,16.9,16.6,48.1,21.1,False
B001,B001_M3,2025-01-21 19:00:00,129.58,,11.0,15.9,22.9,47.0,19.3,False
B001,B001_M5,2025-01-21 20:00:00,133.89,,11.4,13.0,19.0,69.4,35.9,False
B001,B001_M5,2025-01-21 21:00:00,87.72,17.33,8.1,14.1,19.8,44.7,25.6,False
B002,B002_M2,2025-01-21 08:00:00,81.88,,11.1,14.7,28.5,43.0,32.7,False
B002,B002_M1,2025-01-21 09:00:00,128.78,18.09,9.9,16.3,21.6,42.0,19.1,False
B002,B002_M2,2025-01-21 10:00:00,142.14,10.94,8.6,16.8,19.9,60.8,27.6,False
B002,B002_M4,2025-01-21 11:00:00,100.94,,9.9,12.2,25.5,48.6,42.6,False
B002,B002_M4,2025-01-21 12:00:00,115.84,16.44,7.3,13.3,19.6,63.8,40.1,False
B002,B002_M4,2025-01-21 13:00:00,140.81,16.08,11.3,17.0,20.8,51.0,29.7,False
B002,B002_M2,2025-01-21 14:00:00,129.5,11.64,11.0,14.0,26.0,50.6,32.4,False
B002,B002_M2,2025-01-21 15:00:00,139.14,9.65,10.7,13.2,20.1,60.8,29.2,False
B002,B002_M2,2025-01-21 16:00:00,132.56,15.15,10.4,17.6,24.7,56.9,13.7,False
B002,B002_M2,2025-01-21 17:00:00,140.97,,9.0,17.1,28.7,55.5,18.4,False
B002,B002_M3,2025-01-21 18:00:00,63.24,10.54,8.7,17.9,28.0,47.8,22.7,False
B002,B002_M2,2025-01-21 19:00:00,177.12,9.92,10.3,12.7,22.9,66.3,36.1,True
B002,B002_M3,2025-01-21 20:00:00,61.19,19.6,9.8,14.8,26.7,77.8,48.8,False
B002,B002_M3,2025-01-21 21:00:00,78.22,16.57,9.0,17.3,21.7,59.4,43.0,False
B003,B003_M3,2025-01-21 08:00:00,244.14,,8.8,16.8,27.7,45.3,15.7,False
B003,B003_M2,2025-01-21 09:00:00,481.77,19.73,7.2,17.6,20.7,53.3,32.1,False
B003,B003_M2,2025-01-21 10:00:00,569.76,6.09,10.0,18.0,19.4,63.7,46.5,False
B003,B003_M2,2025-01-21 11:00:00,549.57,8.88,8.4,13.1,19.8,56.2,23.1,False
B003,B003_M1,2025-01-21 12:00:00,508.93,18.23,9.3,13.1,22.3,55.0,19.5,False
B003,B003_M3,2025-01-21 13:00:00,808.26,8.37,11.9,12.3,16.5,71.5,30.5,True
B003,B003_M3,2025-01-21 14:00:00,487.15,5.09,9.1,16.5,28.3,55.9,21.6,False
B003,B003_M1,2025-01-21 15:00:00,425.03,,10.2,14.6,19.7,73.5,37.9,False
B003,B003_M2,2025-01-21 16:00:00,486.04,,8.7,15.2,22.2,75.2,27.6,False
B003,B003_M1,2025-01-21 17:00:00,448.78,,8.2,12.9,18.8,71.8,45.9,False
B003,B003_M3,2025-01-21 18:00:00,215.15,8.28,11.1,14.2,15.3,61.1,45.3,False
B003,B003_M2,2025-01-21 19:00:00,226.87,,9.5,13.0,25.8,54.8,19.7,False
B003,B003_M2,2025-01-21 20:00:00,236.68,9.46,10.2,14.4,28.7,54.4,36.4,False
B003,B003_M1,2025-01-21 21:00:00,308.07,15.63,9.2,12.7,16.3,42.3,19.5,False
B004,B004_M2,2025-01-21 08:00:00,186.04,8.12,10.3,15.9,22.4,63.4,46.5,False
B004,B004_M3,2025-01-21 09:00:00,362.21,19.87,11.7,12.9,19.4,43.8,47.1,False
B004,B004_M2,2025-01-21 10:00:00,329.86,,8.5,14.0,29.8,45.7,44.4,False
B004,B004_M3,2025-01-21 11:00:00,689.9,16.46,10.7,16.0,29.4,44.8,26.2,True
B004,B004_M2,2025-01-21 12:00:00,337.33,8.99,7.8,15.2,27.4,56.5,13.0,False
B004,B004_M1,2025-01-21 13:00:00,318.09,17.14,7.1,12.5,19.9,60.7,31.9,False
B004,B004_M3,2025-01-21 14:00:00,327.48,9.58,10.0,13.5,20.0,50.1,45.5,False
B004,B004_M3,2025-01-21 15:00:00,346.99,16.45,7.4,14.5,19.1,59.1,45.0,False
B004,B004_M1,2025-01-21 16:00:00,301.19,17.54,7.8,16.1,20.6,47.8,36.4,False
B004,B004_M1,2025-01-21 17:00:00,307.56,6.18,9.7,13.1,20.4,46.9,18.4,False
B004,B004_M2,2025-01-21 18:00:00,208.02,10.62,8.9,15.1,20.6,77.3,49.4,False
B004,B004_M2,2025-01-21 19:00:00,149.95,,11.9,12.6,18.6,67.8,29.9,False
B004,B004_M1,2025-01-21 20:00:00,179.9,13.65,9.3,12.3,27.9,77.9,48.7,False
B004,B004_M2,2025-01-21 21:00:00,209.25,,11.7,15.5,29.3,52.4,11.2,False
B005,B005_M3,2025-01-21 08:00:00,43.05,11.59,10.9,17.6,16.7,67.1,35.7,False
B005,B005_M2,2025-01-21 09:00:00,57.3,12.99,7.8,15.0,16.6,40.5,26.7,False
B005,B005_M3,2025-01-21 10:00:00,98.42,6.17,8.9,17.2,15.9,47.2,22.0,True
B005,B005_M1,2025-01-21 11:00:00,63.17,,7.3,15.5,27.9,64.8,45.6,False
B005,B005_M2,2025-01-21 12:00:00,76.56,,10.7,12.9,23.8,41.6,29.9,False
B005,B005_M3,2025-01-21 13:00:00,54.87,,9.1,12.5,26.1,54.7,16.5,False
B005,B005_M2,2025-01-21 14:00:00,60.5,5.2,9.4,16.1,25.0,78.2,27.4,False
B005,B005_M1,2025-01-21 15:00:00,71.38,,7.1,13.0,21.8,48.2,48.7,False
B005,B005_M2,2025-01-21 16:00:00,55.0,8.6,8.4,17.5,16.7,73.7,12.9,False
B005,B005_M5,2025-01-21 17:00:00,58.48,12.18,11.0,12.4,18.0,70.6,33.6,False
B005,B005_M1,2025-01-21 18:00:00,37.6,18.61,9.0,12.6,18.8,52.5,14.6,False
B005,B005_M1,2025-01-21 19:00:00,31.14,8.31,11.2,15.7,17.9,41.2,28.3,False
B005,B005_M4,2025-01-21 20:00:00,28.45,8.69,11.8,16.4,23.0,63.6,44.2,False
B005,B005_M4,2025-01-21 21:00:00,33.96,7.27,7.7,14.2,15.9,64.5,22.4,False
B001,B001_M4,2025-01-22 08:00:00,104.54,,9.6,17.5,18.4,72.5,34.1,False
B001,B001_M2,2025-01-22 09:00:00,225.1,,7.0,13.3,22.4,57.1,49.0,False
B001,B001_M1,2025-01-22 10:00:00,201.54,9.52,10.3,17.3,24.1,63.3,35.0,False
B001,B001_M2,2025-01-22 11:00:00,190.85,6.57,8.8,15.3,29.0,49.7,25.2,False
B001,B001_M1,2025-01-22 12:00:00,215.47,9.62,8.9,15.2,22.6,64.3,40.3,False
B001,B001_M3,2025-01-22 13:00:00,179.9,19.7,9.1,15.0,17.4,46.4,43.9,False
B001,B001_M5,2025-01-22 14:00:00,234.28,,11.7,15.3,17.0,45.7,32.0,False
B001,B001_M5,2025-01-22 15:00:00,191.92,13.38,8.2,12.5,29.5,44.6,15.8,False
B001,B001_M4,2025-01-22 16:00:00,165.38,,8.2,17.0,29.6,44.4,16.9,False
B001,B001_M3,2025-01-22 17:00:00,204.38,,11.5,14.4,15.7,41.0,34.4,False
B001,B001_M3,2025-01-22 18:00:00,122.03,5.56,8.4,13.9,19.3,47.4,24.2,False
B001,B001_M1,2025-01-22 19:00:00,150.2,,10.7,16.4,18.7,48.3,34.9,False
B001,B001_M4,2025-01-22 20:00:00,106.14,19.48,11.7,16.0,21.2,55.8,27.1,False
B001,B001_M4,2025-01-22 21:00:00,140.12,15.92,8.2,16.2,25.3,70.6,41.1,False
B002,B002_M1,2025-01-22 08:00:00,161.87,,10.5,12.1,18.9,49.0,36.0,True
B002,B002_M2,2025-01-22 09:00:00,138.9,17.01,11.4,14.2,28.8,57.2,19.5,False
B002,B002_M3,2025-01-22 10:00:00,122.53,,10.8,13.2,20.7,61.0,26.1,False
B002,B002_M2,2025-01-22 11:00:00,176.36,,7.8,14.0,21.6,68.1,13.3,False
B002,B002_M1,2025-01-22 12:00:00,137.38,,11.7,14.6,19.9,52.8,16.1,False
B002,B002_M4,2025-01-22 13:00:00,86.48,11.05,11.2,15.8,15.2,74.7,38.5,False
B002,B002_M4,2025-01-22 14:00:00,324.28,9.27,11.8,14.9,22.1,54.5,37.2,True
B002,B002_M2,2025-01-22 15:00:00,136.75,,10.8,12.3,17.3,77.3,15.0,False
B002,B002_M1,2025-01-22 16:00:00,144.88,,10.1,16.6,27.1,59.3,27.9,False
B002,B002_M3,2025-01-22 17:00:00,157.19,,9.8,16.6,26.3,79.3,12.5,False
B002,B002_M4,2025-01-22 18:00:00,89.16,8.05,8.4,13.6,20.7,62.0,35.6,False
B002,B002_M4,2025-01-22 19:00:00,84.15,10.21,10.6,12.2,29.9,40.4,33.4,False
B002,B002_M4,2025-01-22 20:00:00,87.4,,8.3,12.6,19.7,72.5,29.3,False
B002,B002_M4,2025-01-22 21:00:00,67.04,15.81,11.5,18.0,28.6,53.8,23.7,False
B003,B003_M1,2025-01-22 08:00:00,319.45,,7.6,16.7,22.4,79.3,20.5,False
B003,B003_M2,2025-01-22 09:00:00,444.53,16.27,10.8,16.6,21.7,62.8,44.0,False
B003,B003_M2,2025-01-22 10:00:00,363.72,,10.7,14.1,18.5,43.3,17.3,False
B003,B003_M1,2025-01-22 11:00:00,344.41,18.48,7.9,17.8,19.9,60.5,26.5,False
B003,B003_M3,2025-01-22 12:00:00,396.01,14.8,9.1,17.4,20.5,46.7,40.0,False
B003,B003_M3,2025-01-22 13:00:00,445.13,,9.8,12.5,15.3,59.8,11.1,False
B003,B003_M1,2025-01-22 14:00:00,626.28,12.64,8.0,14.6,17.7,67.8,15.2,False
B003,B003_M1,2025-01-22 15:00:00,435.25,11.89,7.7,16.2,28.5,41.3,38.5,False
B003,B003_M3,2025-01-22 16:00:00,425.09,15.5,9.7,14.7,22.9,73.4,19.0,False
B003,B003_M2,2025-01-22 17:00:00,466.02,,10.5,13.2,20.8,42.1,32.8,False
B003,B003_M1,2025-01-22 18:00:00,294.7,5.44,10.4,12.5,19.2,63.9,26.8,False
B003,B003_M3,2025-01-22 19:00:00,278.17,13.55,10.7,13.9,26.4,62.1,32.4,False
B003,B003_M3,2025-01-22 20:00:00,309.79,7.86,11.9,13.0,21.5,49.8,25.5,False
B003,B003_M2,2025-01-22 21:00:00,300.4,8.12,9.2,15.5,29.6,72.2,47.5,False
B004,B004_M3,2025-01-22 08:00:00,209.3,,7.9,17.3,26.0,61.5,45.7,False
B004,B004_M2,2025-01-22 09:00:00,249.0,13.69,10.2,14.1,27.0,67.1,23.2,False
B004,B004_M1,2025-01-22 10:00:00,378.59,,9.0,14.0,15.1,79.6,38.7,False
B004,B004_M2,2025-01-22 11:00:00,234.26,17.58,7.0,14.5,21.3,70.3,34.0,False
B004,B004_M3,2025-01-22 12:00:00,391.44,5.07,8.2,14.5,25.7,74.0,26.6,False
B004,B004_M2,2025-01-22 13:00:00,317.29,,9.6,14.3,28.2,53.7,31.5,False
B004,B004_M3,2025-01-22 14:00:00,232.21,,9.1,17.9,28.9,44.5,39.0,False
B004,B004_M3,2025-01-22 15:00:00,387.44,,11.1,16.1,29.0,66.4,46.1,False
B004,B004_M1,2025-01-22 16:00:00,240.25,15.86,11.2,13.4,21.4,49.4,14.7,False
B004,B004_M3,2025-01-22 17:00:00,384.64,7.91,7.4,17.7,29.8,72.0,32.9,False
B004,B004_M2,2025-01-22 18:00:00,186.21,18.17,9.3,13.5,20.3,49.8,30.9,False
B004,B004_M3,2025-01-22 19:00:00,195.36,,9.9,17.3,26.5,61.6,37.5,False
B004,B004_M1,2025-01-22 20:00:00,155.69,5.47,10.0,12.4,22.6,53.5,44.1,False
B004,B004_M3,2025-01-22 21:00:00,218.74,19.33,11.9,16.1,29.1,53.8,46.9,False
B005,B005_M3,2025-01-22 08:00:00,48.44,18.63,10.3,14.2,22.9,74.9,19.1,False
B005,B005_M2,2025-01-22 09:00:00,68.8,5.17,10.9,17.8,26.6,68.9,31.8,False
B005,B005_M3,2025-01-22 10:00:00,59.79,6.92,9.2,14.3,26.5,63.0,10.2,False
B005,B005_M1,2025-01-22 11:00:00,76.08,8.24,8.1,15.4,18.9,79.3,39.6,False
B005,B005_M3,2025-01-22 12:00:00,149.7,,8.5,15.2,24.3,47.8,22.2,True
B005,B005_M5,2025-01-22 13:00:00,67.93,7.54,11.3,13.0,21.9,78.2,40.1,False
B005,B005_M3,2025-01-22 14:00:00,56.9,6.07,10.8,13.3,27.1,41.2,11.3,False
B005,B005_M5,2025-01-22 15:00:00,64.77,,7.4,14.2,26.3,48.7,13.9,False
B005,B005_M1,2025-01-22 16:00:00,66.18,,12.0,13.2,27.9,61.9,45.4,False
B005,B005_M5,2025-01-22 17:00:00,155.19,9.97,7.1,17.1,27.7,68.6,18.7,True
B005,B005_M1,2025-01-22 18:00:00,29.11,,8.8,13.6,25.7,59.5,45.2,False
B005,B005_M4,2025-01-22 19:00:00,33.98,15.89,11.4,13.7,16.9,64.7,16.2,False
B005,B005_M5,2025-01-22 20:00:00,40.05,,11.0,17.6,25.5,60.4,31.7,False
B005,B005_M5,2025-01-22 21:00:00,38.71,,8.8,17.9,25.3,42.2,37.5,False
B001,B001_M3,2025-01-23 08:00:00,103.5,,11.9,12.7,17.7,65.7,10.8,False
B001,B001_M2,2025-01-23 09:00:00,192.72,10.52,8.4,13.4,23.3,40.8,44.4,False
B001,B001_M2,2025-01-23 10:00:00,217.59,,11.1,12.1,17.5,72.2,32.3,False
B001,B001_M4,2025-01-23 11:00:00,199.82,,8.3,16.8,26.7,48.3,24.9,False
B001,B001_M5,2025-01-23 12:00:00,262.09,,8.1,16.1,18.7,71.7,41.3,False
B001,B001_M1,2025-01-23 13:00:00,222.24,17.76,11.3,15.2,20.2,42.5,39.1,False
B001,B001_M5,2025-01-23 14:00:00,203.82,19.28,11.1,17.8,18.8,60.6,33.4,False
B001,B001_M5,2025-01-23 15:00:00,246.21,,8.2,15.4,20.3,54.4,11.4,False
B001,B001_M2,2025-01-23 16:00:00,228.6,10.6,10.7,16.7,20.1,46.1,39.2,False
B001,B001_M2,2025-01-23 17:00:00,176.43,5.29,8.0,15.0,25.0,51.5,10.2,False
B001,B001_M1,2025-01-23 18:00:00,109.49,13.43,11.6,13.8,18.0,76.2,21.7,False
B001,B001_M1,2025-01-23 19:00:00,283.59,15.18,11.7,13.9,29.8,61.3,35.6,True
B001,B001_M5,2025-01-23 20:00:00,126.47,9.02,8.2,15.1,19.2,61.0,13.8,False
B001,B001_M3,2025-01-23 21:00:00,125.67,7.42,9.2,13.6,17.7,70.7,15.2,False
B002,B002_M4,2025-01-23 08:00:00,198.59,6.15,11.8,16.7,16.7,49.5,12.3,True
B002,B002_M1,2025-01-23 09:00:00,138.01,16.23,9.1,12.7,29.9,56.7,34.2,False
B002,B002_M4,2025-01-23 10:00:00,144.62,7.81,10.7,17.5,16.1,69.7,49.0,False
B002,B002_M3,2025-01-23 11:00:00,100.68,13.5,10.1,13.1,28.7,59.2,49.2,False
B002,B002_M2,2025-01-23 12:00:00,123.76,17.93,7.9,13.3,26.1,58.6,19.1,False
B002,B002_M3,2025-01-23 13:00:00,98.18,,10.7,14.7,25.7,71.8,11.0,False
B002,B002_M4,2025-01-23 14:00:00,134.99,17.11,11.6,12.3,19.3,57.8,35.6,False
B002,B002_M2,2025-01-23 15:00:00,122.01,,9.8,12.8,24.8,58.0,19.4,False
B002,B002_M3,2025-01-23 16:00:00,155.39,,8.1,13.8,29.7,43.0,39.7,False
B002,B002_M4,2025-01-23 17:00:00,143.84,11.74,9.9,16.9,16.6,51.6,31.6,False
B002,B002_M4,2025-01-23 18:00:00,59.93,5.84,11.6,12.6,18.6,71.1,29.6,False
B002,B002_M2,2025-01-23 19:00:00,104.08,,7.0,14.7,23.0,42.0,18.2,False
B002,B002_M2,2025-01-23 20:00:00,67.02,10.69,10.7,12.6,29.4,68.7,31.7,False
B002,B002_M4,2025-01-23 21:00:00,85.89,13.69,7.8,14.2,15.4,72.7,46.7,False
B003,B003_M1,2025-01-23 08:00:00,238.88,14.98,7.2,12.0,16.1,76.6,13.3,False
B003,B003_M2,2025-01-23 09:00:00,435.4,8.31,9.2,15.7,24.5,73.7,34.0,False
B003,B003_M1,2025-01-23 10:00:00,388.36,5.72,9.9,18.0,15.2,72.9,30.0,False
B003,B003_M2,2025-01-23 11:00:00,438.47,14.85,8.4,13.5,27.1,79.0,22.0,False
B003,B003_M3,2025-01-23 12:00:00,552.76,5.41,10.4,13.8,18.4,49.5,43.2,False
B003,B003_M1,2025-01-23 13:00:00,476.36,,11.0,17.4,21.4,71.6,39.8,False
B003,B003_M2,2025-01-23 14:00:00,310.6,,7.2,13.1,24.5,50.4,13.7,False
B003,B003_M2,2025-01-23 15:00:00,639.01,,9.5,15.1,16.4,64.7,29.4,False
B003,B003_M1,2025-01-23 16:00:00,368.15,,8.4,15.3,28.4,73.4,28.0,False
B003,B003_M1,2025-01-23 17:00:00,487.46,17.89,10.0,17.2,22.6,76.2,10.0,False
B003,B003_M2,2025-01-23 18:00:00,254.34,6.24,8.3,12.3,27.4,67.8,29.9,False
B003,B003_M1,2025-01-23 19:00:00,239.99,,7.7,13.8,29.8,44.0,30.5,False
B003,B003_M3,2025-01-23 20:00:00,228.34,,9.6,16.0,25.7,65.1,15.9,False
B003,B003_M1,2025-01-23 21:00:00,321.36,,7.6,15.7,23.9,73.0,49.8,False
B004,B004_M2,2025-01-23 08:00:00,198.99,,7.9,13.9,18.1,48.8,30.2,False
B004,B004_M3,2025-01-23 09:00:00,427.26,8.25,11.2,17.5,16.2,42.8,15.0,False
B004,B004_M1,2025-01-23 10:00:00,340.1,17.19,8.8,17.5,29.7,61.8,38.9,False
B004,B004_M2,2025-01-23 11:00:00,424.23,11.11,8.8,12.3,27.0,66.1,12.8,False
B004,B004_M1,2025-01-23 12:00:00,350.36,18.46,7.1,13.7,20.1,58.0,42.5,False
B004,B004_M1,2025-01-23 13:00:00,541.08,,7.1,16.6,15.0,40.4,43.0,True
B004,B004_M2,2025-01-23 14:00:00,378.4,7.86,10.4,13.4,20.4,64.8,17.3,False
B004,B004_M3,2025-01-23 15:00:00,280.41,7.83,7.9,12.3,24.9,77.4,35.6,False
B004,B004_M2,2025-01-23 16:00:00,255.36,,11.6,16.3,28.9,47.7,25.4,False
B004,B004_M1,2025-01-23 17:00:00,309.1,19.9,10.1,17.0,22.4,55.9,44.2,False
B004,B004_M3,2025-01-23 18:00:00,166.39,12.27,9.6,17.8,18.2,73.1,40.1,False
B004,B004_M2,2025-01-23 19:00:00,166.34,9.25,9.2,15.2,17.7,68.3,22.7,False
B004,B004_M2,2025-01-23 20:00:00,171.72,,7.7,16.8,15.5,76.6,24.9,False
B004,B004_M3,2025-01-23 21:00:00,180.01,,11.5,16.1,20.8,62.9,45.3,False
B005,B005_M3,2025-01-23 08:00:00,41.13,12.46,7.2,15.8,18.3,41.9,19.1,False
B005,B005_M1,2025-01-23 09:00:00,65.94,16.82,9.9,15.5,28.4,42.0,32.2,False
B005,B005_M4,2025-01-23 10:00:00,55.15,18.9,9.5,17.0,18.2,77.8,21.3,False
B005,B005_M4,2025-01-23 11:00:00,50.61,18.99,9.5,16.4,24.8,79.0,45.0,False
B005,B005_M4,2025-01-23 12:00:00,70.24,12.21,8.7,15.6,24.1,67.1,22.1,False
B005,B005_M2,2025-01-23 13:00:00,70.91,18.84,10.9,17.0,26.2,73.8,19.7,False
B005,B005_M5,2025-01-23 14:00:00,65.49,5.33,8.2,17.8,17.7,42.0,43.1,False
B005,B005_M3,2025-01-23 15:00:00,59.64,5.26,7.1,17.6,22.1,59.2,10.4,False
B005,B005_M3,2025-01-23 16:00:00,61.54,19.45,8.5,14.7,29.6,40.6,40.7,False
B005,B005_M2,2025-01-23 17:00:00,55.55,11.16,8.0,13.7,26.8,64.1,26.9,False
B005,B005_M4,2025-01-23 18:00:00,27.66,,9.0,14.6,28.0,62.2,33.8,False
B005,B005_M3,2025-01-23 19:00:00,33.53,18.44,11.0,12.8,26.7,54.3,21.7,False
B005,B005_M2,2025-01-23 20:00:00,51.29,11.31,7.8,13.0,20.8,53.3,28.3,False
B005,B005_M4,2025-01-23 21:00:00,37.71,13.15,7.3,12.1,24.4,60.7,41.6,False
B001,B001_M1,2025-01-24 08:00:00,151.71,18.35,12.0,14.0,23.4,72.2,35.9,False
B001,B001_M1,2025-01-24 09:00:00,183.02,11.18,10.0,15.3,17.4,75.9,29.6,False
B001,B001_M5,2025-01-24 10:00:00,242.5,18.59,8.7,12.9,28.4,71.7,26.2,False
B001,B001_M5,2025-01-24 11:00:00,175.44,14.97,7.9,12.1,28.9,54.4,23.8,False
B001,B001_M2,2025-01-24 12:00:00,183.84,,11.6,14.3,15.1,79.1,12.2,False
B001,B001_M3,2025-01-24 13:00:00,183.71,10.86,10.8,16.0,17.3,66.2,16.2,False
B001,B001_M3,2025-01-24 14:00:00,416.34,12.42,7.7,14.3,29.7,72.5,34.7,True
B001,B001_M3,2025-01-24 15:00:00,185.21,5.75,10.5,15.9,23.6,66.1,38.2,False
B001,B001_M4,2025-01-24 16:00:00,186.57,14.85,9.7,13.5,21.5,66.3,43.3,False
B001,B001_M3,2025-01-24 17:00:00,143.62,,8.8,14.6,21.9,79.1,37.3,False
B001,B001_M4,2025-01-24 18:00:00,142.23,5.53,11.3,17.5,26.9,76.6,45.7,False
B001,B001_M4,2025-01-24 19:00:00,146.41,5.13,7.4,16.6,27.7,45.0,14.2,False
B001,B001_M2,2025-01-24 20:00:00,103.43,,9.6,13.9,18.5,67.5,34.6,False
B001,B001_M1,2025-01-24 21:00:00,116.52,6.27,11.4,13.8,29.9,44.1,40.3,False
B002,B002_M3,2025-01-24 08:00:00,169.07,,8.3,14.3,16.6,68.9,27.8,True
B002,B002_M2,2025-01-24 09:00:00,148.57,11.8,7.5,13.9,28.2,43.4,21.6,False
B002,B002_M2,2025-01-24 10:00:00,131.74,14.53,8.9,17.2,26.3,58.1,18.5,False
B002,B002_M1,2025-01-24 11:00:00,119.88,,7.9,13.2,27.8,61.1,25.5,False
B002,B002_M4,2025-01-24 12:00:00,206.17,19.03,7.0,17.9,27.6,78.2,10.7,False
B002,B002_M1,2025-01-24 13:00:00,133.57,6.39,7.1,14.7,17.0,52.4,47.9,False
B002,B002_M2,2025-01-24 14:00:00,125.54,11.29,7.9,16.7,26.6,45.2,47.2,False
B002,B002_M2,2025-01-24 15:00:00,102.76,9.06,9.5,14.7,17.9,51.6,16.6,False
B002,B002_M4,2025-01-24 16:00:00,183.01,16.66,10.4,12.2,19.8,48.8,40.1,False
B002,B002_M1,2025-01-24 17:00:00,162.86,12.27,9.2,17.2,16.9,74.2,49.0,False
B002,B002_M1,2025-01-24 18:00:00,96.35,17.72,11.9,15.6,21.7,57.2,15.4,False
B002,B002_M1,2025-01-24 19:00:00,98.77,8.93,8.7,17.4,16.6,42.9,22.9,False
B002,B002_M4,2025-01-24 20:00:00,94.56,,8.9,16.3,26.5,40.8,36.7,False
B002,B002_M3,2025-01-24 21:00:00,94.52,5.95,7.0,15.6,16.2,68.2,19.7,False
B003,B003_M2,2025-01-24 08:00:00,270.67,13.12,9.1,17.5,16.9,72.4,32.9,False
B003,B003_M1,2025-01-24 09:00:00,398.73,,11.6,15.7,29.6,77.8,33.5,False
B003,B003_M1,2025-01-24 10:00:00,637.75,,9.3,12.7,22.3,49.5,45.4,False
B003,B003_M3,2025-01-24 11:00:00,422.0,15.46,7.6,12.5,20.1,79.4,46.4,False
B003,B003_M2,2025-01-24 12:00:00,440.85,,7.8,17.5,18.9,73.2,18.1,False
B003,B003_M2,2025-01-24 13:00:00,444.68,,12.0,12.7,28.7,58.8,23.5,False
B003,B003_M1,2025-01-24 14:00:00,573.89,10.64,8.5,17.2,15.9,53.9,44.3,False
B003,B003_M3,2025-01-24 15:00:00,432.14,9.89,11.2,15.1,17.5,56.1,24.0,False
B003,B003_M1,2025-01-24 16:00:00,412.77,,11.7,13.9,28.2,54.5,16.8,False
B003,B003_M3,2025-01-24 17:00:00,551.18,16.67,7.4,13.4,25.9,58.7,34.0,False
B003,B003_M2,2025-01-24 18:00:00,246.0,13.82,11.1,16.9,27.0,77.1,45.0,False
B003,B003_M3,2025-01-24 19:00:00,215.8,13.74,11.6,13.2,17.9,78.3,33.0,False
B003,B003_M2,2025-01-24 20:00:00,235.1,17.2,8.9,12.7,24.4,76.5,30.6,False
B003,B003_M3,2025-01-24 21:00:00,239.53,19.14,9.6,12.2,21.4,42.4,26.3,False
B004,B004_M2,2025-01-24 08:00:00,214.83,11.41,8.2,15.6,25.6,45.4,14.4,False
B004,B004_M3,2025-01-24 09:00:00,344.2,,8.9,17.8,26.2,75.2,34.2,False
B004,B004_M3,2025-01-24 10:00:00,236.28,,7.6,14.5,29.4,43.8,34.2,False
B004,B004_M2,2025-01-24 11:00:00,373.57,7.67,11.1,13.7,22.2,68.0,12.3,False
B004,B004_M2,2025-01-24 12:00:00,300.99,16.39,10.5,15.2,28.8,59.3,34.7,False
B004,B004_M3,2025-01-24 13:00:00,452.58,10.94,11.2,15.5,26.3,47.3,45.3,False
B004,B004_M3,2025-01-24 14:00:00,615.56,5.76,9.1,17.3,28.7,76.8,44.0,True
B004,B004_M3,2025-01-24 15:00:00,376.73,,7.6,12.3,21.0,49.7,38.0,False
B004,B004_M2,2025-01-24 16:00:00,352.22,15.34,9.5,16.1,22.2,59.0,22.4,False
B004,B004_M2,2025-01-24 17:00:00,240.53,,11.6,14.7,24.6,70.2,12.6,False
B004,B004_M3,2025-01-24 18:00:00,212.99,,7.1,16.5,17.0,40.5,26.0,False
B004,B004_M2,2025-01-24 19:00:00,198.89,18.11,9.2,17.5,15.3,44.2,11.5,False
B004,B004_M2,2025-01-24 20:00:00,178.17,16.55,8.8,16.7,22.2,65.9,37.9,False
B004,B004_M3,2025-01-24 21:00:00,195.35,10.94,8.0,15.1,17.1,51.1,36.4,False
B005,B005_M3,2025-01-24 08:00:00,32.54,12.37,8.7,12.6,24.5,50.3,16.0,False
B005,B005_M1,2025-01-24 09:00:00,57.03,10.06,7.2,13.2,18.3,53.4,22.8,False
B005,B005_M4,2025-01-24 10:00:00,68.42,8.98,9.6,13.4,22.3,71.6,42.6,False
B005,B005_M4,2025-01-24 11:00:00,84.51,8.38,9.4,15.4,20.3,51.4,23.7,False
B005,B005_M4,2025-01-24 12:00:00,49.39,15.9,11.7,15.2,20.7,68.7,26.4,False
B005,B005_M1,2025-01-24 13:00:00,66.21,12.68,9.4,17.5,21.8,65.0,15.8,False
B005,B005_M2,2025-01-24 14:00:00,56.23,16.38,11.9,15.5,29.9,77.8,40.6,False
B005,B005_M3,2025-01-24 15:00:00,74.26,12.34,10.6,16.7,23.0,73.9,15.9,False
B005,B005_M2,2025-01-24 16:00:00,83.98,19.63,10.4,15.7,25.4,72.5,15.7,False
B005,B005_M1,2025-01-24 17:00:00,57.34,14.65,10.6,15.0,22.2,56.1,13.9,False
B005,B005_M3,2025-01-24 18:00:00,45.51,,8.6,12.3,19.0,79.0,14.5,False
B005,B005_M1,2025-01-24 19:00:00,45.95,12.09,10.8,15.3,23.4,48.8,13.8,False
B005,B005_M4,2025-01-24 20:00:00,47.66,10.75,8.8,12.2,25.2,79.6,27.2,False
B005,B005_M5,2025-01-24 21:00:00,39.36,,8.0,13.7,21.8,56.3,15.2,False
B001,B001_M2,2025-01-25 08:00:00,94.73,,10.0,12.6,29.5,62.1,46.1,False
B001,B001_M2,2025-01-25 09:00:00,74.71,14.13,9.5,13.8,18.4,58.3,11.5,False
B001,B001_M3,2025-01-25 10:00:00,203.04,10.58,9.5,14.2,25.3,62.7,18.1,True
B001,B001_M1,2025-01-25 11:00:00,80.27,13.5,8.7,12.8,22.7,49.0,45.7,False
B001,B001_M5,2025-01-25 12:00:00,83.8,18.91,9.3,12.0,28.6,61.8,36.0,False
B001,B001_M1,2025-01-25 13:00:00,95.28,,8.7,12.5,23.6,64.9,48.0,False
B001,B001_M3,2025-01-25 14:00:00,110.7,6.76,9.4,17.3,26.8,72.0,28.9,False
B001,B001_M1,2025-01-25 15:00:00,69.64,14.79,7.8,16.8,25.5,79.0,45.9,False
B001,B001_M4,2025-01-25 16:00:00,90.1,16.1,7.4,17.2,19.9,71.5,42.4,False
B001,B001_M5,2025-01-25 17:00:00,72.8,,10.7,15.5,24.2,51.5,45.1,False
B001,B001_M4,2025-01-25 18:00:00,108.0,18.12,10.9,13.3,28.0,76.2,45.5,False
B001,B001_M1,2025-01-25 19:00:00,95.14,10.59,9.8,13.4,26.6,43.5,45.8,False
B001,B001_M2,2025-01-25 20:00:00,73.51,15.53,8.9,17.3,17.3,71.0,39.0,False
B001,B001_M1,2025-01-25 21:00:00,90.9,10.31,9.3,14.5,29.7,43.1,42.4,False
B002,B002_M3,2025-01-25 08:00:00,46.84,15.98,10.2,12.4,24.2,41.1,26.3,False
B002,B002_M3,2025-01-25 09:00:00,62.2,,11.0,12.3,21.6,50.8,25.7,False
B002,B002_M3,2025-01-25 10:00:00,50.85,5.17,9.6,17.5,16.2,42.6,39.0,False
B002,B002_M1,2025-01-25 11:00:00,81.96,18.02,11.5,15.2,18.5,58.8,40.2,False
B002,B002_M3,2025-01-25 12:00:00,60.27,7.51,8.6,15.4,17.0,62.3,12.5,False
B002,B002_M1,2025-01-25 13:00:00,72.94,15.17,9.8,13.9,26.7,61.6,35.9,False
B002,B002_M3,2025-01-25 14:00:00,50.74,,9.8,12.9,24.2,69.3,38.1,False
B002,B002_M1,2025-01-25 15:00:00,64.78,,9.0,15.6,26.8,66.5,35.7,False
B002,B002_M1,2025-01-25 16:00:00,47.61,9.7,11.8,16.8,18.7,44.6,16.0,False
B002,B002_M4,2025-01-25 17:00:00,49.36,,8.3,13.0,25.5,79.3,42.6,False
B002,B002_M1,2025-01-25 18:00:00,63.43,18.03,7.9,13.4,20.5,66.9,23.0,False
B002,B002_M4,2025-01-25 19:00:00,60.66,15.99,8.1,15.1,26.7,44.1,44.6,False
B002,B002_M4,2025-01-25 20:00:00,45.29,,11.1,13.0,28.8,64.5,49.5,False
B002,B002_M2,2025-01-25 21:00:00,47.17,16.73,10.7,14.7,23.5,59.3,20.3,False
B003,B003_M1,2025-01-25 08:00:00,177.82,18.12,7.3,14.1,19.4,45.4,24.1,False
B003,B003_M2,2025-01-25 09:00:00,305.5,10.37,10.5,15.2,27.2,49.7,14.2,False
B003,B003_M2,2025-01-25 10:00:00,229.35,,9.8,13.2,18.9,60.6,48.1,False
B003,B003_M3,2025-01-25 11:00:00,195.89,12.91,8.0,16.6,22.9,56.5,22.2,False
B003,B003_M1,2025-01-25 12:00:00,279.25,14.89,10.5,13.5,16.9,75.1,10.2,False
B003,B003_M1,2025-01-25 13:00:00,185.04,19.02,11.0,14.1,16.9,46.0,13.5,False
B003,B003_M1,2025-01-25 14:00:00,269.43,12.83,10.5,12.1,25.8,40.9,44.1,False
B003,B003_M2,2025-01-25 15:00:00,215.29,10.86,11.8,14.9,27.9,53.0,41.9,False
B003,B003_M3,2025-01-25 16:00:00,213.73,12.19,8.6,16.1,25.5,48.6,30.5,False
B003,B003_M1,2025-01-25 17:00:00,211.6,7.45,7.9,16.2,20.2,79.3,17.4,False
B003,B003_M3,2025-01-25 18:00:00,185.66,18.26,7.3,17.4,15.7,59.1,45.5,False
B003,B003_M1,2025-01-25 19:00:00,225.07,,11.2,14.9,17.8,58.9,47.4,False
B003,B003_M2,2025-01-25 20:00:00,168.41,17.98,9.0,16.4,17.6,55.9,12.3,False
B003,B003_M2,2025-01-25 21:00:00,183.37,10.44,8.3,13.1,24.2,57.5,35.4,False
B004,B004_M3,2025-01-25 08:00:00,113.74,6.41,11.1,12.7,15.9,66.9,40.8,False
B004,B004_M3,2025-01-25 09:00:00,288.69,10.25,11.2,14.8,20.6,68.7,21.9,True
B004,B004_M2,2025-01-25 10:00:00,179.52,17.16,7.1,13.3,16.2,43.0,17.9,False
B004,B004_M1,2025-01-25 11:00:00,193.52,9.22,7.2,13.4,18.6,78.4,32.5,False
B004,B004_M1,2025-01-25 12:00:00,119.3,,9.9,12.9,28.5,47.4,28.0,False
B004,B004_M3,2025-01-25 13:00:00,115.09,14.9,10.3,16.1,21.5,72.0,43.2,False
B004,B004_M2,2025-01-25 14:00:00,158.19,,7.2,13.1,16.5,45.1,18.4,False
B004,B004_M3,2025-01-25 15:00:00,204.11,,8.1,15.6,17.9,69.5,25.6,True
B004,B004_M3,2025-01-25 16:00:00,124.2,,11.8,13.6,18.0,58.7,42.7,False
B004,B004_M2,2025-01-25 17:00:00,180.54,18.46,9.3,15.6,16.4,65.6,17.7,False
B004,B004_M3,2025-01-25 18:00:00,152.92,7.05,10.3,16.4,15.5,43.1,18.5,False
B004,B004_M1,2025-01-25 19:00:00,128.72,10.75,7.8,14.3,19.7,78.6,13.2,False
B004,B004_M2,2025-01-25 20:00:00,163.91,16.32,11.6,12.7,23.0,53.0,14.3,False
B004,B004_M3,2025-01-25 21:00:00,135.66,19.25,9.5,17.2,22.3,46.4,47.9,False
B005,B005_M4,2025-01-25 08:00:00,20.86,7.52,11.8,17.4,25.1,47.6,36.6,False
B005,B005_M1,2025-01-25 09:00:00,25.22,14.14,7.5,16.4,25.0,74.3,19.0,False
B005,B005_M3,2025-01-25 10:00:00,35.03,13.99,7.4,15.5,23.7,71.7,22.8,False
B005,B005_M1,2025-01-25 11:00:00,24.67,6.56,11.8,13.7,20.3,66.2,25.2,False
B005,B005_M2,2025-01-25 12:00:00,24.13,15.66,8.2,16.2,27.0,50.3,16.8,False
B005,B005_M2,2025-01-25 13:00:00,27.74,14.92,10.8,12.5,15.1,65.7,30.6,False
B005,B005_M1,2025-01-25 14:00:00,31.46,13.92,9.1,14.3,17.5,51.4,39.3,False
B005,B005_M1,2025-01-25 15:00:00,20.1,11.43,8.2,14.6,19.0,46.9,40.0,False
B005,B005_M4,2025-01-25 16:00:00,43.09,18.62,12.0,17.6,19.8,45.3,35.6,False
B005,B005_M3,2025-01-25 17:00:00,30.44,10.98,10.4,13.8,23.9,61.8,14.3,False
B005,B005_M4,2025-01-25 18:00:00,24.71,16.19,7.7,13.2,25.0,43.3,34.6,False
B005,B005_M2,2025-01-25 19:00:00,23.15,10.86,9.2,12.5,27.4,66.0,32.2,False
B005,B005_M5,2025-01-25 20:00:00,21.41,6.71,8.0,14.0,15.8,40.6,36.2,False
B005,B005_M3,2025-01-25 21:00:00,19.07,15.42,8.5,17.0,18.2,54.8,46.9,False
B001,B001_M4,2025-01-26 08:00:00,96.53,,9.0,12.6,15.1,73.7,36.1,False
B001,B001_M5,2025-01-26 09:00:00,84.04,17.38,11.6,15.0,22.7,45.0,22.6,False
B001,B001_M3,2025-01-26 10:00:00,95.91,15.29,7.2,14.0,22.8,76.7,21.0,False
B001,B001_M2,2025-01-26 11:00:00,80.09,,11.4,17.7,24.7,73.7,18.8,False
B001,B001_M4,2025-01-26 12:00:00,82.54,10.37,8.6,17.6,18.3,61.5,21.0,False
B001,B001_M3,2025-01-26 13:00:00,104.19,14.93,11.1,17.9,17.2,51.9,11.4,False
B001,B001_M2,2025-01-26 14:00:00,99.24,18.82,9.8,15.4,18.0,62.5,35.2,False
B001,B001_M3,2025-01-26 15:00:00,82.36,,7.8,14.4,18.8,51.1,29.7,False
B001,B001_M1,2025-01-26 16:00:00,79.89,6.9,10.4,16.3,29.1,45.3,18.6,False
B001,B001_M1,2025-01-26 17:00:00,72.01,,9.0,14.8,18.0,76.1,22.6,False
B001,B001_M3,2025-01-26 18:00:00,101.86,14.92,11.6,15.2,24.4,44.9,11.6,False
B001,B001_M4,2025-01-26 19:00:00,105.05,16.28,9.5,15.5,16.9,77.8,39.3,False
B001,B001_M4,2025-01-26 20:00:00,116.72,16.3,8.8,16.0,29.2,63.4,24.3,False
B001,B001_M4,2025-01-26 21:00:00,76.81,,10.3,16.5,26.7,72.5,42.2,False
B002,B002_M1,2025-01-26 08:00:00,56.75,12.37,11.9,15.4,17.4,56.3,16.6,False
B002,B002_M2,2025-01-26 09:00:00,60.35,19.82,11.2,16.5,15.4,72.0,22.6,False
B002,B002_M3,2025-01-26 10:00:00,81.66,16.24,11.9,12.8,24.1,49.6,45.3,False
B002,B002_M4,2025-01-26 11:00:00,53.16,18.23,10.2,17.0,27.3,43.5,11.8,False
B002,B002_M3,2025-01-26 12:00:00,54.03,,7.3,13.7,28.4,40.6,33.5,False
B002,B002_M1,2025-01-26 13:00:00,113.61,,8.3,14.3,15.9,48.2,40.6,True
B002,B002_M1,2025-01-26 14:00:00,58.98,,11.9,14.0,18.7,61.6,30.0,False
B002,B002_M4,2025-01-26 15:00:00,42.82,5.12,7.6,13.6,26.3,44.2,13.6,False
B002,B002_M2,2025-01-26 16:00:00,44.59,,11.0,16.7,21.8,63.8,14.3,False
B002,B002_M1,2025-01-26 17:00:00,67.85,7.41,7.6,13.8,25.4,70.1,35.1,False
B002,B002_M1,2025-01-26 18:00:00,56.36,17.52,8.2,13.5,25.4,73.0,12.9,False
B002,B002_M1,2025-01-26 19:00:00,57.84,18.57,7.0,12.5,16.9,79.2,36.6,False
B002,B002_M3,2025-01-26 20:00:00,57.7,,7.7,17.0,23.7,50.8,30.4,False
B002,B002_M4,2025-01-26 21:00:00,55.76,,11.5,12.5,26.7,56.1,41.0,False
B003,B003_M3,2025-01-26 08:00:00,239.15,6.18,10.4,13.2,20.0,48.6,29.5,False
B003,B003_M3,2025-01-26 09:00:00,156.39,6.28,10.9,15.0,16.3,44.9,43.9,False
B003,B003_M3,2025-01-26 10:00:00,197.2,8.01,9.0,15.1,19.3,48.7,38.8,False
B003,B003_M1,2025-01-26 11:00:00,168.31,7.57,10.1,16.5,19.0,71.6,44.4,False
B003,B003_M2,2025-01-26 12:00:00,196.42,,8.4,12.6,16.4,43.3,18.9,False
B003,B003_M1,2025-01-26 13:00:00,129.7,13.24,10.1,15.3,29.1,70.2,17.9,False
B003,B003_M1,2025-01-26 14:00:00,168.34,7.94,10.8,13.0,19.1,41.0,21.8,False
B003,B003_M3,2025-01-26 15:00:00,250.12,17.78,11.0,15.8,26.5,65.9,46.1,False
B003,B003_M1,2025-01-26 16:00:00,232.64,13.14,9.5,15.6,29.7,55.0,14.1,False
B003,B003_M2,2025-01-26 17:00:00,158.4,7.9,11.4,13.7,28.6,66.7,47.7,False
B003,B003_M1,2025-01-26 18:00:00,193.49,,7.8,16.9,16.8,77.1,47.5,False
B003,B003_M3,2025-01-26 19:00:00,179.13,5.07,11.9,13.5,27.3,53.9,12.4,False
B003,B003_M3,2025-01-26 20:00:00,256.99,12.31,11.4,12.4,26.8,63.2,28.3,False
B003,B003_M1,2025-01-26 21:00:00,195.15,12.26,7.4,17.5,21.1,72.8,24.7,False
B004,B004_M3,2025-01-26 08:00:00,146.81,,9.5,14.7,29.3,78.8,21.4,False
B004,B004_M1,2025-01-26 09:00:00,159.88,17.42,7.8,13.3,16.9,79.2,43.5,False
B004,B004_M3,2025-01-26 10:00:00,101.42,13.76,10.3,13.4,23.3,42.2,26.1,False
B004,B004_M3,2025-01-26 11:00:00,144.39,,8.3,17.2,16.0,61.4,14.5,False
B004,B004_M2,2025-01-26 12:00:00,293.97,18.32,9.0,17.1,22.7,64.8,37.4,True
B004,B004_M3,2025-01-26 13:00:00,141.49,9.5,10.8,13.4,25.2,68.9,36.4,False
B004,B004_M2,2025-01-26 14:00:00,145.46,6.19,9.0,16.3,25.1,51.5,15.3,False
B004,B004_M1,2025-01-26 15:00:00,122.31,10.87,7.8,15.0,17.4,64.9,28.2,False
B004,B004_M3,2025-01-26 16:00:00,122.46,15.91,11.7,15.5,28.7,43.4,32.5,False
B004,B004_M1,2025-01-26 17:00:00,119.67,6.68,10.3,12.3,29.0,57.3,28.2,False
B004,B004_M2,2025-01-26 18:00:00,107.0,8.09,11.2,14.7,15.1,68.5,34.8,False
B004,B004_M3,2025-01-26 19:00:00,112.94,7.16,10.2,15.1,18.5,45.0,26.8,False
B004,B004_M3,2025-01-26 20:00:00,114.97,11.07,9.3,16.0,24.7,52.0,42.4,False
B004,B004_M1,2025-01-26 21:00:00,195.11,,11.6,14.0,28.9,51.1,24.3,False
B005,B005_M2,2025-01-26 08:00:00,65.49,9.03,11.6,14.3,26.0,52.5,29.3,True
B005,B005_M4,2025-01-26 09:00:00,25.76,14.23,7.3,12.0,27.3,55.9,38.1,False
B005,B005_M4,2025-01-26 10:00:00,25.86,12.75,7.6,16.1,21.6,59.0,37.1,False
B005,B005_M3,2025-01-26 11:00:00,24.11,7.22,11.5,17.9,25.1,42.1,16.4,False
B005,B005_M5,2025-01-26 12:00:00,20.26,18.41,10.2,15.5,29.9,43.4,17.2,False
B005,B005_M5,2025-01-26 13:00:00,38.45,16.98,8.7,15.5,19.7,68.8,29.8,False
B005,B005_M1,2025-01-26 14:00:00,29.45,10.91,9.4,17.1,17.8,46.6,48.6,False
B005,B005_M3,2025-01-26 15:00:00,27.51,14.74,7.6,12.4,23.6,55.3,25.1,False
B005,B005_M2,2025-01-26 16:00:00,23.16,10.12,9.5,12.6,23.0,57.4,30.5,False
B005,B005_M5,2025-01-26 17:00:00,80.06,,10.3,16.9,28.1,56.8,49.8,True
B005,B005_M2,2025-01-26 18:00:00,33.83,18.67,10.1,16.7,28.2,57.2,43.5,False
B005,B005_M2,2025-01-26 19:00:00,32.62,18.16,8.6,13.3,21.4,51.7,40.7,False
B005,B005_M4,2025-01-26 20:00:00,26.5,5.39,11.2,16.0,22.0,44.7,13.2,False
B005,B005_M5,2025-01-26 21:00:00,33.03,,10.0,16.0,28.5,77.1,31.4,False
B001,B001_M1,2025-01-27 08:00:00,103.3,,8.8,17.8,28.6,55.7,38.0,False
B001,B001_M1,2025-01-27 09:00:00,228.76,6.92,10.6,16.9,16.8,48.9,27.3,False
B001,B001_M2,2025-01-27 10:00:00,268.88,,8.2,12.2,26.6,66.7,30.0,False
B001,B001_M4,2025-01-27 11:00:00,191.09,18.63,8.8,15.0,26.7,54.8,24.2,False
B001,B001_M4,2025-01-27 12:00:00,145.53,9.82,7.0,13.0,28.2,51.1,19.9,False
B001,B001_M2,2025-01-27 13:00:00,546.1,18.23,7.0,17.8,23.8,65.6,48.1,True
B001,B001_M3,2025-01-27 14:00:00,162.25,8.27,9.0,17.9,17.9,67.5,18.1,False
B001,B001_M1,2025-01-27 15:00:00,210.61,,9.2,15.6,17.5,46.1,36.7,False
B001,B001_M5,2025-01-27 16:00:00,242.72,5.88,7.9,15.5,22.8,74.4,40.6,False
B001,B001_M3,2025-01-27 17:00:00,255.15,10.33,10.3,14.8,21.2,40.4,24.6,False
B001,B001_M5,2025-01-27 18:00:00,104.96,14.35,8.2,15.0,20.2,60.7,41.4,False
B001,B001_M1,2025-01-27 19:00:00,79.59,9.25,11.3,15.9,18.5,44.2,28.3,False
B001,B001_M1,2025-01-27 20:00:00,115.04,9.71,12.0,12.5,22.9,52.8,25.6,False
B001,B001_M1,2025-01-27 21:00:00,115.72,12.17,9.2,14.6,27.0,66.4,44.9,False
B002,B002_M3,2025-01-27 08:00:00,62.59,19.34,10.4,13.2,16.7,59.4,39.5,False
B002,B002_M4,2025-01-27 09:00:00,167.04,5.67,9.9,16.5,22.8,69.0,25.1,False
B002,B002_M1,2025-01-27 10:00:00,164.28,,8.6,14.5,18.1,47.8,43.3,False
B002,B002_M2,2025-01-27 11:00:00,234.85,8.68,11.4,13.5,22.2,46.4,30.6,True
B002,B002_M3,2025-01-27 12:00:00,129.68,,10.9,15.9,21.2,64.4,42.2,False
B002,B002_M1,2025-01-27 13:00:00,198.56,13.21,11.5,12.4,17.4,60.2,39.7,False
B002,B002_M4,2025-01-27 14:00:00,111.33,16.38,8.4,14.9,22.5,72.7,27.5,False
B002,B002_M2,2025-01-27 15:00:00,124.24,8.91,10.1,14.4,19.0,71.1,10.7,False
B002,B002_M3,2025-01-27 16:00:00,92.12,12.55,11.6,17.4,29.3,49.7,10.7,False
B002,B002_M3,2025-01-27 17:00:00,120.29,15.52,10.5,14.6,29.7,48.7,49.3,False
B002,B002_M1,2025-01-27 18:00:00,84.0,,9.1,12.9,29.6,55.0,24.7,False
B002,B002_M1,2025-01-27 19:00:00,83.8,9.78,8.2,16.3,26.8,64.2,31.1,False
B002,B002_M3,2025-01-27 20:00:00,63.91,8.63,11.7,13.3,15.1,42.2,16.7,False
B002,B002_M3,2025-01-27 21:00:00,73.9,15.51,9.2,16.6,19.3,43.5,12.5,False
B003,B003_M3,2025-01-27 08:00:00,302.97,14.52,9.8,14.8,29.8,78.2,14.6,False
B003,B003_M3,2025-01-27 09:00:00,476.46,,8.9,16.3,22.9,66.3,47.1,False
B003,B003_M1,2025-01-27 10:00:00,817.3,8.06,8.4,14.6,23.9,57.3,22.3,True
B003,B003_M2,2025-01-27 11:00:00,496.12,17.74,9.4,12.8,27.2,41.6,29.1,False
B003,B003_M3,2025-01-27 12:00:00,520.57,,7.1,12.1,16.1,78.6,12.0,False
B003,B003_M2,2025-01-27 13:00:00,412.8,7.15,10.4,17.1,17.2,41.3,16.2,False
B003,B003_M3,2025-01-27 14:00:00,467.27,17.99,10.1,13.5,28.8,70.6,15.8,False
B003,B003_M2,2025-01-27 15:00:00,537.12,10.3,7.2,15.5,20.3,75.4,32.6,False
B003,B003_M1,2025-01-27 16:00:00,435.05,,11.9,15.6,22.8,71.4,46.1,False
B003,B003_M3,2025-01-27 17:00:00,409.65,19.9,10.7,13.8,18.1,45.7,10.2,False
B003,B003_M1,2025-01-27 18:00:00,284.23,14.91,9.8,16.0,28.5,60.0,12.0,False
B003,B003_M1,2025-01-27 19:00:00,286.47,11.56,11.7,15.4,21.3,40.9,28.0,False
B003,B003_M1,2025-01-27 20:00:00,249.72,6.24,7.5,17.5,23.4,46.1,27.2,False
B003,B003_M2,2025-01-27 21:00:00,291.51,,8.8,16.1,18.9,48.2,43.7,False
B004,B004_M2,2025-01-27 08:00:00,192.16,10.51,10.6,15.0,23.3,74.4,10.1,False
B004,B004_M3,2025-01-27 09:00:00,316.62,6.82,10.7,18.0,29.9,67.5,42.9,False
B004,B004_M2,2025-01-27 10:00:00,331.42,17.7,9.5,17.6,26.4,50.3,35.5,False
B004,B004_M1,2025-01-27 11:00:00,277.67,6.31,11.0,12.2,22.7,41.6,23.9,False
B004,B004_M1,2025-01-27 12:00:00,241.7,15.51,9.2,16.7,24.2,68.9,27.8,False
B004,B004_M1,2025-01-27 13:00:00,388.41,19.92,10.5,14.0,17.1,74.0,18.9,False
B004,B004_M3,2025-01-27 14:00:00,270.93,12.14,11.6,12.9,19.1,64.2,17.4,False
B004,B004_M3,2025-01-27 15:00:00,238.07,13.68,8.1,16.7,25.6,49.8,20.2,False
B004,B004_M3,2025-01-27 16:00:00,226.52,,7.6,17.0,17.8,41.1,43.0,False
B004,B004_M2,2025-01-27 17:00:00,351.58,18.95,11.5,16.3,20.1,70.6,13.8,False
B004,B004_M2,2025-01-27 18:00:00,183.91,9.2,11.4,17.8,23.1,53.9,23.7,False
B004,B004_M2,2025-01-27 19:00:00,161.53,16.84,10.7,14.8,24.1,52.4,16.5,False
B004,B004_M2,2025-01-27 20:00:00,228.2,17.28,11.2,17.3,24.6,68.4,46.6,False
B004,B004_M3,2025-01-27 21:00:00,194.82,8.96,9.1,14.6,15.5,42.7,46.9,False
B005,B005_M3,2025-01-27 08:00:00,41.41,8.71,9.4,15.9,26.2,67.1,13.2,False
B005,B005_M2,2025-01-27 09:00:00,57.88,16.34,9.2,14.7,16.4,49.1,47.9,False
B005,B005_M5,2025-01-27 10:00:00,70.49,6.07,10.0,12.2,21.7,56.9,21.6,False
B005,B005_M2,2025-01-27 11:00:00,83.99,19.79,10.5,13.3,29.1,53.3,33.7,False
B005,B005_M2,2025-01-27 12:00:00,76.28,17.82,8.4,14.4,25.4,40.1,12.1,False
B005,B005_M1,2025-01-27 13:00:00,65.27,14.48,10.2,13.4,16.1,79.0,43.6,False
B005,B005_M4,2025-01-27 14:00:00,70.59,14.79,7.4,14.7,26.4,46.3,38.1,False
B005,B005_M3,2025-01-27 15:00:00,97.11,,9.9,13.0,17.1,66.1,20.7,False
B005,B005_M5,2025-01-27 16:00:00,57.45,9.72,11.7,17.8,16.2,44.4,13.2,False
B005,B005_M3,2025-01-27 17:00:00,72.76,14.7,8.6,17.6,22.4,57.8,48.5,False
B005,B005_M1,2025-01-27 18:00:00,37.08,,9.7,17.3,15.6,59.4,49.2,False
B005,B005_M4,2025-01-27 19:00:00,50.6,11.21,10.0,13.3,15.6,57.3,42.6,False
B005,B005_M5,2025-01-27 20:00:00,42.02,13.45,7.7,15.9,16.8,47.5,13.9,False
B005,B005_M3,2025-01-27 21:00:00,36.18,11.45,9.8,12.5,25.5,53.4,16.2,False
B001,B001_M4,2025-01-28 08:00:00,109.23,13.95,11.9,13.2,24.9,76.6,30.5,False
B001,B001_M4,2025-01-28 09:00:00,151.44,17.48,9.8,14.6,28.6,45.6,32.8,False
B001,B001_M4,2025-01-28 10:00:00,245.29,7.56,7.7,14.9,17.8,43.7,15.0,False
B001,B001_M5,2025-01-28 11:00:00,163.81,5.95,11.6,16.5,29.3,64.1,26.3,False
B001,B001_M1,2025-01-28 12:00:00,161.66,,7.3,13.5,19.2,51.6,49.9,False
B001,B001_M5,2025-01-28 13:00:00,157.66,16.38,10.3,17.7,23.1,43.8,12.5,False
B001,B001_M2,2025-01-28 14:00:00,207.81,16.67,8.7,15.4,29.1,68.7,25.8,False
B001,B001_M3,2025-01-28 15:00:00,152.08,9.02,10.0,13.1,18.1,57.9,47.1,False
B001,B001_M2,2025-01-28 16:00:00,284.26,9.85,11.1,17.9,28.0,66.9,11.8,False
B001,B001_M1,2025-01-28 17:00:00,143.21,19.61,7.7,17.6,18.7,60.5,49.5,False
B001,B001_M2,2025-01-28 18:00:00,82.94,18.24,7.9,17.0,26.3,65.5,36.5,False
B001,B001_M1,2025-01-28 19:00:00,111.32,,11.9,12.5,25.6,41.4,34.6,False
B001,B001_M2,2025-01-28 20:00:00,241.58,11.18,11.6,16.8,25.1,40.3,41.8,True
B001,B001_M2,2025-01-28 21:00:00,131.96,,10.5,14.0,20.7,67.1,48.6,False
B002,B002_M3,2025-01-28 08:00:00,79.36,9.01,9.5,17.1,19.1,75.8,47.6,False
B002,B002_M1,2025-01-28 09:00:00,192.59,,11.7,14.1,15.8,78.5,42.7,False
B002,B002_M4,2025-01-28 10:00:00,129.2,15.18,8.2,15.3,19.2,57.0,43.8,False
B002,B002_M2,2025-01-28 11:00:00,135.32,9.27,11.3,15.9,25.2,59.6,28.9,False
B002,B002_M4,2025-01-28 12:00:00,137.45,17.28,7.3,15.2,16.8,77.7,49.0,False
B002,B002_M4,2025-01-28 13:00:00,168.57,8.48,9.7,13.0,24.5,43.3,17.2,False
B002,B002_M3,2025-01-28 14:00:00,157.07,15.3,9.1,14.6,27.3,56.6,18.4,False
B002,B002_M1,2025-01-28 15:00:00,141.16,,8.8,14.7,27.5,60.4,18.2,False
B002,B002_M3,2025-01-28 16:00:00,119.37,14.43,8.5,13.9,18.7,69.7,49.3,False
B002,B002_M4,2025-01-28 17:00:00,147.34,6.41,9.8,17.2,16.3,47.8,23.4,False
B002,B002_M2,2025-01-28 18:00:00,95.24,,8.0,12.0,28.2,75.8,13.9,False
B002,B002_M2,2025-01-28 19:00:00,56.78,,7.7,15.4,28.7,65.4,14.4,False
B002,B002_M2,2025-01-28 20:00:00,102.3,5.36,8.5,14.1,26.4,50.9,30.1,False
B002,B002_M1,2025-01-28 21:00:00,74.29,6.73,9.2,17.9,19.9,57.5,22.2,False
B003,B003_M1,2025-01-28 08:00:00,302.91,,7.5,16.2,17.9,46.3,45.9,False
B003,B003_M2,2025-01-28 09:00:00,435.47,,9.3,15.5,26.2,48.8,24.0,False
B003,B003_M2,2025-01-28 10:00:00,571.26,19.02,10.6,16.8,16.5,71.4,25.2,False
B003,B003_M1,2025-01-28 11:00:00,335.47,9.84,9.6,13.4,27.0,73.0,28.0,False
B003,B003_M3,2025-01-28 12:00:00,485.77,17.58,7.6,15.5,26.0,76.4,25.6,False
B003,B003_M1,2025-01-28 13:00:00,382.94,,10.3,13.2,15.4,68.3,32.6,False
B003,B003_M2,2025-01-28 14:00:00,404.37,16.63,8.5,12.2,16.1,69.1,11.8,False
B003,B003_M1,2025-01-28 15:00:00,585.17,,8.8,12.6,27.5,64.9,30.8,False
B003,B003_M3,2025-01-28 16:00:00,509.94,9.43,8.5,17.4,16.9,48.2,41.6,False
B003,B003_M1,2025-01-28 17:00:00,488.49,11.59,9.7,15.4,22.4,72.5,48.5,False
B003,B003_M3,2025-01-28 18:00:00,220.4,19.44,11.3,17.1,30.0,75.8,37.4,False
B003,B003_M3,2025-01-28 19:00:00,213.55,19.94,8.2,14.0,21.0,65.5,29.0,False
B003,B003_M2,2025-01-28 20:00:00,332.79,11.87,9.3,13.8,24.7,75.0,19.3,False
B003,B003_M2,2025-01-28 21:00:00,256.22,11.8,8.8,16.3,19.0,67.0,13.7,False
B004,B004_M1,2025-01-28 08:00:00,184.55,11.88,8.3,16.4,18.7,40.1,39.8,False
B004,B004_M2,2025-01-28 09:00:00,349.71,,7.9,14.5,23.9,61.2,31.0,False
B004,B004_M3,2025-01-28 10:00:00,345.2,,8.3,13.5,27.6,64.6,45.9,False
B004,B004_M2,2025-01-28 11:00:00,332.75,6.24,8.6,16.8,15.4,72.9,46.5,False
B004,B004_M3,2025-01-28 12:00:00,253.0,6.46,7.7,13.1,18.7,45.5,20.4,False
B004,B004_M1,2025-01-28 13:00:00,416.12,,9.7,13.6,27.7,41.3,25.3,False
B004,B004_M1,2025-01-28 14:00:00,286.82,6.22,9.2,17.5,16.3,75.5,34.9,False
B004,B004_M2,2025-01-28 15:00:00,277.88,,11.5,12.9,26.9,58.3,25.8,False
B004,B004_M2,2025-01-28 16:00:00,295.64,16.39,10.8,17.4,20.0,55.0,13.4,False
B004,B004_M2,2025-01-28 17:00:00,305.38,13.77,11.0,16.6,28.3,59.2,44.9,False
B004,B004_M1,2025-01-28 18:00:00,219.18,,11.7,16.0,18.6,44.0,38.6,False
B004,B004_M1,2025-01-28 19:00:00,163.56,13.67,8.1,12.3,15.8,71.4,14.1,False
B004,B004_M3,2025-01-28 20:00:00,178.74,,11.1,17.3,28.4,68.7,12.8,False
B004,B004_M1,2025-01-28 21:00:00,179.8,16.63,8.4,12.5,29.0,54.5,15.3,False
B005,B005_M5,2025-01-28 08:00:00,33.71,5.27,11.8,16.7,29.9,64.1,39.1,False
B005,B005_M2,2025-01-28 09:00:00,51.83,19.11,7.5,12.7,17.4,78.0,17.8,False
B005,B005_M5,2025-01-28 10:00:00,68.96,10.6,9.6,15.7,15.8,66.2,41.5,False
B005,B005_M5,2025-01-28 11:00:00,91.58,12.67,10.9,15.2,30.0,78.5,34.3,False
B005,B005_M3,2025-01-28 12:00:00,111.66,13.28,8.6,14.5,24.1,60.4,35.6,True
B005,B005_M4,2025-01-28 13:00:00,62.49,8.05,8.6,14.3,21.4,41.1,18.3,False
B005,B005_M1,2025-01-28 14:00:00,64.98,,8.7,16.6,18.4,79.6,31.5,False
B005,B005_M3,2025-01-28 15:00:00,71.07,,11.4,15.5,26.0,54.5,20.8,False
B005,B005_M3,2025-01-28 16:00:00,59.29,,7.9,16.7,15.7,75.1,23.6,False
B005,B005_M5,2025-01-28 17:00:00,67.8,18.25,9.2,16.3,17.8,70.4,30.6,False
B005,B005_M3,2025-01-28 18:00:00,42.73,12.28,9.3,14.7,16.1,49.0,24.5,False
B005,B005_M1,2025-01-28 19:00:00,38.68,13.81,11.7,12.6,24.5,59.6,49.4,False
B005,B005_M2,2025-01-28 20:00:00,26.9,11.57,9.0,15.4,25.7,41.2,23.9,False
B005,B005_M5,2025-01-28 21:00:00,44.1,18.25,9.1,12.4,23.4,56.8,15.7,False
B001,B001_M3,2025-01-29 08:00:00,141.91,9.08,10.1,13.8,17.3,57.6,32.9,False
B001,B001_M3,2025-01-29 09:00:00,243.71,8.57,9.1,14.3,18.1,70.2,49.4,False
B001,B001_M4,2025-01-29 10:00:00,254.57,14.2,10.6,15.0,16.2,42.3,30.2,False
B001,B001_M3,2025-01-29 11:00:00,246.2,,10.4,17.9,24.3,69.9,38.9,False
B001,B001_M3,2025-01-29 12:00:00,287.01,13.89,9.2,16.2,19.8,63.1,11.3,False
B001,B001_M2,2025-01-29 13:00:00,323.09,,11.8,13.8,24.3,50.1,36.8,False
B001,B001_M1,2025-01-29 14:00:00,152.52,11.3,7.2,14.1,20.2,58.9,35.7,False
B001,B001_M4,2025-01-29 15:00:00,358.4,7.94,10.7,14.0,20.5,41.3,12.2,True
B001,B001_M4,2025-01-29 16:00:00,157.38,,11.2,15.0,24.8,51.9,30.2,False
B001,B001_M1,2025-01-29 17:00:00,204.28,11.61,7.5,12.8,27.0,67.8,36.9,False
B001,B001_M1,2025-01-29 18:00:00,153.33,16.98,8.5,14.3,22.6,71.4,14.6,False
B001,B001_M1,2025-01-29 19:00:00,115.09,7.23,8.3,14.1,24.6,68.9,14.7,False
B001,B001_M4,2025-01-29 20:00:00,131.0,9.88,9.0,15.2,18.5,45.4,47.9,False
B001,B001_M2,2025-01-29 21:00:00,147.87,,9.6,17.8,17.4,74.2,18.6,False
B002,B002_M3,2025-01-29 08:00:00,80.44,11.19,7.0,13.8,20.2,41.2,48.5,False
B002,B002_M4,2025-01-29 09:00:00,136.93,17.23,7.1,16.4,24.5,57.6,46.0,False
B002,B002_M2,2025-01-29 10:00:00,109.54,11.51,7.8,17.2,29.4,59.4,13.7,False
B002,B002_M1,2025-01-29 11:00:00,98.6,11.08,10.3,15.6,16.6,79.4,23.0,False
B002,B002_M2,2025-01-29 12:00:00,158.84,6.27,7.4,16.0,23.3,64.2,44.3,False
B002,B002_M1,2025-01-29 13:00:00,95.67,,10.1,14.0,28.4,61.1,25.0,False
B002,B002_M1,2025-01-29 14:00:00,151.36,10.53,11.9,13.9,24.6,75.1,28.6,False
B002,B002_M1,2025-01-29 15:00:00,113.58,19.39,9.6,15.6,25.3,64.4,20.3,False
B002,B002_M3,2025-01-29 16:00:00,124.04,,11.8,14.4,16.7,76.3,10.1,False
B002,B002_M3,2025-01-29 17:00:00,144.01,,10.1,13.2,25.2,62.3,11.7,False
B002,B002_M3,2025-01-29 18:00:00,94.28,,10.3,15.3,19.0,53.8,28.3,False
B002,B002_M4,2025-01-29 19:00:00,68.66,7.34,10.9,14.2,23.7,76.3,19.7,False
B002,B002_M2,2025-01-29 20:00:00,80.21,6.69,9.6,17.7,21.5,55.7,25.7,False
B002,B002_M1,2025-01-29 21:00:00,58.12,10.96,10.7,17.6,15.9,61.5,22.8,False
B003,B003_M1,2025-01-29 08:00:00,253.29,,8.0,16.9,19.8,55.4,35.0,False
B003,B003_M3,2025-01-29 09:00:00,443.82,,11.9,16.8,29.9,73.5,11.9,False
B003,B003_M2,2025-01-29 10:00:00,453.88,16.74,8.9,15.6,24.4,67.5,23.9,False
B003,B003_M1,2025-01-29 11:00:00,528.98,,10.4,17.9,23.0,75.5,34.4,False
B003,B003_M2,2025-01-29 12:00:00,426.77,7.66,8.8,15.7,16.5,45.4,10.3,False
B003,B003_M3,2025-01-29 13:00:00,395.15,8.24,7.8,12.3,25.7,59.9,32.2,False
B003,B003_M3,2025-01-29 14:00:00,1078.55,,7.4,14.8,21.6,41.5,39.1,True
B003,B003_M1,2025-01-29 15:00:00,473.72,,7.9,15.8,27.0,64.8,11.1,False
B003,B003_M1,2025-01-29 16:00:00,479.36,,9.9,15.3,29.1,50.5,29.5,False
B003,B003_M1,2025-01-29 17:00:00,446.68,19.37,8.8,17.6,26.4,56.4,37.2,False
B003,B003_M1,2025-01-29 18:00:00,237.22,5.33,7.4,16.0,20.9,50.3,45.4,False
B003,B003_M1,2025-01-29 19:00:00,256.56,17.03,9.9,17.6,15.6,56.5,30.5,False
B003,B003_M3,2025-01-29 20:00:00,297.92,5.52,7.2,12.3,26.9,40.3,31.8,False
B003,B003_M3,2025-01-29 21:00:00,634.8,12.91,8.4,14.7,16.8,46.9,47.8,True
B004,B004_M3,2025-01-29 08:00:00,188.18,,11.8,16.1,15.9,77.5,30.0,False
B004,B004_M1,2025-01-29 09:00:00,307.84,18.26,9.3,17.3,25.5,55.3,12.2,False
B004,B004_M2,2025-01-29 10:00:00,312.46,8.87,7.7,17.5,16.7,68.8,20.5,False
B004,B004_M3,2025-01-29 11:00:00,440.93,,7.5,14.7,20.9,62.0,17.0,False
B004,B004_M3,2025-01-29 12:00:00,427.92,14.79,9.6,13.7,28.0,56.9,11.5,False
B004,B004_M1,2025-01-29 13:00:00,250.83,,11.7,18.0,26.8,49.7,26.3,False
B004,B004_M2,2025-01-29 14:00:00,437.84,10.31,9.5,16.5,20.0,61.0,48.4,True
B004,B004_M1,2025-01-29 15:00:00,243.03,11.67,9.2,16.6,19.0,42.2,12.5,False
B004,B004_M1,2025-01-29 16:00:00,302.96,12.62,11.4,14.7,22.2,76.5,12.6,False
B004,B004_M3,2025-01-29 17:00:00,376.69,12.99,8.4,12.5,19.7,41.9,45.3,False
B004,B004_M1,2025-01-29 18:00:00,162.74,,9.8,15.0,19.7,50.2,41.6,False
B004,B004_M2,2025-01-29 19:00:00,161.93,,11.4,16.5,20.7,59.9,19.5,False
B004,B004_M1,2025-01-29 20:00:00,215.82,14.36,8.3,16.4,29.3,53.9,23.7,False
B004,B004_M3,2025-01-29 21:00:00,172.07,16.63,7.0,12.5,25.9,50.6,35.1,False
B005,B005_M2,2025-01-29 08:00:00,48.4,13.21,11.4,13.1,29.8,73.3,17.3,False
B005,B005_M5,2025-01-29 09:00:00,62.38,,10.4,12.9,27.6,71.6,28.2,False
B005,B005_M3,2025-01-29 10:00:00,84.03,13.14,11.0,12.9,18.3,44.8,25.8,False
B005,B005_M4,2025-01-29 11:00:00,64.47,7.35,10.6,12.2,16.3,78.5,29.9,False
B005,B005_M3,2025-01-29 12:00:00,76.92,14.68,9.4,13.2,22.2,61.5,25.0,False
B005,B005_M5,2025-01-29 13:00:00,65.71,13.04,11.4,16.2,25.5,62.9,23.4,False
B005,B005_M1,2025-01-29 14:00:00,57.65,7.75,9.1,12.2,29.4,60.4,43.7,False
B005,B005_M2,2025-01-29 15:00:00,78.99,12.96,11.8,12.4,28.6,74.4,18.8,False
B005,B005_M2,2025-01-29 16:00:00,46.98,12.55,7.2,17.3,21.7,50.9,45.9,False
B005,B005_M3,2025-01-29 17:00:00,150.38,7.56,7.5,17.2,21.4,78.7,42.3,True
B005,B005_M5,2025-01-29 18:00:00,42.62,,7.9,14.1,20.1,67.9,27.3,False
B005,B005_M3,2025-01-29 19:00:00,49.42,17.6,11.6,13.7,27.4,57.6,26.2,False
B005,B005_M4,2025-01-29 20:00:00,38.18,,7.7,15.8,23.2,53.1,47.4,False
B005,B005_M3,2025-01-29 21:00:00,33.51,18.09,7.0,17.4,25.5,76.6,11.0,False
B001,B001_M2,2025-01-30 08:00:00,104.3,10.94,9.7,16.9,19.0,79.2,15.7,False
B001,B001_M2,2025-01-30 09:00:00,175.6,15.28,9.0,16.9,22.7,41.6,32.2,False
B001,B001_M4,2025-01-30 10:00:00,197.73,10.19,10.5,16.0,24.6,54.0,40.6,False
B001,B001_M2,2025-01-30 11:00:00,199.24,,7.0,14.3,16.2,72.3,44.7,False
B001,B001_M5,2025-01-30 12:00:00,237.9,15.94,10.7,17.7,20.1,74.5,37.4,False
B001,B001_M4,2025-01-30 13:00:00,231.07,,10.8,18.0,29.5,51.6,28.9,False
B001,B001_M1,2025-01-30 14:00:00,271.99,7.46,7.2,15.9,18.3,78.1,29.6,False
B001,B001_M1,2025-01-30 15:00:00,187.24,10.55,9.9,16.9,21.7,57.9,33.9,False
B001,B001_M4,2025-01-30 16:00:00,234.33,12.64,7.7,17.8,27.5,74.7,31.7,False
B001,B001_M5,2025-01-30 17:00:00,211.09,19.6,12.0,16.0,19.8,55.6,41.3,False
B001,B001_M4,2025-01-30 18:00:00,136.85,,8.6,13.5,26.6,65.0,43.1,False
B001,B001_M3,2025-01-30 19:00:00,115.31,10.52,7.9,15.1,23.9,41.6,24.1,False
B001,B001_M5,2025-01-30 20:00:00,104.04,6.98,10.8,17.6,29.6,66.8,30.5,False
B001,B001_M1,2025-01-30 21:00:00,142.1,7.52,10.0,12.2,15.9,58.2,31.5,False
B002,B002_M4,2025-01-30 08:00:00,53.33,18.48,10.3,14.9,23.9,45.1,49.4,False
B002,B002_M2,2025-01-30 09:00:00,127.18,11.13,10.3,14.7,20.9,57.4,27.4,False
B002,B002_M4,2025-01-30 10:00:00,128.29,7.98,9.4,12.1,26.6,55.5,16.9,False
B002,B002_M4,2025-01-30 11:00:00,140.62,18.97,9.6,14.7,25.5,63.6,44.2,False
B002,B002_M2,2025-01-30 12:00:00,113.1,,9.3,14.0,19.5,63.1,11.3,False
B002,B002_M2,2025-01-30 13:00:00,121.6,9.09,11.1,12.3,18.9,40.8,29.7,False
B002,B002_M4,2025-01-30 14:00:00,110.94,12.03,10.1,13.8,28.0,70.6,17.8,False
B002,B002_M2,2025-01-30 15:00:00,155.39,9.37,11.9,14.3,21.2,74.3,33.7,False
B002,B002_M3,2025-01-30 16:00:00,183.42,16.34,8.1,17.5,20.4,54.5,23.3,False
B002,B002_M4,2025-01-30 17:00:00,91.53,18.09,11.3,15.5,20.7,52.5,28.6,False
B002,B002_M1,2025-01-30 18:00:00,94.38,12.7,8.4,16.5,16.7,77.1,27.3,False
B002,B002_M2,2025-01-30 19:00:00,59.44,,8.9,16.4,22.7,70.5,15.9,False
B002,B002_M1,2025-01-30 20:00:00,55.68,19.49,7.3,12.8,27.5,61.1,24.8,False
B002,B002_M3,2025-01-30 21:00:00,95.25,5.88,10.8,17.9,19.9,62.1,16.3,False
B003,B003_M3,2025-01-30 08:00:00,284.48,18.73,7.7,12.2,28.2,64.2,42.9,False
B003,B003_M1,2025-01-30 09:00:00,467.79,8.37,8.3,17.1,26.3,66.5,46.0,False
B003,B003_M2,2025-01-30 10:00:00,467.15,,11.4,16.0,28.6,68.6,44.2,False
B003,B003_M2,2025-01-30 11:00:00,358.61,14.27,7.3,14.1,20.8,63.4,34.5,False
B003,B003_M2,2025-01-30 12:00:00,474.13,17.56,8.0,15.8,28.0,67.4,45.3,False
B003,B003_M3,2025-01-30 13:00:00,417.4,6.56,11.4,13.5,24.6,71.6,15.7,False
B003,B003_M1,2025-01-30 14:00:00,513.46,12.87,8.0,15.6,16.9,76.9,21.8,False
B003,B003_M3,2025-01-30 15:00:00,404.87,,7.3,13.4,15.4,49.6,22.0,False
B003,B003_M3,2025-01-30 16:00:00,505.27,,8.8,13.0,17.1,52.0,27.3,False
B003,B003_M2,2025-01-30 17:00:00,555.42,6.43,7.3,14.4,26.9,41.9,21.7,False
B003,B003_M2,2025-01-30 18:00:00,320.42,6.96,7.0,16.2,18.8,50.2,48.8,False
B003,B003_M1,2025-01-30 19:00:00,281.87,7.77,9.4,16.0,16.2,69.7,29.8,False
B003,B003_M2,2025-01-30 20:00:00,281.66,7.49,8.7,14.4,21.7,67.2,10.7,False
B003,B003_M3,2025-01-30 21:00:00,295.8,,10.0,13.2,27.7,61.9,48.9,False
B004,B004_M1,2025-01-30 08:00:00,207.11,,11.3,17.4,20.1,58.4,43.8,False
B004,B004_M2,2025-01-30 09:00:00,296.41,14.79,10.3,13.3,15.7,50.2,43.8,False
B004,B004_M2,2025-01-30 10:00:00,371.42,,9.9,17.3,26.3,53.5,41.6,False
B004,B004_M3,2025-01-30 11:00:00,345.5,7.39,10.6,15.0,18.3,68.7,26.7,False
B004,B004_M1,2025-01-30 12:00:00,364.44,,10.1,12.4,21.4,62.3,29.8,False
B004,B004_M1,2025-01-30 13:00:00,352.18,17.91,10.3,16.0,22.5,43.1,44.2,False
B004,B004_M1,2025-01-30 14:00:00,303.57,19.5,10.4,12.2,15.6,59.1,21.0,False
B004,B004_M1,2025-01-30 15:00:00,272.9,8.55,8.7,14.5,27.5,69.4,28.6,False
B004,B004_M1,2025-01-30 16:00:00,322.04,8.88,11.1,12.8,16.0,64.8,21.4,False
B004,B004_M2,2025-01-30 17:00:00,364.23,,7.0,16.4,17.8,41.8,33.5,False
B004,B004_M1,2025-01-30 18:00:00,147.6,,10.6,15.0,23.2,48.7,43.5,False
B004,B004_M3,2025-01-30 19:00:00,200.49,,10.4,14.7,15.4,53.3,37.9,False
B004,B004_M2,2025-01-30 20:00:00,166.54,,9.4,13.8,24.6,46.5,39.1,False
B004,B004_M1,2025-01-30 21:00:00,237.43,16.59,7.7,15.7,28.1,63.2,16.1,False
B005,B005_M1,2025-01-30 08:00:00,81.86,18.03,9.8,15.4,18.6,55.2,36.5,True
B005,B005_M4,2025-01-30 09:00:00,69.03,,8.9,14.5,21.9,54.4,39.9,False
B005,B005_M1,2025-01-30 10:00:00,70.46,,10.4,14.3,24.3,75.3,24.7,False
B005,B005_M1,2025-01-30 11:00:00,79.16,,10.2,13.4,18.2,66.0,37.2,False
B005,B005_M2,2025-01-30 12:00:00,59.86,17.14,10.0,13.5,21.8,43.9,24.5,False
B005,B005_M2,2025-01-30 13:00:00,51.7,,10.4,13.5,16.4,45.4,26.2,False
B005,B005_M2,2025-01-30 14:00:00,95.69,14.3,9.5,15.7,24.3,70.9,38.3,False
B005,B005_M4,2025-01-30 15:00:00,71.26,,9.7,13.0,16.3,43.8,13.0,False
B005,B005_M5,2025-01-30 16:00:00,57.61,6.4,10.4,15.8,15.5,74.9,49.4,False
B005,B005_M5,2025-01-30 17:00:00,62.24,12.94,9.3,12.2,15.5,44.1,13.9,False
B005,B005_M1,2025-01-30 18:00:00,38.51,11.81,8.1,14.8,21.0,70.5,45.3,False
B005,B005_M4,2025-01-30 19:00:00,53.65,,7.8,16.2,21.4,73.6,19.1,False
B005,B005_M4,2025-01-30 20:00:00,32.06,,9.7,12.4,24.2,68.8,27.2,False
B005,B005_M3,2025-01-30 21:00:00,34.31,,9.9,14.6,16.7,61.2,40.7,False
B001,B001_M5,2025-01-31 08:00:00,107.11,18.23,7.0,15.2,22.8,54.2,12.6,False
B001,B001_M4,2025-01-31 09:00:00,196.33,,8.8,12.3,29.8,46.7,48.5,False
B001,B001_M4,2025-01-31 10:00:00,218.25,,8.4,13.6,21.9,58.5,21.2,False
B001,B001_M3,2025-01-31 11:00:00,139.27,14.27,11.8,17.4,24.3,74.6,25.5,False
B001,B001_M5,2025-01-31 12:00:00,178.99,19.29,8.7,12.3,27.8,45.5,41.4,False
B001,B001_M1,2025-01-31 13:00:00,156.45,,12.0,17.1,20.4,70.8,22.0,False
B001,B001_M1,2025-01-31 14:00:00,167.94,10.94,11.2,12.6,28.7,54.8,36.8,False
B001,B001_M5,2025-01-31 15:00:00,219.61,19.1,7.5,17.7,25.2,64.7,32.7,False
B001,B001_M2,2025-01-31 16:00:00,223.03,19.84,7.8,14.3,23.8,66.3,46.6,False
B001,B001_M3,2025-01-31 17:00:00,151.27,17.09,10.9,14.5,16.1,50.3,32.0,False
B001,B001_M2,2025-01-31 18:00:00,112.5,,10.7,15.3,17.0,46.5,14.8,False
B001,B001_M4,2025-01-31 19:00:00,111.47,,10.6,15.8,28.7,70.1,21.2,False
B001,B001_M3,2025-01-31 20:00:00,96.69,17.0,7.1,15.4,17.7,49.4,29.7,False
B001,B001_M1,2025-01-31 21:00:00,169.39,9.59,8.9,15.0,22.9,61.2,29.4,False
B002,B002_M3,2025-01-31 08:00:00,67.14,17.53,7.4,13.5,16.8,73.6,15.3,False
B002,B002_M1,2025-01-31 09:00:00,147.49,5.55,8.8,16.5,23.7,59.2,29.8,False
B002,B002_M4,2025-01-31 10:00:00,336.26,7.28,12.0,16.1,22.2,75.4,34.9,True
B002,B002_M4,2025-01-31 11:00:00,113.31,7.85,7.9,15.4,19.8,44.7,21.0,False
B002,B002_M2,2025-01-31 12:00:00,139.53,6.25,7.8,16.6,22.0,59.0,43.3,False
B002,B002_M3,2025-01-31 13:00:00,105.88,6.17,7.4,13.5,22.0,59.2,48.0,False
B002,B002_M2,2025-01-31 14:00:00,197.6,,8.5,14.1,20.3,60.2,21.6,False
B002,B002_M3,2025-01-31 15:00:00,101.86,6.12,11.9,12.9,16.2,79.8,43.3,False
B002,B002_M2,2025-01-31 16:00:00,162.15,11.44,9.8,17.3,16.4,63.1,16.3,False
B002,B002_M2,2025-01-31 17:00:00,112.96,,8.1,17.5,24.8,63.0,18.7,False
B002,B002_M1,2025-01-31 18:00:00,181.55,13.64,11.3,16.6,24.4,43.0,20.0,True
B002,B002_M4,2025-01-31 19:00:00,65.37,,10.3,14.5,25.5,41.7,35.4,False
B002,B002_M3,2025-01-31 20:00:00,81.96,8.75,11.6,13.8,21.5,41.9,36.1,False
B002,B002_M1,2025-01-31 21:00:00,98.16,18.03,8.9,17.3,29.0,64.0,30.0,False
B003,B003_M1,2025-01-31 08:00:00,307.87,,10.2,13.9,15.7,68.4,25.0,False
B003,B003_M1,2025-01-31 09:00:00,491.12,18.48,8.9,15.9,27.4,50.7,44.3,False
B003,B003_M3,2025-01-31 10:00:00,369.89,7.92,10.2,12.1,26.8,50.9,12.2,False
B003,B003_M3,2025-01-31 11:00:00,590.03,8.54,8.6,16.8,18.2,42.6,34.5,False
B003,B003_M1,2025-01-31 12:00:00,434.58,11.25,8.2,13.9,20.5,76.3,42.0,False
B003,B003_M3,2025-01-31 13:00:00,488.76,,9.9,18.0,23.0,40.3,28.0,False
B003,B003_M2,2025-01-31 14:00:00,537.46,7.34,7.7,17.9,26.2,52.2,18.9,False
B003,B003_M2,2025-01-31 15:00:00,399.46,8.72,7.3,13.7,18.9,60.1,27.8,False
B003,B003_M2,2025-01-31 16:00:00,474.3,7.27,9.1,16.5,28.4,66.4,17.3,False
B003,B003_M2,2025-01-31 17:00:00,391.15,7.65,8.5,14.3,17.7,61.1,45.8,False
B003,B003_M3,2025-01-31 18:00:00,239.71,5.08,10.1,14.3,22.5,61.7,11.4,False
B003,B003_M2,2025-01-31 19:00:00,306.57,19.79,11.1,15.3,24.3,63.7,31.2,False
B003,B003_M3,2025-01-31 20:00:00,252.3,,9.0,12.6,23.3,52.5,17.3,False
B003,B003_M3,2025-01-31 21:00:00,252.58,,9.7,13.0,17.9,56.8,43.7,False
B004,B004_M1,2025-01-31 08:00:00,201.63,5.06,11.3,15.1,21.4,58.7,39.8,False
B004,B004_M1,2025-01-31 09:00:00,244.83,6.39,9.0,17.1,24.6,40.2,35.1,False
B004,B004_M2,2025-01-31 10:00:00,242.57,9.91,10.3,17.0,25.4,55.4,26.8,False
B004,B004_M2,2025-01-31 11:00:00,334.35,,8.6,17.8,27.3,68.0,21.6,False
B004,B004_M1,2025-01-31 12:00:00,323.19,,11.5,15.4,20.8,68.1,23.6,False
B004,B004_M3,2025-01-31 13:00:00,312.72,11.26,11.3,17.8,18.1,56.4,21.9,False
B004,B004_M3,2025-01-31 14:00:00,292.96,6.5,9.2,16.0,25.4,50.6,37.5,False
B004,B004_M2,2025-01-31 15:00:00,240.32,,8.3,12.0,23.0,70.5,24.7,False
B004,B004_M2,2025-01-31 16:00:00,335.71,14.89,11.1,12.2,20.9,67.0,22.8,False
B004,B004_M3,2025-01-31 17:00:00,384.71,16.3,7.2,17.2,23.8,42.4,26.5,False
B004,B004_M1,2025-01-31 18:00:00,198.31,16.43,11.0,12.6,27.6,72.0,12.6,False
B004,B004_M1,2025-01-31 19:00:00,152.66,6.83,7.1,17.7,21.8,50.5,32.5,False
B004,B004_M3,2025-01-31 20:00:00,205.76,15.19,12.0,13.0,24.8,40.2,17.0,False
B004,B004_M1,2025-01-31 21:00:00,167.3,17.28,8.8,13.7,16.5,41.8,31.5,False
B005,B005_M1,2025-01-31 08:00:00,44.05,,7.1,12.0,20.2,60.9,43.2,False
B005,B005_M1,2025-01-31 09:00:00,85.42,6.46,8.9,13.0,21.1,72.1,27.0,False
B005,B005_M5,2025-01-31 10:00:00,49.96,,7.3,17.7,22.2,45.8,33.1,False
B005,B005_M1,2025-01-31 11:00:00,56.07,18.13,8.6,17.0,17.5,49.2,10.2,False
B005,B005_M2,2025-01-31 12:00:00,99.66,16.49,9.1,15.1,27.6,73.9,13.0,False
B005,B005_M3,2025-01-31 13:00:00,68.77,5.55,10.1,12.2,22.1,41.8,46.4,False
B005,B005_M1,2025-01-31 14:00:00,108.76,,7.9,15.3,28.4,42.8,20.6,True
B005,B005_M1,2025-01-31 15:00:00,68.18,,8.8,13.6,27.6,72.8,24.9,False
B005,B005_M3,2025-01-31 16:00:00,52.49,18.55,11.0,13.9,24.9,60.8,44.0,False
B005,B005_M1,2025-01-31 17:00:00,59.25,19.71,10.2,12.8,24.2,69.8,42.3,False
B005,B005_M2,2025-01-31 18:00:00,30.98,,10.6,15.7,27.4,77.8,39.4,False
B005,B005_M4,2025-01-31 19:00:00,37.65,9.17,8.0,16.7,24.7,43.2,12.6,False
B005,B005_M5,2025-01-31 20:00:00,38.58,7.13,7.7,15.1,23.1,71.8,24.1,False
B005,B005_M5,2025-01-31 21:00:00,42.06,,9.6,15.6,22.5,66.1,33.3,False
B001,B001_M3,2025-02-01 08:00:00,74.02,15.12,9.3,13.8,19.7,62.0,33.7,False
B001,B001_M4,2025-02-01 09:00:00,121.64,,10.2,13.8,22.3,64.7,26.4,False
B001,B001_M5,2025-02-01 10:00:00,82.17,,7.7,15.4,26.5,42.1,12.4,False
B001,B001_M2,2025-02-01 11:00:00,81.67,,12.0,14.1,24.8,67.3,13.8,False
B001,B001_M3,2025-02-01 12:00:00,89.45,9.06,10.9,14.8,28.8,54.0,28.5,False
B001,B001_M2,2025-02-01 13:00:00,79.83,14.94,9.3,17.7,26.4,53.4,45.3,False
B001,B001_M5,2025-02-01 14:00:00,75.15,5.72,11.9,13.1,17.5,49.5,20.9,False
B001,B001_M1,2025-02-01 15:00:00,86.01,15.46,8.1,17.0,18.6,47.6,19.8,False
B001,B001_M1,2025-02-01 16:00:00,86.43,6.63,8.0,16.6,23.9,75.5,15.4,False
B001,B001_M5,2025-02-01 17:00:00,66.57,,10.5,15.9,19.6,60.2,17.8,False
B001,B001_M5,2025-02-01 18:00:00,94.99,,9.5,12.9,22.1,44.2,40.4,False
B001,B001_M4,2025-02-01 19:00:00,108.5,10.57,10.8,15.9,19.7,73.0,31.5,False
B001,B001_M3,2025-02-01 20:00:00,60.15,14.02,9.4,17.8,23.7,41.8,13.1,False
B001,B001_M4,2025-02-01 21:00:00,114.19,6.5,10.0,14.3,20.4,44.5,39.0,False
B002,B002_M1,2025-02-01 08:00:00,55.16,9.82,9.2,17.5,29.9,79.7,46.7,False
B002,B002_M3,2025-02-01 09:00:00,45.69,16.75,10.8,14.5,18.0,57.6,44.1,False
B002,B002_M4,2025-02-01 10:00:00,44.49,15.21,11.5,13.8,29.9,45.3,30.2,False
B002,B002_M1,2025-02-01 11:00:00,53.12,17.42,7.2,17.5,18.2,43.1,27.2,False
B002,B002_M4,2025-02-01 12:00:00,38.34,19.77,9.7,16.4,18.3,63.7,14.0,False
B002,B002_M1,2025-02-01 13:00:00,85.1,,10.8,14.2,28.6,58.4,29.8,False
B002,B002_M3,2025-02-01 14:00:00,50.94,5.1,8.7,13.5,19.1,43.1,34.4,False
B002,B002_M2,2025-02-01 15:00:00,61.24,9.35,11.2,14.0,26.7,62.1,11.3,False
B002,B002_M4,2025-02-01 16:00:00,84.96,,10.5,13.6,22.2,79.3,22.2,False
B002,B002_M1,2025-02-01 17:00:00,58.41,,9.3,14.4,29.7,44.7,17.6,False
B002,B002_M1,2025-02-01 18:00:00,54.06,19.05,10.2,13.2,19.7,53.9,44.1,False
B002,B002_M3,2025-02-01 19:00:00,144.07,10.53,8.1,15.1,21.8,56.0,38.5,True
B002,B002_M3,2025-02-01 20:00:00,42.78,15.46,8.4,14.7,17.8,59.0,26.5,False
B002,B002_M4,2025-02-01 21:00:00,66.65,,9.4,15.4,27.2,69.1,33.4,False
B003,B003_M2,2025-02-01 08:00:00,211.72,13.62,9.1,13.1,21.2,70.8,38.6,False
B003,B003_M1,2025-02-01 09:00:00,185.49,6.85,9.2,13.3,26.2,72.8,34.2,False
B003,B003_M3,2025-02-01 10:00:00,246.85,14.18,8.0,12.3,15.3,71.6,19.9,False
B003,B003_M1,2025-02-01 11:00:00,162.55,16.58,11.8,16.8,18.0,52.2,12.1,False
B003,B003_M3,2025-02-01 12:00:00,247.49,19.2,11.7,14.1,21.5,61.1,49.0,False
B003,B003_M1,2025-02-01 13:00:00,205.98,8.79,9.5,15.9,29.5,71.7,34.2,False
B003,B003_M1,2025-02-01 14:00:00,248.18,7.94,11.0,12.1,27.5,44.1,49.5,False
B003,B003_M1,2025-02-01 15:00:00,150.7,7.87,8.7,14.7,24.7,48.4,17.9,False
B003,B003_M1,2025-02-01 16:00:00,223.99,11.36,10.2,17.8,15.5,75.1,47.1,False
B003,B003_M3,2025-02-01 17:00:00,269.04,,8.7,15.5,16.2,62.9,38.4,False
B003,B003_M2,2025-02-01 18:00:00,209.73,6.27,7.8,13.7,24.9,50.5,40.0,False
B003,B003_M2,2025-02-01 19:00:00,173.45,14.72,8.7,13.5,17.5,52.9,16.9,False
B003,B003_M3,2025-02-01 20:00:00,192.91,,11.2,17.7,27.5,65.5,27.7,False
B003,B003_M1,2025-02-01 21:00:00,219.29,13.68,10.1,18.0,29.4,72.2,48.5,False
B004,B004_M1,2025-02-01 08:00:00,156.19,,11.7,12.7,15.9,57.8,48.0,False
B004,B004_M2,2025-02-01 09:00:00,123.07,10.85,11.8,15.0,17.6,45.0,29.6,False
B004,B004_M1,2025-02-01 10:00:00,135.99,,8.9,14.2,22.7,47.8,28.9,False
B004,B004_M1,2025-02-01 11:00:00,381.74,5.3,9.7,16.0,15.1,49.3,34.5,True
B004,B004_M1,2025-02-01 12:00:00,141.9,17.38,11.9,12.4,29.2,78.7,34.4,False
B004,B004_M2,2025-02-01 13:00:00,173.95,,11.6,14.2,29.2,76.7,38.5,False
B004,B004_M3,2025-02-01 14:00:00,266.03,7.63,7.2,15.8,15.8,62.5,15.7,True
B004,B004_M2,2025-02-01 15:00:00,159.87,7.24,10.4,12.9,24.8,55.1,21.6,False
B004,B004_M2,2025-02-01 16:00:00,140.49,15.73,9.8,13.1,26.0,41.9,32.1,False
B004,B004_M2,2025-02-01 17:00:00,169.41,17.28,8.8,15.5,27.2,73.6,40.5,False
B004,B004_M1,2025-02-01 18:00:00,123.9,7.84,9.8,14.0,28.4,52.9,39.4,False
B004,B004_M2,2025-02-01 19:00:00,173.17,8.86,9.9,13.5,23.3,63.6,49.7,False
B004,B004_M1,2025-02-01 20:00:00,167.4,15.45,11.1,17.0,18.3,69.8,42.9,False
B004,B004_M3,2025-02-01 21:00:00,170.37,,7.3,14.4,20.1,70.0,46.1,False
B005,B005_M1,2025-02-01 08:00:00,37.49,,7.3,13.6,20.8,62.4,49.2,False
B005,B005_M2,2025-02-01 09:00:00,26.95,5.57,8.9,13.0,24.6,67.3,48.3,False
B005,B005_M5,2025-02-01 10:00:00,24.23,6.84,7.6,17.6,21.0,58.5,27.8,False
B005,B005_M4,2025-02-01 11:00:00,76.57,,11.8,15.2,29.2,60.2,37.1,True
B005,B005_M1,2025-02-01 12:00:00,26.01,11.29,10.1,16.3,26.7,66.6,12.7,False
B005,B005_M5,2025-02-01 13:00:00,31.43,10.16,8.9,16.6,22.1,61.4,11.4,False
B005,B005_M4,2025-02-01 14:00:00,20.71,,10.2,17.8,24.2,43.1,42.0,False
B005,B005_M2,2025-02-01 15:00:00,27.01,,7.5,15.2,16.4,40.9,10.8,False
B005,B005_M3,2025-02-01 16:00:00,33.47,,7.3,15.6,20.2,64.1,12.1,False
B005,B005_M3,2025-02-01 17:00:00,26.05,,11.0,15.5,20.0,75.7,35.5,False
B005,B005_M1,2025-02-01 18:00:00,35.04,,10.7,16.7,29.0,72.5,10.6,False
B005,B005_M4,2025-02-01 19:00:00,35.44,11.31,11.9,14.4,23.7,64.7,32.1,False
B005,B005_M2,2025-02-01 20:00:00,27.4,,10.6,13.3,23.1,47.2,19.9,False
B005,B005_M3,2025-02-01 21:00:00,34.56,5.52,10.6,15.7,20.6,68.1,37.7,False
B001,B001_M4,2025-02-02 08:00:00,105.2,,9.5,12.7,21.2,45.7,29.0,False
B001,B001_M4,2025-02-02 09:00:00,77.67,12.72,9.7,17.6,17.3,56.3,26.0,False
B001,B001_M3,2025-02-02 10:00:00,95.75,,7.0,15.5,17.2,62.0,16.6,False
B001,B001_M2,2025-02-02 11:00:00,106.3,,10.3,17.3,15.1,67.0,35.3,False
B001,B001_M4,2025-02-02 12:00:00,108.78,5.13,8.1,14.8,18.5,65.7,44.5,False
B001,B001_M3,2025-02-02 13:00:00,112.83,9.18,7.0,15.2,29.0,64.5,30.7,False
B001,B001_M3,2025-02-02 14:00:00,99.78,19.94,7.5,12.7,27.4,79.8,16.4,False
B001,B001_M4,2025-02-02 15:00:00,126.71,,10.9,16.6,16.5,68.1,46.4,False
B001,B001_M2,2025-02-02 16:00:00,65.15,12.44,11.5,14.2,18.6,44.0,30.7,False
B001,B001_M1,2025-02-02 17:00:00,69.97,,8.0,14.6,25.7,72.7,39.7,False
B001,B001_M5,2025-02-02 18:00:00,123.99,14.4,8.6,13.1,18.9,52.0,18.5,False
B001,B001_M5,2025-02-02 19:00:00,109.8,16.07,7.1,14.9,27.1,48.1,49.5,False
B001,B001_M3,2025-02-02 20:00:00,80.41,15.6,10.4,13.8,28.3,66.6,17.7,False
B001,B001_M3,2025-02-02 21:00:00,117.43,13.49,10.8,13.5,28.9,68.7,28.2,False
B002,B002_M2,2025-02-02 08:00:00,81.51,7.34,7.4,17.8,15.1,66.2,32.4,False
B002,B002_M3,2025-02-02 09:00:00,93.06,12.14,8.5,16.7,28.8,74.0,28.7,True
B002,B002_M3,2025-02-02 10:00:00,54.94,15.42,9.3,17.0,30.0,45.7,38.6,True
B002,B002_M3,2025-02-02 11:00:00,58.88,7.29,10.1,17.3,25.2,71.7,16.1,False
B002,B002_M1,2025-02-02 12:00:00,62.65,,9.5,13.5,21.6,53.8,49.1,False
B002,B002_M2,2025-02-02 13:00:00,57.32,14.81,10.7,14.9,21.6,78.1,16.0,False
B002,B002_M1,2025-02-02 14:00:00,64.4,18.23,9.1,17.3,18.1,46.3,34.7,False
B002,B002_M4,2025-02-02 15:00:00,52.94,10.93,9.5,18.0,18.8,53.1,16.1,False
B002,B002_M1,2025-02-02 16:00:00,68.93,16.24,12.0,16.8,16.7,75.8,26.4,True
B002,B002_M3,2025-02-02 17:00:00,62.6,16.16,11.7,17.6,20.9,73.8,29.7,False
B002,B002_M3,2025-02-02 18:00:00,57.37,5.99,11.7,13.1,28.4,68.9,19.1,False
B002,B002_M4,2025-02-02 19:00:00,51.66,,11.0,15.3,26.3,56.8,17.1,False
B002,B002_M4,2025-02-02 20:00:00,57.26,16.68,7.6,12.4,27.0,40.5,25.1,False
B002,B002_M2,2025-02-02 21:00:00,83.11,15.12,9.3,12.6,28.1,43.9,16.8,False
B003,B003_M3,2025-02-02 08:00:00,202.19,16.34,8.9,15.5,22.9,61.5,47.2,False
B003,B003_M3,2025-02-02 09:00:00,282.95,9.63,7.3,13.2,18.6,55.2,48.0,False
B003,B003_M3,2025-02-02 10:00:00,235.6,14.92,10.8,12.5,27.9,55.7,14.7,False
B003,B003_M3,2025-02-02 11:00:00,201.95,19.78,11.1,17.7,20.2,58.6,31.1,False
B003,B003_M2,2025-02-02 12:00:00,186.62,16.53,11.9,17.5,29.8,73.2,39.9,False
B003,B003_M3,2025-02-02 13:00:00,160.59,10.53,8.1,12.4,25.2,55.6,48.4,False
B003,B003_M2,2025-02-02 14:00:00,230.95,14.61,7.9,12.5,27.4,75.7,25.9,False
B003,B003_M3,2025-02-02 15:00:00,273.06,9.79,10.9,14.5,15.3,77.3,40.5,False
B003,B003_M1,2025-02-02 16:00:00,208.19,11.57,9.2,13.2,17.0,42.0,28.4,False
B003,B003_M2,2025-02-02 17:00:00,190.62,10.37,9.6,17.2,28.9,61.3,25.3,False
B003,B003_M1,2025-02-02 18:00:00,199.55,8.29,8.5,12.8,15.9,73.3,15.1,False
B003,B003_M1,2025-02-02 19:00:00,200.68,17.09,7.2,13.1,29.5,47.0,19.4,False
B003,B003_M3,2025-02-02 20:00:00,152.47,,8.4,17.6,17.1,52.8,38.4,False
B003,B003_M1,2025-02-02 21:00:00,237.45,18.44,9.7,14.8,24.2,70.0,41.8,False
B004,B004_M3,2025-02-02 08:00:00,118.56,11.43,10.0,13.4,16.2,50.1,28.4,False
B004,B004_M2,2025-02-02 09:00:00,119.29,5.28,7.2,14.9,23.1,56.9,38.6,False
B004,B004_M1,2025-02-02 10:00:00,163.0,10.08,11.5,16.7,27.1,55.6,30.2,False
B004,B004_M3,2025-02-02 11:00:00,165.61,,11.0,15.3,25.7,44.5,32.9,False
B004,B004_M2,2025-02-02 12:00:00,117.14,18.97,7.2,12.9,17.8,59.6,46.8,False
B004,B004_M1,2025-02-02 13:00:00,306.5,13.54,10.7,16.4,25.1,52.7,42.4,True
B004,B004_M1,2025-02-02 14:00:00,143.33,7.71,7.7,15.8,24.4,52.7,45.1,False
B004,B004_M1,2025-02-02 15:00:00,113.47,16.97,11.4,14.2,23.5,77.3,35.3,False
B004,B004_M2,2025-02-02 16:00:00,129.47,,8.9,16.2,24.1,46.9,36.6,False
B004,B004_M1,2025-02-02 17:00:00,153.86,18.43,10.3,16.5,28.1,49.0,37.4,False
B004,B004_M1,2025-02-02 18:00:00,108.56,8.84,7.7,13.3,27.5,78.9,22.4,False
B004,B004_M2,2025-02-02 19:00:00,267.88,,7.7,17.2,27.1,71.8,36.7,True
B004,B004_M2,2025-02-02 20:00:00,128.65,16.35,11.8,12.3,27.4,67.2,35.0,False
B004,B004_M1,2025-02-02 21:00:00,140.66,13.23,8.2,13.1,29.0,48.8,42.6,False
B005,B005_M2,2025-02-02 08:00:00,36.01,11.01,9.5,14.1,22.2,71.8,31.0,False
B005,B005_M3,2025-02-02 09:00:00,36.87,19.23,8.9,12.7,26.6,58.7,21.4,False
B005,B005_M1,2025-02-02 10:00:00,24.59,,7.6,13.7,27.0,77.7,16.5,False
B005,B005_M5,2025-02-02 11:00:00,37.87,13.77,11.0,14.4,23.2,65.1,41.9,False
B005,B005_M2,2025-02-02 12:00:00,24.07,19.99,11.4,17.8,23.0,66.4,30.0,False
B005,B005_M5,2025-02-02 13:00:00,26.84,18.77,8.4,12.9,15.6,47.6,42.2,False
B005,B005_M4,2025-02-02 14:00:00,34.73,17.55,11.5,14.7,22.5,51.5,22.6,False
B005,B005_M1,2025-02-02 15:00:00,41.05,,11.5,13.2,24.1,66.7,20.0,False
B005,B005_M3,2025-02-02 16:00:00,27.18,10.7,8.8,12.1,25.7,59.2,45.7,False
B005,B005_M5,2025-02-02 17:00:00,20.56,,8.8,15.6,29.1,51.6,44.1,False
B005,B005_M2,2025-02-02 18:00:00,24.97,,10.6,17.0,16.8,69.1,17.4,False
B005,B005_M3,2025-02-02 19:00:00,35.66,6.65,7.8,13.0,19.2,44.6,36.8,False
B005,B005_M1,2025-02-02 20:00:00,35.36,13.07,7.3,17.9,16.2,48.4,48.9,False
B005,B005_M2,2025-02-02 21:00:00,32.25,,7.8,12.7,25.0,66.1,33.9,False
B001,B001_M3,2025-02-03 08:00:00,145.13,11.55,7.3,14.9,19.7,75.2,15.1,False
B001,B001_M3,2025-02-03 09:00:00,240.51,13.94,10.5,15.9,22.3,47.2,11.7,False
B001,B001_M1,2025-02-03 10:00:00,191.38,11.4,11.9,13.0,26.8,53.1,20.3,False
B001,B001_M4,2025-02-03 11:00:00,245.12,14.64,11.6,15.0,23.6,61.6,20.2,False
B001,B001_M1,2025-02-03 12:00:00,170.23,10.62,9.7,16.1,21.0,57.9,18.3,False
B001,B001_M4,2025-02-03 13:00:00,188.79,11.56,10.5,15.8,22.0,78.8,49.1,False
B001,B001_M1,2025-02-03 14:00:00,356.15,12.82,9.1,15.8,29.8,72.0,29.6,True
B001,B001_M4,2025-02-03 15:00:00,185.53,9.7,11.1,14.0,29.8,62.3,42.4,False
B001,B001_M4,2025-02-03 16:00:00,202.26,,7.9,14.7,17.9,61.6,27.4,False
B001,B001_M4,2025-02-03 17:00:00,254.34,5.51,8.7,12.8,24.7,47.3,17.1,False
B001,B001_M3,2025-02-03 18:00:00,140.69,16.56,11.7,17.9,25.5,46.4,39.9,False
B001,B001_M1,2025-02-03 19:00:00,131.47,5.83,11.6,13.3,19.9,77.6,14.4,False
B001,B001_M4,2025-02-03 20:00:00,109.48,,9.5,14.5,23.1,45.6,43.3,False
B001,B001_M3,2025-02-03 21:00:00,109.84,,8.4,13.9,23.8,55.7,24.3,False
B002,B002_M1,2025-02-03 08:00:00,58.21,16.7,9.7,17.4,21.3,57.2,32.1,False
B002,B002_M2,2025-02-03 09:00:00,159.27,10.38,9.1,16.9,22.5,65.1,41.4,False
B002,B002_M2,2025-02-03 10:00:00,139.59,17.22,7.2,16.6,27.7,50.5,36.5,False
B002,B002_M4,2025-02-03 11:00:00,341.48,5.95,8.2,13.0,20.1,75.8,41.3,True
B002,B002_M3,2025-02-03 12:00:00,141.7,,9.8,12.6,16.8,42.4,31.7,False
B002,B002_M1,2025-02-03 13:00:00,184.22,12.63,9.1,13.3,24.9,41.8,41.1,False
B002,B002_M3,2025-02-03 14:00:00,115.9,7.98,8.3,13.7,19.6,62.3,28.0,False
B002,B002_M3,2025-02-03 15:00:00,131.94,10.89,10.9,13.8,25.7,66.2,27.4,False
B002,B002_M2,2025-02-03 16:00:00,131.7,10.56,9.8,14.8,22.6,43.8,20.7,False
B002,B002_M4,2025-02-03 17:00:00,188.87,17.3,9.9,13.5,25.5,42.1,44.5,False
B002,B002_M3,2025-02-03 18:00:00,131.47,,11.7,16.4,21.7,75.3,23.9,True
B002,B002_M2,2025-02-03 19:00:00,93.21,,10.4,12.7,16.7,59.7,42.2,False
B002,B002_M4,2025-02-03 20:00:00,93.36,,9.9,16.2,20.7,56.5,23.8,False
B002,B002_M3,2025-02-03 21:00:00,59.11,7.1,9.7,14.7,28.4,75.2,23.3,False
B003,B003_M2,2025-02-03 08:00:00,321.97,15.12,10.4,14.4,28.1,65.5,14.8,False
B003,B003_M2,2025-02-03 09:00:00,656.33,9.11,9.8,17.8,19.5,62.8,36.7,False
B003,B003_M3,2025-02-03 10:00:00,520.87,,9.8,17.8,27.9,78.0,32.4,False
B003,B003_M1,2025-02-03 11:00:00,441.93,8.28,9.6,12.0,25.3,49.5,46.9,False
B003,B003_M2,2025-02-03 12:00:00,462.83,19.91,7.8,14.0,24.8,76.6,15.0,False
B003,B003_M1,2025-02-03 13:00:00,484.29,12.12,9.7,15.1,28.5,60.3,15.2,False
B003,B003_M3,2025-02-03 14:00:00,378.08,,10.2,16.0,29.3,73.4,35.4,False
B003,B003_M1,2025-02-03 15:00:00,434.11,,8.1,13.3,27.9,65.3,27.3,False
B003,B003_M1,2025-02-03 16:00:00,483.17,17.54,8.0,17.5,17.1,46.9,41.0,False
B003,B003_M1,2025-02-03 17:00:00,432.67,11.96,10.2,15.0,24.9,43.0,44.6,False
B003,B003_M3,2025-02-03 18:00:00,539.94,12.27,10.5,12.1,17.8,58.1,26.8,True
B003,B003_M1,2025-02-03 19:00:00,217.77,5.83,8.6,17.9,18.4,69.7,10.3,False
B003,B003_M2,2025-02-03 20:00:00,337.08,19.56,10.0,13.1,24.9,68.8,26.4,False
B003,B003_M2,2025-02-03 21:00:00,247.49,5.81,11.3,14.5,26.1,67.1,45.6,False
B004,B004_M1,2025-02-03 08:00:00,164.22,17.6,9.4,13.7,19.0,70.0,39.3,False
B004,B004_M3,2025-02-03 09:00:00,251.97,7.03,10.4,17.1,27.3,78.0,41.1,False
B004,B004_M3,2025-02-03 10:00:00,343.56,,8.5,17.6,24.1,64.8,49.8,False
B004,B004_M1,2025-02-03 11:00:00,292.33,,7.3,14.8,18.1,52.8,26.2,False
B004,B004_M2,2025-02-03 12:00:00,214.63,11.41,10.5,13.9,19.5,79.6,29.6,False
B004,B004_M3,2025-02-03 13:00:00,387.23,5.93,11.8,14.1,25.0,69.7,37.4,False
B004,B004_M2,2025-02-03 14:00:00,298.41,6.33,8.8,17.9,29.6,47.4,39.1,False
B004,B004_M1,2025-02-03 15:00:00,318.74,14.96,10.9,17.5,25.9,51.0,33.7,False
B004,B004_M3,2025-02-03 16:00:00,287.02,8.17,11.4,17.9,15.9,55.4,24.6,False
B004,B004_M1,2025-02-03 17:00:00,655.47,14.23,10.3,12.6,19.0,52.8,38.7,True
B004,B004_M2,2025-02-03 18:00:00,177.42,15.62,9.9,13.4,15.9,75.4,38.9,False
B004,B004_M1,2025-02-03 19:00:00,143.64,19.82,12.0,17.7,28.5,64.8,24.1,False
B004,B004_M1,2025-02-03 20:00:00,182.08,10.39,9.5,12.9,15.3,53.1,49.9,False
B004,B004_M1,2025-02-03 21:00:00,196.12,8.33,11.4,16.5,29.0,73.1,31.0,False
B005,B005_M3,2025-02-03 08:00:00,51.51,8.42,8.9,12.5,22.3,58.5,30.3,False
B005,B005_M4,2025-02-03 09:00:00,63.23,16.91,10.0,16.8,24.5,75.8,45.3,False
B005,B005_M2,2025-02-03 10:00:00,58.23,15.43,10.2,17.1,18.2,49.5,33.3,False
B005,B005_M4,2025-02-03 11:00:00,62.12,,10.6,15.5,28.4,44.9,11.4,False
B005,B005_M4,2025-02-03 12:00:00,88.14,,11.8,16.5,27.7,51.8,22.8,False
B005,B005_M2,2025-02-03 13:00:00,51.68,6.58,9.7,12.4,19.6,64.5,20.1,False
B005,B005_M4,2025-02-03 14:00:00,67.39,13.68,11.0,13.2,16.7,65.5,19.5,False
B005,B005_M1,2025-02-03 15:00:00,87.62,7.17,8.0,12.7,29.8,68.8,12.2,False
B005,B005_M4,2025-02-03 16:00:00,74.1,19.78,8.0,16.4,18.4,44.9,26.0,False
B005,B005_M1,2025-02-03 17:00:00,64.42,18.05,7.9,15.8,22.8,67.8,46.5,False
B005,B005_M4,2025-02-03 18:00:00,31.6,13.88,11.3,17.8,28.6,71.3,28.4,False
B005,B005_M4,2025-02-03 19:00:00,34.13,16.64,8.6,14.9,17.7,72.7,44.1,False
B005,B005_M2,2025-02-03 20:00:00,38.9,,10.4,16.4,26.9,70.8,10.7,False
B005,B005_M5,2025-02-03 21:00:00,92.94,19.1,10.4,14.3,20.1,63.4,47.9,True
B001,B001_M2,2025-02-04 08:00:00,106.12,,9.0,13.2,23.5,56.3,31.0,False
B001,B001_M5,2025-02-04 09:00:00,186.57,,9.1,15.2,16.4,62.5,14.2,False
B001,B001_M3,2025-02-04 10:00:00,201.99,,9.2,17.4,25.2,45.2,23.6,False
B001,B001_M4,2025-02-04 11:00:00,171.06,,9.9,15.4,21.8,61.3,45.2,False
B001,B001_M5,2025-02-04 12:00:00,259.23,9.27,10.9,14.2,26.4,64.0,30.2,False
B001,B001_M4,2025-02-04 13:00:00,242.61,7.97,8.9,12.6,19.3,40.9,26.7,False
B001,B001_M2,2025-02-04 14:00:00,179.62,,7.2,12.0,29.2,50.6,17.9,False
B001,B001_M2,2025-02-04 15:00:00,198.7,18.41,10.0,17.1,21.3,47.7,19.3,False
B001,B001_M1,2025-02-04 16:00:00,184.36,7.98,8.4,12.4,20.6,70.0,15.7,False
B001,B001_M4,2025-02-04 17:00:00,241.16,18.81,11.5,17.9,29.0,64.3,39.8,False
B001,B001_M4,2025-02-04 18:00:00,116.51,,10.0,15.9,15.2,45.6,34.8,False
B001,B001_M1,2025-02-04 19:00:00,120.27,,10.0,18.0,26.4,79.2,20.3,False
B001,B001_M5,2025-02-04 20:00:00,97.37,15.74,10.3,17.5,21.0,64.9,47.3,False
B001,B001_M2,2025-02-04 21:00:00,87.24,6.68,8.3,14.9,23.6,44.8,24.5,False
B002,B002_M2,2025-02-04 08:00:00,77.76,12.57,9.7,15.7,27.6,59.3,30.0,False
B002,B002_M2,2025-02-04 09:00:00,130.22,5.21,11.1,14.3,24.6,53.4,45.2,False
B002,B002_M4,2025-02-04 10:00:00,118.14,,10.6,12.2,19.0,46.8,36.6,False
B002,B002_M1,2025-02-04 11:00:00,95.6,,8.7,12.1,15.3,72.7,32.8,False
B002,B002_M1,2025-02-04 12:00:00,102.45,15.02,11.9,13.7,27.7,77.9,31.3,False
B002,B002_M3,2025-02-04 13:00:00,317.76,16.45,8.6,17.2,30.0,43.7,11.2,True
B002,B002_M3,2025-02-04 14:00:00,130.13,,8.7,17.1,21.5,76.1,48.8,False
B002,B002_M2,2025-02-04 15:00:00,344.67,11.05,9.0,17.1,28.9,56.2,37.1,True
B002,B002_M1,2025-02-04 16:00:00,159.35,9.06,8.0,16.4,25.3,76.7,20.3,False
B002,B002_M2,2025-02-04 17:00:00,155.0,15.48,8.4,16.0,20.5,45.5,23.5,False
B002,B002_M4,2025-02-04 18:00:00,82.92,,7.0,12.0,26.3,41.1,16.4,False
B002,B002_M1,2025-02-04 19:00:00,66.74,19.48,8.4,14.5,23.1,43.9,10.4,False
B002,B002_M2,2025-02-04 20:00:00,89.83,14.06,7.6,14.4,27.5,79.9,27.2,False
B002,B002_M1,2025-02-04 21:00:00,101.18,,9.3,13.1,22.2,50.1,23.6,False
B003,B003_M2,2025-02-04 08:00:00,315.81,11.03,9.0,16.8,18.7,59.1,48.1,False
B003,B003_M3,2025-02-04 09:00:00,631.59,14.27,11.8,17.7,23.0,72.3,45.3,False
B003,B003_M2,2025-02-04 10:00:00,561.86,20.0,7.0,13.0,22.4,53.1,34.7,False
B003,B003_M2,2025-02-04 11:00:00,329.1,,9.2,13.1,29.0,49.0,36.9,False
B003,B003_M1,2025-02-04 12:00:00,473.58,7.5,11.6,15.3,28.6,69.5,49.5,False
B003,B003_M3,2025-02-04 13:00:00,386.18,12.56,11.0,17.7,28.2,43.6,20.5,False
B003,B003_M2,2025-02-04 14:00:00,564.34,,8.8,17.6,27.6,78.4,49.3,False
B003,B003_M1,2025-02-04 15:00:00,613.83,6.6,11.7,14.2,15.2,49.3,49.5,False
B003,B003_M3,2025-02-04 16:00:00,604.39,11.23,9.8,16.2,29.0,73.8,12.7,False
B003,B003_M3,2025-02-04 17:00:00,501.36,19.48,10.1,14.6,19.7,75.3,19.9,False
B003,B003_M1,2025-02-04 18:00:00,239.84,,10.2,15.9,19.2,41.3,29.3,False
B003,B003_M3,2025-02-04 19:00:00,229.03,6.06,8.1,12.5,19.7,40.2,37.5,False
B003,B003_M1,2025-02-04 20:00:00,328.17,14.33,12.0,15.6,23.3,52.5,44.3,False
B003,B003_M2,2025-02-04 21:00:00,210.49,11.1,7.7,13.9,16.0,61.6,41.9,False
B004,B004_M1,2025-02-04 08:00:00,182.81,16.37,11.4,15.1,21.4,69.8,24.1,False
B004,B004_M1,2025-02-04 09:00:00,276.04,14.82,9.2,15.3,17.5,53.1,10.8,False
B004,B004_M2,2025-02-04 10:00:00,260.23,11.91,10.1,12.2,22.3,56.7,36.3,False
B004,B004_M2,2025-02-04 11:00:00,390.77,8.71,10.0,16.6,19.0,49.4,46.1,False
B004,B004_M3,2025-02-04 12:00:00,337.02,14.75,11.5,13.8,28.7,68.8,45.1,False
B004,B004_M1,2025-02-04 13:00:00,305.6,,10.0,14.4,22.5,43.9,43.8,False
B004,B004_M1,2025-02-04 14:00:00,332.2,,10.4,12.9,15.9,65.3,37.1,False
B004,B004_M2,2025-02-04 15:00:00,346.82,,10.8,15.1,23.8,78.1,40.5,False
B004,B004_M3,2025-02-04 16:00:00,338.62,6.57,7.5,14.5,26.5,75.8,11.2,False
B004,B004_M3,2025-02-04 17:00:00,289.41,13.7,10.3,12.8,27.3,76.3,25.5,False
B004,B004_M2,2025-02-04 18:00:00,154.94,16.87,11.7,12.1,22.4,49.2,45.7,False
B004,B004_M3,2025-02-04 19:00:00,172.39,8.08,7.6,17.6,23.5,58.5,46.2,False
B004,B004_M3,2025-02-04 20:00:00,174.68,8.9,10.7,13.1,22.7,43.2,11.0,False
B004,B004_M1,2025-02-04 21:00:00,243.66,,9.1,13.1,26.3,56.7,27.9,False
B005,B005_M4,2025-02-04 08:00:00,50.77,,8.3,13.5,23.0,56.0,44.4,False
B005,B005_M3,2025-02-04 09:00:00,81.03,,8.0,12.1,24.1,69.3,41.3,False
B005,B005_M4,2025-02-04 10:00:00,46.78,11.77,11.5,17.6,16.4,65.7,22.1,False
B005,B005_M3,2025-02-04 11:00:00,50.54,12.8,10.7,12.4,17.9,62.7,11.1,False
B005,B005_M5,2025-02-04 12:00:00,65.9,,9.4,16.1,23.3,76.6,44.9,False
B005,B005_M3,2025-02-04 13:00:00,78.67,10.76,9.8,13.3,17.7,48.2,12.5,False
B005,B005_M5,2025-02-04 14:00:00,54.61,,11.3,12.4,19.2,67.8,41.6,False
B005,B005_M2,2025-02-04 15:00:00,67.03,,10.1,15.6,27.1,49.9,20.1,False
B005,B005_M5,2025-02-04 16:00:00,54.02,16.37,10.5,16.4,22.2,65.3,36.3,False
B005,B005_M3,2025-02-04 17:00:00,51.01,11.51,8.7,14.5,22.9,59.1,14.2,False
B005,B005_M4,2025-02-04 18:00:00,41.48,,7.8,12.4,22.3,40.6,19.3,False
B005,B005_M1,2025-02-04 19:00:00,35.33,7.73,7.8,12.3,18.9,79.8,35.2,False
B005,B005_M1,2025-02-04 20:00:00,54.32,12.27,7.9,13.3,26.1,63.2,12.7,False
B005,B005_M4,2025-02-04 21:00:00,39.94,7.61,10.2,14.3,23.7,64.4,45.6,False
B001,B001_M2,2025-02-05 08:00:00,112.93,16.01,8.7,13.3,19.4,64.3,15.6,False
B001,B001_M3,2025-02-05 09:00:00,227.69,17.88,8.2,14.1,28.4,40.6,13.5,False
B001,B001_M5,2025-02-05 10:00:00,200.04,,10.0,17.3,21.5,74.7,14.1,False
B001,B001_M2,2025-02-05 11:00:00,162.54,,9.0,13.4,28.6,46.5,30.8,False
B001,B001_M5,2025-02-05 12:00:00,218.1,,7.7,17.7,17.0,59.0,40.4,False
B001,B001_M5,2025-02-05 13:00:00,146.79,7.83,8.3,12.8,29.9,45.3,28.1,False
B001,B001_M1,2025-02-05 14:00:00,254.55,,10.1,12.0,24.4,71.5,29.7,False
B001,B001_M5,2025-02-05 15:00:00,198.82,,7.2,12.0,16.2,78.2,30.7,False
B001,B001_M5,2025-02-05 16:00:00,149.55,10.22,9.3,13.2,20.5,51.5,30.4,False
B001,B001_M4,2025-02-05 17:00:00,216.95,15.67,10.2,15.2,18.9,48.6,30.6,False
B001,B001_M2,2025-02-05 18:00:00,123.97,8.44,11.6,16.9,22.4,64.5,33.6,False
B001,B001_M3,2025-02-05 19:00:00,135.37,,7.8,17.3,20.9,77.8,29.0,False
B001,B001_M5,2025-02-05 20:00:00,117.07,12.26,10.0,15.1,21.2,67.8,48.6,False
B001,B001_M4,2025-02-05 21:00:00,106.07,17.61,11.5,15.5,23.1,67.8,30.3,False
B002,B002_M1,2025-02-05 08:00:00,48.68,9.58,11.7,14.2,16.5,75.3,27.0,False
B002,B002_M4,2025-02-05 09:00:00,199.93,9.51,11.5,12.8,24.7,79.6,39.7,True
B002,B002_M1,2025-02-05 10:00:00,163.01,,11.6,13.5,22.6,43.3,48.6,False
B002,B002_M4,2025-02-05 11:00:00,137.61,16.7,10.3,14.1,26.1,41.0,37.5,False
B002,B002_M1,2025-02-05 12:00:00,152.05,8.2,9.9,16.6,17.9,56.7,35.3,False
B002,B002_M2,2025-02-05 13:00:00,188.3,10.02,8.0,16.5,17.8,55.3,42.8,True
B002,B002_M2,2025-02-05 14:00:00,108.35,,7.0,16.8,20.0,73.5,30.1,False
B002,B002_M1,2025-02-05 15:00:00,147.15,12.64,11.2,13.3,16.0,64.5,26.9,False
B002,B002_M4,2025-02-05 16:00:00,104.02,10.8,8.3,13.4,24.1,65.0,19.5,False
B002,B002_M2,2025-02-05 17:00:00,102.5,,10.2,13.7,23.5,56.3,49.2,False
B002,B002_M3,2025-02-05 18:00:00,80.15,,10.8,15.1,18.2,60.4,25.1,False
B002,B002_M2,2025-02-05 19:00:00,79.39,,9.5,15.8,20.4,79.6,22.8,False
B002,B002_M3,2025-02-05 20:00:00,72.0,17.7,8.4,12.4,18.9,74.6,33.3,False
B002,B002_M1,2025-02-05 21:00:00,68.81,13.12,11.8,12.9,26.7,50.5,46.8,False
B003,B003_M2,2025-02-05 08:00:00,233.41,14.24,8.3,15.4,28.8,62.0,30.2,False
B003,B003_M1,2025-02-05 09:00:00,425.09,5.53,10.0,15.3,21.4,42.6,12.9,False
B003,B003_M2,2025-02-05 10:00:00,583.99,,8.8,16.7,26.4,75.4,24.5,False
B003,B003_M2,2025-02-05 11:00:00,960.45,,10.1,13.7,27.3,62.1,24.0,True
B003,B003_M1,2025-02-05 12:00:00,517.79,6.95,9.4,17.2,16.2,70.5,40.4,False
B003,B003_M1,2025-02-05 13:00:00,469.5,,8.9,15.7,17.7,70.3,22.0,False
B003,B003_M3,2025-02-05 14:00:00,570.28,19.89,8.3,17.3,22.9,64.1,13.3,False
B003,B003_M3,2025-02-05 15:00:00,553.37,5.03,10.5,12.2,28.1,69.8,39.3,False
B003,B003_M3,2025-02-05 16:00:00,477.81,9.5,8.1,16.2,19.2,72.5,12.1,False
B003,B003_M3,2025-02-05 17:00:00,477.83,16.85,10.2,12.8,20.3,79.7,10.9,False
B003,B003_M2,2025-02-05 18:00:00,260.0,19.88,8.3,15.7,20.6,72.5,41.3,False
B003,B003_M1,2025-02-05 19:00:00,236.82,6.13,10.7,13.1,28.9,49.0,39.5,False
B003,B003_M2,2025-02-05 20:00:00,222.64,,9.7,14.7,15.5,52.4,28.0,False
B003,B003_M2,2025-02-05 21:00:00,247.42,9.35,8.7,12.8,17.3,53.2,32.4,False
B004,B004_M3,2025-02-05 08:00:00,153.8,,10.0,12.2,18.6,41.8,13.0,False
B004,B004_M1,2025-02-05 09:00:00,318.06,,10.7,13.5,29.1,41.4,44.8,False
B004,B004_M1,2025-02-05 10:00:00,359.06,19.09,10.9,14.0,15.9,52.6,43.9,False
B004,B004_M3,2025-02-05 11:00:00,570.43,17.54,11.8,16.0,26.7,47.9,26.1,True
B004,B004_M2,2025-02-05 12:00:00,365.36,,8.1,15.3,21.1,52.0,36.6,False
B004,B004_M1,2025-02-05 13:00:00,288.14,10.65,9.4,17.7,16.5,69.7,17.8,False
B004,B004_M3,2025-02-05 14:00:00,407.48,19.48,9.5,13.5,21.7,65.4,15.6,False
B004,B004_M2,2025-02-05 15:00:00,364.35,10.61,9.0,17.2,17.2,53.4,40.4,False
B004,B004_M2,2025-02-05 16:00:00,260.64,,7.2,14.6,18.4,70.9,49.5,False
B004,B004_M3,2025-02-05 17:00:00,314.14,5.41,10.9,17.0,15.6,60.3,27.7,False
B004,B004_M1,2025-02-05 18:00:00,228.3,14.01,8.2,13.0,22.2,49.2,31.9,False
B004,B004_M3,2025-02-05 19:00:00,181.45,19.66,9.7,16.8,24.6,79.3,22.9,False
B004,B004_M3,2025-02-05 20:00:00,173.93,13.52,11.7,15.8,20.1,49.3,13.0,False
B004,B004_M2,2025-02-05 21:00:00,206.15,,9.2,16.2,29.6,65.7,30.6,False
B005,B005_M4,2025-02-05 08:00:00,60.69,,12.0,12.9,16.9,76.4,28.9,True
B005,B005_M2,2025-02-05 09:00:00,53.31,15.81,9.7,14.1,24.7,64.1,36.7,False
B005,B005_M5,2025-02-05 10:00:00,51.12,8.39,10.5,17.8,28.6,54.0,12.7,False
B005,B005_M2,2025-02-05 11:00:00,46.04,,9.5,15.8,24.8,62.1,42.4,False
B005,B005_M4,2025-02-05 12:00:00,70.51,13.82,9.3,15.8,21.1,77.3,19.9,False
B005,B005_M2,2025-02-05 13:00:00,60.03,,10.9,15.4,28.1,42.4,47.2,False
B005,B005_M4,2025-02-05 14:00:00,64.15,16.52,7.7,14.4,15.7,54.1,45.8,False
B005,B005_M1,2025-02-05 15:00:00,95.2,14.81,7.8,17.0,24.8,77.3,23.1,False
B005,B005_M1,2025-02-05 16:00:00,70.49,11.5,7.6,17.0,21.3,53.4,11.9,False
B005,B005_M1,2025-02-05 17:00:00,70.06,9.54,8.9,13.4,18.1,52.0,22.1,False
B005,B005_M2,2025-02-05 18:00:00,41.1,8.73,11.0,12.6,17.3,60.6,38.0,False
B005,B005_M4,2025-02-05 19:00:00,29.61,,8.1,17.2,17.9,68.0,13.0,False
B005,B005_M3,2025-02-05 20:00:00,42.46,9.37,11.7,16.8,21.9,41.5,40.2,False
B005,B005_M5,2025-02-05 21:00:00,39.72,19.57,7.1,12.8,28.7,79.6,27.6,False
B001,B001_M2,2025-02-06 08:00:00,94.27,11.48,10.8,12.9,18.8,62.1,43.8,False
B001,B001_M4,2025-02-06 09:00:00,177.2,10.49,8.5,13.2,25.6,43.4,10.3,False
B001,B001_M4,2025-02-06 10:00:00,184.26,8.39,10.1,13.0,26.4,65.0,26.7,False
B001,B001_M4,2025-02-06 11:00:00,230.8,,11.6,17.8,27.9,76.3,17.7,False
B001,B001_M2,2025-02-06 12:00:00,327.64,16.37,10.0,12.7,18.8,70.4,34.8,False
B001,B001_M5,2025-02-06 13:00:00,193.02,14.3,7.3,15.6,27.1,64.1,40.2,False
B001,B001_M5,2025-02-06 14:00:00,204.26,19.7,9.6,13.8,27.9,52.5,30.7,False
B001,B001_M3,2025-02-06 15:00:00,198.8,5.74,8.0,17.1,21.0,43.7,19.6,False
B001,B001_M5,2025-02-06 16:00:00,196.51,8.04,9.5,16.9,22.5,77.1,20.6,False
B001,B001_M5,2025-02-06 17:00:00,192.04,14.84,8.0,12.3,22.8,63.0,38.6,False
B001,B001_M3,2025-02-06 18:00:00,107.62,5.68,8.2,14.9,26.3,59.9,41.0,False
B001,B001_M4,2025-02-06 19:00:00,121.25,,9.5,12.8,19.3,73.4,46.5,False
B001,B001_M4,2025-02-06 20:00:00,153.47,15.44,9.2,16.7,17.0,49.1,14.0,False
B001,B001_M2,2025-02-06 21:00:00,110.7,10.09,9.1,15.9,21.7,50.0,35.1,False
B002,B002_M3,2025-02-06 08:00:00,68.55,14.38,7.6,15.3,24.6,70.0,10.0,False
B002,B002_M3,2025-02-06 09:00:00,159.89,18.23,9.4,14.1,15.6,79.4,36.0,False
B002,B002_M1,2025-02-06 10:00:00,84.27,,9.2,17.4,21.7,40.8,43.7,False
B002,B002_M3,2025-02-06 11:00:00,180.36,10.17,10.7,13.3,21.1,46.0,20.7,False
B002,B002_M2,2025-02-06 12:00:00,189.23,9.52,11.9,15.6,25.7,54.1,43.8,True
B002,B002_M2,2025-02-06 13:00:00,184.65,,10.2,17.8,25.4,47.1,30.9,False
B002,B002_M2,2025-02-06 14:00:00,125.87,15.55,7.6,17.0,25.5,52.0,15.5,False
B002,B002_M1,2025-02-06 15:00:00,118.76,,9.7,14.9,16.5,53.3,13.3,False
B002,B002_M3,2025-02-06 16:00:00,111.1,,11.5,15.8,15.6,50.8,20.0,False
B002,B002_M2,2025-02-06 17:00:00,138.42,13.77,9.6,15.3,28.4,44.9,26.5,False
B002,B002_M2,2025-02-06 18:00:00,79.46,7.93,10.8,13.5,27.8,67.2,38.2,False
B002,B002_M3,2025-02-06 19:00:00,86.72,12.46,10.6,12.4,20.2,56.7,43.0,False
B002,B002_M3,2025-02-06 20:00:00,104.7,11.75,11.9,17.7,28.7,44.5,41.9,False
B002,B002_M1,2025-02-06 21:00:00,68.45,8.42,9.4,13.1,22.1,61.4,12.2,False
B003,B003_M2,2025-02-06 08:00:00,240.47,14.22,7.5,14.2,26.1,67.4,47.1,False
B003,B003_M1,2025-02-06 09:00:00,364.24,5.97,7.6,14.7,24.8,73.4,11.9,False
B003,B003_M1,2025-02-06 10:00:00,463.55,15.46,9.0,17.4,29.4,56.5,48.4,False
B003,B003_M2,2025-02-06 11:00:00,479.63,,9.6,12.2,16.4,52.1,11.0,False
B003,B003_M3,2025-02-06 12:00:00,585.01,14.52,11.1,17.1,15.3,73.8,47.0,False
B003,B003_M1,2025-02-06 13:00:00,453.89,5.5,7.2,12.4,21.7,51.1,36.9,False
B003,B003_M1,2025-02-06 14:00:00,931.27,,9.9,17.6,15.4,43.9,10.5,True
B003,B003_M1,2025-02-06 15:00:00,553.93,18.5,8.7,16.7,20.8,54.8,49.0,False
B003,B003_M2,2025-02-06 16:00:00,433.74,,10.8,16.4,28.4,47.8,34.0,False
B003,B003_M3,2025-02-06 17:00:00,683.23,,11.2,14.7,20.7,52.4,10.3,True
B003,B003_M3,2025-02-06 18:00:00,452.07,,7.1,13.6,17.2,40.1,19.2,True
B003,B003_M3,2025-02-06 19:00:00,628.74,12.13,7.4,16.1,19.6,63.0,14.5,True
B003,B003_M1,2025-02-06 20:00:00,341.26,,11.5,15.5,21.4,55.2,16.3,False
B003,B003_M3,2025-02-06 21:00:00,274.1,16.81,9.2,17.9,26.6,78.9,47.3,False
B004,B004_M1,2025-02-06 08:00:00,156.95,14.53,9.3,15.7,18.1,76.3,35.6,False
B004,B004_M1,2025-02-06 09:00:00,333.59,5.75,11.4,12.8,27.1,47.8,29.4,False
B004,B004_M2,2025-02-06 10:00:00,309.42,16.76,9.6,15.9,17.4,70.0,17.5,False
B004,B004_M1,2025-02-06 11:00:00,260.65,15.69,7.9,17.5,26.2,53.1,24.6,False
B004,B004_M3,2025-02-06 12:00:00,295.84,,8.9,13.9,27.4,72.1,35.7,False
B004,B004_M3,2025-02-06 13:00:00,411.62,9.38,10.5,12.2,17.7,52.8,28.5,False
B004,B004_M3,2025-02-06 14:00:00,345.97,16.96,7.6,12.4,21.7,69.0,26.3,False
B004,B004_M1,2025-02-06 15:00:00,260.86,8.94,9.1,13.9,26.3,61.0,16.1,False
B004,B004_M2,2025-02-06 16:00:00,230.32,13.68,10.3,13.0,17.0,44.8,36.7,False
B004,B004_M2,2025-02-06 17:00:00,267.95,,10.9,15.4,26.7,69.7,49.4,False
B004,B004_M2,2025-02-06 18:00:00,180.11,7.7,9.9,15.1,22.4,64.8,47.7,False
B004,B004_M2,2025-02-06 19:00:00,193.01,9.3,7.1,13.0,22.2,79.7,13.5,False
B004,B004_M3,2025-02-06 20:00:00,219.09,,7.9,13.0,27.9,51.3,37.9,False
B004,B004_M1,2025-02-06 21:00:00,197.55,19.45,9.3,15.0,23.7,69.6,32.3,False
B005,B005_M1,2025-02-06 08:00:00,37.71,,9.9,12.8,27.5,62.2,33.3,False
B005,B005_M3,2025-02-06 09:00:00,143.29,14.27,7.9,12.3,26.0,64.1,34.8,True
B005,B005_M4,2025-02-06 10:00:00,75.4,18.37,8.0,13.8,28.8,74.0,28.8,False
B005,B005_M2,2025-02-06 11:00:00,73.52,,9.6,16.5,25.0,53.2,44.4,False
B005,B005_M3,2025-02-06 12:00:00,48.3,8.9,7.0,15.8,26.3,72.9,41.7,False
B005,B005_M5,2025-02-06 13:00:00,65.52,18.99,7.9,15.6,19.3,77.9,47.7,False
B005,B005_M4,2025-02-06 14:00:00,77.41,19.29,7.7,14.0,26.6,53.6,38.8,False
B005,B005_M4,2025-02-06 15:00:00,91.06,18.17,10.0,12.6,18.0,41.6,49.8,False
B005,B005_M2,2025-02-06 16:00:00,58.1,13.4,10.9,13.0,28.6,69.4,25.5,False
B005,B005_M4,2025-02-06 17:00:00,46.36,,7.7,12.7,25.2,52.9,12.3,False
B005,B005_M1,2025-02-06 18:00:00,53.9,13.82,11.5,12.6,18.4,72.6,10.3,False
B005,B005_M4,2025-02-06 19:00:00,48.18,17.76,10.8,14.3,26.6,68.5,27.9,False
B005,B005_M1,2025-02-06 20:00:00,40.07,,7.5,15.4,25.0,46.8,40.8,False
B005,B005_M3,2025-02-06 21:00:00,35.23,12.85,11.2,16.4,24.2,75.8,47.3,False
B001,B001_M1,2025-02-07 08:00:00,201.88,9.06,8.0,13.7,21.7,51.7,48.7,True
B001,B001_M5,2025-02-07 09:00:00,176.11,14.84,10.8,16.1,15.4,60.9,43.7,False
B001,B001_M5,2025-02-07 10:00:00,317.97,16.96,10.3,14.0,25.7,56.3,30.7,False
B001,B001_M2,2025-02-07 11:00:00,202.35,14.69,9.4,14.0,28.8,41.3,23.0,False
B001,B001_M1,2025-02-07 12:00:00,160.6,14.16,9.4,14.4,28.5,53.4,46.4,False
B001,B001_M3,2025-02-07 13:00:00,213.49,15.83,7.9,16.9,23.4,68.8,15.0,False
B001,B001_M4,2025-02-07 14:00:00,147.62,16.49,10.2,17.2,22.1,47.7,47.4,False
B001,B001_M2,2025-02-07 15:00:00,274.98,7.39,10.0,13.5,17.1,75.4,30.2,False
B001,B001_M4,2025-02-07 16:00:00,225.98,14.99,10.9,15.5,23.9,52.5,24.1,False
B001,B001_M1,2025-02-07 17:00:00,261.79,18.11,10.6,18.0,22.9,41.2,18.5,False
B001,B001_M1,2025-02-07 18:00:00,149.36,9.84,11.0,13.2,23.7,43.8,43.0,False
B001,B001_M1,2025-02-07 19:00:00,126.61,,11.3,12.4,22.1,66.9,34.7,False
B001,B001_M4,2025-02-07 20:00:00,143.43,,10.5,17.3,22.3,70.6,49.3,False
B001,B001_M5,2025-02-07 21:00:00,118.18,5.7,10.8,16.2,28.6,72.2,10.3,False
B002,B002_M4,2025-02-07 08:00:00,65.3,5.65,8.0,14.3,20.2,64.1,18.4,False
B002,B002_M2,2025-02-07 09:00:00,109.53,18.7,7.5,16.5,16.7,60.0,38.1,False
B002,B002_M1,2025-02-07 10:00:00,138.97,,7.3,14.8,27.9,74.1,26.2,False
B002,B002_M4,2025-02-07 11:00:00,116.09,8.58,7.9,14.5,19.4,53.2,16.0,False
B002,B002_M2,2025-02-07 12:00:00,140.67,8.56,9.9,15.3,26.2,61.7,16.0,False
B002,B002_M3,2025-02-07 13:00:00,134.5,8.15,10.3,12.9,23.0,48.1,49.3,False
B002,B002_M4,2025-02-07 14:00:00,268.73,7.63,11.1,17.5,24.0,47.0,42.4,True
B002,B002_M1,2025-02-07 15:00:00,119.72,,8.5,14.6,21.7,47.9,29.6,False
B002,B002_M3,2025-02-07 16:00:00,196.59,19.49,10.5,13.9,18.9,57.1,39.0,True
B002,B002_M3,2025-02-07 17:00:00,130.3,7.94,9.6,17.1,16.3,57.9,35.0,False
B002,B002_M1,2025-02-07 18:00:00,81.09,11.08,7.9,17.4,15.4,51.7,34.9,False
B002,B002_M4,2025-02-07 19:00:00,84.16,,7.8,16.2,23.0,59.2,10.9,False
B002,B002_M2,2025-02-07 20:00:00,99.54,18.18,9.7,13.7,24.5,66.5,40.6,False
B002,B002_M1,2025-02-07 21:00:00,71.98,19.16,9.4,15.7,23.7,56.5,27.5,False
B003,B003_M1,2025-02-07 08:00:00,498.58,19.6,8.9,12.8,21.8,64.6,24.6,True
B003,B003_M2,2025-02-07 09:00:00,528.1,5.83,10.8,12.0,17.6,64.6,46.0,False
B003,B003_M1,2025-02-07 10:00:00,490.44,,10.1,17.3,20.8,53.2,45.1,False
B003,B003_M1,2025-02-07 11:00:00,372.34,13.76,7.5,15.9,26.3,47.7,28.9,False
B003,B003_M1,2025-02-07 12:00:00,383.03,19.51,11.4,15.6,22.5,61.4,14.9,False
B003,B003_M3,2025-02-07 13:00:00,463.31,14.72,9.8,15.5,27.6,63.1,27.6,False
B003,B003_M3,2025-02-07 14:00:00,450.43,11.67,11.3,13.1,22.6,43.7,31.5,False
B003,B003_M1,2025-02-07 15:00:00,768.59,11.58,10.3,16.9,22.3,66.4,22.1,True
B003,B003_M2,2025-02-07 16:00:00,310.06,14.93,10.5,12.8,23.5,50.3,42.3,False
B003,B003_M2,2025-02-07 17:00:00,441.11,17.25,9.6,12.2,24.5,62.1,42.5,False
B003,B003_M3,2025-02-07 18:00:00,297.98,8.34,7.1,16.6,15.2,45.8,22.0,False
B003,B003_M2,2025-02-07 19:00:00,243.85,5.79,11.0,17.1,21.0,49.1,30.2,False
B003,B003_M2,2025-02-07 20:00:00,380.16,,10.3,12.9,17.0,61.6,45.6,True
B003,B003_M2,2025-02-07 21:00:00,313.75,,11.2,15.1,22.1,62.0,13.2,False
B004,B004_M2,2025-02-07 08:00:00,136.32,10.84,9.0,14.7,18.0,72.7,24.8,False
B004,B004_M2,2025-02-07 09:00:00,409.73,,8.0,15.3,23.5,68.8,24.9,False
B004,B004_M3,2025-02-07 10:00:00,302.79,12.39,7.8,13.2,15.8,49.5,25.7,False
B004,B004_M1,2025-02-07 11:00:00,386.83,,11.0,16.4,19.4,45.0,10.3,False
B004,B004_M2,2025-02-07 12:00:00,328.95,,8.3,15.9,16.1,47.9,16.1,False
B004,B004_M1,2025-02-07 13:00:00,456.45,15.81,10.3,17.3,21.8,71.6,46.8,False
B004,B004_M3,2025-02-07 14:00:00,300.2,19.56,8.2,14.2,29.5,62.8,36.4,False
B004,B004_M1,2025-02-07 15:00:00,277.23,13.79,8.2,12.2,17.4,50.5,21.3,False
B004,B004_M1,2025-02-07 16:00:00,313.62,18.05,11.4,14.1,15.5,72.8,20.1,False
B004,B004_M1,2025-02-07 17:00:00,282.28,18.03,11.9,13.8,21.4,75.8,29.0,False
B004,B004_M1,2025-02-07 18:00:00,194.8,12.01,10.3,14.0,21.7,59.1,21.5,False
B004,B004_M2,2025-02-07 19:00:00,181.33,10.4,9.4,13.8,20.7,40.2,19.5,False
B004,B004_M1,2025-02-07 20:00:00,188.52,14.62,9.7,15.4,16.4,62.5,19.6,False
B004,B004_M1,2025-02-07 21:00:00,226.0,,10.6,17.4,16.7,69.1,41.1,False
B005,B005_M3,2025-02-07 08:00:00,34.22,13.83,8.7,12.1,22.4,65.4,40.9,False
B005,B005_M3,2025-02-07 09:00:00,57.09,,9.2,16.2,28.8,54.0,17.7,False
B005,B005_M5,2025-02-07 10:00:00,65.52,19.36,10.9,17.6,28.3,53.8,14.0,False
B005,B005_M5,2025-02-07 11:00:00,76.57,,10.9,16.0,21.3,41.8,46.0,False
B005,B005_M2,2025-02-07 12:00:00,56.06,13.6,11.8,12.8,22.8,55.9,42.7,False
B005,B005_M4,2025-02-07 13:00:00,133.04,,8.0,14.1,24.6,45.3,47.2,True
B005,B005_M2,2025-02-07 14:00:00,61.8,8.69,8.2,13.7,27.5,63.9,16.1,False
B005,B005_M5,2025-02-07 15:00:00,67.91,,11.7,17.7,24.4,74.6,26.5,False
B005,B005_M4,2025-02-07 16:00:00,72.9,15.73,7.8,17.8,21.8,42.3,45.8,False
B005,B005_M4,2025-02-07 17:00:00,69.99,,10.0,13.4,23.9,73.8,48.3,False
B005,B005_M5,2025-02-07 18:00:00,45.39,9.88,11.8,17.7,18.8,65.1,29.7,False
B005,B005_M5,2025-02-07 19:00:00,39.17,14.84,11.3,14.2,24.0,53.4,34.5,False
B005,B005_M2,2025-02-07 20:00:00,50.17,,10.4,14.4,27.0,68.6,37.1,False
B005,B005_M2,2025-02-07 21:00:00,29.2,,11.5,13.1,15.2,69.7,30.7,False
B001,B001_M1,2025-02-08 08:00:00,93.67,,10.3,16.1,19.6,52.6,47.8,False
B001,B001_M3,2025-02-08 09:00:00,97.0,6.89,7.8,16.4,18.4,62.3,24.9,False
B001,B001_M3,2025-02-08 10:00:00,70.33,11.72,8.3,12.6,18.8,55.9,31.4,False
B001,B001_M4,2025-02-08 11:00:00,74.21,13.35,11.6,15.1,23.7,50.2,42.1,False
B001,B001_M3,2025-02-08 12:00:00,113.55,8.05,9.7,16.1,27.8,73.3,28.1,False
B001,B001_M3,2025-02-08 13:00:00,87.9,17.9,9.2,14.0,25.8,60.2,39.6,False
B001,B001_M4,2025-02-08 14:00:00,89.99,,8.3,15.2,20.8,58.5,16.4,False
B001,B001_M2,2025-02-08 15:00:00,92.79,13.3,8.4,13.5,22.7,76.4,37.6,False
B001,B001_M2,2025-02-08 16:00:00,75.33,,8.5,16.9,24.0,76.0,18.0,False
B001,B001_M3,2025-02-08 17:00:00,101.51,13.55,12.0,13.0,23.2,44.2,30.7,False
B001,B001_M3,2025-02-08 18:00:00,94.82,,9.9,12.2,23.0,53.0,15.9,False
B001,B001_M2,2025-02-08 19:00:00,96.25,11.82,9.0,14.2,26.0,58.3,15.8,False
B001,B001_M4,2025-02-08 20:00:00,80.96,,7.9,18.0,21.2,54.8,36.0,False
B001,B001_M2,2025-02-08 21:00:00,67.88,16.68,9.8,13.3,28.6,46.1,46.4,False
B002,B002_M2,2025-02-08 08:00:00,84.08,,7.2,15.6,17.4,65.0,47.0,False
B002,B002_M4,2025-02-08 09:00:00,56.54,7.72,11.5,16.3,17.7,66.3,22.1,False
B002,B002_M3,2025-02-08 10:00:00,57.21,16.11,7.9,15.2,20.5,42.0,19.8,False
B002,B002_M1,2025-02-08 11:00:00,43.96,,11.2,15.4,27.7,53.0,47.9,False
B002,B002_M3,2025-02-08 12:00:00,46.81,19.85,8.4,16.1,27.9,63.0,27.9,False
B002,B002_M2,2025-02-08 13:00:00,62.83,11.28,8.7,16.3,27.2,58.0,18.5,False
B002,B002_M2,2025-02-08 14:00:00,58.35,,10.0,17.9,18.0,49.1,43.9,False
B002,B002_M4,2025-02-08 15:00:00,125.65,17.43,10.2,13.7,22.6,75.5,11.3,True
B002,B002_M2,2025-02-08 16:00:00,58.45,,11.2,12.7,16.6,49.9,26.9,False
B002,B002_M4,2025-02-08 17:00:00,50.69,5.1,10.9,14.9,17.6,55.4,41.1,False
B002,B002_M4,2025-02-08 18:00:00,35.55,13.54,11.4,16.0,22.4,79.7,34.5,False
B002,B002_M3,2025-02-08 19:00:00,54.66,18.92,11.4,17.6,15.3,63.7,38.2,False
B002,B002_M3,2025-02-08 20:00:00,48.24,12.12,8.6,13.5,20.7,65.7,33.8,False
B002,B002_M3,2025-02-08 21:00:00,55.27,17.53,8.3,14.5,28.9,48.0,20.5,False
B003,B003_M2,2025-02-08 08:00:00,537.3,,10.1,16.1,26.3,74.6,42.0,True
B003,B003_M1,2025-02-08 09:00:00,208.61,5.3,10.7,12.5,25.5,68.3,25.3,False
B003,B003_M2,2025-02-08 10:00:00,212.96,8.25,7.7,16.5,19.8,67.1,25.1,False
B003,B003_M3,2025-02-08 11:00:00,164.85,12.34,11.3,15.0,23.6,74.2,26.7,False
B003,B003_M1,2025-02-08 12:00:00,183.27,6.65,11.0,12.5,18.8,44.2,20.0,False
B003,B003_M2,2025-02-08 13:00:00,221.18,12.57,8.5,14.4,15.2,71.4,45.4,False
B003,B003_M2,2025-02-08 14:00:00,160.81,,8.7,17.1,29.2,57.8,44.6,False
B003,B003_M2,2025-02-08 15:00:00,193.61,10.69,8.0,14.1,28.2,65.0,19.6,False
B003,B003_M2,2025-02-08 16:00:00,142.06,7.34,10.5,16.5,17.2,53.7,46.1,False
B003,B003_M2,2025-02-08 17:00:00,165.98,6.55,11.0,12.8,18.5,50.7,18.6,False
B003,B003_M1,2025-02-08 18:00:00,220.38,7.96,10.8,13.3,20.2,60.5,44.2,False
B003,B003_M3,2025-02-08 19:00:00,158.11,6.34,9.4,13.4,27.7,55.4,45.6,False
B003,B003_M1,2025-02-08 20:00:00,264.14,,10.9,17.6,20.7,50.0,40.7,False
B003,B003_M2,2025-02-08 21:00:00,209.49,19.43,10.9,13.7,24.3,63.6,45.4,False
B004,B004_M3,2025-02-08 08:00:00,106.61,19.75,10.9,16.3,16.4,73.2,35.5,False
B004,B004_M3,2025-02-08 09:00:00,113.1,10.26,9.1,13.6,16.2,74.6,27.3,False
B004,B004_M2,2025-02-08 10:00:00,147.42,,10.6,12.2,23.3,60.9,10.2,False
B004,B004_M3,2025-02-08 11:00:00,149.41,15.33,10.6,13.2,22.6,60.1,49.9,False
B004,B004_M2,2025-02-08 12:00:00,178.01,5.91,10.3,13.7,17.7,79.7,38.2,False
B004,B004_M2,2025-02-08 13:00:00,129.38,7.67,10.1,14.4,27.1,41.3,24.8,False
B004,B004_M2,2025-02-08 14:00:00,143.4,8.56,8.5,16.4,30.0,51.4,24.3,False
B004,B004_M2,2025-02-08 15:00:00,127.32,18.51,9.2,16.3,26.4,69.7,37.4,False
B004,B004_M2,2025-02-08 16:00:00,131.68,11.16,10.7,13.5,28.6,73.7,20.8,False
B004,B004_M2,2025-02-08 17:00:00,142.56,8.89,11.6,13.8,18.5,66.9,30.0,False
B004,B004_M3,2025-02-08 18:00:00,201.73,19.34,9.8,15.7,20.8,48.2,23.5,False
B004,B004_M1,2025-02-08 19:00:00,167.42,8.11,9.3,13.0,22.6,77.4,34.3,False
B004,B004_M3,2025-02-08 20:00:00,147.67,14.52,9.1,15.8,24.4,62.3,24.4,False
B004,B004_M2,2025-02-08 21:00:00,150.15,18.63,11.6,13.5,26.4,44.1,32.4,False
B005,B005_M5,2025-02-08 08:00:00,26.41,17.26,9.0,16.3,22.2,61.8,42.4,False
B005,B005_M3,2025-02-08 09:00:00,17.37,,11.8,15.8,15.8,48.6,34.0,False
B005,B005_M2,2025-02-08 10:00:00,28.18,14.25,9.1,13.7,24.3,71.6,15.1,False
B005,B005_M3,2025-02-08 11:00:00,29.29,14.16,8.9,15.3,23.9,40.5,42.6,False
B005,B005_M3,2025-02-08 12:00:00,24.38,6.67,8.7,15.4,27.5,41.0,10.1,False
B005,B005_M3,2025-02-08 13:00:00,33.83,13.69,9.5,13.7,23.0,44.9,25.4,False
B005,B005_M1,2025-02-08 14:00:00,42.1,14.62,8.1,12.1,24.5,49.0,10.8,False
B005,B005_M1,2025-02-08 15:00:00,35.57,10.6,8.3,17.9,15.5,54.3,17.8,False
B005,B005_M4,2025-02-08 16:00:00,37.28,11.85,7.9,17.3,18.8,72.1,46.8,False
B005,B005_M3,2025-02-08 17:00:00,28.77,,7.8,15.3,19.9,50.4,36.9,False
B005,B005_M3,2025-02-08 18:00:00,29.88,,9.2,13.5,26.0,73.3,23.8,False
B005,B005_M2,2025-02-08 19:00:00,25.67,18.48,12.0,14.7,22.2,48.1,26.5,False
B005,B005_M3,2025-02-08 20:00:00,19.99,,11.9,12.5,19.3,53.5,40.6,False
B005,B005_M1,2025-02-08 21:00:00,46.48,15.86,8.0,15.5,21.5,75.9,32.9,False
B001,B001_M1,2025-02-09 08:00:00,80.83,9.88,11.7,17.1,25.0,76.7,16.5,False
B001,B001_M1,2025-02-09 09:00:00,105.01,5.13,8.5,16.3,17.9,78.0,18.6,False
B001,B001_M2,2025-02-09 10:00:00,53.15,18.73,9.1,16.3,24.2,61.8,37.7,False
B001,B001_M1,2025-02-09 11:00:00,108.66,15.39,11.1,15.1,19.0,69.0,14.1,False
B001,B001_M5,2025-02-09 12:00:00,99.02,11.87,10.7,17.4,28.6,67.9,41.0,False
B001,B001_M5,2025-02-09 13:00:00,84.81,15.61,10.3,13.7,28.0,61.6,23.3,False
B001,B001_M1,2025-02-09 14:00:00,79.17,11.27,8.5,16.1,25.5,74.9,42.4,False
B001,B001_M1,2025-02-09 15:00:00,82.02,12.94,9.5,12.5,18.0,49.7,16.2,False
B001,B001_M2,2025-02-09 16:00:00,172.4,11.82,11.1,12.3,23.3,71.8,25.3,True
B001,B001_M1,2025-02-09 17:00:00,94.73,17.69,10.3,14.5,24.7,45.3,27.6,False
B001,B001_M4,2025-02-09 18:00:00,99.34,9.88,7.6,13.5,21.7,55.4,36.8,False
B001,B001_M5,2025-02-09 19:00:00,73.17,14.19,8.2,12.7,18.0,43.1,36.8,False
B001,B001_M4,2025-02-09 20:00:00,128.37,,9.3,13.2,27.7,41.7,14.5,False
B001,B001_M4,2025-02-09 21:00:00,72.56,,8.1,13.4,20.6,69.3,18.3,False
B002,B002_M1,2025-02-09 08:00:00,35.3,5.67,8.4,14.9,20.2,60.4,44.2,False
B002,B002_M4,2025-02-09 09:00:00,61.64,,8.1,16.9,26.7,66.4,43.3,False
B002,B002_M3,2025-02-09 10:00:00,66.8,19.44,7.7,14.0,25.0,64.6,49.2,False
B002,B002_M4,2025-02-09 11:00:00,57.79,19.66,10.1,12.3,23.6,41.9,33.2,False
B002,B002_M3,2025-02-09 12:00:00,45.17,,11.6,12.8,23.0,69.2,25.0,False
B002,B002_M2,2025-02-09 13:00:00,61.83,9.47,8.7,16.9,25.0,42.8,45.5,False
B002,B002_M2,2025-02-09 14:00:00,160.99,,11.9,13.7,20.0,44.7,42.1,True
B002,B002_M2,2025-02-09 15:00:00,146.74,10.07,10.3,12.1,23.1,64.8,34.4,True
B002,B002_M2,2025-02-09 16:00:00,87.76,8.87,11.4,12.0,22.0,67.1,49.9,False
B002,B002_M1,2025-02-09 17:00:00,69.03,,11.6,17.4,15.4,52.7,50.0,False
B002,B002_M4,2025-02-09 18:00:00,62.99,,8.3,15.3,28.3,49.1,24.9,False
B002,B002_M4,2025-02-09 19:00:00,50.52,7.77,10.7,12.6,26.2,69.8,12.9,False
B002,B002_M1,2025-02-09 20:00:00,48.22,,11.8,13.2,19.3,61.5,16.1,False
B002,B002_M3,2025-02-09 21:00:00,51.18,9.39,7.1,13.0,23.6,63.6,31.1,False
B003,B003_M1,2025-02-09 08:00:00,167.82,6.56,8.2,13.8,27.3,74.8,35.8,False
B003,B003_M1,2025-02-09 09:00:00,207.99,8.25,8.1,16.2,22.8,62.0,18.6,False
B003,B003_M1,2025-02-09 10:00:00,214.3,,9.7,17.7,27.0,43.0,12.7,False
B003,B003_M3,2025-02-09 11:00:00,193.81,14.37,9.4,12.2,18.4,70.2,10.5,False
B003,B003_M1,2025-02-09 12:00:00,193.21,,10.2,17.1,20.0,44.0,20.9,False
B003,B003_M3,2025-02-09 13:00:00,196.37,13.49,8.5,12.3,17.4,46.9,19.0,False
B003,B003_M2,2025-02-09 14:00:00,136.58,16.14,8.5,12.3,25.2,64.1,13.8,False
B003,B003_M1,2025-02-09 15:00:00,249.82,,10.1,14.3,29.3,48.7,15.8,False
B003,B003_M2,2025-02-09 16:00:00,211.81,,9.2,13.3,20.8,51.0,24.8,False
B003,B003_M3,2025-02-09 17:00:00,179.07,18.46,8.0,13.7,20.6,69.0,48.2,False
B003,B003_M2,2025-02-09 18:00:00,185.32,,7.9,16.5,19.1,44.6,13.8,False
B003,B003_M2,2025-02-09 19:00:00,232.7,9.11,11.1,12.6,16.7,47.6,22.8,False
B003,B003_M3,2025-02-09 20:00:00,168.47,16.47,10.9,12.8,24.8,45.0,22.0,False
B003,B003_M1,2025-02-09 21:00:00,232.68,8.11,8.4,15.7,16.5,66.6,33.8,False
B004,B004_M2,2025-02-09 08:00:00,131.3,13.38,10.1,13.9,29.3,44.9,33.8,False
B004,B004_M2,2025-02-09 09:00:00,136.04,9.82,10.4,17.4,28.2,46.2,43.4,False
B004,B004_M2,2025-02-09 10:00:00,116.14,12.17,9.9,13.7,28.2,50.2,35.9,False
B004,B004_M3,2025-02-09 11:00:00,137.49,5.73,9.0,14.8,25.3,54.0,20.3,False
B004,B004_M1,2025-02-09 12:00:00,139.54,12.91,10.0,13.2,29.6,70.7,33.7,False
B004,B004_M2,2025-02-09 13:00:00,154.49,11.08,10.7,12.9,27.0,48.7,15.5,False
B004,B004_M1,2025-02-09 14:00:00,124.77,,10.2,16.6,29.0,52.0,47.0,False
B004,B004_M2,2025-02-09 15:00:00,157.84,11.86,11.8,15.2,27.7,78.1,45.8,False
B004,B004_M2,2025-02-09 16:00:00,119.8,12.23,8.1,13.0,17.9,78.3,38.3,False
B004,B004_M1,2025-02-09 17:00:00,118.25,5.93,7.8,16.8,16.9,77.0,41.9,False
B004,B004_M1,2025-02-09 18:00:00,150.69,,8.1,16.4,29.1,64.4,33.3,False
B004,B004_M3,2025-02-09 19:00:00,149.68,6.12,8.6,15.8,20.7,73.3,43.7,False
B004,B004_M2,2025-02-09 20:00:00,129.51,17.43,10.5,17.5,22.4,58.0,13.6,False
B004,B004_M2,2025-02-09 21:00:00,142.31,5.5,10.1,16.5,18.3,48.0,28.2,False
B005,B005_M2,2025-02-09 08:00:00,28.26,7.04,9.9,12.0,18.3,59.9,31.8,False
B005,B005_M1,2025-02-09 09:00:00,31.85,19.23,11.2,13.5,20.3,51.7,15.8,False
B005,B005_M5,2025-02-09 10:00:00,28.65,8.5,7.8,17.3,15.4,71.6,35.6,False
B005,B005_M1,2025-02-09 11:00:00,25.88,11.82,8.8,17.1,20.6,53.9,12.1,False
B005,B005_M1,2025-02-09 12:00:00,23.11,19.37,9.9,17.3,17.1,61.7,28.4,False
B005,B005_M3,2025-02-09 13:00:00,63.59,11.05,8.5,17.1,22.0,77.9,25.2,True
B005,B005_M4,2025-02-09 14:00:00,34.72,,11.9,12.1,20.8,48.9,38.6,False
B005,B005_M4,2025-02-09 15:00:00,22.03,11.04,8.3,17.5,21.5,49.9,47.6,False
B005,B005_M1,2025-02-09 16:00:00,35.8,,8.0,13.2,16.6,72.1,44.8,False
B005,B005_M3,2025-02-09 17:00:00,27.35,17.14,9.7,16.0,19.2,40.6,44.2,False
B005,B005_M5,2025-02-09 18:00:00,38.73,14.25,11.1,13.6,30.0,68.7,17.6,False
B005,B005_M1,2025-02-09 19:00:00,38.9,19.95,7.8,17.6,27.1,49.0,45.6,False
B005,B005_M3,2025-02-09 20:00:00,25.03,5.93,10.7,13.7,16.7,55.6,47.3,False
B005,B005_M1,2025-02-09 21:00:00,19.79,,9.4,16.7,25.4,52.8,29.2,False
B001,B001_M4,2025-02-10 08:00:00,121.48,7.18,8.7,18.0,25.1,78.5,47.6,False
B001,B001_M3,2025-02-10 09:00:00,175.62,,8.6,16.8,27.7,75.6,47.1,False
B001,B001_M2,2025-02-10 10:00:00,204.72,16.59,8.9,15.5,23.7,47.7,41.2,False
B001,B001_M5,2025-02-10 11:00:00,207.8,,8.1,15.5,25.6,63.5,23.2,False
B001,B001_M5,2025-02-10 12:00:00,186.63,10.36,10.3,12.8,25.0,68.0,43.2,False
B001,B001_M5,2025-02-10 13:00:00,266.31,10.02,10.9,17.2,17.4,77.0,14.6,False
B001,B001_M5,2025-02-10 14:00:00,237.87,14.78,8.3,13.2,19.0,64.1,48.3,False
B001,B001_M3,2025-02-10 15:00:00,171.37,,10.9,12.1,18.0,49.4,38.4,False
B001,B001_M3,2025-02-10 16:00:00,281.36,,11.3,17.8,26.4,64.1,46.3,False
B001,B001_M3,2025-02-10 17:00:00,201.01,5.12,10.0,13.6,29.0,41.1,19.7,False
B001,B001_M5,2025-02-10 18:00:00,89.06,17.9,8.7,12.9,19.2,47.5,48.5,False
B001,B001_M1,2025-02-10 19:00:00,123.8,11.63,11.3,13.1,21.0,79.9,45.8,False
B001,B001_M3,2025-02-10 20:00:00,146.46,12.56,8.4,13.0,18.0,52.0,27.6,False
B001,B001_M3,2025-02-10 21:00:00,136.18,14.23,11.5,14.4,18.9,58.8,40.3,False
B002,B002_M3,2025-02-10 08:00:00,94.46,10.88,8.6,17.0,21.4,43.7,46.1,False
B002,B002_M3,2025-02-10 09:00:00,118.75,,11.4,15.8,21.5,48.0,29.1,False
B002,B002_M3,2025-02-10 10:00:00,112.3,18.36,11.6,14.3,29.4,66.1,20.3,False
B002,B002_M1,2025-02-10 11:00:00,137.51,18.39,8.0,15.9,27.8,64.5,45.7,False
B002,B002_M2,2025-02-10 12:00:00,198.35,9.48,7.6,16.5,29.6,50.1,37.4,False
B002,B002_M3,2025-02-10 13:00:00,135.86,8.19,11.7,16.0,22.1,63.3,41.7,False
B002,B002_M1,2025-02-10 14:00:00,136.92,,8.6,16.4,17.1,66.2,12.2,False
B002,B002_M3,2025-02-10 15:00:00,112.31,15.83,10.9,13.5,25.8,75.1,21.5,False
B002,B002_M1,2025-02-10 16:00:00,143.73,18.5,8.5,15.2,20.2,45.9,13.1,False
B002,B002_M3,2025-02-10 17:00:00,219.98,9.69,7.5,14.9,22.2,60.8,43.5,True
B002,B002_M3,2025-02-10 18:00:00,59.71,18.73,7.9,15.7,27.7,68.6,29.7,False
B002,B002_M3,2025-02-10 19:00:00,74.4,,11.2,13.9,27.7,54.8,39.7,False
B002,B002_M3,2025-02-10 20:00:00,67.86,,8.5,17.4,18.1,46.5,40.3,False
B002,B002_M1,2025-02-10 21:00:00,87.06,17.72,9.0,16.0,22.2,60.7,43.0,False
B003,B003_M3,2025-02-10 08:00:00,324.4,15.8,9.0,13.0,25.2,46.2,48.3,False
B003,B003_M3,2025-02-10 09:00:00,344.46,18.53,11.7,13.5,18.1,56.0,10.5,False
B003,B003_M1,2025-02-10 10:00:00,920.06,,11.5,17.8,29.6,44.0,14.9,True
B003,B003_M1,2025-02-10 11:00:00,546.03,,7.4,14.1,17.5,59.2,16.8,False
B003,B003_M3,2025-02-10 12:00:00,621.72,18.6,9.4,12.5,25.6,62.2,48.8,False
B003,B003_M1,2025-02-10 13:00:00,425.88,,8.3,14.6,27.8,63.5,49.7,False
B003,B003_M3,2025-02-10 14:00:00,429.32,,7.3,13.5,27.7,49.2,27.9,False
B003,B003_M3,2025-02-10 15:00:00,305.27,,9.1,12.8,25.8,64.6,16.4,False
B003,B003_M3,2025-02-10 16:00:00,511.99,17.54,7.9,17.7,24.5,51.0,45.1,False
B003,B003_M2,2025-02-10 17:00:00,447.45,,10.9,15.5,27.3,42.4,33.1,False
B003,B003_M2,2025-02-10 18:00:00,267.38,13.6,7.9,16.1,27.5,41.2,44.0,False
B003,B003_M3,2025-02-10 19:00:00,193.76,5.21,11.3,13.1,25.0,61.5,39.8,False
B003,B003_M1,2025-02-10 20:00:00,313.69,,12.0,14.8,25.8,44.2,28.1,False
B003,B003_M1,2025-02-10 21:00:00,255.3,17.92,8.1,15.8,21.9,64.8,49.3,False
B004,B004_M1,2025-02-10 08:00:00,151.72,7.89,7.7,13.8,17.8,71.8,41.9,False
B004,B004_M2,2025-02-10 09:00:00,389.64,9.11,9.3,15.7,22.7,77.8,18.9,False
B004,B004_M2,2025-02-10 10:00:00,345.04,7.84,7.1,15.1,19.9,65.5,49.1,False
B004,B004_M3,2025-02-10 11:00:00,285.21,11.0,8.9,13.3,19.4,67.0,19.4,False
B004,B004_M1,2025-02-10 12:00:00,527.7,16.92,11.3,15.2,21.1,67.3,47.8,True
B004,B004_M1,2025-02-10 13:00:00,409.71,,9.2,17.3,21.4,56.3,14.2,False
B004,B004_M1,2025-02-10 14:00:00,259.5,15.35,11.8,17.5,20.3,62.9,17.5,False
B004,B004_M1,2025-02-10 15:00:00,381.96,,7.2,15.8,28.9,70.8,49.8,False
B004,B004_M1,2025-02-10 16:00:00,234.92,13.36,10.6,15.5,21.0,62.7,43.4,False
B004,B004_M1,2025-02-10 17:00:00,272.32,,11.7,15.5,24.5,54.1,33.9,False
B004,B004_M2,2025-02-10 18:00:00,180.47,13.81,11.9,15.9,18.8,57.5,44.7,False
B004,B004_M1,2025-02-10 19:00:00,238.77,19.97,10.5,14.7,15.5,66.6,17.2,False
B004,B004_M1,2025-02-10 20:00:00,161.37,15.11,8.6,16.8,20.4,49.5,32.9,False
B004,B004_M1,2025-02-10 21:00:00,189.27,15.72,11.9,17.6,15.2,62.4,10.9,False
B005,B005_M1,2025-02-10 08:00:00,34.32,17.06,7.0,16.1,24.1,79.2,47.9,False
B005,B005_M5,2025-02-10 09:00:00,58.22,,8.5,16.4,29.1,48.4,25.0,False
B005,B005_M5,2025-02-10 10:00:00,55.95,8.37,9.8,16.5,17.7,65.4,15.3,False
B005,B005_M4,2025-02-10 11:00:00,63.44,12.92,11.0,13.7,21.7,58.4,31.9,False
B005,B005_M2,2025-02-10 12:00:00,67.79,,8.5,12.3,25.7,65.5,44.9,False
B005,B005_M2,2025-02-10 13:00:00,79.57,,7.2,15.5,26.6,56.0,43.3,False
B005,B005_M2,2025-02-10 14:00:00,44.3,19.3,11.1,16.8,19.3,74.8,40.4,False
B005,B005_M4,2025-02-10 15:00:00,56.47,10.55,8.4,12.2,16.4,46.3,19.8,False
B005,B005_M3,2025-02-10 16:00:00,89.21,17.47,11.6,14.8,22.1,40.1,30.7,False
B005,B005_M2,2025-02-10 17:00:00,51.37,,7.1,15.1,16.4,50.7,46.5,False
B005,B005_M4,2025-02-10 18:00:00,47.45,7.91,11.5,16.5,20.4,70.2,24.9,False
B005,B005_M3,2025-02-10 19:00:00,47.1,19.01,8.7,17.3,29.9,73.2,18.4,False
B005,B005_M2,2025-02-10 20:00:00,35.94,16.33,11.6,13.6,16.2,40.5,35.4,False
B005,B005_M2,2025-02-10 21:00:00,39.28,,8.2,15.8,15.2,58.1,35.2,False
B001,B001_M2,2025-02-11 08:00:00,110.82,,10.2,16.4,18.2,59.6,44.1,False
B001,B001_M3,2025-02-11 09:00:00,183.97,,10.4,15.9,16.2,54.1,36.4,False
B001,B001_M1,2025-02-11 10:00:00,207.04,19.64,7.3,17.2,26.5,55.1,27.8,False
B001,B001_M1,2025-02-11 11:00:00,260.33,14.12,9.5,14.7,22.2,61.6,30.6,False
B001,B001_M1,2025-02-11 12:00:00,239.59,,7.4,14.4,28.3,64.4,27.0,False
B001,B001_M3,2025-02-11 13:00:00,185.2,5.6,10.1,15.4,24.1,49.2,16.3,False
B001,B001_M4,2025-02-11 14:00:00,155.22,12.06,10.9,13.9,15.0,51.4,31.9,False
B001,B001_M1,2025-02-11 15:00:00,192.53,13.64,11.2,17.8,27.6,73.8,17.8,False
B001,B001_M2,2025-02-11 16:00:00,299.38,,8.3,14.4,23.3,48.4,25.6,False
B001,B001_M3,2025-02-11 17:00:00,231.08,,7.4,14.0,28.6,64.0,47.2,False
B001,B001_M3,2025-02-11 18:00:00,114.97,,11.5,12.7,20.8,61.2,49.0,False
B001,B001_M4,2025-02-11 19:00:00,104.08,,10.5,12.5,16.6,72.1,32.3,False
B001,B001_M4,2025-02-11 20:00:00,98.07,17.13,11.6,14.8,24.1,60.9,13.9,False
B001,B001_M2,2025-02-11 21:00:00,80.02,17.62,11.6,16.1,25.9,52.4,33.5,False
B002,B002_M3,2025-02-11 08:00:00,100.33,14.45,7.3,17.3,15.1,56.7,39.2,False
B002,B002_M3,2025-02-11 09:00:00,153.61,13.91,9.8,15.2,28.8,40.8,39.5,False
B002,B002_M4,2025-02-11 10:00:00,114.17,17.35,8.4,16.4,19.5,42.8,15.4,False
B002,B002_M4,2025-02-11 11:00:00,100.2,6.42,11.3,17.7,26.9,77.4,31.2,False
B002,B002_M2,2025-02-11 12:00:00,109.07,7.26,7.6,14.1,19.9,43.0,47.9,False
B002,B002_M1,2025-02-11 13:00:00,107.68,,10.4,16.5,19.5,59.9,36.2,False
B002,B002_M1,2025-02-11 14:00:00,96.83,12.96,7.5,13.8,27.6,56.9,33.0,False
B002,B002_M4,2025-02-11 15:00:00,119.2,16.05,9.2,13.0,15.7,77.5,44.6,False
B002,B002_M1,2025-02-11 16:00:00,103.06,,7.6,13.7,17.3,66.3,25.8,False
B002,B002_M4,2025-02-11 17:00:00,155.23,5.23,11.5,16.2,25.2,53.5,36.1,False
B002,B002_M3,2025-02-11 18:00:00,86.68,19.33,11.7,13.6,29.2,40.6,39.2,False
B002,B002_M3,2025-02-11 19:00:00,84.96,12.58,10.0,14.3,20.0,63.9,34.1,False
B002,B002_M3,2025-02-11 20:00:00,72.39,,7.6,17.4,18.6,66.0,47.0,False
B002,B002_M3,2025-02-11 21:00:00,132.78,,9.9,17.0,24.9,59.9,26.7,True
B003,B003_M2,2025-02-11 08:00:00,229.4,,7.1,15.1,15.5,71.0,42.8,False
B003,B003_M2,2025-02-11 09:00:00,437.65,19.85,9.8,12.4,17.0,61.9,26.3,False
B003,B003_M1,2025-02-11 10:00:00,476.74,18.17,10.6,12.1,19.2,51.6,24.0,False
B003,B003_M3,2025-02-11 11:00:00,342.29,18.24,7.0,14.0,23.2,65.4,43.5,False
B003,B003_M3,2025-02-11 12:00:00,496.59,14.81,7.3,16.7,16.9,44.9,16.4,False
B003,B003_M1,2025-02-11 13:00:00,463.96,,9.1,16.4,16.9,48.5,45.5,False
B003,B003_M2,2025-02-11 14:00:00,394.99,17.56,8.5,13.4,18.2,51.2,41.3,False
B003,B003_M1,2025-02-11 15:00:00,499.85,,10.5,13.8,25.8,51.6,36.9,False
B003,B003_M1,2025-02-11 16:00:00,591.69,12.84,7.6,12.2,20.9,76.1,41.7,False
B003,B003_M3,2025-02-11 17:00:00,564.84,,9.3,12.3,27.9,74.0,43.2,False
B003,B003_M1,2025-02-11 18:00:00,280.9,12.94,9.2,17.8,21.8,72.6,41.0,False
B003,B003_M3,2025-02-11 19:00:00,678.44,11.26,10.9,13.4,19.2,74.0,17.0,True
B003,B003_M1,2025-02-11 20:00:00,228.87,9.33,11.6,14.8,23.2,68.5,16.2,False
B003,B003_M1,2025-02-11 21:00:00,279.66,18.12,10.6,13.0,20.0,45.7,16.5,False
B004,B004_M1,2025-02-11 08:00:00,190.86,,11.7,13.5,17.0,45.9,12.4,False
B004,B004_M2,2025-02-11 09:00:00,299.15,6.73,8.2,14.2,26.2,44.9,43.3,False
B004,B004_M3,2025-02-11 10:00:00,320.06,8.63,8.1,18.0,19.5,43.3,24.7,False
B004,B004_M3,2025-02-11 11:00:00,331.22,7.77,7.0,17.1,28.4,66.2,27.1,False
B004,B004_M2,2025-02-11 12:00:00,457.63,10.69,9.6,14.5,25.1,41.1,38.8,False
B004,B004_M1,2025-02-11 13:00:00,278.8,,8.5,17.0,22.5,62.0,16.8,False
B004,B004_M3,2025-02-11 14:00:00,400.94,,9.8,14.2,16.7,77.3,32.7,False
B004,B004_M2,2025-02-11 15:00:00,370.25,12.36,7.3,14.2,26.1,74.1,37.3,False
B004,B004_M2,2025-02-11 16:00:00,283.6,,9.2,13.2,26.8,48.4,42.7,False
B004,B004_M2,2025-02-11 17:00:00,320.74,18.67,11.0,14.8,21.6,43.4,41.8,False
B004,B004_M1,2025-02-11 18:00:00,165.46,14.52,11.0,15.7,18.1,49.5,21.5,False
B004,B004_M3,2025-02-11 19:00:00,199.47,,8.3,16.6,24.5,66.6,26.9,False
B004,B004_M3,2025-02-11 20:00:00,158.52,14.56,10.7,16.7,25.4,41.5,13.5,False
B004,B004_M2,2025-02-11 21:00:00,153.13,,11.5,14.4,18.5,52.4,44.3,False
B005,B005_M3,2025-02-11 08:00:00,38.14,19.41,9.7,15.1,25.5,75.1,26.2,False
B005,B005_M3,2025-02-11 09:00:00,74.36,,10.5,13.1,26.0,48.0,42.5,False
B005,B005_M2,2025-02-11 10:00:00,53.15,6.85,7.7,12.8,28.7,57.3,24.0,False
B005,B005_M5,2025-02-11 11:00:00,89.39,,7.5,12.5,26.6,65.2,31.4,False
B005,B005_M1,2025-02-11 12:00:00,52.03,9.39,7.1,16.1,23.3,45.1,21.8,False
B005,B005_M3,2025-02-11 13:00:00,79.78,17.43,7.1,12.8,29.5,70.1,20.6,False
B005,B005_M1,2025-02-11 14:00:00,50.14,9.12,11.8,12.9,24.8,79.2,12.9,False
B005,B005_M5,2025-02-11 15:00:00,62.04,7.03,8.5,17.9,19.4,67.9,12.8,False
B005,B005_M5,2025-02-11 16:00:00,68.71,19.24,8.9,18.0,29.8,72.1,49.7,False
B005,B005_M4,2025-02-11 17:00:00,43.88,16.88,10.7,13.8,19.6,68.4,20.1,False
B005,B005_M3,2025-02-11 18:00:00,46.8,,10.8,18.0,27.5,76.2,46.6,False
B005,B005_M4,2025-02-11 19:00:00,40.05,17.29,8.6,17.3,17.3,73.3,37.9,False
B005,B005_M4,2025-02-11 20:00:00,46.68,15.31,11.5,15.6,28.4,51.3,38.6,False
B005,B005_M4,2025-02-11 21:00:00,34.64,,10.5,12.3,17.3,60.9,29.9,False
B001,B001_M1,2025-02-12 08:00:00,104.38,14.22,9.0,15.0,15.9,62.1,18.7,False
B001,B001_M3,2025-02-12 09:00:00,201.0,,8.3,12.1,23.3,79.2,49.2,False
B001,B001_M4,2025-02-12 10:00:00,281.51,7.28,9.1,13.5,25.5,67.8,14.1,False
B001,B001_M3,2025-02-12 11:00:00,368.81,8.47,9.6,14.3,21.7,79.0,42.1,True
B001,B001_M4,2025-02-12 12:00:00,257.92,16.0,11.8,17.5,25.9,51.7,14.9,False
B001,B001_M2,2025-02-12 13:00:00,230.66,,9.9,13.0,20.2,42.6,38.0,False
B001,B001_M1,2025-02-12 14:00:00,139.83,,10.2,17.4,21.9,73.6,17.0,False
B001,B001_M5,2025-02-12 15:00:00,232.15,13.39,11.5,12.3,15.2,62.0,46.6,False
B001,B001_M3,2025-02-12 16:00:00,171.85,,11.5,17.6,29.3,50.2,36.3,False
B001,B001_M3,2025-02-12 17:00:00,219.94,,11.0,17.6,29.1,60.4,42.4,False
B001,B001_M2,2025-02-12 18:00:00,136.95,10.44,11.3,17.0,17.8,60.3,29.6,False
B001,B001_M3,2025-02-12 19:00:00,106.48,14.28,9.2,17.0,29.4,44.2,32.1,False
B001,B001_M1,2025-02-12 20:00:00,138.57,,11.4,16.5,18.1,72.3,39.2,False
B001,B001_M5,2025-02-12 21:00:00,103.68,15.32,10.1,17.2,23.6,66.2,22.0,False
B002,B002_M3,2025-02-12 08:00:00,85.35,9.15,10.2,12.4,23.9,49.2,45.4,False
B002,B002_M2,2025-02-12 09:00:00,104.68,,11.7,17.0,16.9,59.5,47.1,False
B002,B002_M3,2025-02-12 10:00:00,121.65,13.08,10.8,12.1,22.9,48.0,21.3,False
B002,B002_M2,2025-02-12 11:00:00,243.21,7.77,10.4,15.5,23.4,44.8,10.3,True
B002,B002_M1,2025-02-12 12:00:00,115.97,19.23,8.3,12.7,28.8,69.4,15.0,False
B002,B002_M1,2025-02-12 13:00:00,109.76,6.99,7.3,12.3,24.6,53.3,43.0,False
B002,B002_M4,2025-02-12 14:00:00,128.26,13.23,10.6,14.0,18.8,51.5,37.3,False
B002,B002_M3,2025-02-12 15:00:00,105.65,,11.8,17.8,27.6,76.3,36.0,False
B002,B002_M3,2025-02-12 16:00:00,133.97,15.28,7.2,16.6,20.6,52.8,38.1,False
B002,B002_M4,2025-02-12 17:00:00,151.27,,8.8,17.3,24.6,76.7,43.4,False
B002,B002_M3,2025-02-12 18:00:00,78.92,10.04,8.0,17.1,18.8,77.5,10.7,False
B002,B002_M3,2025-02-12 19:00:00,76.65,16.41,9.9,13.0,18.0,63.6,38.5,False
B002,B002_M3,2025-02-12 20:00:00,71.05,17.28,9.0,14.3,29.9,58.2,40.6,False
B002,B002_M4,2025-02-12 21:00:00,82.76,,8.8,16.3,29.8,52.4,41.5,False
B003,B003_M1,2025-02-12 08:00:00,208.79,11.69,8.8,14.4,15.3,40.6,43.3,False
B003,B003_M3,2025-02-12 09:00:00,447.1,,9.0,17.5,23.6,64.0,30.5,False
B003,B003_M2,2025-02-12 10:00:00,439.57,,7.7,14.5,27.1,71.6,23.0,False
B003,B003_M2,2025-02-12 11:00:00,476.83,5.92,8.2,14.8,18.4,61.5,18.4,False
B003,B003_M1,2025-02-12 12:00:00,367.7,,7.3,16.3,16.1,48.3,17.7,False
B003,B003_M2,2025-02-12 13:00:00,489.57,,7.3,12.1,17.7,43.7,23.4,False
B003,B003_M3,2025-02-12 14:00:00,439.29,,8.1,13.6,28.4,40.9,19.8,False
B003,B003_M1,2025-02-12 15:00:00,441.55,8.45,9.5,12.7,29.0,41.4,13.5,False
B003,B003_M3,2025-02-12 16:00:00,404.51,8.91,11.8,14.8,16.5,44.3,27.5,False
B003,B003_M1,2025-02-12 17:00:00,402.23,19.13,10.6,12.8,21.4,62.4,22.3,False
B003,B003_M3,2025-02-12 18:00:00,212.22,,11.0,17.6,27.5,74.1,16.6,False
B003,B003_M2,2025-02-12 19:00:00,233.58,7.57,11.4,17.6,29.9,58.5,45.3,False
B003,B003_M2,2025-02-12 20:00:00,250.06,16.3,11.3,15.8,21.8,67.9,47.7,False
B003,B003_M2,2025-02-12 21:00:00,266.35,13.01,9.4,14.8,26.2,72.0,30.1,False
B004,B004_M1,2025-02-12 08:00:00,149.26,18.09,10.3,14.2,21.3,61.1,28.9,False
B004,B004_M3,2025-02-12 09:00:00,430.46,11.04,7.8,15.1,21.3,62.3,10.8,False
B004,B004_M1,2025-02-12 10:00:00,334.98,,9.6,15.8,25.2,43.2,36.9,False
B004,B004_M3,2025-02-12 11:00:00,575.63,10.85,10.9,14.3,24.7,60.2,11.1,True
B004,B004_M2,2025-02-12 12:00:00,388.43,,7.3,14.1,23.8,74.3,23.5,False
B004,B004_M3,2025-02-12 13:00:00,277.54,,10.2,15.5,26.5,56.0,39.6,False
B004,B004_M3,2025-02-12 14:00:00,330.89,11.94,10.1,15.2,21.2,67.5,19.7,False
B004,B004_M3,2025-02-12 15:00:00,280.66,12.98,8.6,14.4,22.0,42.9,10.1,False
B004,B004_M2,2025-02-12 16:00:00,338.66,18.79,11.7,14.8,21.6,49.5,41.3,False
B004,B004_M2,2025-02-12 17:00:00,401.32,,7.2,12.2,21.3,74.6,13.0,False
B004,B004_M3,2025-02-12 18:00:00,200.6,10.32,7.3,16.0,21.7,76.8,10.5,False
B004,B004_M2,2025-02-12 19:00:00,168.16,19.83,8.3,17.4,29.5,40.6,20.0,False
B004,B004_M2,2025-02-12 20:00:00,201.33,15.6,10.4,15.9,19.6,66.0,36.9,False
B004,B004_M3,2025-02-12 21:00:00,199.76,6.91,7.3,15.5,23.2,42.6,41.4,False
B005,B005_M5,2025-02-12 08:00:00,34.78,,8.9,16.2,24.3,51.8,32.3,False
B005,B005_M1,2025-02-12 09:00:00,56.31,9.33,9.2,16.1,28.1,55.9,10.8,False
B005,B005_M3,2025-02-12 10:00:00,74.55,7.25,11.7,15.3,23.8,50.7,38.0,False
B005,B005_M5,2025-02-12 11:00:00,52.6,11.37,7.7,16.6,21.6,59.1,35.2,False
B005,B005_M2,2025-02-12 12:00:00,61.54,5.66,10.0,17.8,20.1,54.8,24.4,False
B005,B005_M2,2025-02-12 13:00:00,42.61,,9.1,13.0,15.6,59.8,41.4,False
B005,B005_M3,2025-02-12 14:00:00,58.5,14.68,10.0,15.2,26.3,51.6,31.4,False
B005,B005_M5,2025-02-12 15:00:00,72.12,8.56,10.6,13.3,17.1,59.1,44.3,False
B005,B005_M1,2025-02-12 16:00:00,88.35,9.59,8.9,16.3,19.9,53.4,28.1,False
B005,B005_M5,2025-02-12 17:00:00,73.89,16.75,9.4,12.0,20.8,44.3,16.7,False
B005,B005_M2,2025-02-12 18:00:00,28.31,,9.8,15.5,18.3,40.1,17.9,False
B005,B005_M1,2025-02-12 19:00:00,39.52,,11.9,16.4,19.3,46.1,10.4,False
B005,B005_M4,2025-02-12 20:00:00,38.4,11.11,9.4,15.5,27.4,52.4,43.5,False
B005,B005_M4,2025-02-12 21:00:00,46.08,,7.2,15.6,27.5,52.8,31.2,False
B001,B001_M5,2025-02-13 08:00:00,117.57,,11.5,17.4,19.0,56.2,18.8,False
B001,B001_M4,2025-02-13 09:00:00,212.02,15.96,8.3,13.0,20.2,49.9,20.8,False
B001,B001_M4,2025-02-13 10:00:00,208.47,14.42,9.3,13.8,23.1,53.4,12.0,False
B001,B001_M3,2025-02-13 11:00:00,137.63,12.89,7.5,13.5,22.8,66.7,35.0,False
B001,B001_M5,2025-02-13 12:00:00,178.81,19.77,11.2,14.7,27.5,71.8,33.8,False
B001,B001_M3,2025-02-13 13:00:00,158.72,,8.3,13.8,29.3,64.7,22.7,False
B001,B001_M5,2025-02-13 14:00:00,198.55,19.26,8.3,12.6,22.3,50.6,29.6,False
B001,B001_M5,2025-02-13 15:00:00,192.03,9.35,11.6,12.3,18.2,60.4,30.4,False
B001,B001_M4,2025-02-13 16:00:00,295.83,17.2,9.2,15.3,28.8,77.3,26.7,False
B001,B001_M3,2025-02-13 17:00:00,208.94,6.65,10.5,16.0,15.9,57.2,10.3,False
B001,B001_M2,2025-02-13 18:00:00,121.03,12.45,11.4,17.0,26.6,75.9,10.9,False
B001,B001_M1,2025-02-13 19:00:00,113.6,7.07,8.3,13.1,18.5,67.1,16.6,False
B001,B001_M2,2025-02-13 20:00:00,126.55,19.77,9.1,17.2,26.3,49.6,24.5,False
B001,B001_M3,2025-02-13 21:00:00,86.73,9.24,10.6,14.2,25.7,65.5,22.1,False
B002,B002_M2,2025-02-13 08:00:00,50.03,15.13,9.9,17.3,28.1,67.0,44.3,False
B002,B002_M4,2025-02-13 09:00:00,115.13,14.51,9.6,15.7,29.4,75.1,49.8,False
B002,B002_M1,2025-02-13 10:00:00,114.03,14.75,8.6,14.9,21.5,76.5,23.5,False
B002,B002_M3,2025-02-13 11:00:00,97.31,,7.8,16.6,17.8,74.8,25.7,False
B002,B002_M1,2025-02-13 12:00:00,113.79,,9.6,13.2,16.1,40.8,22.4,False
B002,B002_M3,2025-02-13 13:00:00,133.65,,11.6,15.0,19.2,69.4,46.0,False
B002,B002_M1,2025-02-13 14:00:00,117.37,,8.9,13.9,27.1,66.9,46.5,False
B002,B002_M3,2025-02-13 15:00:00,139.75,8.01,11.8,17.2,15.9,66.0,33.3,False
B002,B002_M2,2025-02-13 16:00:00,134.56,16.38,8.6,12.7,22.0,74.3,32.6,False
B002,B002_M1,2025-02-13 17:00:00,175.63,16.74,7.5,12.4,23.0,50.5,40.4,False
B002,B002_M4,2025-02-13 18:00:00,91.34,14.28,11.4,17.8,19.4,59.4,19.0,False
B002,B002_M1,2025-02-13 19:00:00,102.46,5.05,11.3,14.2,29.1,79.9,46.9,False
B002,B002_M4,2025-02-13 20:00:00,67.8,11.93,7.6,14.8,22.2,73.5,25.3,False
B002,B002_M1,2025-02-13 21:00:00,67.22,6.59,9.7,15.6,25.8,65.2,41.4,False
B003,B003_M1,2025-02-13 08:00:00,291.6,19.18,8.3,15.1,19.1,56.8,49.6,False
B003,B003_M1,2025-02-13 09:00:00,364.33,5.71,7.7,15.6,28.6,74.5,19.5,False
B003,B003_M2,2025-02-13 10:00:00,524.91,8.25,10.9,17.0,15.4,48.5,39.4,False
B003,B003_M2,2025-02-13 11:00:00,485.69,,8.7,12.9,18.3,78.6,25.4,False
B003,B003_M2,2025-02-13 12:00:00,481.14,5.12,11.4,14.1,26.7,47.3,32.7,False
B003,B003_M3,2025-02-13 13:00:00,403.92,19.98,8.0,16.5,24.2,57.9,43.9,False
B003,B003_M2,2025-02-13 14:00:00,572.8,11.21,9.1,16.1,15.8,60.0,31.7,False
B003,B003_M1,2025-02-13 15:00:00,594.27,13.95,11.6,12.5,20.2,64.5,26.8,False
B003,B003_M1,2025-02-13 16:00:00,567.19,11.13,11.8,16.3,29.6,63.7,42.2,False
B003,B003_M2,2025-02-13 17:00:00,378.44,10.82,7.4,13.2,19.7,42.9,41.7,False
B003,B003_M1,2025-02-13 18:00:00,296.85,11.4,10.8,13.3,20.5,72.2,40.9,False
B003,B003_M3,2025-02-13 19:00:00,332.58,,8.7,14.7,21.0,73.9,24.1,False
B003,B003_M3,2025-02-13 20:00:00,208.92,6.48,8.5,17.8,28.5,76.8,40.9,False
B003,B003_M1,2025-02-13 21:00:00,271.41,,7.5,14.0,24.8,41.8,37.3,False
B004,B004_M2,2025-02-13 08:00:00,215.81,,9.3,14.4,17.0,56.9,44.4,False
B004,B004_M2,2025-02-13 09:00:00,321.7,,10.5,16.5,20.3,54.4,36.5,False
B004,B004_M1,2025-02-13 10:00:00,307.82,,11.3,13.6,21.6,75.7,43.8,False
B004,B004_M2,2025-02-13 11:00:00,318.25,13.74,11.2,17.6,19.5,55.7,27.9,False
B004,B004_M3,2025-02-13 12:00:00,244.24,16.29,12.0,12.9,15.7,62.4,19.2,False
B004,B004_M1,2025-02-13 13:00:00,278.5,7.94,8.9,12.1,27.4,47.3,12.0,False
B004,B004_M1,2025-02-13 14:00:00,332.74,15.3,11.8,16.3,19.5,50.4,27.0,False
B004,B004_M2,2025-02-13 15:00:00,310.85,9.45,10.0,13.1,18.3,76.7,10.1,False
B004,B004_M3,2025-02-13 16:00:00,326.7,12.67,11.1,15.1,26.9,43.2,30.4,False
B004,B004_M2,2025-02-13 17:00:00,769.94,,10.0,17.3,26.8,73.6,49.8,True
B004,B004_M3,2025-02-13 18:00:00,200.43,,7.0,15.5,19.4,61.9,46.1,False
B004,B004_M2,2025-02-13 19:00:00,199.68,13.68,11.4,16.0,21.3,72.6,41.3,False
B004,B004_M2,2025-02-13 20:00:00,202.8,13.05,10.2,18.0,20.6,69.4,23.0,False
B004,B004_M2,2025-02-13 21:00:00,205.56,16.39,9.7,13.7,24.8,48.8,21.5,False
B005,B005_M1,2025-02-13 08:00:00,44.96,14.14,10.9,14.3,19.3,50.2,16.6,False
B005,B005_M1,2025-02-13 09:00:00,79.3,8.45,9.6,13.8,25.8,66.4,18.0,False
B005,B005_M4,2025-02-13 10:00:00,179.2,17.49,10.6,13.6,19.3,56.3,40.9,True
B005,B005_M2,2025-02-13 11:00:00,58.61,17.93,7.9,13.3,20.5,74.7,38.8,False
B005,B005_M5,2025-02-13 12:00:00,78.7,,11.1,15.3,25.1,76.3,46.4,False
B005,B005_M2,2025-02-13 13:00:00,66.56,,11.6,15.1,16.4,74.5,48.3,False
B005,B005_M1,2025-02-13 14:00:00,57.04,11.68,9.3,12.9,29.6,71.1,13.5,False
B005,B005_M5,2025-02-13 15:00:00,52.27,17.89,8.3,13.6,22.8,40.6,47.2,False
B005,B005_M1,2025-02-13 16:00:00,89.05,15.91,8.3,13.2,20.1,47.2,47.8,False
B005,B005_M1,2025-02-13 17:00:00,70.82,10.57,9.4,14.5,16.4,70.2,30.9,False
B005,B005_M5,2025-02-13 18:00:00,31.41,,10.4,14.4,16.4,41.2,19.7,False
B005,B005_M2,2025-02-13 19:00:00,41.15,14.4,11.4,15.4,16.1,59.0,13.8,False
B005,B005_M4,2025-02-13 20:00:00,32.69,,11.4,14.8,15.0,49.1,24.9,False
B005,B005_M3,2025-02-13 21:00:00,32.1,,11.8,12.0,21.4,69.4,13.7,False
B001,B001_M1,2025-02-14 08:00:00,129.48,,11.3,15.5,28.4,75.7,42.1,False
B001,B001_M5,2025-02-14 09:00:00,193.47,,10.2,15.4,15.1,72.8,42.3,False
B001,B001_M5,2025-02-14 10:00:00,193.18,6.89,7.4,16.4,23.9,79.6,21.7,False
B001,B001_M3,2025-02-14 11:00:00,207.18,,7.7,15.4,22.8,54.4,23.0,False
B001,B001_M2,2025-02-14 12:00:00,245.65,19.72,9.7,17.2,25.3,47.0,43.7,False
B001,B001_M5,2025-02-14 13:00:00,198.67,13.77,7.1,12.6,20.9,75.2,46.8,False
B001,B001_M4,2025-02-14 14:00:00,248.81,12.37,8.4,13.9,27.4,46.7,39.0,False
B001,B001_M1,2025-02-14 15:00:00,241.23,,8.9,17.3,28.9,52.9,26.5,False
B001,B001_M2,2025-02-14 16:00:00,203.74,14.91,10.4,12.0,19.2,43.7,23.3,False
B001,B001_M5,2025-02-14 17:00:00,175.03,11.2,9.0,14.8,21.9,50.2,17.5,False
B001,B001_M1,2025-02-14 18:00:00,120.99,,8.1,13.6,15.8,75.1,12.8,False
B001,B001_M3,2025-02-14 19:00:00,112.05,8.83,9.4,16.2,16.6,75.2,19.7,False
B001,B001_M2,2025-02-14 20:00:00,92.71,12.46,9.8,14.9,24.4,40.6,10.6,False
B001,B001_M5,2025-02-14 21:00:00,129.69,,8.9,16.9,25.3,74.8,21.5,False
B002,B002_M1,2025-02-14 08:00:00,78.76,,7.1,13.6,16.0,67.6,33.8,False
B002,B002_M4,2025-02-14 09:00:00,119.33,15.8,7.8,18.0,29.4,56.0,26.8,False
B002,B002_M3,2025-02-14 10:00:00,112.19,8.71,11.3,16.1,18.5,76.9,18.4,False
B002,B002_M1,2025-02-14 11:00:00,100.34,,7.4,16.9,19.4,49.9,16.7,False
B002,B002_M1,2025-02-14 12:00:00,119.65,6.86,11.5,15.0,27.7,41.1,12.4,False
B002,B002_M4,2025-02-14 13:00:00,431.98,18.01,10.3,13.8,28.2,79.8,14.2,True
B002,B002_M2,2025-02-14 14:00:00,150.53,15.74,9.6,16.1,26.9,53.3,19.7,False
B002,B002_M2,2025-02-14 15:00:00,140.69,14.64,9.4,17.1,17.0,49.5,19.5,False
B002,B002_M3,2025-02-14 16:00:00,148.59,10.08,11.5,13.7,17.2,45.0,27.2,False
B002,B002_M2,2025-02-14 17:00:00,218.53,,12.0,15.3,24.4,50.6,38.9,True
B002,B002_M1,2025-02-14 18:00:00,96.94,,10.4,13.0,22.4,61.9,38.5,False
B002,B002_M4,2025-02-14 19:00:00,67.7,16.27,9.8,13.8,15.3,65.3,38.7,False
B002,B002_M3,2025-02-14 20:00:00,65.59,15.44,11.6,16.1,24.5,53.0,20.9,False
B002,B002_M3,2025-02-14 21:00:00,106.6,,12.0,15.9,15.2,51.1,16.8,True
B003,B003_M1,2025-02-14 08:00:00,239.92,,10.5,13.0,22.8,50.0,16.0,False
B003,B003_M2,2025-02-14 09:00:00,410.96,,8.9,12.4,27.9,75.0,27.6,False
B003,B003_M2,2025-02-14 10:00:00,434.13,13.86,8.9,15.2,18.0,69.9,45.6,False
B003,B003_M3,2025-02-14 11:00:00,577.86,16.14,9.5,13.3,28.2,76.7,37.6,False
B003,B003_M1,2025-02-14 12:00:00,501.1,15.93,8.4,15.6,20.5,67.8,46.0,False
B003,B003_M2,2025-02-14 13:00:00,536.8,10.7,9.2,15.0,25.3,44.7,27.1,False
B003,B003_M1,2025-02-14 14:00:00,869.57,6.39,9.8,12.1,23.5,62.5,27.3,True
B003,B003_M1,2025-02-14 15:00:00,521.91,9.33,10.2,16.3,29.5,45.3,29.9,False
B003,B003_M3,2025-02-14 16:00:00,505.44,16.7,7.1,17.2,22.5,69.6,20.8,False
B003,B003_M2,2025-02-14 17:00:00,436.64,6.03,7.4,16.7,16.5,76.5,24.2,False
B003,B003_M2,2025-02-14 18:00:00,267.34,6.67,8.0,16.6,16.3,45.5,47.2,False
B003,B003_M1,2025-02-14 19:00:00,236.76,,8.0,15.0,17.9,54.4,38.4,False
B003,B003_M1,2025-02-14 20:00:00,259.56,6.06,7.5,15.9,17.2,67.0,18.9,False
B003,B003_M2,2025-02-14 21:00:00,233.67,13.87,12.0,15.0,24.7,43.7,46.2,False
B004,B004_M1,2025-02-14 08:00:00,220.19,,9.1,17.8,28.9,60.8,30.9,False
B004,B004_M3,2025-02-14 09:00:00,341.6,15.33,10.4,13.8,19.4,79.2,36.0,False
B004,B004_M2,2025-02-14 10:00:00,420.76,6.34,10.5,15.9,26.5,66.5,34.7,False
B004,B004_M3,2025-02-14 11:00:00,376.36,18.84,9.0,17.3,19.2,76.6,23.5,False
B004,B004_M3,2025-02-14 12:00:00,374.15,16.47,11.0,12.2,15.1,40.2,18.9,False
B004,B004_M1,2025-02-14 13:00:00,360.56,,11.7,17.8,15.7,51.4,26.6,False
B004,B004_M2,2025-02-14 14:00:00,361.45,12.14,7.9,14.3,16.0,41.4,27.5,False
B004,B004_M3,2025-02-14 15:00:00,273.16,,10.8,15.6,21.0,71.5,27.1,False
B004,B004_M2,2025-02-14 16:00:00,341.18,,8.6,12.5,20.7,68.8,38.6,False
B004,B004_M2,2025-02-14 17:00:00,268.89,12.03,9.9,14.3,21.2,70.1,19.6,False
B004,B004_M2,2025-02-14 18:00:00,200.84,17.02,10.3,16.4,24.3,67.4,40.2,False
B004,B004_M2,2025-02-14 19:00:00,217.33,8.08,10.5,14.3,25.4,49.6,47.7,False
B004,B004_M1,2025-02-14 20:00:00,161.56,,9.0,12.4,29.3,40.7,20.4,False
B004,B004_M2,2025-02-14 21:00:00,136.8,12.62,11.2,16.6,21.8,49.2,12.2,False
B005,B005_M1,2025-02-14 08:00:00,36.76,5.9,11.2,12.2,26.0,57.8,30.7,False
B005,B005_M3,2025-02-14 09:00:00,77.06,6.72,8.6,16.3,28.8,41.2,22.6,False
B005,B005_M5,2025-02-14 10:00:00,72.98,,10.7,17.5,29.0,69.9,16.9,False
B005,B005_M1,2025-02-14 11:00:00,47.55,15.89,9.3,14.7,17.0,67.7,20.0,False
B005,B005_M2,2025-02-14 12:00:00,64.82,7.8,9.6,14.0,18.9,57.7,27.6,False
B005,B005_M4,2025-02-14 13:00:00,69.34,,9.3,14.8,17.1,49.4,28.8,False
B005,B005_M5,2025-02-14 14:00:00,47.34,12.72,8.3,15.3,20.2,66.1,16.6,False
B005,B005_M1,2025-02-14 15:00:00,66.25,,7.3,14.1,28.9,68.8,36.6,False
B005,B005_M5,2025-02-14 16:00:00,56.75,18.2,10.3,12.5,19.0,59.3,18.2,False
B005,B005_M3,2025-02-14 17:00:00,69.83,14.07,7.7,16.8,20.5,54.4,15.8,False
B005,B005_M5,2025-02-14 18:00:00,44.26,6.85,9.1,17.4,22.1,49.9,23.8,False
B005,B005_M2,2025-02-14 19:00:00,43.15,10.83,10.8,13.1,21.4,51.6,14.1,False
B005,B005_M4,2025-02-14 20:00:00,33.0,,9.5,15.6,17.7,70.9,21.1,False
B005,B005_M2,2025-02-14 21:00:00,36.21,,9.6,13.1,21.7,63.7,45.5,False
B001,B001_M4,2025-02-15 08:00:00,102.57,18.34,8.9,17.8,18.1,63.5,38.1,False
B001,B001_M2,2025-02-15 09:00:00,86.02,12.81,10.5,14.9,26.0,68.3,17.3,False
B001,B001_M3,2025-02-15 10:00:00,83.37,12.59,7.1,16.9,26.8,58.1,11.6,False
B001,B001_M1,2025-02-15 11:00:00,90.74,,10.9,12.6,15.6,45.5,27.0,False
B001,B001_M2,2025-02-15 12:00:00,94.53,19.35,10.5,16.0,19.2,41.4,21.3,False
B001,B001_M1,2025-02-15 13:00:00,98.59,7.8,8.0,17.4,15.5,55.7,13.2,False
B001,B001_M5,2025-02-15 14:00:00,75.72,13.71,11.8,16.4,21.8,48.8,40.5,False
B001,B001_M1,2025-02-15 15:00:00,94.19,,7.1,16.8,23.2,73.4,44.0,False
B001,B001_M3,2025-02-15 16:00:00,71.41,13.42,10.4,17.3,19.4,57.4,32.9,False
B001,B001_M4,2025-02-15 17:00:00,79.9,11.45,8.4,18.0,28.4,55.0,15.4,False
B001,B001_M1,2025-02-15 18:00:00,93.58,16.36,10.5,15.7,16.5,46.5,39.9,False
B001,B001_M2,2025-02-15 19:00:00,71.11,15.87,9.6,17.7,15.1,73.8,41.3,False
B001,B001_M1,2025-02-15 20:00:00,63.06,,11.5,17.7,23.8,53.1,27.9,False
B001,B001_M5,2025-02-15 21:00:00,102.77,8.64,11.6,16.9,27.7,63.2,10.7,False
B002,B002_M3,2025-02-15 08:00:00,55.57,6.1,9.9,15.3,27.0,61.0,40.6,False
B002,B002_M2,2025-02-15 09:00:00,56.65,9.0,11.2,16.9,23.6,48.4,15.5,False
B002,B002_M3,2025-02-15 10:00:00,71.35,12.32,9.7,16.8,26.9,54.9,43.3,False
B002,B002_M1,2025-02-15 11:00:00,79.48,8.54,8.9,15.0,16.7,67.7,31.4,False
B002,B002_M2,2025-02-15 12:00:00,39.28,8.5,11.2,13.2,28.3,67.1,11.2,False
B002,B002_M4,2025-02-15 13:00:00,46.67,14.06,9.0,13.6,26.9,65.9,40.2,False
B002,B002_M1,2025-02-15 14:00:00,76.48,6.33,11.4,16.8,29.0,42.6,19.5,False
B002,B002_M1,2025-02-15 15:00:00,53.78,5.86,7.9,12.7,26.3,73.1,19.4,False
B002,B002_M2,2025-02-15 16:00:00,49.56,,8.5,12.2,21.9,49.0,25.9,False
B002,B002_M1,2025-02-15 17:00:00,47.65,11.87,11.2,12.2,27.7,50.2,31.8,False
B002,B002_M2,2025-02-15 18:00:00,78.81,15.18,10.0,15.8,16.1,61.4,15.7,False
B002,B002_M4,2025-02-15 19:00:00,37.75,10.51,7.7,15.3,17.0,59.6,45.9,False
B002,B002_M1,2025-02-15 20:00:00,45.72,,9.3,18.0,23.2,63.5,29.0,False
B002,B002_M1,2025-02-15 21:00:00,84.66,17.63,11.3,12.1,24.1,63.5,28.9,False
B003,B003_M2,2025-02-15 08:00:00,189.6,10.07,8.0,17.2,24.1,45.1,28.0,False
B003,B003_M1,2025-02-15 09:00:00,234.0,,9.6,12.9,29.6,54.7,49.7,False
B003,B003_M1,2025-02-15 10:00:00,409.46,9.61,11.3,12.0,26.4,77.8,12.0,True
B003,B003_M2,2025-02-15 11:00:00,150.47,8.33,8.6,17.5,22.9,73.8,17.8,False
B003,B003_M3,2025-02-15 12:00:00,209.11,,10.6,14.3,18.6,71.4,16.5,False
B003,B003_M3,2025-02-15 13:00:00,202.99,6.6,10.5,13.3,23.7,70.4,17.6,False
B003,B003_M3,2025-02-15 14:00:00,175.97,14.83,8.0,16.7,22.1,59.1,30.5,False
B003,B003_M3,2025-02-15 15:00:00,193.41,18.14,10.8,14.3,20.5,59.0,17.6,False
B003,B003_M1,2025-02-15 16:00:00,256.53,13.77,7.0,13.5,20.5,53.9,39.7,False
B003,B003_M1,2025-02-15 17:00:00,215.1,9.13,11.6,15.0,16.8,48.2,25.0,False
B003,B003_M2,2025-02-15 18:00:00,199.13,14.42,11.9,16.2,16.2,65.5,41.0,False
B003,B003_M2,2025-02-15 19:00:00,256.72,15.71,11.1,16.2,16.4,70.3,43.0,False
B003,B003_M1,2025-02-15 20:00:00,219.88,8.16,9.7,17.9,20.5,56.2,27.0,False
B003,B003_M2,2025-02-15 21:00:00,240.96,10.58,11.0,14.9,17.0,63.4,44.2,False
B004,B004_M3,2025-02-15 08:00:00,171.73,,7.3,12.5,15.1,46.6,17.4,False
B004,B004_M3,2025-02-15 09:00:00,142.39,11.49,8.2,12.1,23.8,40.8,12.9,False
B004,B004_M3,2025-02-15 10:00:00,108.98,,8.5,13.5,25.9,53.9,48.0,False
B004,B004_M3,2025-02-15 11:00:00,111.37,8.42,10.5,17.8,24.0,61.6,49.0,False
B004,B004_M1,2025-02-15 12:00:00,364.1,9.85,9.6,13.3,24.4,51.8,28.6,True
B004,B004_M3,2025-02-15 13:00:00,142.09,,8.5,16.0,26.4,53.7,20.9,False
B004,B004_M1,2025-02-15 14:00:00,137.13,,7.8,12.5,27.0,60.3,14.1,False
B004,B004_M1,2025-02-15 15:00:00,133.52,15.98,10.4,14.7,27.0,76.5,27.1,False
B004,B004_M1,2025-02-15 16:00:00,156.61,,11.5,12.4,20.8,46.9,35.6,False
B004,B004_M1,2025-02-15 17:00:00,164.0,13.91,11.5,16.3,18.2,78.3,43.4,False
B004,B004_M1,2025-02-15 18:00:00,98.41,,9.5,13.6,26.0,70.7,11.6,False
B004,B004_M2,2025-02-15 19:00:00,158.12,10.33,11.0,14.0,23.9,79.6,36.3,False
B004,B004_M3,2025-02-15 20:00:00,118.44,9.43,10.5,16.6,29.1,65.5,17.3,False
B004,B004_M2,2025-02-15 21:00:00,182.89,8.43,8.3,15.8,24.8,63.5,23.8,False
B005,B005_M3,2025-02-15 08:00:00,26.57,,10.3,14.2,27.9,53.3,34.1,False
B005,B005_M4,2025-02-15 09:00:00,37.01,19.24,9.3,15.3,15.4,79.4,30.8,False
B005,B005_M1,2025-02-15 10:00:00,27.23,,8.2,13.0,27.8,57.1,12.1,False
B005,B005_M2,2025-02-15 11:00:00,31.05,18.76,7.4,14.5,22.0,44.1,33.9,False
B005,B005_M3,2025-02-15 12:00:00,36.15,,7.9,13.4,20.3,73.4,32.5,False
B005,B005_M4,2025-02-15 13:00:00,32.19,,11.7,14.8,17.5,51.3,29.0,False
B005,B005_M1,2025-02-15 14:00:00,28.74,,7.1,16.0,24.3,45.6,33.9,False
B005,B005_M1,2025-02-15 15:00:00,28.43,18.82,8.0,15.4,24.3,50.8,21.5,False
B005,B005_M2,2025-02-15 16:00:00,36.09,14.44,10.0,14.9,18.9,69.2,20.7,False
B005,B005_M1,2025-02-15 17:00:00,29.04,10.54,10.9,16.2,19.0,75.5,20.9,False
B005,B005_M1,2025-02-15 18:00:00,26.06,16.1,9.9,15.0,17.2,59.5,30.7,False
B005,B005_M4,2025-02-15 19:00:00,31.63,,8.5,15.0,29.6,79.7,11.3,False
B005,B005_M1,2025-02-15 20:00:00,37.42,7.66,10.4,16.4,21.8,55.3,49.5,False
B005,B005_M3,2025-02-15 21:00:00,25.83,,10.6,14.0,28.6,79.0,16.6,False
B001,B001_M1,2025-02-16 08:00:00,76.92,18.61,11.2,14.1,17.1,42.7,10.5,False
B001,B001_M2,2025-02-16 09:00:00,104.95,15.48,8.0,14.5,15.6,55.5,41.2,False
B001,B001_M5,2025-02-16 10:00:00,86.94,12.76,9.8,15.2,16.3,61.7,16.1,False
B001,B001_M3,2025-02-16 11:00:00,104.89,12.54,10.4,12.9,29.8,60.7,38.7,False
B001,B001_M4,2025-02-16 12:00:00,101.09,18.01,10.7,15.3,16.2,44.3,45.3,False
B001,B001_M2,2025-02-16 13:00:00,267.67,,9.3,13.5,28.3,71.4,40.2,True
B001,B001_M4,2025-02-16 14:00:00,93.35,8.56,9.8,13.2,28.9,79.6,31.3,False
B001,B001_M3,2025-02-16 15:00:00,81.46,12.61,7.8,15.8,20.1,61.9,40.2,False
B001,B001_M2,2025-02-16 16:00:00,65.61,13.41,11.3,12.6,22.2,40.1,45.6,False
B001,B001_M3,2025-02-16 17:00:00,84.59,9.65,11.8,13.7,21.3,44.2,19.8,False
B001,B001_M3,2025-02-16 18:00:00,109.2,13.69,7.2,17.8,26.6,71.0,26.7,False
B001,B001_M5,2025-02-16 19:00:00,101.14,12.63,7.8,12.2,18.5,78.4,17.0,False
B001,B001_M4,2025-02-16 20:00:00,94.38,,7.2,13.4,24.1,68.0,49.5,False
B001,B001_M2,2025-02-16 21:00:00,107.98,5.25,7.0,15.0,20.2,55.3,15.1,False
B002,B002_M4,2025-02-16 08:00:00,53.16,5.29,11.2,12.8,26.1,71.9,11.7,False
B002,B002_M3,2025-02-16 09:00:00,57.58,14.05,9.6,16.8,24.8,64.6,34.0,False
B002,B002_M2,2025-02-16 10:00:00,58.69,,9.2,17.4,21.7,44.9,39.5,False
B002,B002_M4,2025-02-16 11:00:00,63.48,,11.0,15.7,20.9,79.1,37.1,False
B002,B002_M3,2025-02-16 12:00:00,50.14,,11.7,17.2,21.5,53.9,17.9,False
B002,B002_M3,2025-02-16 13:00:00,50.06,18.36,8.3,17.1,27.3,75.7,23.6,False
B002,B002_M3,2025-02-16 14:00:00,50.9,10.56,10.0,16.9,17.7,51.5,47.9,False
B002,B002_M2,2025-02-16 15:00:00,66.89,,8.4,17.0,17.2,69.6,14.6,False
B002,B002_M3,2025-02-16 16:00:00,69.01,16.73,8.9,15.4,27.6,59.3,38.3,False
B002,B002_M4,2025-02-16 17:00:00,58.63,7.13,11.9,13.0,18.6,48.7,12.6,False
B002,B002_M3,2025-02-16 18:00:00,57.1,9.02,11.9,15.7,22.1,73.0,47.8,False
B002,B002_M4,2025-02-16 19:00:00,56.48,,9.3,15.2,24.4,55.8,49.4,False
B002,B002_M3,2025-02-16 20:00:00,69.86,16.37,9.3,12.1,18.6,41.7,30.0,False
B002,B002_M2,2025-02-16 21:00:00,63.29,16.59,7.8,13.4,29.1,47.8,10.8,False
B003,B003_M2,2025-02-16 08:00:00,158.21,13.41,10.0,13.3,23.1,52.1,47.1,False
B003,B003_M3,2025-02-16 09:00:00,276.88,5.01,8.8,15.0,23.3,63.4,37.9,False
B003,B003_M2,2025-02-16 10:00:00,235.56,9.93,9.5,12.3,29.9,52.1,41.2,False
B003,B003_M2,2025-02-16 11:00:00,211.37,,9.6,17.2,25.7,47.8,11.8,False
B003,B003_M1,2025-02-16 12:00:00,167.01,17.77,11.7,13.7,29.4,55.4,39.2,False
B003,B003_M2,2025-02-16 13:00:00,362.21,,7.2,16.3,20.2,75.6,22.4,True
B003,B003_M2,2025-02-16 14:00:00,234.53,,9.7,14.0,17.3,77.0,42.7,False
B003,B003_M1,2025-02-16 15:00:00,179.35,8.24,10.0,17.6,29.7,44.2,40.1,False
B003,B003_M2,2025-02-16 16:00:00,180.52,14.9,10.8,16.8,15.2,40.8,20.5,False
B003,B003_M2,2025-02-16 17:00:00,161.27,8.99,11.5,14.0,21.7,70.2,12.6,False
B003,B003_M1,2025-02-16 18:00:00,224.5,5.06,10.5,14.0,28.5,77.1,41.8,False
B003,B003_M2,2025-02-16 19:00:00,258.21,8.0,10.9,13.2,25.0,77.4,43.2,False
B003,B003_M3,2025-02-16 20:00:00,165.42,12.23,9.2,15.6,22.4,70.8,37.2,False
B003,B003_M3,2025-02-16 21:00:00,183.6,,8.6,16.3,17.4,62.5,36.0,False
B004,B004_M1,2025-02-16 08:00:00,367.21,14.88,10.9,13.5,28.2,79.7,15.7,True
B004,B004_M2,2025-02-16 09:00:00,159.57,16.97,7.8,15.8,22.3,62.9,48.0,False
B004,B004_M3,2025-02-16 10:00:00,128.41,,10.8,17.1,22.9,79.4,24.6,False
B004,B004_M3,2025-02-16 11:00:00,146.99,19.31,7.8,16.2,25.1,61.1,39.1,False
B004,B004_M3,2025-02-16 12:00:00,141.24,6.49,10.8,15.7,19.1,72.1,41.8,False
B004,B004_M2,2025-02-16 13:00:00,146.5,12.66,7.3,16.9,16.8,40.9,19.0,False
B004,B004_M2,2025-02-16 14:00:00,120.74,7.77,7.8,14.4,19.7,48.8,11.2,False
B004,B004_M1,2025-02-16 15:00:00,152.86,7.84,7.5,13.8,24.4,65.6,12.6,False
B004,B004_M1,2025-02-16 16:00:00,159.28,9.91,8.1,15.2,23.1,56.7,42.6,False
B004,B004_M3,2025-02-16 17:00:00,114.71,11.91,9.4,13.1,16.3,78.3,23.6,False
B004,B004_M2,2025-02-16 18:00:00,116.71,18.47,11.4,17.6,29.0,68.6,38.8,False
B004,B004_M2,2025-02-16 19:00:00,117.14,8.4,9.9,16.4,29.4,69.5,45.0,False
B004,B004_M2,2025-02-16 20:00:00,111.52,14.11,11.5,13.4,27.1,56.1,41.5,False
B004,B004_M3,2025-02-16 21:00:00,99.99,,12.0,15.1,16.8,52.9,37.7,False
B005,B005_M3,2025-02-16 08:00:00,33.04,17.71,10.0,16.6,25.2,55.5,42.6,False
B005,B005_M4,2025-02-16 09:00:00,32.38,,9.2,13.2,22.1,49.6,13.3,False
B005,B005_M1,2025-02-16 10:00:00,18.86,,11.0,15.0,18.9,75.5,46.2,False
B005,B005_M4,2025-02-16 11:00:00,22.32,10.4,9.0,15.6,19.1,62.1,49.8,False
B005,B005_M4,2025-02-16 12:00:00,37.15,14.46,8.8,15.3,18.3,54.2,33.0,False
B005,B005_M4,2025-02-16 13:00:00,24.48,9.5,7.3,14.9,21.2,69.2,27.6,False
B005,B005_M3,2025-02-16 14:00:00,38.17,15.65,8.6,17.8,22.3,41.2,12.5,False
B005,B005_M1,2025-02-16 15:00:00,24.3,18.79,10.7,12.8,27.5,75.8,10.0,False
B005,B005_M2,2025-02-16 16:00:00,33.64,,8.4,17.8,26.4,71.5,17.8,False
B005,B005_M2,2025-02-16 17:00:00,26.09,,7.9,13.0,28.4,45.3,15.0,False
B005,B005_M4,2025-02-16 18:00:00,27.9,,7.2,16.3,24.4,69.4,25.5,False
B005,B005_M3,2025-02-16 19:00:00,35.61,,9.2,16.5,25.1,40.0,32.9,False
B005,B005_M2,2025-02-16 20:00:00,44.11,14.51,10.5,17.6,21.2,41.6,24.3,False
B005,B005_M3,2025-02-16 21:00:00,26.69,9.94,10.9,15.7,16.6,80.0,44.6,False
B001,B001_M5,2025-02-17 08:00:00,233.13,15.55,8.5,16.9,24.5,64.8,30.5,True
B001,B001_M1,2025-02-17 09:00:00,196.51,17.63,9.9,17.7,23.1,53.7,37.5,False
B001,B001_M4,2025-02-17 10:00:00,297.61,6.13,10.5,17.7,28.0,73.8,21.9,False
B001,B001_M4,2025-02-17 11:00:00,218.17,19.49,7.8,17.4,16.4,69.9,31.6,False
B001,B001_M1,2025-02-17 12:00:00,199.59,11.54,10.2,15.3,25.4,75.3,49.4,False
B001,B001_M5,2025-02-17 13:00:00,163.1,11.67,12.0,15.3,25.0,56.3,29.0,False
B001,B001_M2,2025-02-17 14:00:00,142.88,8.71,10.2,12.6,29.5,59.3,36.8,False
B001,B001_M1,2025-02-17 15:00:00,150.12,9.99,10.9,12.5,23.9,75.2,34.4,False
B001,B001_M4,2025-02-17 16:00:00,278.69,,8.4,12.8,27.1,40.7,39.9,False
B001,B001_M3,2025-02-17 17:00:00,224.75,19.82,11.0,15.8,21.5,50.7,18.1,False
B001,B001_M5,2025-02-17 18:00:00,134.76,14.77,9.5,13.3,17.8,78.2,14.6,False
B001,B001_M1,2025-02-17 19:00:00,140.37,8.85,8.2,14.2,28.8,67.8,34.9,False
B001,B001_M1,2025-02-17 20:00:00,115.81,10.36,12.0,12.4,19.7,61.6,47.2,False
B001,B001_M4,2025-02-17 21:00:00,143.46,15.06,10.8,16.5,24.5,53.1,15.6,False
B002,B002_M3,2025-02-17 08:00:00,57.26,,8.3,13.2,21.7,64.9,10.8,False
B002,B002_M2,2025-02-17 09:00:00,89.73,7.75,12.0,17.6,20.7,68.0,38.1,False
B002,B002_M2,2025-02-17 10:00:00,130.38,9.37,11.8,12.5,28.0,51.0,38.8,False
B002,B002_M2,2025-02-17 11:00:00,153.61,13.75,8.1,17.8,23.3,79.1,20.5,False
B002,B002_M2,2025-02-17 12:00:00,141.56,,7.7,14.2,23.0,57.1,47.3,False
B002,B002_M4,2025-02-17 13:00:00,115.48,14.1,8.2,14.1,29.7,78.8,15.3,False
B002,B002_M2,2025-02-17 14:00:00,235.76,5.27,7.4,17.7,20.3,75.4,48.0,True
B002,B002_M2,2025-02-17 15:00:00,178.55,,7.2,16.4,26.3,48.5,16.6,False
B002,B002_M3,2025-02-17 16:00:00,110.27,12.92,9.7,14.4,25.4,61.1,32.3,False
B002,B002_M1,2025-02-17 17:00:00,167.27,10.15,9.7,12.1,16.2,56.8,19.2,False
B002,B002_M2,2025-02-17 18:00:00,88.54,13.34,9.1,16.6,19.9,77.4,30.4,False
B002,B002_M2,2025-02-17 19:00:00,91.9,7.04,10.3,17.2,27.6,50.0,10.5,False
B002,B002_M4,2025-02-17 20:00:00,78.09,15.41,12.0,14.7,21.1,60.0,31.3,False
B002,B002_M4,2025-02-17 21:00:00,76.45,18.29,8.1,13.9,29.5,61.9,47.5,False
B003,B003_M2,2025-02-17 08:00:00,249.25,16.23,11.9,18.0,25.9,73.6,18.2,False
B003,B003_M1,2025-02-17 09:00:00,376.09,10.07,8.1,17.6,28.4,44.1,18.8,False
B003,B003_M1,2025-02-17 10:00:00,1033.29,13.17,10.7,12.3,16.5,70.1,25.6,True
B003,B003_M1,2025-02-17 11:00:00,414.94,,11.6,17.0,25.2,54.4,24.6,False
B003,B003_M3,2025-02-17 12:00:00,370.4,19.31,9.6,17.2,21.9,65.5,46.3,False
B003,B003_M1,2025-02-17 13:00:00,337.28,11.08,8.6,17.9,19.9,74.8,18.1,False
B003,B003_M2,2025-02-17 14:00:00,551.17,14.32,9.1,15.1,27.0,65.7,19.8,False
B003,B003_M3,2025-02-17 15:00:00,426.83,,10.4,13.8,18.6,78.8,16.9,False
B003,B003_M3,2025-02-17 16:00:00,316.25,6.63,10.2,15.2,20.8,58.1,11.2,False
B003,B003_M3,2025-02-17 17:00:00,944.65,,7.9,17.0,19.4,44.3,29.6,True
B003,B003_M2,2025-02-17 18:00:00,246.09,17.7,10.4,14.7,20.4,61.8,45.8,False
B003,B003_M2,2025-02-17 19:00:00,332.87,,9.5,16.4,16.7,40.9,28.1,False
B003,B003_M2,2025-02-17 20:00:00,227.28,12.63,10.0,15.2,23.8,52.5,29.7,False
B003,B003_M2,2025-02-17 21:00:00,302.1,5.91,7.0,17.2,21.6,65.8,39.4,False
B004,B004_M3,2025-02-17 08:00:00,187.49,,11.8,17.9,20.9,71.5,16.2,False
B004,B004_M3,2025-02-17 09:00:00,264.54,13.62,11.6,16.7,15.4,75.2,32.7,False
B004,B004_M2,2025-02-17 10:00:00,245.85,,8.6,12.5,27.6,44.3,15.6,False
B004,B004_M2,2025-02-17 11:00:00,434.99,,10.2,12.2,20.6,55.2,24.1,False
B004,B004_M1,2025-02-17 12:00:00,307.92,,12.0,16.7,26.5,58.7,24.5,False
B004,B004_M2,2025-02-17 13:00:00,374.74,,7.6,17.2,25.1,47.1,40.0,False
B004,B004_M3,2025-02-17 14:00:00,225.5,13.11,11.5,13.0,19.0,66.9,34.1,False
B004,B004_M1,2025-02-17 15:00:00,360.22,14.31,8.4,17.3,19.2,79.3,29.6,False
B004,B004_M2,2025-02-17 16:00:00,366.85,9.24,10.8,14.7,16.5,61.7,25.8,False
B004,B004_M3,2025-02-17 17:00:00,283.15,9.67,9.2,13.5,22.3,76.5,23.8,False
B004,B004_M3,2025-02-17 18:00:00,221.68,5.48,7.7,15.6,19.5,50.8,47.8,False
B004,B004_M3,2025-02-17 19:00:00,203.12,15.16,11.0,13.6,20.1,79.0,39.1,False
B004,B004_M1,2025-02-17 20:00:00,152.83,12.8,8.1,12.6,17.4,65.6,32.1,False
B004,B004_M1,2025-02-17 21:00:00,176.16,5.75,7.1,12.6,23.1,47.3,12.2,False
B005,B005_M5,2025-02-17 08:00:00,28.84,14.36,10.5,13.4,15.3,43.2,41.1,False
B005,B005_M5,2025-02-17 09:00:00,86.4,16.79,11.9,16.7,17.2,45.6,16.2,False
B005,B005_M2,2025-02-17 10:00:00,52.98,5.1,11.6,14.3,25.1,47.4,11.3,False
B005,B005_M3,2025-02-17 11:00:00,53.88,,9.1,17.7,20.7,43.5,32.1,False
B005,B005_M4,2025-02-17 12:00:00,73.75,13.32,11.2,16.2,16.7,48.3,49.1,False
B005,B005_M3,2025-02-17 13:00:00,46.85,,9.9,12.4,20.5,66.7,35.0,False
B005,B005_M2,2025-02-17 14:00:00,89.96,,9.2,14.4,22.2,41.3,40.6,False
B005,B005_M3,2025-02-17 15:00:00,79.24,10.45,10.6,13.2,26.6,63.8,18.7,False
B005,B005_M5,2025-02-17 16:00:00,63.14,9.69,11.4,16.2,17.6,68.5,20.7,False
B005,B005_M3,2025-02-17 17:00:00,74.49,,8.8,13.1,19.8,68.4,27.5,False
B005,B005_M3,2025-02-17 18:00:00,33.67,,9.6,14.4,28.9,77.5,38.1,False
B005,B005_M5,2025-02-17 19:00:00,52.99,,7.7,14.2,26.8,64.0,22.0,False
B005,B005_M5,2025-02-17 20:00:00,48.89,11.8,11.3,17.0,19.2,54.4,36.7,False
B005,B005_M3,2025-02-17 21:00:00,44.98,9.04,9.9,12.5,27.2,47.9,38.7,False
B001,B001_M4,2025-02-18 08:00:00,151.13,15.36,10.9,15.2,16.1,44.0,13.6,False
B001,B001_M4,2025-02-18 09:00:00,234.81,10.28,11.7,13.7,21.2,57.1,16.9,False
B001,B001_M4,2025-02-18 10:00:00,233.74,6.22,11.8,14.2,17.2,79.7,35.3,False
B001,B001_M3,2025-02-18 11:00:00,225.28,,11.5,12.9,23.1,67.2,48.5,False
B001,B001_M1,2025-02-18 12:00:00,191.54,13.37,11.7,16.0,21.8,49.9,32.3,False
B001,B001_M3,2025-02-18 13:00:00,488.6,11.87,7.3,12.2,20.5,44.7,43.7,True
B001,B001_M1,2025-02-18 14:00:00,262.7,,7.3,15.0,21.3,59.7,48.7,False
B001,B001_M3,2025-02-18 15:00:00,283.0,13.73,7.4,15.8,28.7,51.6,44.2,False
B001,B001_M3,2025-02-18 16:00:00,195.52,13.52,7.2,15.3,19.0,76.6,20.3,False
B001,B001_M3,2025-02-18 17:00:00,195.76,,11.5,17.0,16.2,53.2,42.0,False
B001,B001_M5,2025-02-18 18:00:00,140.02,11.36,7.7,13.1,19.1,76.0,10.5,False
B001,B001_M1,2025-02-18 19:00:00,148.16,11.56,7.3,17.6,22.0,80.0,38.6,False
B001,B001_M5,2025-02-18 20:00:00,162.0,16.15,11.0,15.4,29.2,76.9,39.3,False
B001,B001_M5,2025-02-18 21:00:00,117.72,,9.3,14.7,28.3,79.2,35.6,False
B002,B002_M2,2025-02-18 08:00:00,59.09,,8.5,17.2,22.0,55.0,39.1,False
B002,B002_M4,2025-02-18 09:00:00,164.77,17.18,10.5,14.4,29.9,49.3,25.7,False
B002,B002_M2,2025-02-18 10:00:00,134.23,,7.2,13.4,17.8,67.9,45.6,False
B002,B002_M3,2025-02-18 11:00:00,145.5,5.23,8.4,13.1,29.0,76.0,14.1,False
B002,B002_M3,2025-02-18 12:00:00,140.69,17.92,11.5,17.5,17.9,74.5,30.5,False
B002,B002_M4,2025-02-18 13:00:00,99.1,6.67,9.9,17.4,21.9,77.6,16.9,False
B002,B002_M1,2025-02-18 14:00:00,132.52,12.54,8.4,12.8,16.8,74.0,44.8,False
B002,B002_M1,2025-02-18 15:00:00,192.34,5.53,11.9,14.1,15.5,40.4,39.6,False
B002,B002_M4,2025-02-18 16:00:00,112.93,5.73,10.8,15.5,15.7,40.9,11.6,False
B002,B002_M1,2025-02-18 17:00:00,130.32,,11.8,16.5,26.7,66.7,14.4,False
B002,B002_M2,2025-02-18 18:00:00,61.82,13.66,10.9,14.5,27.2,74.5,40.8,False
B002,B002_M4,2025-02-18 19:00:00,56.73,,10.1,17.4,19.0,66.1,42.7,False
B002,B002_M3,2025-02-18 20:00:00,52.87,5.86,8.8,17.7,26.4,62.9,27.2,False
B002,B002_M1,2025-02-18 21:00:00,50.24,11.77,10.4,15.5,22.9,72.3,25.9,False
B003,B003_M1,2025-02-18 08:00:00,255.48,5.31,8.7,15.1,21.9,71.7,20.7,False
B003,B003_M1,2025-02-18 09:00:00,391.13,12.51,10.5,14.9,21.8,57.0,42.6,False
B003,B003_M2,2025-02-18 10:00:00,317.33,,8.4,14.1,22.5,59.6,45.8,False
B003,B003_M2,2025-02-18 11:00:00,470.2,6.67,9.2,14.0,22.3,69.2,25.3,False
B003,B003_M1,2025-02-18 12:00:00,351.94,13.48,8.8,16.4,24.3,69.5,23.5,False
B003,B003_M2,2025-02-18 13:00:00,454.98,16.76,9.0,14.8,21.4,64.5,15.4,False
B003,B003_M3,2025-02-18 14:00:00,454.06,,11.4,13.2,19.6,60.5,19.2,False
B003,B003_M1,2025-02-18 15:00:00,611.73,7.31,9.2,13.8,24.2,66.5,49.0,False
B003,B003_M1,2025-02-18 16:00:00,430.73,11.3,9.7,14.0,15.9,48.8,17.2,False
B003,B003_M2,2025-02-18 17:00:00,396.73,8.46,7.4,17.8,17.2,69.9,29.2,False
B003,B003_M1,2025-02-18 18:00:00,251.77,19.44,10.9,13.1,22.8,51.4,10.7,False
B003,B003_M1,2025-02-18 19:00:00,247.78,6.74,7.4,12.4,27.5,68.0,19.2,False
B003,B003_M2,2025-02-18 20:00:00,293.55,14.5,9.9,13.2,17.7,75.7,17.8,False
B003,B003_M3,2025-02-18 21:00:00,222.24,,10.1,17.7,15.5,58.9,29.2,False
B004,B004_M3,2025-02-18 08:00:00,232.36,5.28,11.9,14.8,26.1,47.2,43.7,False
B004,B004_M1,2025-02-18 09:00:00,360.0,,9.8,15.4,19.6,44.6,23.8,False
B004,B004_M1,2025-02-18 10:00:00,368.2,15.4,10.3,16.3,16.3,62.2,20.5,False
B004,B004_M1,2025-02-18 11:00:00,385.36,12.28,9.6,14.3,28.6,49.6,32.7,False
B004,B004_M1,2025-02-18 12:00:00,295.69,11.39,11.2,13.8,19.4,62.5,10.7,False
B004,B004_M3,2025-02-18 13:00:00,410.02,8.91,7.8,14.4,16.8,58.1,16.9,False
B004,B004_M3,2025-02-18 14:00:00,306.64,,11.1,17.4,26.3,48.6,26.0,False
B004,B004_M2,2025-02-18 15:00:00,314.65,6.8,9.5,13.9,22.6,60.9,40.8,False
B004,B004_M3,2025-02-18 16:00:00,271.3,,9.6,14.9,15.4,74.3,29.5,False
B004,B004_M1,2025-02-18 17:00:00,412.02,13.86,11.6,17.4,16.6,68.0,47.5,False
B004,B004_M3,2025-02-18 18:00:00,203.37,,8.5,15.8,16.1,68.2,20.5,False
B004,B004_M3,2025-02-18 19:00:00,195.99,14.33,9.2,12.0,28.4,68.9,39.6,False
B004,B004_M1,2025-02-18 20:00:00,168.44,5.48,7.2,13.9,27.3,78.1,34.3,False
B004,B004_M1,2025-02-18 21:00:00,177.25,11.2,11.9,16.9,29.1,70.1,13.9,False
B005,B005_M5,2025-02-18 08:00:00,27.54,10.06,10.3,13.9,17.8,64.4,35.4,False
B005,B005_M3,2025-02-18 09:00:00,74.38,8.44,9.9,14.6,23.5,47.6,12.0,False
B005,B005_M4,2025-02-18 10:00:00,73.3,9.73,10.7,17.5,25.1,72.3,40.4,False
B005,B005_M2,2025-02-18 11:00:00,53.14,10.16,9.3,12.9,27.0,79.1,43.6,False
B005,B005_M1,2025-02-18 12:00:00,68.42,,7.1,14.9,19.8,76.7,17.0,False
B005,B005_M1,2025-02-18 13:00:00,62.97,13.08,11.2,14.1,18.0,40.2,29.3,False
B005,B005_M2,2025-02-18 14:00:00,53.95,5.45,9.6,15.4,24.7,73.5,23.4,False
B005,B005_M3,2025-02-18 15:00:00,69.09,19.24,11.2,13.4,23.9,64.7,19.0,False
B005,B005_M2,2025-02-18 16:00:00,61.0,,10.1,16.5,15.5,50.0,48.2,False
B005,B005_M2,2025-02-18 17:00:00,72.91,6.63,10.4,15.1,25.7,71.9,31.5,False
B005,B005_M3,2025-02-18 18:00:00,44.99,,8.9,12.6,29.8,78.8,49.7,False
B005,B005_M1,2025-02-18 19:00:00,31.09,6.69,7.5,14.4,20.7,64.5,26.8,False
B005,B005_M4,2025-02-18 20:00:00,37.36,5.34,8.6,12.6,28.5,45.6,45.0,False
B005,B005_M4,2025-02-18 21:00:00,36.39,6.44,10.5,12.4,23.7,70.2,19.3,False
B001,B001_M1,2025-02-19 08:00:00,91.3,10.95,9.3,16.0,27.8,53.8,40.8,False
B001,B001_M1,2025-02-19 09:00:00,228.44,9.29,9.8,16.6,24.5,51.9,12.2,False
B001,B001_M4,2025-02-19 10:00:00,152.97,15.13,10.2,15.6,24.0,77.3,28.6,False
B001,B001_M3,2025-02-19 11:00:00,186.7,9.77,7.4,16.7,22.9,60.9,16.4,False
B001,B001_M5,2025-02-19 12:00:00,214.09,6.28,12.0,14.6,20.1,64.1,44.2,False
B001,B001_M2,2025-02-19 13:00:00,224.3,8.74,7.3,14.8,26.2,72.7,27.6,False
B001,B001_M1,2025-02-19 14:00:00,201.81,5.16,8.2,16.5,18.9,58.2,38.5,False
B001,B001_M4,2025-02-19 15:00:00,285.98,,7.3,15.4,27.9,52.6,40.8,False
B001,B001_M4,2025-02-19 16:00:00,174.03,16.28,7.5,12.8,24.8,60.6,39.4,False
B001,B001_M1,2025-02-19 17:00:00,313.36,11.98,10.5,13.4,22.7,59.0,21.9,False
B001,B001_M3,2025-02-19 18:00:00,107.13,18.79,8.0,12.8,16.9,68.9,37.8,False
B001,B001_M1,2025-02-19 19:00:00,139.36,15.32,11.8,16.0,20.6,54.3,23.3,False
B001,B001_M1,2025-02-19 20:00:00,126.33,8.49,10.7,13.3,22.0,62.7,21.5,False
B001,B001_M5,2025-02-19 21:00:00,122.47,,10.3,17.8,20.6,59.6,19.8,False
B002,B002_M2,2025-02-19 08:00:00,78.69,,8.4,12.1,25.1,67.6,27.3,False
B002,B002_M1,2025-02-19 09:00:00,122.84,9.85,7.6,16.8,23.3,55.9,22.4,False
B002,B002_M4,2025-02-19 10:00:00,124.92,9.12,11.7,17.9,28.1,79.8,19.2,False
B002,B002_M1,2025-02-19 11:00:00,119.87,9.01,10.9,17.1,15.2,47.0,13.6,False
B002,B002_M4,2025-02-19 12:00:00,107.82,16.4,11.0,15.9,18.9,54.7,33.9,False
B002,B002_M2,2025-02-19 13:00:00,135.94,,7.4,13.3,24.0,74.5,36.1,False
B002,B002_M2,2025-02-19 14:00:00,157.97,,10.9,12.0,19.7,65.2,10.4,False
B002,B002_M2,2025-02-19 15:00:00,156.93,6.65,10.4,14.1,29.0,69.8,14.7,False
B002,B002_M4,2025-02-19 16:00:00,161.4,16.59,8.1,14.1,18.7,69.7,34.4,False
B002,B002_M1,2025-02-19 17:00:00,111.1,6.09,11.5,16.5,29.7,73.8,38.2,False
B002,B002_M4,2025-02-19 18:00:00,73.6,6.52,10.9,12.6,21.6,43.2,23.1,False
B002,B002_M4,2025-02-19 19:00:00,89.03,11.37,10.0,14.5,24.0,69.7,22.9,False
B002,B002_M1,2025-02-19 20:00:00,96.03,10.37,8.0,13.5,18.8,70.5,30.6,False
B002,B002_M1,2025-02-19 21:00:00,77.35,18.66,11.3,15.9,16.9,54.4,44.4,False
B003,B003_M1,2025-02-19 08:00:00,287.63,9.98,7.4,16.2,24.7,65.9,19.9,False
B003,B003_M1,2025-02-19 09:00:00,548.29,18.05,9.5,16.6,24.7,52.8,38.7,False
B003,B003_M3,2025-02-19 10:00:00,418.41,8.39,10.8,12.7,28.8,77.5,27.5,False
B003,B003_M3,2025-02-19 11:00:00,420.79,15.89,9.1,15.9,16.0,66.9,39.5,False
B003,B003_M3,2025-02-19 12:00:00,376.11,,10.2,13.5,23.0,51.5,24.7,False
B003,B003_M1,2025-02-19 13:00:00,478.87,19.05,9.9,17.3,25.6,52.9,23.4,False
B003,B003_M2,2025-02-19 14:00:00,401.51,15.4,10.8,14.2,26.2,58.1,27.7,False
B003,B003_M3,2025-02-19 15:00:00,370.23,18.38,8.7,12.2,15.8,61.8,40.6,False
B003,B003_M1,2025-02-19 16:00:00,545.15,5.51,11.1,16.4,21.0,58.9,34.2,False
B003,B003_M1,2025-02-19 17:00:00,453.58,6.22,10.4,16.4,20.4,61.8,29.5,False
B003,B003_M2,2025-02-19 18:00:00,222.55,6.21,9.6,15.1,17.1,67.6,27.7,False
B003,B003_M3,2025-02-19 19:00:00,271.02,10.52,7.3,17.6,24.8,55.6,47.4,False
B003,B003_M1,2025-02-19 20:00:00,236.54,9.57,9.0,14.1,20.5,49.3,33.7,False
B003,B003_M2,2025-02-19 21:00:00,277.46,,8.8,14.5,16.6,45.5,37.3,False
B004,B004_M3,2025-02-19 08:00:00,352.19,,8.2,17.2,26.5,70.1,13.1,True
B004,B004_M3,2025-02-19 09:00:00,259.04,11.45,7.3,16.1,20.2,40.0,29.1,False
B004,B004_M1,2025-02-19 10:00:00,267.86,15.51,8.0,16.5,29.9,47.9,16.7,False
B004,B004_M3,2025-02-19 11:00:00,235.34,,10.5,15.7,20.8,71.6,43.9,False
B004,B004_M2,2025-02-19 12:00:00,412.96,9.05,8.9,13.8,26.5,77.4,34.9,False
B004,B004_M3,2025-02-19 13:00:00,262.13,9.72,7.5,16.1,19.8,72.6,37.4,False
B004,B004_M1,2025-02-19 14:00:00,483.72,18.31,7.2,13.0,29.7,51.5,18.9,False
B004,B004_M3,2025-02-19 15:00:00,311.54,,11.1,17.7,15.8,59.4,22.0,False
B004,B004_M2,2025-02-19 16:00:00,289.84,15.16,10.8,15.0,27.0,61.2,38.6,False
B004,B004_M1,2025-02-19 17:00:00,335.8,19.81,10.9,16.8,23.8,45.0,33.8,False
B004,B004_M1,2025-02-19 18:00:00,215.51,10.52,7.3,15.0,20.8,69.7,47.0,False
B004,B004_M2,2025-02-19 19:00:00,192.73,,9.9,12.4,24.8,47.7,15.0,False
B004,B004_M3,2025-02-19 20:00:00,208.38,,10.4,14.9,21.1,53.0,23.0,False
B004,B004_M2,2025-02-19 21:00:00,228.59,14.95,11.1,16.6,26.3,49.2,33.6,False
B005,B005_M2,2025-02-19 08:00:00,38.85,17.89,11.4,12.2,25.4,72.1,37.8,False
B005,B005_M4,2025-02-19 09:00:00,87.58,15.24,10.8,12.9,15.2,75.9,47.2,False
B005,B005_M2,2025-02-19 10:00:00,63.94,11.72,9.6,12.1,18.7,77.2,41.5,False
B005,B005_M1,2025-02-19 11:00:00,55.56,,10.1,13.6,17.2,51.1,37.4,False
B005,B005_M1,2025-02-19 12:00:00,96.22,11.69,8.7,17.2,23.5,73.4,35.4,False
B005,B005_M1,2025-02-19 13:00:00,87.25,,10.3,14.9,24.8,52.9,41.2,False
B005,B005_M1,2025-02-19 14:00:00,74.76,13.62,9.9,16.6,25.4,77.9,19.0,False
B005,B005_M5,2025-02-19 15:00:00,144.54,,9.1,17.1,20.5,49.5,49.7,True
B005,B005_M1,2025-02-19 16:00:00,82.56,,11.3,14.2,22.8,49.2,35.2,False
B005,B005_M3,2025-02-19 17:00:00,57.34,8.8,10.2,15.8,20.5,42.0,16.8,False
B005,B005_M2,2025-02-19 18:00:00,39.65,,8.6,17.5,20.1,75.0,14.8,False
B005,B005_M5,2025-02-19 19:00:00,34.05,7.95,7.7,17.5,18.2,66.0,36.0,False
B005,B005_M5,2025-02-19 20:00:00,37.75,,7.6,15.4,20.4,70.3,28.9,False
B005,B005_M1,2025-02-19 21:00:00,36.06,19.53,9.2,17.9,19.5,76.9,48.1,False
B001,B001_M2,2025-02-20 08:00:00,121.75,16.44,7.9,16.4,24.9,50.1,27.4,False
B001,B001_M5,2025-02-20 09:00:00,168.07,,8.9,16.8,22.5,69.9,24.3,False
B001,B001_M1,2025-02-20 10:00:00,240.34,15.22,7.5,14.5,16.6,70.7,14.7,False
B001,B001_M4,2025-02-20 11:00:00,365.65,14.18,8.2,14.0,24.1,56.6,14.8,True
B001,B001_M4,2025-02-20 12:00:00,289.7,15.25,7.7,16.0,16.0,59.0,44.6,False
B001,B001_M4,2025-02-20 13:00:00,194.9,18.96,9.8,16.5,24.7,77.0,30.4,False
B001,B001_M4,2025-02-20 14:00:00,272.88,10.63,9.1,15.3,24.2,73.9,17.1,False
B001,B001_M3,2025-02-20 15:00:00,208.55,13.88,10.6,14.2,24.6,78.4,21.7,False
B001,B001_M2,2025-02-20 16:00:00,180.87,13.04,10.1,14.0,25.9,44.4,19.2,False
B001,B001_M2,2025-02-20 17:00:00,198.08,16.94,9.8,14.3,15.9,58.2,41.5,False
B001,B001_M2,2025-02-20 18:00:00,126.65,13.18,10.1,13.4,23.3,60.4,15.3,False
B001,B001_M5,2025-02-20 19:00:00,121.82,18.83,7.1,15.6,15.9,68.3,32.4,False
B001,B001_M3,2025-02-20 20:00:00,145.69,,8.1,15.9,25.3,61.6,16.3,False
B001,B001_M5,2025-02-20 21:00:00,114.55,,11.3,15.7,19.8,69.5,36.6,False
B002,B002_M3,2025-02-20 08:00:00,65.69,,8.6,15.0,16.4,67.4,35.9,False
B002,B002_M4,2025-02-20 09:00:00,157.61,14.42,10.4,16.6,23.3,70.6,11.4,False
B002,B002_M1,2025-02-20 10:00:00,145.43,,9.3,17.2,22.6,72.3,47.9,False
B002,B002_M4,2025-02-20 11:00:00,141.47,5.95,8.1,13.1,15.8,68.6,48.1,False
B002,B002_M3,2025-02-20 12:00:00,196.99,13.52,8.3,12.7,28.5,70.2,34.8,False
B002,B002_M2,2025-02-20 13:00:00,128.21,8.27,11.9,14.5,15.1,55.4,38.4,False
B002,B002_M3,2025-02-20 14:00:00,133.12,6.4,8.4,13.7,24.1,66.2,40.9,False
B002,B002_M3,2025-02-20 15:00:00,131.54,11.91,7.1,13.9,23.2,41.8,31.6,False
B002,B002_M2,2025-02-20 16:00:00,107.77,,8.5,17.1,22.4,73.4,18.4,False
B002,B002_M1,2025-02-20 17:00:00,109.03,5.54,7.4,17.7,24.0,42.5,35.7,False
B002,B002_M3,2025-02-20 18:00:00,77.4,18.04,8.0,17.4,15.8,67.1,15.8,False
B002,B002_M3,2025-02-20 19:00:00,65.09,10.53,10.3,17.7,16.1,62.0,13.7,False
B002,B002_M3,2025-02-20 20:00:00,97.79,11.87,8.1,15.7,21.8,60.6,15.8,False
B002,B002_M3,2025-02-20 21:00:00,88.37,13.12,8.9,13.3,16.6,46.2,44.8,False
B003,B003_M1,2025-02-20 08:00:00,241.82,,8.0,12.6,27.2,54.6,47.8,False
B003,B003_M3,2025-02-20 09:00:00,500.77,10.31,10.1,15.1,15.6,45.1,34.6,False
B003,B003_M3,2025-02-20 10:00:00,457.39,,10.9,13.0,15.7,75.3,32.2,False
B003,B003_M1,2025-02-20 11:00:00,552.7,,7.2,12.6,23.8,63.4,41.8,False
B003,B003_M2,2025-02-20 12:00:00,453.76,14.07,11.4,13.5,16.3,51.2,15.5,False
B003,B003_M3,2025-02-20 13:00:00,513.09,5.91,10.9,13.7,23.7,69.2,44.0,False
B003,B003_M1,2025-02-20 14:00:00,355.16,15.57,10.5,12.1,26.5,46.6,49.7,False
B003,B003_M2,2025-02-20 15:00:00,602.5,,11.2,12.1,28.1,45.8,44.8,False
B003,B003_M2,2025-02-20 16:00:00,362.1,,9.4,17.8,29.8,50.4,16.0,False
B003,B003_M1,2025-02-20 17:00:00,536.61,,11.5,16.9,20.3,79.9,44.3,False
B003,B003_M2,2025-02-20 18:00:00,264.57,13.81,8.4,15.7,20.7,51.8,39.4,False
B003,B003_M2,2025-02-20 19:00:00,232.46,17.61,10.1,15.1,20.7,61.3,41.1,False
B003,B003_M2,2025-02-20 20:00:00,229.73,,11.9,12.4,20.3,40.9,45.0,False
B003,B003_M1,2025-02-20 21:00:00,287.56,12.46,8.3,17.5,20.5,67.7,35.2,False
B004,B004_M2,2025-02-20 08:00:00,179.88,,9.0,14.8,21.0,68.8,36.2,False
B004,B004_M2,2025-02-20 09:00:00,273.05,,8.3,12.4,21.9,58.5,17.3,False
B004,B004_M2,2025-02-20 10:00:00,310.55,13.37,10.0,12.6,21.9,58.1,27.2,False
B004,B004_M3,2025-02-20 11:00:00,408.54,12.93,11.1,12.6,20.6,56.8,28.8,False
B004,B004_M3,2025-02-20 12:00:00,264.09,,10.6,12.2,28.8,79.0,13.2,False
B004,B004_M3,2025-02-20 13:00:00,1008.99,19.97,8.8,14.7,26.3,44.8,10.9,True
B004,B004_M1,2025-02-20 14:00:00,287.9,10.68,8.5,18.0,23.8,48.5,17.4,False
B004,B004_M2,2025-02-20 15:00:00,267.09,14.48,9.4,13.4,21.4,73.2,20.2,False
B004,B004_M1,2025-02-20 16:00:00,288.49,6.96,11.8,17.1,29.0,50.4,17.2,False
B004,B004_M2,2025-02-20 17:00:00,332.25,,9.6,16.8,16.7,70.9,16.0,False
B004,B004_M3,2025-02-20 18:00:00,162.51,16.11,9.4,14.7,23.8,43.5,28.5,False
B004,B004_M1,2025-02-20 19:00:00,149.83,5.4,10.0,17.9,15.0,66.0,42.1,False
B004,B004_M2,2025-02-20 20:00:00,220.39,19.34,8.0,12.3,23.8,52.0,17.7,False
B004,B004_M2,2025-02-20 21:00:00,210.97,10.99,10.4,14.4,18.0,48.6,13.8,False
B005,B005_M1,2025-02-20 08:00:00,48.43,7.97,10.8,14.9,18.0,45.4,26.4,False
B005,B005_M4,2025-02-20 09:00:00,75.32,5.69,7.3,13.3,21.3,78.1,34.7,False
B005,B005_M2,2025-02-20 10:00:00,72.41,14.33,7.3,14.4,24.4,71.9,11.2,False
B005,B005_M2,2025-02-20 11:00:00,79.85,11.1,10.2,15.4,23.3,49.0,49.5,False
B005,B005_M3,2025-02-20 12:00:00,48.83,14.67,7.8,13.8,28.7,44.9,48.9,False
B005,B005_M2,2025-02-20 13:00:00,77.53,,8.2,17.6,24.1,51.1,14.1,False
B005,B005_M1,2025-02-20 14:00:00,62.46,6.26,11.1,14.7,29.3,51.1,23.0,False
B005,B005_M5,2025-02-20 15:00:00,61.98,,11.0,15.3,19.5,60.8,49.7,False
B005,B005_M4,2025-02-20 16:00:00,64.21,5.86,8.7,14.5,18.3,44.4,38.3,False
B005,B005_M5,2025-02-20 17:00:00,56.9,15.72,10.0,12.7,28.3,40.7,39.5,False
B005,B005_M5,2025-02-20 18:00:00,38.92,9.59,8.4,15.1,24.6,49.2,22.8,False
B005,B005_M1,2025-02-20 19:00:00,43.88,,11.8,12.0,24.1,53.2,34.7,False
B005,B005_M2,2025-02-20 20:00:00,49.89,9.79,8.9,12.8,22.2,41.3,21.4,False
B005,B005_M4,2025-02-20 21:00:00,44.78,12.38,7.2,14.3,28.2,74.9,29.6,False
B001,B001_M5,2025-02-21 08:00:00,156.02,,8.7,16.1,17.6,63.6,32.6,False
B001,B001_M5,2025-02-21 09:00:00,198.46,15.59,8.6,14.5,17.1,72.2,15.5,False
B001,B001_M1,2025-02-21 10:00:00,251.53,,11.3,14.9,29.3,49.4,38.9,False
B001,B001_M4,2025-02-21 11:00:00,190.38,,11.1,16.4,18.4,50.7,31.0,False
B001,B001_M3,2025-02-21 12:00:00,212.41,18.63,7.0,14.6,27.4,42.1,44.8,False
B001,B001_M5,2025-02-21 13:00:00,240.32,,7.7,13.4,27.7,75.3,12.5,False
B001,B001_M3,2025-02-21 14:00:00,253.46,16.97,9.9,16.2,20.2,68.2,22.4,False
B001,B001_M4,2025-02-21 15:00:00,219.05,17.14,7.9,14.2,18.9,46.6,42.3,False
B001,B001_M5,2025-02-21 16:00:00,131.79,5.59,11.2,13.8,19.2,75.0,11.7,False
B001,B001_M2,2025-02-21 17:00:00,184.78,15.89,10.0,13.3,20.1,60.1,24.1,False
B001,B001_M1,2025-02-21 18:00:00,100.25,,11.2,15.3,18.0,75.6,20.8,False
B001,B001_M3,2025-02-21 19:00:00,137.54,11.88,8.2,16.7,25.4,78.2,44.0,False
B001,B001_M2,2025-02-21 20:00:00,125.63,,10.5,16.1,15.5,63.9,47.6,False
B001,B001_M2,2025-02-21 21:00:00,120.32,8.63,8.3,15.3,28.9,41.1,11.8,False
B002,B002_M1,2025-02-21 08:00:00,66.86,9.36,10.1,13.9,28.1,47.5,26.5,False
B002,B002_M2,2025-02-21 09:00:00,134.09,18.66,9.8,15.6,17.3,63.5,25.0,False
B002,B002_M1,2025-02-21 10:00:00,111.96,,7.1,12.4,23.1,48.9,22.9,False
B002,B002_M4,2025-02-21 11:00:00,157.99,,8.7,13.6,29.7,61.0,45.0,False
B002,B002_M3,2025-02-21 12:00:00,172.96,,11.3,16.4,23.3,55.4,31.5,False
B002,B002_M3,2025-02-21 13:00:00,125.32,15.63,11.2,16.9,29.5,40.9,20.9,False
B002,B002_M1,2025-02-21 14:00:00,136.94,,9.5,17.0,27.6,77.8,23.7,False
B002,B002_M1,2025-02-21 15:00:00,150.22,17.04,7.4,12.3,25.0,73.1,46.2,False
B002,B002_M2,2025-02-21 16:00:00,118.66,12.08,7.8,12.7,23.6,67.6,44.9,False
B002,B002_M2,2025-02-21 17:00:00,200.07,16.93,7.1,16.8,19.5,62.2,17.1,False
B002,B002_M3,2025-02-21 18:00:00,59.7,17.29,9.7,17.2,27.6,53.5,14.3,False
B002,B002_M4,2025-02-21 19:00:00,78.24,8.36,8.5,14.8,17.8,56.9,46.4,False
B002,B002_M3,2025-02-21 20:00:00,72.36,11.64,10.5,17.4,28.4,79.1,14.4,False
B002,B002_M1,2025-02-21 21:00:00,78.61,,10.1,12.5,27.6,78.7,34.9,False
B003,B003_M1,2025-02-21 08:00:00,304.07,,9.4,15.5,16.3,68.3,18.3,False
B003,B003_M2,2025-02-21 09:00:00,504.08,19.23,10.0,13.0,20.0,52.9,21.6,False
B003,B003_M2,2025-02-21 10:00:00,515.23,,11.7,16.7,25.0,42.8,38.5,False
B003,B003_M3,2025-02-21 11:00:00,476.02,,9.5,17.9,16.6,79.4,44.5,False
B003,B003_M1,2025-02-21 12:00:00,427.67,,8.9,12.5,21.5,68.4,33.9,False
B003,B003_M2,2025-02-21 13:00:00,534.45,6.65,11.0,14.2,24.9,40.3,38.9,False
B003,B003_M3,2025-02-21 14:00:00,468.48,13.35,9.2,15.9,20.5,45.4,15.0,False
B003,B003_M2,2025-02-21 15:00:00,581.03,10.8,8.4,14.2,19.1,65.5,47.6,False
B003,B003_M1,2025-02-21 16:00:00,472.56,10.19,11.1,14.9,26.5,52.1,30.5,False
B003,B003_M3,2025-02-21 17:00:00,468.25,,11.9,17.0,19.1,67.6,20.1,False
B003,B003_M2,2025-02-21 18:00:00,268.68,,7.9,16.1,16.3,68.8,36.1,False
B003,B003_M2,2025-02-21 19:00:00,231.65,,10.9,16.7,19.1,45.5,24.3,False
B003,B003_M3,2025-02-21 20:00:00,221.99,15.7,11.9,14.4,20.9,50.9,36.7,False
B003,B003_M2,2025-02-21 21:00:00,267.15,7.9,11.2,16.4,21.2,40.3,40.2,False
B004,B004_M1,2025-02-21 08:00:00,199.02,14.44,7.0,12.7,25.2,66.6,46.6,False
B004,B004_M1,2025-02-21 09:00:00,355.83,6.37,9.7,14.9,26.6,43.1,44.1,False
B004,B004_M2,2025-02-21 10:00:00,324.56,,11.3,16.5,23.6,69.0,41.2,False
B004,B004_M1,2025-02-21 11:00:00,310.38,,11.2,17.6,25.3,50.7,34.6,False
B004,B004_M1,2025-02-21 12:00:00,351.22,8.97,9.4,13.8,15.1,52.7,18.9,False
B004,B004_M1,2025-02-21 13:00:00,256.3,18.6,11.1,13.6,26.8,43.0,29.5,False
B004,B004_M1,2025-02-21 14:00:00,444.47,10.23,7.2,12.0,28.9,70.4,12.8,False
B004,B004_M2,2025-02-21 15:00:00,295.32,,10.4,12.4,16.1,75.3,32.2,False
B004,B004_M3,2025-02-21 16:00:00,684.21,,9.8,14.6,24.4,69.8,12.2,True
B004,B004_M2,2025-02-21 17:00:00,332.0,8.84,10.4,13.6,15.8,78.3,27.9,False
B004,B004_M1,2025-02-21 18:00:00,169.91,7.56,10.2,12.4,16.5,67.1,29.9,False
B004,B004_M2,2025-02-21 19:00:00,160.53,15.62,7.7,13.7,15.5,51.4,12.5,False
B004,B004_M1,2025-02-21 20:00:00,182.53,,7.7,14.1,18.6,41.6,10.7,False
B004,B004_M2,2025-02-21 21:00:00,198.35,,9.6,18.0,24.4,76.7,24.1,False
B005,B005_M1,2025-02-21 08:00:00,38.93,7.35,8.0,16.4,27.0,71.1,24.7,False
B005,B005_M2,2025-02-21 09:00:00,63.83,16.06,10.9,16.4,16.5,79.8,48.8,False
B005,B005_M3,2025-02-21 10:00:00,55.52,,10.7,15.1,20.3,48.1,34.1,False
B005,B005_M2,2025-02-21 11:00:00,61.15,7.19,10.0,17.7,20.6,70.3,20.3,False
B005,B005_M3,2025-02-21 12:00:00,132.31,19.92,7.0,16.3,15.1,78.4,35.2,True
B005,B005_M2,2025-02-21 13:00:00,97.66,5.31,9.9,17.1,28.0,52.4,27.0,True
B005,B005_M5,2025-02-21 14:00:00,52.53,,8.8,16.3,16.4,79.4,29.1,False
B005,B005_M1,2025-02-21 15:00:00,56.27,17.06,9.7,12.8,22.0,58.2,34.0,False
B005,B005_M5,2025-02-21 16:00:00,73.9,,9.0,16.1,16.3,64.3,16.0,False
B005,B005_M4,2025-02-21 17:00:00,60.44,14.26,7.2,17.7,28.5,63.8,45.7,False
B005,B005_M4,2025-02-21 18:00:00,41.63,,8.5,15.9,23.2,67.5,10.0,False
B005,B005_M2,2025-02-21 19:00:00,33.49,9.77,7.7,15.3,25.3,57.5,17.7,False
B005,B005_M1,2025-02-21 20:00:00,43.86,16.22,11.3,14.2,24.4,62.7,21.6,False
B005,B005_M5,2025-02-21 21:00:00,55.02,,10.4,15.4,16.9,56.1,33.6,False
B001,B001_M1,2025-02-22 08:00:00,104.91,8.56,8.3,12.7,21.5,47.6,28.3,False
B001,B001_M2,2025-02-22 09:00:00,100.09,6.0,10.2,14.7,19.9,55.4,39.3,False
B001,B001_M4,2025-02-22 10:00:00,64.73,19.36,10.8,16.2,27.5,45.8,18.7,False
B001,B001_M3,2025-02-22 11:00:00,107.81,5.21,8.3,15.0,26.2,51.7,11.3,False
B001,B001_M3,2025-02-22 12:00:00,66.56,13.81,8.0,16.9,29.9,42.6,30.3,False
B001,B001_M4,2025-02-22 13:00:00,105.4,19.23,7.6,17.9,20.1,75.0,46.5,False
B001,B001_M1,2025-02-22 14:00:00,85.26,,11.8,17.3,16.7,70.6,24.1,False
B001,B001_M4,2025-02-22 15:00:00,88.24,12.53,8.7,15.4,28.6,54.9,20.6,False
B001,B001_M1,2025-02-22 16:00:00,120.2,17.88,9.0,17.7,28.5,75.8,44.9,False
B001,B001_M2,2025-02-22 17:00:00,88.12,16.74,10.2,13.7,22.9,76.6,42.8,False
B001,B001_M4,2025-02-22 18:00:00,63.42,,7.4,13.4,18.6,77.0,27.0,False
B001,B001_M3,2025-02-22 19:00:00,117.62,,8.2,12.3,22.3,46.2,10.9,False
B001,B001_M3,2025-02-22 20:00:00,98.18,6.49,11.0,16.2,16.3,78.7,11.1,False
B001,B001_M5,2025-02-22 21:00:00,84.76,14.92,11.6,15.0,20.2,45.4,20.2,False
B002,B002_M3,2025-02-22 08:00:00,91.62,12.98,11.1,13.1,17.4,46.8,27.8,False
B002,B002_M2,2025-02-22 09:00:00,55.1,9.95,10.2,13.3,28.9,56.5,18.5,False
B002,B002_M3,2025-02-22 10:00:00,42.99,18.82,9.2,17.6,22.0,64.6,28.3,False
B002,B002_M3,2025-02-22 11:00:00,139.79,9.87,8.3,13.2,23.8,49.2,37.5,True
B002,B002_M4,2025-02-22 12:00:00,50.27,19.34,11.0,16.0,24.9,52.9,19.1,False
B002,B002_M4,2025-02-22 13:00:00,61.59,6.84,10.1,12.6,17.1,71.0,15.6,False
B002,B002_M3,2025-02-22 14:00:00,68.5,17.79,8.8,17.3,20.9,44.6,31.4,False
B002,B002_M3,2025-02-22 15:00:00,68.44,19.34,8.7,14.2,25.9,45.0,42.1,False
B002,B002_M1,2025-02-22 16:00:00,79.55,6.58,9.9,16.3,27.1,44.9,18.7,False
B002,B002_M1,2025-02-22 17:00:00,87.12,5.32,8.1,12.1,28.2,58.2,16.3,False
B002,B002_M3,2025-02-22 18:00:00,59.34,,10.4,17.0,23.5,77.5,41.9,False
B002,B002_M3,2025-02-22 19:00:00,54.7,14.04,10.5,12.6,26.6,55.4,32.7,False
B002,B002_M1,2025-02-22 20:00:00,63.06,18.49,9.1,15.6,27.9,55.6,48.9,False
B002,B002_M4,2025-02-22 21:00:00,35.92,10.08,8.8,16.1,21.7,65.2,41.8,False
B003,B003_M2,2025-02-22 08:00:00,173.83,18.48,8.1,13.4,22.0,72.1,37.5,False
B003,B003_M1,2025-02-22 09:00:00,196.8,17.77,8.6,14.7,18.5,56.5,20.5,False
B003,B003_M2,2025-02-22 10:00:00,305.85,,11.0,15.8,16.4,45.1,22.7,False
B003,B003_M1,2025-02-22 11:00:00,189.72,17.49,10.0,14.8,24.7,47.2,40.2,False
B003,B003_M1,2025-02-22 12:00:00,214.2,,10.2,15.3,16.1,58.8,12.7,False
B003,B003_M2,2025-02-22 13:00:00,172.27,,7.2,15.1,22.0,45.7,30.2,False
B003,B003_M3,2025-02-22 14:00:00,188.53,16.54,9.3,14.8,24.1,65.1,12.9,False
B003,B003_M2,2025-02-22 15:00:00,173.67,,10.4,13.9,26.8,47.9,43.7,False
B003,B003_M2,2025-02-22 16:00:00,226.03,,10.6,15.4,18.0,58.6,15.7,False
B003,B003_M3,2025-02-22 17:00:00,229.26,18.11,8.8,12.1,25.9,79.5,46.9,False
B003,B003_M2,2025-02-22 18:00:00,201.62,14.61,7.4,13.6,18.1,64.6,47.7,False
B003,B003_M1,2025-02-22 19:00:00,254.44,,10.3,15.7,16.6,49.3,35.8,False
B003,B003_M2,2025-02-22 20:00:00,504.39,8.78,10.0,12.4,28.0,40.3,22.5,True
B003,B003_M1,2025-02-22 21:00:00,204.35,,7.8,17.0,18.0,55.5,11.3,False
B004,B004_M3,2025-02-22 08:00:00,166.98,,9.2,17.4,25.4,77.1,48.6,False
B004,B004_M3,2025-02-22 09:00:00,130.69,,11.5,14.3,22.1,79.4,27.6,False
B004,B004_M1,2025-02-22 10:00:00,160.72,7.5,9.4,17.1,20.4,62.9,36.5,False
B004,B004_M3,2025-02-22 11:00:00,86.82,14.31,7.2,14.4,18.3,41.8,11.5,False
B004,B004_M1,2025-02-22 12:00:00,156.69,19.31,7.9,12.3,29.1,70.0,46.7,False
B004,B004_M3,2025-02-22 13:00:00,144.03,9.29,11.7,14.3,24.1,59.9,20.5,False
B004,B004_M3,2025-02-22 14:00:00,149.43,7.54,11.7,16.7,17.0,65.2,46.2,False
B004,B004_M3,2025-02-22 15:00:00,139.35,15.66,11.7,17.5,16.6,50.3,37.9,False
B004,B004_M1,2025-02-22 16:00:00,99.97,7.54,9.1,16.7,16.7,67.6,23.6,False
B004,B004_M2,2025-02-22 17:00:00,147.9,19.35,9.4,17.1,28.0,50.2,37.3,False
B004,B004_M2,2025-02-22 18:00:00,88.49,,10.3,17.0,25.4,44.5,47.3,False
B004,B004_M1,2025-02-22 19:00:00,117.04,,11.1,13.7,24.0,50.5,27.1,False
B004,B004_M3,2025-02-22 20:00:00,139.66,6.58,9.1,17.0,24.9,75.2,46.6,False
B004,B004_M1,2025-02-22 21:00:00,134.63,8.76,10.6,15.4,20.2,44.9,14.9,False
B005,B005_M3,2025-02-22 08:00:00,32.09,,10.3,15.4,28.3,53.4,20.8,False
B005,B005_M1,2025-02-22 09:00:00,32.26,,8.5,13.5,24.6,56.9,22.7,False
B005,B005_M2,2025-02-22 10:00:00,36.81,7.43,8.4,17.7,24.9,48.8,36.5,False
B005,B005_M4,2025-02-22 11:00:00,20.9,13.05,11.1,14.4,17.4,59.9,35.5,False
B005,B005_M2,2025-02-22 12:00:00,31.3,,10.4,15.3,19.8,68.1,28.4,False
B005,B005_M2,2025-02-22 13:00:00,25.92,19.9,10.9,15.0,17.7,58.0,22.0,False
B005,B005_M5,2025-02-22 14:00:00,30.15,6.58,11.9,13.2,21.2,57.2,28.2,False
B005,B005_M4,2025-02-22 15:00:00,26.51,10.64,11.4,16.7,15.2,56.5,44.7,False
B005,B005_M2,2025-02-22 16:00:00,40.58,11.83,7.1,14.7,16.3,67.4,23.7,False
B005,B005_M3,2025-02-22 17:00:00,20.89,,9.8,14.6,21.4,62.6,16.5,False
B005,B005_M5,2025-02-22 18:00:00,17.18,,10.8,16.1,21.6,41.7,36.5,False
B005,B005_M2,2025-02-22 19:00:00,35.12,6.78,10.7,15.6,19.9,54.7,22.4,False
B005,B005_M1,2025-02-22 20:00:00,30.98,,10.9,17.4,21.5,58.0,26.1,False
B005,B005_M1,2025-02-22 21:00:00,26.56,10.56,9.0,15.3,26.5,48.6,46.2,False
B001,B001_M3,2025-02-23 08:00:00,110.36,11.6,11.2,14.1,15.6,57.1,20.3,False
B001,B001_M2,2025-02-23 09:00:00,93.4,10.56,8.7,14.3,24.2,65.9,11.0,False
B001,B001_M5,2025-02-23 10:00:00,72.79,19.04,9.1,15.9,16.8,57.2,47.9,False
B001,B001_M4,2025-02-23 11:00:00,91.5,,8.5,15.0,28.6,41.4,27.5,False
B001,B001_M3,2025-02-23 12:00:00,107.88,16.81,11.8,13.1,25.5,45.4,49.4,False
B001,B001_M2,2025-02-23 13:00:00,71.75,,12.0,14.7,15.0,52.7,35.7,False
B001,B001_M4,2025-02-23 14:00:00,63.09,16.81,8.5,17.9,18.0,50.3,34.6,False
B001,B001_M1,2025-02-23 15:00:00,115.55,6.56,8.1,16.9,20.0,43.2,36.7,False
B001,B001_M5,2025-02-23 16:00:00,228.98,18.74,9.9,16.7,24.0,69.3,11.0,True
B001,B001_M4,2025-02-23 17:00:00,77.16,,8.4,13.8,18.8,68.5,38.8,False
B001,B001_M5,2025-02-23 18:00:00,93.09,,10.4,15.4,23.6,48.8,38.2,False
B001,B001_M5,2025-02-23 19:00:00,125.93,6.37,10.9,13.8,17.9,75.6,47.3,False
B001,B001_M3,2025-02-23 20:00:00,96.48,14.0,8.3,15.5,26.9,53.2,17.7,False
B001,B001_M5,2025-02-23 21:00:00,101.25,,7.4,13.4,21.8,64.4,15.7,False
B002,B002_M2,2025-02-23 08:00:00,54.71,,10.1,13.4,27.6,53.3,39.1,False
B002,B002_M2,2025-02-23 09:00:00,65.95,,7.8,16.1,22.7,72.7,27.9,False
B002,B002_M3,2025-02-23 10:00:00,52.97,10.38,11.6,15.1,16.3,49.9,10.2,False
B002,B002_M1,2025-02-23 11:00:00,50.35,14.94,11.4,14.0,16.4,72.1,15.6,False
B002,B002_M1,2025-02-23 12:00:00,50.54,12.94,8.1,14.3,29.1,76.2,21.0,False
B002,B002_M2,2025-02-23 13:00:00,47.53,,9.9,16.2,24.5,71.4,14.1,False
B002,B002_M1,2025-02-23 14:00:00,40.05,13.05,8.2,17.0,15.4,76.4,22.3,False
B002,B002_M3,2025-02-23 15:00:00,62.81,10.52,8.7,12.9,22.4,70.0,18.6,False
B002,B002_M4,2025-02-23 16:00:00,58.09,11.03,11.1,16.4,15.2,74.6,22.2,False
B002,B002_M2,2025-02-23 17:00:00,48.81,18.98,10.3,15.3,22.9,63.7,26.8,False
B002,B002_M3,2025-02-23 18:00:00,42.72,18.02,9.1,17.8,26.1,41.7,30.6,False
B002,B002_M2,2025-02-23 19:00:00,45.65,8.06,9.2,13.9,18.9,73.0,31.4,False
B002,B002_M2,2025-02-23 20:00:00,71.69,12.04,9.8,12.9,21.6,43.7,20.6,False
B002,B002_M2,2025-02-23 21:00:00,88.69,19.58,7.7,17.9,18.2,56.3,26.9,False
B003,B003_M1,2025-02-23 08:00:00,219.44,5.23,9.0,15.8,18.1,53.4,45.8,False
B003,B003_M3,2025-02-23 09:00:00,150.99,5.74,10.4,17.9,30.0,60.9,26.3,False
B003,B003_M3,2025-02-23 10:00:00,302.93,8.09,10.8,15.5,15.3,78.8,33.1,True
B003,B003_M2,2025-02-23 11:00:00,202.91,8.79,7.8,17.8,24.3,51.7,45.1,False
B003,B003_M1,2025-02-23 12:00:00,273.73,,9.5,13.2,17.9,56.5,35.9,False
B003,B003_M3,2025-02-23 13:00:00,154.74,,10.2,16.3,22.2,51.9,37.4,False
B003,B003_M3,2025-02-23 14:00:00,183.31,16.71,7.1,15.6,27.1,43.0,13.6,False
B003,B003_M1,2025-02-23 15:00:00,247.29,,8.1,16.3,20.5,48.1,29.6,False
B003,B003_M2,2025-02-23 16:00:00,173.81,17.0,9.7,16.5,22.5,69.0,30.7,False
B003,B003_M1,2025-02-23 17:00:00,378.67,18.71,11.2,13.8,19.2,70.0,18.7,True
B003,B003_M2,2025-02-23 18:00:00,283.29,,9.1,12.9,22.2,61.7,18.3,False
B003,B003_M2,2025-02-23 19:00:00,236.99,,9.4,18.0,21.7,76.5,11.0,False
B003,B003_M2,2025-02-23 20:00:00,248.26,18.51,7.7,15.6,29.5,64.2,17.3,True
B003,B003_M2,2025-02-23 21:00:00,133.31,8.96,10.8,12.7,24.3,46.9,38.3,False
B004,B004_M1,2025-02-23 08:00:00,298.7,19.19,8.8,15.5,20.0,62.7,35.9,True
B004,B004_M3,2025-02-23 09:00:00,211.31,,11.8,12.2,19.3,59.5,33.1,False
B004,B004_M3,2025-02-23 10:00:00,169.98,7.17,7.1,17.8,29.2,40.0,39.3,False
B004,B004_M2,2025-02-23 11:00:00,139.95,,10.5,16.4,23.4,79.6,45.8,False
B004,B004_M1,2025-02-23 12:00:00,109.17,,8.5,15.8,20.5,48.6,19.8,False
B004,B004_M2,2025-02-23 13:00:00,362.04,,10.8,17.4,29.6,50.1,29.1,True
B004,B004_M3,2025-02-23 14:00:00,122.54,17.17,10.3,15.6,23.3,45.8,23.2,False
B004,B004_M2,2025-02-23 15:00:00,131.03,17.8,8.4,15.0,15.0,46.4,37.6,False
B004,B004_M2,2025-02-23 16:00:00,155.64,11.15,10.2,17.4,28.7,65.2,49.4,False
B004,B004_M1,2025-02-23 17:00:00,113.92,10.26,7.1,15.4,26.6,66.2,12.1,False
B004,B004_M2,2025-02-23 18:00:00,145.05,17.44,10.2,17.6,26.0,73.9,38.5,False
B004,B004_M3,2025-02-23 19:00:00,138.78,19.49,11.3,13.8,26.2,49.8,11.4,False
B004,B004_M3,2025-02-23 20:00:00,160.82,13.38,10.0,13.7,16.0,78.6,29.2,False
B004,B004_M3,2025-02-23 21:00:00,208.94,6.58,8.3,17.0,27.1,59.2,45.4,False
B005,B005_M1,2025-02-23 08:00:00,24.17,11.97,9.6,16.7,16.4,64.4,21.0,False
B005,B005_M2,2025-02-23 09:00:00,24.53,,8.5,14.9,17.0,45.9,21.2,False
B005,B005_M2,2025-02-23 10:00:00,32.1,6.1,8.3,13.9,29.6,54.6,30.4,False
B005,B005_M4,2025-02-23 11:00:00,23.54,14.51,8.1,12.6,16.7,44.0,41.0,False
B005,B005_M3,2025-02-23 12:00:00,19.98,,10.0,14.8,26.1,54.1,26.1,False
B005,B005_M5,2025-02-23 13:00:00,21.28,,7.8,16.5,24.4,74.8,46.6,False
B005,B005_M4,2025-02-23 14:00:00,38.26,,8.9,16.2,19.6,78.5,19.5,False
B005,B005_M5,2025-02-23 15:00:00,49.93,,9.2,15.0,19.6,75.5,13.8,True
B005,B005_M1,2025-02-23 16:00:00,29.83,6.72,9.1,16.2,16.3,73.1,34.8,False
B005,B005_M4,2025-02-23 17:00:00,27.98,8.24,7.0,13.8,25.9,78.3,20.3,False
B005,B005_M2,2025-02-23 18:00:00,72.26,7.25,7.9,12.4,29.2,57.4,27.7,True
B005,B005_M1,2025-02-23 19:00:00,25.91,11.67,7.8,17.7,29.8,55.9,45.4,False
B005,B005_M2,2025-02-23 20:00:00,30.57,16.44,10.8,12.4,24.1,59.3,25.0,False
B005,B005_M4,2025-02-23 21:00:00,32.64,13.94,10.8,15.4,25.5,43.4,15.7,False
B001,B001_M1,2025-02-24 08:00:00,89.12,17.62,9.2,12.4,26.4,73.9,42.1,False
B001,B001_M1,2025-02-24 09:00:00,174.96,,11.6,16.5,24.3,47.8,14.6,False
B001,B001_M4,2025-02-24 10:00:00,205.62,15.61,7.9,13.1,17.5,46.5,43.7,False
B001,B001_M4,2025-02-24 11:00:00,208.0,,7.8,16.9,17.9,41.3,37.5,False
B001,B001_M4,2025-02-24 12:00:00,148.44,,8.3,17.4,27.4,49.3,43.4,False
B001,B001_M5,2025-02-24 13:00:00,193.41,9.72,7.1,12.2,28.9,56.7,42.0,False
B001,B001_M3,2025-02-24 14:00:00,185.12,14.09,9.8,17.9,22.8,70.4,46.2,False
B001,B001_M3,2025-02-24 15:00:00,203.2,13.82,8.3,14.0,29.6,69.7,19.3,False
B001,B001_M4,2025-02-24 16:00:00,242.39,19.44,11.6,15.9,16.8,61.5,49.2,False
B001,B001_M4,2025-02-24 17:00:00,219.6,18.14,7.4,12.7,27.1,71.4,18.9,False
B001,B001_M3,2025-02-24 18:00:00,126.11,12.26,8.5,16.4,23.3,40.0,22.8,False
B001,B001_M2,2025-02-24 19:00:00,94.05,,9.2,18.0,17.0,49.8,18.4,False
B001,B001_M4,2025-02-24 20:00:00,94.11,13.37,10.0,14.1,19.1,58.6,34.6,False
B001,B001_M3,2025-02-24 21:00:00,137.14,,10.4,15.4,15.5,75.6,38.1,False
B002,B002_M3,2025-02-24 08:00:00,74.84,,9.1,17.2,25.3,74.5,38.8,False
B002,B002_M3,2025-02-24 09:00:00,137.04,19.46,11.5,15.2,19.3,55.4,23.1,False
B002,B002_M4,2025-02-24 10:00:00,134.7,5.84,10.8,14.5,20.2,40.1,23.4,False
B002,B002_M3,2025-02-24 11:00:00,138.84,,9.9,12.1,20.1,73.2,46.9,False
B002,B002_M4,2025-02-24 12:00:00,164.04,7.73,11.9,17.0,20.2,79.4,23.7,False
B002,B002_M4,2025-02-24 13:00:00,89.76,13.09,11.7,15.8,19.5,78.9,42.2,False
B002,B002_M2,2025-02-24 14:00:00,100.91,12.27,11.6,17.5,23.2,76.4,18.5,False
B002,B002_M3,2025-02-24 15:00:00,112.77,,10.3,15.4,24.7,76.8,28.0,False
B002,B002_M4,2025-02-24 16:00:00,116.43,,9.0,15.9,28.6,53.2,42.6,False
B002,B002_M3,2025-02-24 17:00:00,109.55,,7.8,16.2,17.6,43.5,27.1,False
B002,B002_M2,2025-02-24 18:00:00,65.36,,8.0,13.3,25.4,44.1,26.9,False
B002,B002_M4,2025-02-24 19:00:00,85.5,17.85,9.7,15.8,19.1,79.7,41.9,False
B002,B002_M3,2025-02-24 20:00:00,61.71,11.47,11.0,12.8,20.8,47.9,17.2,False
B002,B002_M2,2025-02-24 21:00:00,95.94,18.92,11.0,15.6,20.1,67.5,49.4,False
B003,B003_M2,2025-02-24 08:00:00,310.43,11.44,7.8,16.5,16.4,62.6,32.1,False
B003,B003_M1,2025-02-24 09:00:00,468.64,9.74,10.0,15.0,20.3,75.3,49.5,False
B003,B003_M1,2025-02-24 10:00:00,525.52,10.14,7.4,16.0,24.2,54.4,21.5,False
B003,B003_M3,2025-02-24 11:00:00,448.94,,9.7,13.3,20.9,56.4,32.5,False
B003,B003_M1,2025-02-24 12:00:00,400.13,,9.1,16.0,25.0,43.0,18.6,False
B003,B003_M3,2025-02-24 13:00:00,496.4,13.51,11.2,12.1,21.3,68.0,46.4,False
B003,B003_M3,2025-02-24 14:00:00,543.34,12.43,11.5,13.2,26.1,40.5,34.2,False
B003,B003_M1,2025-02-24 15:00:00,423.66,,7.4,15.5,26.0,43.5,34.5,False
B003,B003_M1,2025-02-24 16:00:00,1154.43,8.18,10.7,18.0,20.8,50.5,44.3,True
B003,B003_M3,2025-02-24 17:00:00,544.49,17.98,9.8,14.2,25.3,49.0,44.8,False
B003,B003_M2,2025-02-24 18:00:00,276.44,9.83,10.5,14.4,19.3,77.7,29.6,False
B003,B003_M1,2025-02-24 19:00:00,286.94,,8.4,15.8,27.7,61.4,30.6,False
B003,B003_M1,2025-02-24 20:00:00,290.19,,9.4,12.7,29.0,74.4,12.0,False
B003,B003_M2,2025-02-24 21:00:00,230.64,,9.1,14.1,15.1,73.6,17.8,False
B004,B004_M2,2025-02-24 08:00:00,182.56,15.79,10.5,17.1,28.0,43.1,49.6,False
B004,B004_M1,2025-02-24 09:00:00,296.85,,11.6,15.5,23.0,41.6,17.3,False
B004,B004_M1,2025-02-24 10:00:00,280.01,18.79,8.1,12.7,26.1,61.9,46.0,False
B004,B004_M1,2025-02-24 11:00:00,287.26,19.82,8.4,16.2,27.7,49.4,19.9,False
B004,B004_M2,2025-02-24 12:00:00,329.78,,7.5,13.6,15.2,43.9,33.7,False
B004,B004_M3,2025-02-24 13:00:00,255.43,17.39,9.8,14.3,19.3,71.1,22.5,False
B004,B004_M2,2025-02-24 14:00:00,361.81,,10.5,12.9,30.0,52.6,41.6,False
B004,B004_M1,2025-02-24 15:00:00,256.09,15.36,10.8,15.0,15.2,76.9,40.9,False
B004,B004_M2,2025-02-24 16:00:00,357.9,7.34,11.5,15.5,29.6,64.8,44.2,False
B004,B004_M1,2025-02-24 17:00:00,403.24,15.99,11.0,17.5,24.3,47.3,36.3,False
B004,B004_M3,2025-02-24 18:00:00,228.27,,9.9,18.0,16.9,44.2,49.2,False
B004,B004_M1,2025-02-24 19:00:00,164.94,,11.7,17.6,21.0,65.9,23.1,False
B004,B004_M2,2025-02-24 20:00:00,158.3,17.62,11.5,15.4,23.9,67.3,47.5,False
B004,B004_M3,2025-02-24 21:00:00,161.16,16.21,7.1,12.5,16.6,62.8,42.4,False
B005,B005_M4,2025-02-24 08:00:00,30.97,,9.8,17.1,20.3,61.0,47.4,False
B005,B005_M5,2025-02-24 09:00:00,69.93,16.47,7.5,12.4,27.5,48.0,16.6,False
B005,B005_M5,2025-02-24 10:00:00,82.64,,7.4,15.1,27.8,57.3,24.6,False
B005,B005_M5,2025-02-24 11:00:00,70.78,,8.7,15.1,19.7,76.4,17.0,False
B005,B005_M2,2025-02-24 12:00:00,53.93,9.59,10.9,17.6,28.2,75.9,16.1,False
B005,B005_M2,2025-02-24 13:00:00,68.61,,11.8,13.7,17.4,56.0,47.1,False
B005,B005_M2,2025-02-24 14:00:00,58.77,,10.6,14.2,25.1,78.8,18.9,False
B005,B005_M2,2025-02-24 15:00:00,63.36,9.17,7.9,12.3,28.3,41.4,49.4,False
B005,B005_M2,2025-02-24 16:00:00,68.39,16.61,11.7,17.7,16.2,48.2,44.7,False
B005,B005_M2,2025-02-24 17:00:00,57.21,16.13,7.3,14.4,24.0,75.0,27.5,False
B005,B005_M1,2025-02-24 18:00:00,52.1,5.86,10.1,13.9,27.7,42.6,16.4,False
B005,B005_M4,2025-02-24 19:00:00,56.56,18.24,9.1,13.5,27.2,59.0,10.0,False
B005,B005_M2,2025-02-24 20:00:00,48.77,19.35,11.5,17.6,21.9,48.0,23.0,False
B005,B005_M3,2025-02-24 21:00:00,33.22,17.14,10.4,15.3,21.7,68.5,35.8,False
B001,B001_M4,2025-02-25 08:00:00,116.34,,9.0,14.3,29.7,44.0,11.3,False
B001,B001_M5,2025-02-25 09:00:00,174.28,,10.5,16.4,28.3,47.3,49.8,False
B001,B001_M5,2025-02-25 10:00:00,176.22,15.33,10.0,14.0,26.6,62.6,16.8,False
B001,B001_M2,2025-02-25 11:00:00,207.24,12.12,11.8,12.3,24.2,40.3,11.0,False
B001,B001_M2,2025-02-25 12:00:00,222.26,,10.2,17.8,26.4,47.6,36.2,False
B001,B001_M5,2025-02-25 13:00:00,207.7,18.5,11.0,16.8,15.1,61.5,32.3,False
B001,B001_M1,2025-02-25 14:00:00,293.47,9.92,11.3,15.0,27.7,77.2,34.8,False
B001,B001_M1,2025-02-25 15:00:00,172.29,8.87,7.8,17.4,23.6,53.2,38.2,False
B001,B001_M4,2025-02-25 16:00:00,156.27,14.34,7.2,17.1,27.8,59.8,28.0,False
B001,B001_M3,2025-02-25 17:00:00,298.42,7.61,7.3,13.3,23.2,70.3,34.6,False
B001,B001_M3,2025-02-25 18:00:00,89.16,13.95,7.6,13.1,29.8,61.3,26.9,False
B001,B001_M3,2025-02-25 19:00:00,115.05,7.09,9.8,14.6,23.4,62.3,17.1,False
B001,B001_M3,2025-02-25 20:00:00,105.26,,10.0,13.9,29.2,79.5,11.6,False
B001,B001_M4,2025-02-25 21:00:00,82.0,,7.2,15.9,20.3,46.2,17.4,False
B002,B002_M3,2025-02-25 08:00:00,64.68,,8.1,15.6,16.1,62.7,14.0,False
B002,B002_M2,2025-02-25 09:00:00,116.6,11.74,10.8,17.5,16.0,68.2,19.4,False
B002,B002_M3,2025-02-25 10:00:00,135.89,5.69,8.9,17.4,17.7,53.7,34.4,False
B002,B002_M1,2025-02-25 11:00:00,183.13,7.09,9.3,15.6,23.3,79.3,20.4,False
B002,B002_M2,2025-02-25 12:00:00,122.47,9.38,10.1,17.0,20.2,74.7,50.0,False
B002,B002_M2,2025-02-25 13:00:00,168.66,,7.7,14.0,25.8,69.7,20.4,False
B002,B002_M3,2025-02-25 14:00:00,154.23,17.58,8.3,14.5,16.4,68.6,43.2,False
B002,B002_M2,2025-02-25 15:00:00,123.7,8.46,7.8,15.4,16.5,54.9,31.4,False
B002,B002_M4,2025-02-25 16:00:00,170.35,17.9,11.2,12.6,15.3,77.4,23.6,False
B002,B002_M4,2025-02-25 17:00:00,198.43,17.74,10.7,12.1,26.1,78.2,10.5,False
B002,B002_M3,2025-02-25 18:00:00,68.09,10.07,7.2,13.3,22.8,66.4,38.1,False
B002,B002_M3,2025-02-25 19:00:00,80.8,,11.3,12.5,18.5,43.9,10.2,False
B002,B002_M2,2025-02-25 20:00:00,78.69,19.25,9.7,15.7,15.9,44.7,30.6,False
B002,B002_M1,2025-02-25 21:00:00,83.28,11.43,8.1,15.6,22.9,59.9,16.9,False
B003,B003_M2,2025-02-25 08:00:00,265.58,10.93,11.6,12.6,29.0,74.8,11.6,False
B003,B003_M2,2025-02-25 09:00:00,487.8,10.33,11.8,17.5,22.7,40.6,28.1,False
B003,B003_M1,2025-02-25 10:00:00,510.98,9.53,9.9,14.9,16.8,45.5,21.8,False
B003,B003_M3,2025-02-25 11:00:00,430.4,14.19,10.3,17.9,26.3,70.0,21.8,False
B003,B003_M3,2025-02-25 12:00:00,481.01,8.35,8.7,16.6,21.7,41.6,20.1,False
B003,B003_M3,2025-02-25 13:00:00,320.65,14.31,10.9,14.3,15.2,76.4,12.1,False
B003,B003_M1,2025-02-25 14:00:00,393.54,17.11,8.7,14.1,23.4,47.1,35.6,False
B003,B003_M2,2025-02-25 15:00:00,456.72,10.76,9.9,17.4,29.2,68.6,31.6,False
B003,B003_M1,2025-02-25 16:00:00,566.87,,10.7,16.5,16.3,73.3,46.0,False
B003,B003_M1,2025-02-25 17:00:00,550.44,7.36,9.6,14.5,26.6,79.6,11.2,False
B003,B003_M2,2025-02-25 18:00:00,225.7,19.34,8.7,14.0,22.3,66.0,23.8,False
B003,B003_M2,2025-02-25 19:00:00,284.57,14.65,7.2,16.5,18.8,66.8,32.7,False
B003,B003_M3,2025-02-25 20:00:00,243.95,,9.4,15.8,29.1,42.0,39.8,False
B003,B003_M3,2025-02-25 21:00:00,297.94,15.54,11.1,15.2,28.9,79.3,11.1,False
B004,B004_M1,2025-02-25 08:00:00,174.33,,7.8,13.5,18.7,59.7,16.3,False
B004,B004_M2,2025-02-25 09:00:00,350.6,,9.4,14.4,25.7,52.6,46.6,False
B004,B004_M2,2025-02-25 10:00:00,340.86,,9.8,13.9,23.8,56.6,18.1,False
B004,B004_M1,2025-02-25 11:00:00,372.63,,11.7,12.3,26.8,41.4,18.2,False
B004,B004_M3,2025-02-25 12:00:00,383.53,19.32,11.6,13.2,23.9,66.0,33.9,False
B004,B004_M3,2025-02-25 13:00:00,352.23,8.8,7.1,16.4,22.5,71.5,32.0,False
B004,B004_M2,2025-02-25 14:00:00,354.78,12.0,11.9,12.4,21.6,41.6,25.0,False
B004,B004_M3,2025-02-25 15:00:00,218.26,5.34,9.5,16.7,19.4,69.6,29.9,False
B004,B004_M3,2025-02-25 16:00:00,412.4,14.45,9.7,14.2,20.4,50.8,24.0,False
B004,B004_M1,2025-02-25 17:00:00,323.77,6.1,10.6,15.4,22.2,40.4,33.1,False
B004,B004_M2,2025-02-25 18:00:00,211.95,8.03,9.2,12.1,29.5,58.4,10.6,False
B004,B004_M1,2025-02-25 19:00:00,231.59,,8.2,12.2,16.4,54.0,18.5,False
B004,B004_M1,2025-02-25 20:00:00,199.6,17.87,11.0,12.7,19.9,79.7,19.7,False
B004,B004_M3,2025-02-25 21:00:00,246.69,12.34,9.3,14.9,25.5,56.7,23.8,False
B005,B005_M2,2025-02-25 08:00:00,51.64,,7.7,15.9,15.8,66.3,42.9,False
B005,B005_M3,2025-02-25 09:00:00,76.55,,11.2,14.4,20.1,41.5,24.2,False
B005,B005_M3,2025-02-25 10:00:00,67.22,10.95,12.0,16.7,20.7,71.4,12.1,False
B005,B005_M5,2025-02-25 11:00:00,61.01,,10.2,17.2,20.9,72.7,47.4,False
B005,B005_M3,2025-02-25 12:00:00,69.18,16.91,11.1,14.4,20.3,53.8,43.8,False
B005,B005_M1,2025-02-25 13:00:00,38.79,10.17,7.3,15.5,30.0,72.5,10.6,False
B005,B005_M2,2025-02-25 14:00:00,60.66,5.06,11.7,15.5,19.3,48.8,26.9,False
B005,B005_M4,2025-02-25 15:00:00,70.45,10.01,10.3,13.8,18.2,69.5,34.5,False
B005,B005_M1,2025-02-25 16:00:00,78.95,15.54,7.3,15.4,23.3,70.0,42.1,False
B005,B005_M2,2025-02-25 17:00:00,81.71,5.22,7.5,13.0,25.4,55.3,21.5,False
B005,B005_M3,2025-02-25 18:00:00,38.34,19.29,8.3,13.8,17.4,43.1,40.1,False
B005,B005_M4,2025-02-25 19:00:00,43.88,15.52,8.5,14.9,20.7,50.9,34.6,False
B005,B005_M4,2025-02-25 20:00:00,34.27,10.83,8.6,17.9,17.2,64.9,20.7,False
B005,B005_M3,2025-02-25 21:00:00,50.36,16.88,8.2,14.3,21.7,42.6,39.9,False
B001,B001_M2,2025-02-26 08:00:00,102.63,,10.4,17.0,22.9,55.6,27.1,False
B001,B001_M3,2025-02-26 09:00:00,195.04,10.79,11.4,15.6,24.7,77.7,29.4,False
B001,B001_M5,2025-02-26 10:00:00,224.04,5.72,10.5,15.8,26.5,79.3,31.7,False
B001,B001_M2,2025-02-26 11:00:00,203.06,17.5,9.4,15.4,30.0,68.2,26.0,False
B001,B001_M1,2025-02-26 12:00:00,198.85,14.16,10.5,17.8,25.3,75.2,24.8,False
B001,B001_M2,2025-02-26 13:00:00,258.08,,8.1,14.1,26.9,77.8,17.5,False
B001,B001_M4,2025-02-26 14:00:00,205.35,5.98,10.9,13.2,16.4,76.0,31.8,False
B001,B001_M5,2025-02-26 15:00:00,164.0,,8.3,17.9,20.9,52.9,36.2,False
B001,B001_M5,2025-02-26 16:00:00,209.08,,10.4,17.4,16.9,65.3,36.5,False
B001,B001_M2,2025-02-26 17:00:00,186.21,17.69,8.5,13.8,26.7,49.6,31.4,False
B001,B001_M2,2025-02-26 18:00:00,110.06,,7.0,14.2,25.1,61.6,30.1,False
B001,B001_M3,2025-02-26 19:00:00,128.9,,10.9,16.7,26.8,49.8,17.5,False
B001,B001_M3,2025-02-26 20:00:00,147.07,16.82,10.8,15.2,24.2,77.3,23.3,False
B001,B001_M5,2025-02-26 21:00:00,122.32,12.39,11.2,15.3,19.5,41.0,13.8,False
B002,B002_M1,2025-02-26 08:00:00,75.45,,9.1,12.7,24.5,58.3,41.4,False
B002,B002_M1,2025-02-26 09:00:00,193.15,,10.6,15.4,15.0,62.2,25.0,False
B002,B002_M4,2025-02-26 10:00:00,147.66,7.4,9.3,16.1,17.3,43.7,27.0,False
B002,B002_M1,2025-02-26 11:00:00,107.47,,10.3,16.0,28.5,55.9,14.8,False
B002,B002_M3,2025-02-26 12:00:00,100.7,,9.0,14.2,24.0,62.9,18.2,False
B002,B002_M3,2025-02-26 13:00:00,129.14,,11.7,12.3,28.6,46.3,13.6,False
B002,B002_M4,2025-02-26 14:00:00,130.48,6.66,10.6,17.5,26.0,71.9,20.1,False
B002,B002_M2,2025-02-26 15:00:00,160.09,15.54,9.6,15.6,26.1,53.5,48.9,False
B002,B002_M3,2025-02-26 16:00:00,210.64,8.57,10.5,13.9,16.5,44.5,43.8,True
B002,B002_M1,2025-02-26 17:00:00,193.22,18.91,9.8,13.8,27.6,55.7,32.3,False
B002,B002_M4,2025-02-26 18:00:00,57.6,,10.2,12.9,22.1,76.0,44.9,False
B002,B002_M2,2025-02-26 19:00:00,62.03,8.98,9.3,17.9,27.2,66.8,23.9,False
B002,B002_M4,2025-02-26 20:00:00,72.01,,10.7,17.8,26.5,55.3,15.5,False
B002,B002_M4,2025-02-26 21:00:00,85.99,,7.8,17.6,16.9,63.0,45.1,False
B003,B003_M3,2025-02-26 08:00:00,213.67,17.62,9.8,17.5,18.8,69.6,31.9,False
B003,B003_M1,2025-02-26 09:00:00,458.87,,7.9,17.2,27.9,77.9,29.5,False
B003,B003_M1,2025-02-26 10:00:00,463.81,11.17,8.2,17.1,17.0,78.7,17.9,False
B003,B003_M3,2025-02-26 11:00:00,424.93,12.69,8.0,12.0,20.6,77.1,25.1,False
B003,B003_M3,2025-02-26 12:00:00,627.57,8.7,9.9,16.2,20.6,58.7,25.9,False
B003,B003_M2,2025-02-26 13:00:00,476.94,6.14,11.2,13.5,29.1,51.9,29.7,False
B003,B003_M1,2025-02-26 14:00:00,544.53,12.76,9.8,12.3,29.1,64.3,48.8,False
B003,B003_M2,2025-02-26 15:00:00,413.7,15.66,7.8,14.6,27.3,50.4,25.9,False
B003,B003_M3,2025-02-26 16:00:00,463.91,7.93,9.3,16.7,16.8,72.7,20.9,False
B003,B003_M1,2025-02-26 17:00:00,424.53,,10.6,14.1,26.6,48.5,46.1,False
B003,B003_M2,2025-02-26 18:00:00,237.68,14.36,10.2,14.3,19.2,55.7,29.7,False
B003,B003_M2,2025-02-26 19:00:00,252.44,,8.5,15.5,16.2,53.9,47.0,False
B003,B003_M2,2025-02-26 20:00:00,217.79,11.49,9.9,14.8,15.4,63.0,47.9,False
B003,B003_M3,2025-02-26 21:00:00,230.2,,10.3,12.6,23.9,45.2,41.2,False
B004,B004_M1,2025-02-26 08:00:00,210.19,15.97,10.8,17.7,29.9,56.3,45.4,False
B004,B004_M3,2025-02-26 09:00:00,363.95,11.17,11.3,15.6,22.4,56.6,41.7,False
B004,B004_M2,2025-02-26 10:00:00,352.54,10.15,8.8,12.3,26.1,72.7,45.3,False
B004,B004_M2,2025-02-26 11:00:00,244.38,,7.1,13.4,26.2,60.0,36.3,False
B004,B004_M3,2025-02-26 12:00:00,409.78,16.05,9.3,16.0,25.0,47.5,24.8,False
B004,B004_M3,2025-02-26 13:00:00,309.63,6.84,11.4,16.6,29.5,75.2,24.6,False
B004,B004_M1,2025-02-26 14:00:00,301.64,11.75,11.0,16.2,28.6,79.6,19.6,False
B004,B004_M1,2025-02-26 15:00:00,291.16,19.7,8.8,13.3,22.9,46.6,27.7,False
B004,B004_M3,2025-02-26 16:00:00,415.02,13.05,9.8,14.1,23.5,55.7,23.3,False
B004,B004_M1,2025-02-26 17:00:00,454.02,9.2,10.8,12.4,24.3,65.7,46.2,False
B004,B004_M2,2025-02-26 18:00:00,321.47,7.99,9.4,16.2,27.6,51.5,19.9,True
B004,B004_M3,2025-02-26 19:00:00,217.25,9.13,11.8,15.3,22.2,50.9,24.4,False
B004,B004_M1,2025-02-26 20:00:00,220.42,13.21,11.4,14.5,18.2,56.9,46.0,False
B004,B004_M3,2025-02-26 21:00:00,180.59,,10.3,13.8,21.4,78.6,28.9,False
B005,B005_M3,2025-02-26 08:00:00,46.21,5.43,11.0,18.0,18.7,70.6,34.5,False
B005,B005_M1,2025-02-26 09:00:00,60.81,5.59,7.3,15.4,19.3,60.3,14.5,False
B005,B005_M1,2025-02-26 10:00:00,61.97,5.12,8.3,14.3,19.0,41.3,19.4,False
B005,B005_M4,2025-02-26 11:00:00,65.59,,10.2,16.4,17.2,78.0,39.0,False
B005,B005_M2,2025-02-26 12:00:00,61.48,10.18,8.5,13.2,18.0,52.7,48.8,False
B005,B005_M5,2025-02-26 13:00:00,77.33,5.36,11.0,13.5,28.0,58.8,48.6,False
B005,B005_M3,2025-02-26 14:00:00,72.66,8.57,9.7,15.1,20.8,79.0,32.5,False
B005,B005_M2,2025-02-26 15:00:00,92.94,,9.5,17.5,22.6,65.6,15.6,False
B005,B005_M2,2025-02-26 16:00:00,63.42,5.63,7.4,12.4,15.8,54.0,12.8,False
B005,B005_M1,2025-02-26 17:00:00,63.2,19.67,9.5,16.6,20.3,63.1,22.5,False
B005,B005_M1,2025-02-26 18:00:00,42.52,18.67,12.0,16.6,19.6,51.5,28.6,False
B005,B005_M1,2025-02-26 19:00:00,31.99,,9.6,17.7,27.5,75.8,29.4,False
B005,B005_M4,2025-02-26 20:00:00,40.61,8.48,8.8,14.3,15.5,52.8,44.8,False
B005,B005_M3,2025-02-26 21:00:00,39.42,5.96,9.5,13.9,19.0,64.4,39.6,False
B001,B001_M5,2025-02-27 08:00:00,146.54,,8.6,16.8,27.7,74.3,36.8,False
B001,B001_M4,2025-02-27 09:00:00,180.11,,10.1,16.1,21.5,41.0,49.8,False
B001,B001_M2,2025-02-27 10:00:00,195.9,10.27,10.2,17.8,26.6,69.9,42.8,False
B001,B001_M1,2025-02-27 11:00:00,186.16,19.67,10.0,14.5,29.4,62.0,43.7,False
B001,B001_M4,2025-02-27 12:00:00,202.88,10.71,10.9,16.1,21.8,68.0,33.7,False
B001,B001_M1,2025-02-27 13:00:00,220.9,6.66,9.7,16.3,26.0,67.4,43.5,False
B001,B001_M2,2025-02-27 14:00:00,227.59,,9.8,12.2,18.0,67.4,20.7,False
B001,B001_M5,2025-02-27 15:00:00,174.67,6.4,10.2,15.8,29.6,40.2,40.9,False
B001,B001_M5,2025-02-27 16:00:00,173.92,18.75,8.1,13.0,28.1,48.4,20.5,False
B001,B001_M2,2025-02-27 17:00:00,174.66,11.18,10.8,13.7,25.5,67.3,48.7,False
B001,B001_M5,2025-02-27 18:00:00,89.83,,8.8,17.8,24.5,52.7,24.5,False
B001,B001_M5,2025-02-27 19:00:00,88.61,19.01,9.7,12.7,21.6,67.0,45.9,False
B001,B001_M2,2025-02-27 20:00:00,113.98,10.44,8.7,17.9,27.7,75.7,47.8,False
B001,B001_M3,2025-02-27 21:00:00,95.05,19.14,8.4,17.4,26.3,48.5,42.8,False
B002,B002_M4,2025-02-27 08:00:00,75.49,,8.5,16.2,29.9,60.0,21.8,False
B002,B002_M3,2025-02-27 09:00:00,162.53,17.8,10.8,15.6,23.6,75.7,31.2,False
B002,B002_M2,2025-02-27 10:00:00,113.09,18.29,11.0,14.0,29.8,78.6,42.3,False
B002,B002_M3,2025-02-27 11:00:00,157.4,18.23,10.0,17.2,15.9,69.3,49.1,False
B002,B002_M1,2025-02-27 12:00:00,114.33,,11.7,16.3,29.6,59.0,43.6,False
B002,B002_M1,2025-02-27 13:00:00,124.03,8.07,7.7,13.6,18.8,49.9,10.4,False
B002,B002_M4,2025-02-27 14:00:00,117.7,15.3,10.5,14.3,29.3,41.7,38.0,False
B002,B002_M2,2025-02-27 15:00:00,135.77,,10.1,13.3,23.7,48.4,31.2,False
B002,B002_M4,2025-02-27 16:00:00,110.04,,7.9,17.2,27.3,78.5,48.5,False
B002,B002_M3,2025-02-27 17:00:00,191.8,8.06,10.0,13.5,17.1,72.2,36.1,False
B002,B002_M3,2025-02-27 18:00:00,49.76,,9.3,17.5,15.3,67.5,18.9,False
B002,B002_M2,2025-02-27 19:00:00,105.68,18.57,10.9,13.4,29.0,68.6,26.5,False
B002,B002_M2,2025-02-27 20:00:00,76.97,,11.5,17.1,22.4,52.4,18.6,False
B002,B002_M3,2025-02-27 21:00:00,80.47,,7.3,14.3,27.1,56.1,42.2,False
B003,B003_M2,2025-02-27 08:00:00,226.82,,8.7,16.2,25.2,73.6,11.2,False
B003,B003_M1,2025-02-27 09:00:00,571.87,13.59,7.3,17.7,21.5,79.9,30.7,False
B003,B003_M1,2025-02-27 10:00:00,504.54,8.07,7.5,16.2,21.6,54.2,10.4,False
B003,B003_M3,2025-02-27 11:00:00,530.78,15.32,9.9,13.1,28.7,46.2,18.6,False
B003,B003_M1,2025-02-27 12:00:00,372.94,19.94,11.4,17.3,24.3,54.8,27.6,False
B003,B003_M2,2025-02-27 13:00:00,350.97,11.98,9.9,14.0,29.7,44.7,43.2,False
B003,B003_M2,2025-02-27 14:00:00,486.6,12.93,9.7,16.9,29.2,53.5,19.5,False
B003,B003_M2,2025-02-27 15:00:00,436.03,17.04,7.3,16.1,18.9,68.6,33.5,False
B003,B003_M1,2025-02-27 16:00:00,372.78,13.82,10.8,13.8,25.5,73.1,12.7,False
B003,B003_M3,2025-02-27 17:00:00,430.86,5.81,11.4,13.3,19.2,79.5,49.4,False
B003,B003_M1,2025-02-27 18:00:00,259.33,,11.1,14.6,18.2,57.5,19.3,False
B003,B003_M3,2025-02-27 19:00:00,285.43,15.4,7.2,14.9,24.4,73.2,19.1,False
B003,B003_M3,2025-02-27 20:00:00,296.29,12.96,10.3,15.7,18.6,63.1,19.7,False
B003,B003_M1,2025-02-27 21:00:00,313.57,8.82,7.2,15.5,27.5,66.2,21.6,False
B004,B004_M1,2025-02-27 08:00:00,206.34,,11.4,17.0,27.1,49.9,22.9,False
B004,B004_M2,2025-02-27 09:00:00,267.15,7.0,8.4,12.7,23.3,77.3,11.2,False
B004,B004_M1,2025-02-27 10:00:00,273.08,9.91,7.3,15.3,17.1,43.6,45.8,False
B004,B004_M3,2025-02-27 11:00:00,367.7,8.39,7.9,15.2,17.8,64.9,48.9,False
B004,B004_M3,2025-02-27 12:00:00,282.78,12.86,11.2,12.7,15.7,56.8,42.8,False
B004,B004_M2,2025-02-27 13:00:00,266.14,,11.9,14.7,20.4,51.3,30.6,False
B004,B004_M3,2025-02-27 14:00:00,370.24,,7.9,15.1,21.8,71.7,43.6,False
B004,B004_M1,2025-02-27 15:00:00,334.28,,10.5,13.1,18.5,58.3,29.3,False
B004,B004_M1,2025-02-27 16:00:00,328.05,12.95,8.1,13.8,22.1,58.0,13.0,False
B004,B004_M3,2025-02-27 17:00:00,230.43,10.31,8.2,12.1,26.1,63.9,48.1,False
B004,B004_M2,2025-02-27 18:00:00,163.65,14.99,9.0,14.4,16.6,42.4,32.6,False
B004,B004_M1,2025-02-27 19:00:00,149.04,,10.8,16.0,26.8,64.7,44.4,False
B004,B004_M1,2025-02-27 20:00:00,186.94,12.03,8.9,15.2,17.8,46.8,38.9,False
B004,B004_M1,2025-02-27 21:00:00,228.06,,10.0,17.5,28.7,54.4,13.2,False
B005,B005_M1,2025-02-27 08:00:00,41.29,14.61,8.2,13.1,24.0,51.9,28.0,False
B005,B005_M3,2025-02-27 09:00:00,58.47,7.75,7.5,15.4,17.8,54.2,23.0,False
B005,B005_M1,2025-02-27 10:00:00,68.74,12.09,7.5,17.9,28.2,66.5,19.6,False
B005,B005_M1,2025-02-27 11:00:00,52.91,,11.2,12.5,20.1,58.0,20.2,False
B005,B005_M5,2025-02-27 12:00:00,82.95,,10.4,13.1,23.2,46.4,28.6,False
B005,B005_M1,2025-02-27 13:00:00,46.51,12.41,11.6,16.9,25.1,56.2,17.7,False
B005,B005_M2,2025-02-27 14:00:00,63.83,17.7,10.3,14.0,29.7,56.3,14.4,False
B005,B005_M5,2025-02-27 15:00:00,88.71,19.38,9.3,14.4,24.0,65.4,32.7,False
B005,B005_M2,2025-02-27 16:00:00,108.45,12.59,10.6,12.8,24.5,49.7,19.2,False
B005,B005_M4,2025-02-27 17:00:00,54.07,10.12,11.0,13.2,18.0,73.6,20.5,False
B005,B005_M2,2025-02-27 18:00:00,48.65,,9.4,15.9,20.1,59.7,17.7,False
B005,B005_M2,2025-02-27 19:00:00,35.32,,10.6,14.7,27.7,55.4,13.1,False
B005,B005_M4,2025-02-27 20:00:00,46.55,19.65,11.5,15.4,25.1,64.1,36.8,False
B005,B005_M2,2025-02-27 21:00:00,25.83,,11.1,17.3,23.6,71.0,49.5,False
B001,B001_M4,2025-02-28 08:00:00,139.22,17.71,7.6,16.1,22.0,41.9,10.2,False
B001,B001_M3,2025-02-28 09:00:00,167.38,,11.1,16.3,21.3,66.5,45.9,False
B001,B001_M4,2025-02-28 10:00:00,161.96,17.45,9.3,16.0,15.1,70.7,22.6,False
B001,B001_M4,2025-02-28 11:00:00,157.96,5.29,10.3,13.2,24.3,78.1,23.4,False
B001,B001_M3,2025-02-28 12:00:00,209.84,18.32,8.5,13.1,16.8,73.9,48.3,False
B001,B001_M2,2025-02-28 13:00:00,237.48,15.38,7.8,14.0,19.0,73.8,46.2,False
B001,B001_M5,2025-02-28 14:00:00,208.44,,9.5,15.8,21.6,79.6,33.8,False
B001,B001_M2,2025-02-28 15:00:00,168.79,18.17,7.6,13.4,15.6,60.5,25.6,False
B001,B001_M5,2025-02-28 16:00:00,593.88,,9.1,12.2,22.2,51.2,42.5,True
B001,B001_M4,2025-02-28 17:00:00,175.65,14.14,9.7,16.0,16.7,58.4,11.6,False
B001,B001_M4,2025-02-28 18:00:00,111.58,12.44,11.3,12.0,17.5,72.5,21.5,False
B001,B001_M5,2025-02-28 19:00:00,109.04,5.01,9.1,12.3,22.7,66.7,48.1,False
B001,B001_M3,2025-02-28 20:00:00,145.63,,8.3,16.5,23.2,51.3,30.0,False
B001,B001_M4,2025-02-28 21:00:00,114.24,12.72,9.3,12.7,17.3,58.8,13.6,False
B002,B002_M2,2025-02-28 08:00:00,74.0,11.89,10.6,12.8,21.4,75.5,26.4,False
B002,B002_M2,2025-02-28 09:00:00,161.62,9.98,7.9,14.3,17.9,60.7,14.1,False
B002,B002_M3,2025-02-28 10:00:00,179.52,12.31,11.5,12.3,23.8,59.5,19.7,False
B002,B002_M4,2025-02-28 11:00:00,109.31,14.67,11.9,17.1,16.9,77.5,43.4,False
B002,B002_M2,2025-02-28 12:00:00,181.84,,11.7,13.9,19.9,66.9,46.4,False
B002,B002_M3,2025-02-28 13:00:00,128.54,9.81,9.3,17.7,19.0,69.5,47.6,False
B002,B002_M1,2025-02-28 14:00:00,150.7,15.8,7.8,12.0,18.1,70.3,49.4,False
B002,B002_M3,2025-02-28 15:00:00,177.57,,8.3,12.9,15.7,46.6,41.7,False
B002,B002_M2,2025-02-28 16:00:00,139.21,15.71,10.7,12.1,21.1,75.9,40.2,False
B002,B002_M1,2025-02-28 17:00:00,98.32,,8.3,16.4,16.8,73.6,24.5,False
B002,B002_M4,2025-02-28 18:00:00,71.85,19.76,11.9,12.6,17.7,41.9,41.8,False
B002,B002_M2,2025-02-28 19:00:00,92.84,12.73,11.2,13.6,17.8,48.7,46.5,False
B002,B002_M2,2025-02-28 20:00:00,67.76,,10.2,16.1,18.2,58.9,35.5,False
B002,B002_M1,2025-02-28 21:00:00,69.18,9.24,8.5,17.8,19.4,44.4,44.6,False
B003,B003_M2,2025-02-28 08:00:00,235.23,6.84,10.6,18.0,16.5,41.8,41.4,False
B003,B003_M3,2025-02-28 09:00:00,369.78,8.78,8.0,14.0,23.0,65.6,33.2,False
B003,B003_M1,2025-02-28 10:00:00,519.87,14.09,11.6,16.4,24.6,77.5,12.0,False
B003,B003_M1,2025-02-28 11:00:00,454.07,,10.5,12.2,21.0,68.3,32.4,False
B003,B003_M2,2025-02-28 12:00:00,528.77,16.76,8.0,12.2,24.3,77.2,29.1,False
B003,B003_M3,2025-02-28 13:00:00,434.23,6.95,10.1,15.5,19.5,60.9,31.4,False
B003,B003_M3,2025-02-28 14:00:00,498.96,,10.6,12.6,28.2,61.8,37.8,False
B003,B003_M1,2025-02-28 15:00:00,509.19,14.75,7.6,12.2,23.0,50.0,43.8,False
B003,B003_M3,2025-02-28 16:00:00,517.77,15.34,11.9,15.3,21.9,68.3,24.5,False
B003,B003_M1,2025-02-28 17:00:00,426.33,14.74,11.2,15.0,26.5,52.1,22.5,False
B003,B003_M1,2025-02-28 18:00:00,285.99,14.38,9.8,15.0,21.0,65.2,24.1,False
B003,B003_M3,2025-02-28 19:00:00,313.52,6.21,10.2,12.9,22.9,69.5,38.3,False
B003,B003_M2,2025-02-28 20:00:00,256.77,15.42,7.1,12.5,18.1,45.6,39.0,False
B003,B003_M3,2025-02-28 21:00:00,292.64,,11.6,14.1,22.0,76.2,21.5,False
B004,B004_M1,2025-02-28 08:00:00,242.72,,7.4,16.1,17.8,63.4,15.8,False
B004,B004_M3,2025-02-28 09:00:00,390.55,,11.9,13.3,28.1,69.5,48.8,False
B004,B004_M1,2025-02-28 10:00:00,332.06,17.86,7.4,14.4,21.7,45.0,20.8,False
B004,B004_M3,2025-02-28 11:00:00,345.39,,11.1,13.3,27.1,74.1,17.1,False
B004,B004_M3,2025-02-28 12:00:00,369.88,16.86,10.5,14.0,17.5,61.4,20.7,False
B004,B004_M1,2025-02-28 13:00:00,286.47,,11.5,12.8,19.3,66.8,44.0,False
B004,B004_M3,2025-02-28 14:00:00,322.43,7.44,8.7,17.6,27.5,68.0,22.8,False
B004,B004_M2,2025-02-28 15:00:00,253.61,5.8,9.9,15.5,24.3,49.0,39.3,False
B004,B004_M1,2025-02-28 16:00:00,316.32,13.07,11.5,12.1,28.2,60.2,10.4,False
B004,B004_M1,2025-02-28 17:00:00,410.58,,8.3,16.1,17.7,73.0,26.6,False
B004,B004_M1,2025-02-28 18:00:00,175.08,11.82,11.5,16.5,27.0,63.7,38.3,False
B004,B004_M2,2025-02-28 19:00:00,148.3,6.7,8.9,12.2,25.9,70.0,24.7,False
B004,B004_M3,2025-02-28 20:00:00,160.57,15.7,9.3,17.3,27.2,55.5,15.0,False
B004,B004_M2,2025-02-28 21:00:00,185.26,,8.4,16.1,21.8,52.4,39.6,False
B005,B005_M4,2025-02-28 08:00:00,39.36,12.81,10.9,12.0,24.6,52.7,46.0,False
B005,B005_M5,2025-02-28 09:00:00,90.54,5.48,11.2,17.9,20.5,51.9,29.0,False
B005,B005_M4,2025-02-28 10:00:00,77.89,16.02,10.1,14.4,27.6,42.6,22.7,False
B005,B005_M3,2025-02-28 11:00:00,56.83,8.33,7.7,15.2,22.9,61.4,41.5,False
B005,B005_M3,2025-02-28 12:00:00,60.48,5.37,9.6,15.7,29.9,78.7,29.1,False
B005,B005_M3,2025-02-28 13:00:00,59.56,17.91,11.7,15.1,18.9,64.8,12.1,False
B005,B005_M2,2025-02-28 14:00:00,98.34,10.89,8.1,17.9,15.6,79.3,41.7,False
B005,B005_M2,2025-02-28 15:00:00,79.12,14.09,10.8,15.8,29.1,73.0,35.9,False
B005,B005_M1,2025-02-28 16:00:00,66.43,9.52,7.5,15.0,23.2,69.9,24.0,False
B005,B005_M2,2025-02-28 17:00:00,62.24,16.82,7.2,12.5,21.0,63.7,10.4,False
B005,B005_M4,2025-02-28 18:00:00,42.16,14.28,11.9,16.7,28.6,64.7,35.9,False
B005,B005_M2,2025-02-28 19:00:00,25.96,15.97,10.9,12.5,28.6,57.0,26.7,False
B005,B005_M3,2025-02-28 20:00:00,40.39,16.2,9.6,13.1,21.7,50.4,32.6,False
B005,B005_M2,2025-02-28 21:00:00,33.25,11.37,10.2,14.8,16.6,58.3,28.0,False
B001,B001_M3,2025-03-01 08:00:00,84.71,,8.9,14.9,21.8,59.0,24.3,False
B001,B001_M3,2025-03-01 09:00:00,66.81,8.28,7.0,14.7,27.8,64.4,35.2,False
B001,B001_M5,2025-03-01 10:00:00,113.47,12.97,7.1,13.2,21.3,55.6,43.9,False
B001,B001_M4,2025-03-01 11:00:00,72.02,19.49,10.7,17.9,19.9,77.8,37.8,False
B001,B001_M2,2025-03-01 12:00:00,65.88,,8.9,16.7,25.0,58.8,28.1,False
B001,B001_M3,2025-03-01 13:00:00,130.56,19.47,11.5,15.1,28.0,64.3,32.2,False
B001,B001_M5,2025-03-01 14:00:00,79.89,,7.2,17.1,26.1,48.4,21.3,False
B001,B001_M3,2025-03-01 15:00:00,66.87,14.75,11.6,14.0,16.2,46.6,32.2,False
B001,B001_M4,2025-03-01 16:00:00,79.54,11.45,9.9,15.9,25.2,60.0,38.0,False
B001,B001_M5,2025-03-01 17:00:00,84.1,5.13,8.9,13.4,17.7,48.0,45.6,False
B001,B001_M1,2025-03-01 18:00:00,124.22,,9.7,14.8,24.9,59.6,36.8,False
B001,B001_M1,2025-03-01 19:00:00,76.77,,8.7,14.8,23.2,61.5,13.2,False
B001,B001_M4,2025-03-01 20:00:00,87.86,14.58,7.7,14.9,27.5,40.0,43.9,False
B001,B001_M5,2025-03-01 21:00:00,87.5,11.35,11.1,17.3,17.2,41.2,22.9,False
B002,B002_M4,2025-03-01 08:00:00,49.49,18.79,7.9,17.8,27.9,57.0,10.6,False
B002,B002_M2,2025-03-01 09:00:00,58.87,6.9,10.5,16.3,29.6,54.8,44.6,False
B002,B002_M3,2025-03-01 10:00:00,75.34,19.1,7.9,13.4,26.2,77.2,37.6,False
B002,B002_M4,2025-03-01 11:00:00,66.0,,8.7,16.3,19.8,47.4,45.9,False
B002,B002_M4,2025-03-01 12:00:00,64.77,,8.1,13.7,17.1,44.9,31.2,False
B002,B002_M4,2025-03-01 13:00:00,84.18,11.53,8.2,15.5,17.7,75.0,34.4,False
B002,B002_M1,2025-03-01 14:00:00,47.73,17.25,9.3,16.3,28.9,60.8,29.6,False
B002,B002_M2,2025-03-01 15:00:00,87.01,12.84,7.2,14.4,16.3,78.9,26.2,False
B002,B002_M4,2025-03-01 16:00:00,49.51,,9.5,17.0,28.0,49.3,40.4,False
B002,B002_M2,2025-03-01 17:00:00,60.19,11.89,9.4,17.9,26.6,55.0,12.2,False
B002,B002_M3,2025-03-01 18:00:00,63.56,19.13,10.3,16.4,25.2,40.7,37.4,False
B002,B002_M1,2025-03-01 19:00:00,44.11,,10.6,12.5,26.3,51.6,36.2,False
B002,B002_M2,2025-03-01 20:00:00,53.11,,10.7,17.9,19.5,73.6,34.0,False
B002,B002_M2,2025-03-01 21:00:00,80.0,,7.3,14.4,15.7,41.7,29.3,False
B003,B003_M2,2025-03-01 08:00:00,222.21,6.84,11.4,17.7,20.4,79.7,16.5,False
B003,B003_M2,2025-03-01 09:00:00,144.16,5.73,9.7,16.7,28.6,42.1,41.5,False
B003,B003_M2,2025-03-01 10:00:00,158.29,18.97,10.5,13.5,20.0,66.8,48.9,False
B003,B003_M2,2025-03-01 11:00:00,206.54,15.62,10.7,12.6,29.3,68.8,25.0,False
B003,B003_M3,2025-03-01 12:00:00,220.92,10.7,11.2,13.3,29.9,46.7,36.6,False
B003,B003_M2,2025-03-01 13:00:00,214.76,11.03,11.6,14.3,25.4,46.4,46.0,False
B003,B003_M1,2025-03-01 14:00:00,206.77,8.4,11.2,14.6,19.0,61.7,16.0,False
B003,B003_M1,2025-03-01 15:00:00,190.03,11.98,8.3,12.9,24.5,45.5,37.4,False
B003,B003_M2,2025-03-01 16:00:00,221.52,8.49,10.4,16.0,19.6,59.7,15.6,False
B003,B003_M2,2025-03-01 17:00:00,260.24,10.25,11.9,17.0,17.8,66.8,48.1,False
B003,B003_M2,2025-03-01 18:00:00,139.87,11.3,8.2,15.6,18.7,59.2,41.9,False
B003,B003_M2,2025-03-01 19:00:00,147.7,,8.7,17.8,22.5,61.8,23.0,False
B003,B003_M1,2025-03-01 20:00:00,218.29,,8.8,13.8,29.7,53.0,21.7,False
B003,B003_M2,2025-03-01 21:00:00,255.43,7.23,8.7,13.4,20.2,72.0,14.8,False
B004,B004_M3,2025-03-01 08:00:00,142.04,13.21,9.8,14.9,20.5,47.0,22.2,False
B004,B004_M3,2025-03-01 09:00:00,175.58,19.83,8.8,12.1,29.3,79.1,39.6,False
B004,B004_M2,2025-03-01 10:00:00,109.97,5.3,9.5,12.7,24.1,47.9,18.9,False
B004,B004_M1,2025-03-01 11:00:00,155.44,15.5,7.3,14.1,17.8,76.6,38.0,False
B004,B004_M1,2025-03-01 12:00:00,144.75,10.73,11.2,13.9,19.5,58.0,19.1,False
B004,B004_M1,2025-03-01 13:00:00,136.61,13.37,7.9,13.6,15.7,70.7,35.4,False
B004,B004_M3,2025-03-01 14:00:00,124.28,,9.3,12.9,20.2,61.8,30.6,False
B004,B004_M3,2025-03-01 15:00:00,128.55,,10.3,17.8,29.5,45.4,14.8,False
B004,B004_M3,2025-03-01 16:00:00,142.15,8.55,10.4,13.6,16.4,51.3,19.8,False
B004,B004_M3,2025-03-01 17:00:00,117.78,9.88,7.9,16.6,15.1,69.5,16.2,False
B004,B004_M1,2025-03-01 18:00:00,144.47,19.63,11.1,16.4,26.0,55.9,25.7,False
B004,B004_M1,2025-03-01 19:00:00,128.47,14.06,9.1,17.0,29.5,57.8,10.8,False
B004,B004_M3,2025-03-01 20:00:00,146.37,,10.2,15.8,15.4,77.5,28.5,False
B004,B004_M1,2025-03-01 21:00:00,272.28,14.24,8.9,12.6,15.7,60.5,35.4,True
B005,B005_M2,2025-03-01 08:00:00,35.4,16.56,7.0,16.9,17.4,41.3,42.4,False
B005,B005_M4,2025-03-01 09:00:00,26.63,19.5,7.1,16.4,15.9,43.1,38.8,False
B005,B005_M1,2025-03-01 10:00:00,33.89,9.77,10.3,15.6,21.4,51.2,18.8,False
B005,B005_M5,2025-03-01 11:00:00,34.06,6.95,11.0,13.5,24.1,40.9,39.9,False
B005,B005_M2,2025-03-01 12:00:00,29.92,17.01,9.4,15.2,15.5,44.2,37.0,False
B005,B005_M1,2025-03-01 13:00:00,27.58,,7.4,13.3,20.5,66.8,41.4,False
B005,B005_M3,2025-03-01 14:00:00,28.99,,10.5,17.9,28.7,58.0,26.1,False
B005,B005_M3,2025-03-01 15:00:00,24.42,8.91,9.0,15.7,26.8,74.3,23.8,False
B005,B005_M5,2025-03-01 16:00:00,26.85,13.04,10.6,15.8,20.6,61.2,37.6,False
B005,B005_M3,2025-03-01 17:00:00,38.05,18.65,8.5,14.6,20.2,63.4,12.9,False
B005,B005_M4,2025-03-01 18:00:00,23.7,8.52,10.4,14.2,25.6,44.7,11.2,False
B005,B005_M2,2025-03-01 19:00:00,22.8,17.92,8.2,13.1,26.6,44.6,48.6,False
B005,B005_M5,2025-03-01 20:00:00,43.29,7.68,9.0,15.6,20.5,71.6,16.2,False
B005,B005_M3,2025-03-01 21:00:00,21.8,6.2,10.3,13.2,24.4,73.7,32.2,False
