building_id,meter_id,timestamp,electricity,water,supply_temp,return_temp,ambient_temp,humidity,occupancy,is_anomaly
B001,B001_M2,2025-01-01 08:00:00,109.87,7.83,7.4,14.2,25.8,40.5,41.1,False
B001,B001_M1,2025-01-01 09:00:00,296.38,13.11,9.1,16.8,21.0,75.0,41.5,False
B001,B001_M1,2025-01-01 10:00:00,193.29,,10.3,16.8,22.7,53.7,12.1,False
B001,B001_M1,2025-01-01 11:00:00,182.88,18.81,9.2,15.2,28.7,68.1,12.3,False
B001,B001_M1,2025-01-01 12:00:00,185.09,15.65,10.2,16.9,22.9,66.4,49.2,False
B001,B001_M1,2025-01-01 13:00:00,208.02,15.24,8.0,12.4,24.2,44.3,23.1,False
B001,B001_M1,2025-01-01 14:00:00,230.56,,10.8,15.3,27.3,43.2,40.4,False
B001,B001_M3,2025-01-01 15:00:00,223.23,8.07,8.0,17.3,17.0,76.2,32.1,False
B001,B001_M1,2025-01-01 16:00:00,153.32,17.54,8.6,13.3,17.8,45.0,39.1,False
B001,B001_M2,2025-01-01 17:00:00,203.48,6.64,10.3,14.2,29.1,65.2,46.5,False
B001,B001_M1,2025-01-01 18:00:00,84.78,,7.0,14.6,21.6,63.5,30.9,False
B001,B001_M3,2025-01-01 19:00:00,128.57,5.51,9.5,15.1,20.1,71.0,44.2,False
B001,B001_M2,2025-01-01 20:00:00,133.93,,11.0,12.0,23.0,54.5,18.2,False
B001,B001_M1,2025-01-01 21:00:00,122.42,13.67,10.5,17.0,15.1,57.6,25.5,False
B002,B002_M4,2025-01-01 08:00:00,98.26,5.99,10.8,15.6,16.1,57.0,42.1,False
B002,B002_M1,2025-01-01 09:00:00,160.37,,8.3,14.9,21.3,69.8,25.7,False
B002,B002_M1,2025-01-01 10:00:00,132.4,16.93,10.0,15.7,21.3,47.4,34.8,False
B002,B002_M4,2025-01-01 11:00:00,154.06,5.97,10.9,14.4,24.6,62.5,33.1,False
B002,B002_M1,2025-01-01 12:00:00,176.47,17.3,7.2,14.1,29.2,55.5,19.1,False
B002,B002_M1,2025-01-01 13:00:00,108.86,,7.6,14.7,23.9,44.3,14.6,False
B002,B002_M4,2025-01-01 14:00:00,134.32,5.93,10.6,13.0,15.0,42.7,25.1,False
B002,B002_M3,2025-01-01 15:00:00,373.23,12.07,11.4,13.4,21.7,63.7,49.2,True
B002,B002_M2,2025-01-01 16:00:00,149.69,,7.7,15.0,20.2,45.6,22.2,False
B002,B002_M2,2025-01-01 17:00:00,100.86,,9.2,17.2,23.1,72.9,34.5,False
B002,B002_M4,2025-01-01 18:00:00,78.88,10.08,8.0,16.5,26.4,56.2,44.2,False
B002,B002_M3,2025-01-01 19:00:00,60.87,13.22,7.6,16.2,25.5,46.4,17.4,False
B002,B002_M2,2025-01-01 20:00:00,86.53,18.96,11.8,13.0,25.0,66.9,49.5,False
B002,B002_M2,2025-01-01 21:00:00,62.73,13.58,8.6,12.3,16.1,73.5,15.3,False
B003,B003_M2,2025-01-01 08:00:00,253.56,13.35,11.8,15.4,15.3,57.9,26.5,False
B003,B003_M3,2025-01-01 09:00:00,611.83,10.78,7.9,17.6,28.5,76.0,46.9,False
B003,B003_M1,2025-01-01 10:00:00,365.01,10.69,11.9,13.0,21.8,48.5,49.9,False
B003,B003_M5,2025-01-01 11:00:00,550.94,,9.4,14.3,15.7,65.8,12.3,False
B003,B003_M5,2025-01-01 12:00:00,445.05,9.32,9.9,16.7,21.2,55.9,17.6,False
B003,B003_M2,2025-01-01 13:00:00,419.1,,7.8,13.1,27.8,48.4,34.8,False
B003,B003_M1,2025-01-01 14:00:00,427.91,14.7,11.0,12.4,23.5,73.8,39.7,False
B003,B003_M5,2025-01-01 15:00:00,407.81,11.16,9.1,17.8,28.5,53.2,19.3,False
B003,B003_M3,2025-01-01 16:00:00,622.29,5.47,8.0,16.0,25.9,73.6,46.5,False
B003,B003_M3,2025-01-01 17:00:00,431.57,13.68,10.3,17.8,17.7,46.4,40.0,False
B003,B003_M5,2025-01-01 18:00:00,292.57,9.07,7.8,15.5,23.0,51.9,16.0,False
B003,B003_M3,2025-01-01 19:00:00,282.83,9.84,11.1,12.3,21.2,77.2,15.6,False
B003,B003_M5,2025-01-01 20:00:00,320.0,13.86,7.5,13.2,24.9,70.5,28.1,False
B003,B003_M3,2025-01-01 21:00:00,197.28,15.99,10.6,15.8,20.3,61.6,25.9,False
B004,B004_M2,2025-01-01 08:00:00,152.53,13.81,8.5,18.0,24.2,47.0,46.0,False
B004,B004_M5,2025-01-01 09:00:00,350.75,14.16,10.5,14.8,19.9,51.7,30.7,False
B004,B004_M5,2025-01-01 10:00:00,413.7,7.83,8.0,15.2,29.5,47.6,14.3,False
B004,B004_M2,2025-01-01 11:00:00,444.88,5.81,9.8,17.1,18.3,79.5,30.3,False
B004,B004_M5,2025-01-01 12:00:00,323.2,10.64,7.5,12.1,24.5,71.8,40.2,False
B004,B004_M4,2025-01-01 13:00:00,300.2,,7.5,15.0,19.0,53.9,45.8,False
B004,B004_M5,2025-01-01 14:00:00,413.48,6.69,9.7,16.0,23.6,67.2,36.1,False
B004,B004_M4,2025-01-01 15:00:00,446.44,13.18,10.1,13.8,18.6,79.4,37.4,False
B004,B004_M1,2025-01-01 16:00:00,400.1,,8.7,14.5,24.5,73.9,32.9,False
B004,B004_M4,2025-01-01 17:00:00,376.12,12.01,7.7,13.2,26.3,45.8,28.5,False
B004,B004_M3,2025-01-01 18:00:00,198.84,16.28,10.2,13.5,28.2,76.8,20.3,False
B004,B004_M3,2025-01-01 19:00:00,201.01,,9.7,16.1,18.3,79.9,49.0,False
B004,B004_M3,2025-01-01 20:00:00,195.71,12.32,10.8,17.5,28.3,41.1,45.9,False
B004,B004_M4,2025-01-01 21:00:00,224.59,16.75,11.3,14.2,27.7,77.8,33.2,False
B005,B005_M1,2025-01-01 08:00:00,36.77,17.48,7.2,15.7,27.6,54.1,46.6,False
B005,B005_M4,2025-01-01 09:00:00,50.32,,8.2,14.3,16.3,57.2,25.5,False
B005,B005_M1,2025-01-01 10:00:00,79.82,16.19,9.3,17.3,21.2,49.1,14.2,False
B005,B005_M2,2025-01-01 11:00:00,61.04,17.05,7.6,13.8,16.6,50.1,40.7,False
B005,B005_M1,2025-01-01 12:00:00,51.13,,8.9,14.0,29.0,76.9,34.9,False
B005,B005_M3,2025-01-01 13:00:00,115.59,16.82,11.2,13.7,16.2,59.1,10.0,True
B005,B005_M3,2025-01-01 14:00:00,71.96,,11.6,17.7,19.4,69.8,33.1,False
B005,B005_M1,2025-01-01 15:00:00,60.26,6.87,11.5,13.9,25.8,51.9,29.0,False
B005,B005_M3,2025-01-01 16:00:00,73.61,,10.3,12.0,23.7,65.4,49.2,False
B005,B005_M3,2025-01-01 17:00:00,74.73,11.43,9.1,14.5,22.4,45.1,14.4,False
B005,B005_M3,2025-01-01 18:00:00,31.99,,9.6,12.2,25.5,58.9,12.9,False
B005,B005_M1,2025-01-01 19:00:00,27.24,5.9,10.0,15.8,15.9,65.8,18.2,False
B005,B005_M2,2025-01-01 20:00:00,44.93,10.92,9.4,17.3,28.4,62.7,22.5,False
B005,B005_M4,2025-01-01 21:00:00,39.53,,8.6,13.4,21.8,53.4,28.2,False
B001,B001_M3,2025-01-02 08:00:00,127.66,8.96,7.1,13.1,20.1,73.0,42.0,False
B001,B001_M2,2025-01-02 09:00:00,200.06,19.21,7.5,17.7,26.4,55.5,13.8,False
B001,B001_M1,2025-01-02 10:00:00,267.03,19.72,8.3,12.8,18.5,68.3,47.6,False
B001,B001_M3,2025-01-02 11:00:00,163.86,15.22,11.7,15.2,29.1,75.6,21.8,False
B001,B001_M2,2025-01-02 12:00:00,185.09,8.54,8.3,15.1,27.1,74.4,49.3,False
B001,B001_M2,2025-01-02 13:00:00,164.11,,8.2,15.0,16.9,66.9,20.1,False
B001,B001_M3,2025-01-02 14:00:00,317.72,10.22,8.5,16.2,23.1,75.7,28.1,False
B001,B001_M1,2025-01-02 15:00:00,197.31,,11.7,16.2,25.2,49.1,27.4,False
B001,B001_M1,2025-01-02 16:00:00,164.73,14.36,9.2,15.0,23.9,67.2,15.5,False
B001,B001_M2,2025-01-02 17:00:00,157.77,10.65,7.3,14.5,22.6,76.0,36.3,False
B001,B001_M3,2025-01-02 18:00:00,155.35,16.38,7.3,17.9,17.1,73.6,43.9,False
B001,B001_M1,2025-01-02 19:00:00,124.35,7.12,11.7,13.9,16.6,44.2,25.2,False
B001,B001_M1,2025-01-02 20:00:00,93.81,,10.0,14.2,17.1,73.4,13.0,False
B001,B001_M2,2025-01-02 21:00:00,92.36,13.74,9.8,13.9,15.4,52.6,38.0,False
B002,B002_M2,2025-01-02 08:00:00,88.14,7.73,7.2,13.5,24.0,60.2,20.9,False
B002,B002_M3,2025-01-02 09:00:00,158.94,10.34,9.5,13.4,27.4,79.4,13.8,False
B002,B002_M4,2025-01-02 10:00:00,122.28,14.36,9.7,17.0,19.6,56.9,36.0,False
B002,B002_M2,2025-01-02 11:00:00,117.04,10.93,10.8,15.6,17.0,73.4,24.7,False
B002,B002_M4,2025-01-02 12:00:00,186.82,13.42,10.8,12.0,19.0,55.7,18.4,False
B002,B002_M2,2025-01-02 13:00:00,98.57,15.77,11.1,17.9,30.0,42.8,35.8,False
B002,B002_M3,2025-01-02 14:00:00,166.72,19.98,8.7,13.7,22.3,43.4,30.0,False
B002,B002_M3,2025-01-02 15:00:00,168.2,13.54,11.4,14.7,19.9,70.4,19.7,False
B002,B002_M1,2025-01-02 16:00:00,170.71,8.03,9.4,16.5,29.3,65.6,33.2,False
B002,B002_M2,2025-01-02 17:00:00,99.68,,8.5,12.4,18.4,66.0,15.6,False
B002,B002_M2,2025-01-02 18:00:00,103.9,10.81,11.1,14.5,19.8,53.1,32.2,False
B002,B002_M4,2025-01-02 19:00:00,76.41,11.05,9.2,16.0,24.3,51.5,17.2,False
B002,B002_M3,2025-01-02 20:00:00,89.38,,7.1,13.4,16.7,48.3,49.6,False
B002,B002_M3,2025-01-02 21:00:00,78.35,19.12,9.5,17.8,17.7,73.1,40.0,False
B003,B003_M4,2025-01-02 08:00:00,236.77,19.65,8.9,16.5,29.5,43.9,19.6,False
B003,B003_M1,2025-01-02 09:00:00,630.89,5.78,8.5,14.8,28.7,77.4,44.5,False
B003,B003_M4,2025-01-02 10:00:00,774.5,16.71,8.8,16.0,30.0,60.3,17.9,True
B003,B003_M4,2025-01-02 11:00:00,506.63,9.97,9.7,16.9,23.1,57.3,43.7,False
B003,B003_M4,2025-01-02 12:00:00,368.25,6.09,10.1,16.8,25.1,67.4,40.1,False
B003,B003_M5,2025-01-02 13:00:00,497.54,10.38,11.2,12.5,26.8,64.7,23.6,False
B003,B003_M5,2025-01-02 14:00:00,408.99,17.7,9.2,17.2,17.8,62.6,46.0,False
B003,B003_M3,2025-01-02 15:00:00,485.66,9.36,10.4,14.8,19.6,43.1,42.4,False
B003,B003_M3,2025-01-02 16:00:00,424.72,,11.7,15.0,21.9,78.4,36.4,False
B003,B003_M3,2025-01-02 17:00:00,526.35,16.71,12.0,14.9,21.4,64.6,11.7,False
B003,B003_M3,2025-01-02 18:00:00,241.5,,11.1,13.8,25.7,72.9,44.1,False
B003,B003_M5,2025-01-02 19:00:00,337.6,10.11,11.0,17.4,29.9,66.7,39.1,False
B003,B003_M4,2025-01-02 20:00:00,253.82,15.91,10.9,15.1,18.1,54.9,39.6,False
B003,B003_M5,2025-01-02 21:00:00,282.39,,8.7,14.1,27.4,60.6,12.8,False
B004,B004_M5,2025-01-02 08:00:00,160.05,14.59,8.5,12.2,24.6,47.6,17.7,False
B004,B004_M3,2025-01-02 09:00:00,408.48,,8.9,17.8,26.0,57.6,42.2,False
B004,B004_M5,2025-01-02 10:00:00,386.56,17.65,11.8,12.7,24.0,65.9,22.0,False
B004,B004_M4,2025-01-02 11:00:00,992.71,14.53,11.7,13.9,25.5,79.2,14.3,True
B004,B004_M3,2025-01-02 12:00:00,303.74,11.03,10.0,13.6,17.7,40.3,28.3,False
B004,B004_M2,2025-01-02 13:00:00,313.1,7.64,8.9,15.4,27.6,42.8,16.5,False
B004,B004_M2,2025-01-02 14:00:00,336.17,9.42,10.2,12.3,27.9,57.3,23.2,False
B004,B004_M2,2025-01-02 15:00:00,300.03,5.04,7.3,16.7,17.3,73.6,37.5,False
B004,B004_M2,2025-01-02 16:00:00,379.1,18.0,10.4,17.0,19.5,55.0,37.2,False
B004,B004_M1,2025-01-02 17:00:00,373.7,,9.6,13.6,15.1,52.8,22.3,False
B004,B004_M1,2025-01-02 18:00:00,133.77,10.77,10.4,16.4,21.9,78.9,15.7,False
B004,B004_M1,2025-01-02 19:00:00,218.63,10.45,10.5,12.6,23.6,61.3,37.6,False
B004,B004_M4,2025-01-02 20:00:00,160.91,12.77,12.0,17.9,17.3,42.5,10.3,False
B004,B004_M2,2025-01-02 21:00:00,234.66,8.0,8.9,13.0,25.7,76.0,34.0,False
B005,B005_M1,2025-01-02 08:00:00,31.76,16.44,7.2,12.4,21.7,78.0,47.0,False
B005,B005_M3,2025-01-02 09:00:00,60.45,12.5,11.7,18.0,26.8,50.9,12.4,False
B005,B005_M3,2025-01-02 10:00:00,53.39,,7.8,12.6,23.1,72.7,31.4,False
B005,B005_M2,2025-01-02 11:00:00,62.26,15.72,11.8,14.5,20.4,57.8,17.5,False
B005,B005_M4,2025-01-02 12:00:00,128.0,14.55,11.4,17.7,22.1,62.1,20.9,True
B005,B005_M5,2025-01-02 13:00:00,50.46,19.95,8.6,14.0,30.0,66.2,47.1,False
B005,B005_M5,2025-01-02 14:00:00,57.14,16.66,11.5,13.0,25.1,48.8,24.5,False
B005,B005_M4,2025-01-02 15:00:00,81.06,5.56,9.0,14.7,17.6,59.1,13.0,False
B005,B005_M4,2025-01-02 16:00:00,97.47,12.97,10.5,14.2,23.8,52.9,32.5,False
B005,B005_M5,2025-01-02 17:00:00,71.14,,9.4,13.5,26.8,45.7,41.8,False
B005,B005_M3,2025-01-02 18:00:00,28.53,17.41,10.5,12.9,17.9,78.2,30.1,False
B005,B005_M3,2025-01-02 19:00:00,43.24,7.77,10.7,14.4,21.8,65.3,30.5,False
B005,B005_M4,2025-01-02 20:00:00,34.2,17.57,11.6,16.5,15.2,71.3,17.7,False
B005,B005_M4,2025-01-02 21:00:00,40.31,10.63,8.9,16.6,15.9,79.8,41.4,False
B001,B001_M2,2025-01-03 08:00:00,144.95,10.83,10.5,15.3,16.7,47.8,47.5,False
B001,B001_M1,2025-01-03 09:00:00,202.05,18.12,10.7,16.9,17.5,73.4,31.0,False
B001,B001_M2,2025-01-03 10:00:00,172.44,,8.3,14.6,20.7,62.7,15.0,False
B001,B001_M1,2025-01-03 11:00:00,198.05,,10.3,13.8,20.2,45.7,26.2,False
B001,B001_M3,2025-01-03 12:00:00,199.05,17.35,11.6,15.6,20.9,61.1,47.8,False
B001,B001_M1,2025-01-03 13:00:00,200.87,16.53,9.1,13.1,26.6,70.1,10.2,False
B001,B001_M1,2025-01-03 14:00:00,208.22,18.93,11.7,17.5,16.9,63.6,46.3,False
B001,B001_M3,2025-01-03 15:00:00,206.09,,9.7,16.4,29.3,57.7,28.3,False
B001,B001_M1,2025-01-03 16:00:00,182.62,7.56,8.6,13.4,28.5,55.0,25.9,False
B001,B001_M2,2025-01-03 17:00:00,208.85,12.33,9.7,12.1,17.0,49.6,26.4,False
B001,B001_M2,2025-01-03 18:00:00,119.08,11.53,7.1,17.4,17.8,41.9,30.3,False
B001,B001_M3,2025-01-03 19:00:00,143.52,5.91,7.9,12.6,20.1,51.7,40.5,True
B001,B001_M2,2025-01-03 20:00:00,121.78,,10.7,16.6,20.0,61.0,40.6,False
B001,B001_M3,2025-01-03 21:00:00,108.81,,7.9,17.4,23.5,40.5,20.6,False
B002,B002_M2,2025-01-03 08:00:00,70.45,10.08,11.1,12.6,15.5,70.4,27.1,False
B002,B002_M2,2025-01-03 09:00:00,136.59,8.23,7.1,16.0,15.0,70.4,12.8,False
B002,B002_M4,2025-01-03 10:00:00,107.06,12.96,8.9,14.3,24.9,60.4,30.1,False
B002,B002_M2,2025-01-03 11:00:00,139.61,,10.8,15.2,23.0,71.8,23.9,False
B002,B002_M2,2025-01-03 12:00:00,126.06,14.16,7.8,17.3,18.6,50.3,44.6,False
B002,B002_M3,2025-01-03 13:00:00,140.02,15.59,7.5,12.8,19.4,61.2,38.2,False
B002,B002_M4,2025-01-03 14:00:00,151.34,,10.4,16.6,16.6,55.3,11.1,False
B002,B002_M1,2025-01-03 15:00:00,153.3,,7.5,15.3,21.6,50.7,16.3,False
B002,B002_M4,2025-01-03 16:00:00,96.0,16.07,11.3,13.2,26.9,53.5,31.3,False
B002,B002_M2,2025-01-03 17:00:00,141.99,5.52,10.3,17.2,22.9,60.6,47.0,False
B002,B002_M4,2025-01-03 18:00:00,67.23,7.52,10.0,12.4,23.3,46.8,13.2,False
B002,B002_M2,2025-01-03 19:00:00,86.88,17.16,9.1,17.5,21.3,60.3,29.8,False
B002,B002_M4,2025-01-03 20:00:00,67.75,,7.9,16.1,21.8,72.5,32.4,False
B002,B002_M4,2025-01-03 21:00:00,57.01,,11.1,12.3,22.9,40.7,17.8,False
B003,B003_M4,2025-01-03 08:00:00,316.7,11.84,10.2,14.9,16.1,49.8,41.3,False
B003,B003_M2,2025-01-03 09:00:00,484.95,7.73,11.0,13.2,23.1,56.0,21.8,False
B003,B003_M2,2025-01-03 10:00:00,500.29,,9.3,14.2,21.7,58.8,35.1,False
B003,B003_M5,2025-01-03 11:00:00,456.63,13.25,7.5,12.4,22.9,45.0,12.4,False
B003,B003_M2,2025-01-03 12:00:00,451.39,,7.7,17.8,21.1,46.2,27.6,False
B003,B003_M2,2025-01-03 13:00:00,453.08,,9.1,12.6,24.4,50.0,25.4,False
B003,B003_M2,2025-01-03 14:00:00,490.86,9.66,8.3,13.2,29.7,67.7,11.3,False
B003,B003_M5,2025-01-03 15:00:00,401.84,8.86,7.8,13.2,25.8,41.2,32.1,False
B003,B003_M3,2025-01-03 16:00:00,469.48,,8.2,12.6,28.7,51.3,43.6,False
B003,B003_M4,2025-01-03 17:00:00,495.14,12.59,7.7,13.7,16.2,58.1,42.8,False
B003,B003_M3,2025-01-03 18:00:00,295.3,5.61,7.5,15.3,27.7,71.2,35.2,False
B003,B003_M5,2025-01-03 19:00:00,259.03,,8.2,14.0,28.5,46.3,21.8,False
B003,B003_M5,2025-01-03 20:00:00,311.46,16.1,11.8,13.2,24.5,56.7,14.3,False
B003,B003_M1,2025-01-03 21:00:00,205.03,5.42,10.2,15.6,16.9,52.9,20.9,False
B004,B004_M2,2025-01-03 08:00:00,185.9,8.17,7.4,16.2,16.4,65.7,28.6,False
B004,B004_M4,2025-01-03 09:00:00,345.53,11.37,10.6,15.1,29.9,49.6,37.9,False
B004,B004_M1,2025-01-03 10:00:00,309.24,17.22,9.6,16.8,18.4,69.9,20.1,False
B004,B004_M2,2025-01-03 11:00:00,301.33,5.26,8.8,14.1,28.3,66.5,38.6,False
B004,B004_M2,2025-01-03 12:00:00,260.61,9.88,7.5,16.9,22.7,41.9,23.1,False
B004,B004_M2,2025-01-03 13:00:00,282.53,,7.9,16.9,23.4,67.7,25.5,False
B004,B004_M3,2025-01-03 14:00:00,243.64,8.31,7.9,14.9,20.5,54.2,29.5,False
B004,B004_M3,2025-01-03 15:00:00,305.86,,10.8,13.1,28.2,70.8,38.8,False
B004,B004_M3,2025-01-03 16:00:00,297.02,18.14,7.3,15.8,18.4,46.0,49.9,False
B004,B004_M3,2025-01-03 17:00:00,377.04,12.94,11.1,14.2,21.9,68.0,15.2,False
B004,B004_M1,2025-01-03 18:00:00,147.51,18.56,7.1,16.2,27.6,76.3,34.1,False
B004,B004_M2,2025-01-03 19:00:00,489.67,19.09,9.9,13.5,25.5,69.2,39.6,True
B004,B004_M1,2025-01-03 20:00:00,178.43,,8.0,14.7,20.5,51.3,43.6,False
B004,B004_M5,2025-01-03 21:00:00,179.04,11.91,10.8,15.7,25.8,70.9,41.5,False
B005,B005_M4,2025-01-03 08:00:00,35.07,,11.3,16.5,21.8,79.6,23.2,False
B005,B005_M4,2025-01-03 09:00:00,45.49,19.29,8.8,15.6,16.5,43.2,48.1,False
B005,B005_M5,2025-01-03 10:00:00,73.43,19.23,7.5,12.2,17.7,73.9,22.3,False
B005,B005_M3,2025-01-03 11:00:00,81.87,5.89,11.0,13.8,18.9,65.7,11.1,False
B005,B005_M2,2025-01-03 12:00:00,83.58,8.1,9.4,13.5,24.7,63.0,15.4,False
B005,B005_M2,2025-01-03 13:00:00,76.42,,11.3,18.0,21.5,73.0,23.6,False
B005,B005_M5,2025-01-03 14:00:00,52.43,,11.9,13.5,16.8,75.1,37.8,False
B005,B005_M4,2025-01-03 15:00:00,84.97,7.84,7.1,15.8,26.0,43.9,20.9,False
B005,B005_M1,2025-01-03 16:00:00,80.35,,11.5,14.3,17.7,53.4,11.5,False
B005,B005_M2,2025-01-03 17:00:00,54.92,6.23,7.5,16.7,25.8,60.0,15.0,False
B005,B005_M5,2025-01-03 18:00:00,35.02,7.78,7.6,15.8,24.1,44.7,33.4,False
B005,B005_M2,2025-01-03 19:00:00,41.66,19.36,10.3,16.3,18.6,47.5,16.5,False
B005,B005_M3,2025-01-03 20:00:00,35.74,5.77,7.4,15.1,25.9,73.3,20.5,False
B005,B005_M1,2025-01-03 21:00:00,46.96,10.14,11.6,17.6,26.5,50.1,17.3,False
B001,B001_M1,2025-01-04 08:00:00,75.34,19.42,9.1,16.9,17.3,64.1,45.0,False
B001,B001_M3,2025-01-04 09:00:00,74.24,,11.9,16.6,29.9,43.3,50.0,False
B001,B001_M3,2025-01-04 10:00:00,79.09,5.29,10.4,17.5,22.1,48.8,16.7,False
B001,B001_M3,2025-01-04 11:00:00,82.87,13.86,10.9,15.4,21.3,44.2,17.7,False
B001,B001_M1,2025-01-04 12:00:00,83.01,,9.1,13.4,23.9,47.7,28.6,False
B001,B001_M2,2025-01-04 13:00:00,60.78,17.17,11.1,15.3,23.1,77.5,48.8,False
B001,B001_M3,2025-01-04 14:00:00,96.37,11.89,9.7,13.7,20.4,63.5,33.4,False
B001,B001_M2,2025-01-04 15:00:00,84.49,6.15,11.8,14.2,23.0,43.9,26.4,False
B001,B001_M3,2025-01-04 16:00:00,88.92,,7.1,17.6,28.7,67.9,19.2,False
B001,B001_M1,2025-01-04 17:00:00,145.43,,9.4,14.4,16.4,42.3,36.5,True
B001,B001_M1,2025-01-04 18:00:00,71.2,8.63,8.4,17.8,21.2,67.9,32.5,False
B001,B001_M3,2025-01-04 19:00:00,129.62,,10.4,14.8,20.8,52.8,17.5,False
B001,B001_M3,2025-01-04 20:00:00,67.8,7.85,10.7,13.9,16.7,56.4,46.0,False
B001,B001_M2,2025-01-04 21:00:00,94.43,18.84,10.7,16.1,29.8,64.2,21.0,False
B002,B002_M3,2025-01-04 08:00:00,60.76,,8.7,14.1,18.2,69.4,35.0,False
B002,B002_M3,2025-01-04 09:00:00,50.75,16.61,7.0,17.6,18.6,77.2,14.5,False
B002,B002_M2,2025-01-04 10:00:00,84.1,9.83,8.8,17.5,22.3,52.1,49.6,False
B002,B002_M2,2025-01-04 11:00:00,41.21,5.99,7.8,16.1,21.4,49.3,26.1,False
B002,B002_M3,2025-01-04 12:00:00,39.27,,7.8,13.6,25.3,45.1,47.2,False
B002,B002_M1,2025-01-04 13:00:00,62.48,16.74,10.4,17.9,25.6,72.6,40.1,False
B002,B002_M1,2025-01-04 14:00:00,52.49,12.69,9.4,13.6,20.8,61.4,49.7,False
B002,B002_M4,2025-01-04 15:00:00,49.04,5.4,11.7,13.0,15.6,78.4,47.1,False
B002,B002_M3,2025-01-04 16:00:00,69.12,,8.7,12.7,21.5,73.7,16.4,False
B002,B002_M2,2025-01-04 17:00:00,67.0,,7.2,17.9,22.4,72.6,28.5,False
B002,B002_M3,2025-01-04 18:00:00,57.7,11.54,11.3,16.8,23.0,41.8,17.7,False
B002,B002_M1,2025-01-04 19:00:00,74.32,15.55,8.1,17.0,20.8,63.8,34.5,False
B002,B002_M1,2025-01-04 20:00:00,46.3,15.29,8.9,12.5,25.0,51.4,40.7,False
B002,B002_M2,2025-01-04 21:00:00,48.11,18.69,9.2,15.1,16.1,58.5,20.3,False
B003,B003_M1,2025-01-04 08:00:00,198.89,11.86,7.0,12.2,23.0,65.0,43.8,False
B003,B003_M2,2025-01-04 09:00:00,207.31,5.11,11.5,15.2,25.9,68.6,26.5,False
B003,B003_M1,2025-01-04 10:00:00,249.73,19.91,9.6,15.3,26.3,40.8,44.5,False
B003,B003_M5,2025-01-04 11:00:00,194.72,18.85,10.2,17.8,15.1,60.5,11.8,False
B003,B003_M3,2025-01-04 12:00:00,207.92,18.32,10.3,14.7,15.8,70.7,33.9,False
B003,B003_M4,2025-01-04 13:00:00,218.21,9.22,7.0,15.1,15.6,70.2,44.7,False
B003,B003_M1,2025-01-04 14:00:00,207.9,9.3,7.8,12.7,24.8,78.3,27.1,False
B003,B003_M5,2025-01-04 15:00:00,270.03,8.06,9.9,16.3,28.6,59.1,18.6,False
B003,B003_M4,2025-01-04 16:00:00,183.92,12.14,12.0,15.2,19.4,75.0,10.2,False
B003,B003_M2,2025-01-04 17:00:00,196.43,17.61,11.4,16.4,21.3,69.9,16.6,False
B003,B003_M1,2025-01-04 18:00:00,150.77,,7.5,14.3,26.0,76.5,41.1,False
B003,B003_M4,2025-01-04 19:00:00,218.17,13.43,10.8,12.2,24.0,43.2,34.8,False
B003,B003_M2,2025-01-04 20:00:00,211.12,6.37,9.7,14.7,22.2,45.5,40.0,False
B003,B003_M1,2025-01-04 21:00:00,150.37,8.24,10.9,15.1,29.1,69.9,46.8,False
B004,B004_M5,2025-01-04 08:00:00,128.11,11.38,7.4,14.0,15.4,54.9,45.9,False
B004,B004_M1,2025-01-04 09:00:00,131.64,7.1,11.9,15.8,16.2,54.8,44.9,False
B004,B004_M1,2025-01-04 10:00:00,125.09,7.44,11.9,15.3,20.7,78.2,46.6,False
B004,B004_M3,2025-01-04 11:00:00,125.75,18.97,8.1,12.7,28.5,79.1,28.1,False
B004,B004_M4,2025-01-04 12:00:00,128.9,19.97,10.0,16.9,17.1,55.2,16.6,False
B004,B004_M3,2025-01-04 13:00:00,149.72,13.39,7.9,16.7,20.2,71.4,12.8,False
B004,B004_M1,2025-01-04 14:00:00,137.45,,10.6,14.2,26.6,77.9,40.8,False
B004,B004_M4,2025-01-04 15:00:00,122.49,,7.9,12.1,15.1,69.9,42.1,False
B004,B004_M4,2025-01-04 16:00:00,139.32,,9.1,17.3,20.8,46.3,28.9,False
B004,B004_M5,2025-01-04 17:00:00,84.11,,9.5,14.8,28.8,73.4,11.2,False
B004,B004_M3,2025-01-04 18:00:00,157.12,,11.4,13.5,20.8,50.8,14.7,False
B004,B004_M3,2025-01-04 19:00:00,121.19,14.47,7.4,13.7,22.7,70.7,38.8,False
B004,B004_M2,2025-01-04 20:00:00,132.38,12.99,10.3,15.8,22.3,41.0,31.6,False
B004,B004_M5,2025-01-04 21:00:00,144.63,16.35,10.0,17.4,20.3,51.7,31.0,False
B005,B005_M1,2025-01-04 08:00:00,30.03,10.75,11.6,12.4,17.8,76.4,47.7,False
B005,B005_M2,2025-01-04 09:00:00,39.79,17.85,7.4,16.7,16.9,42.2,29.8,False
B005,B005_M4,2025-01-04 10:00:00,30.08,9.18,9.0,13.2,28.2,58.2,15.8,False
B005,B005_M3,2025-01-04 11:00:00,24.82,11.76,10.8,17.2,20.1,57.6,44.7,False
B005,B005_M5,2025-01-04 12:00:00,28.31,11.08,9.6,12.6,28.8,46.5,28.8,False
B005,B005_M2,2025-01-04 13:00:00,25.85,13.22,8.6,12.1,27.7,65.9,47.8,False
B005,B005_M3,2025-01-04 14:00:00,41.79,14.19,8.3,14.0,29.9,54.6,18.3,False
B005,B005_M2,2025-01-04 15:00:00,27.73,,8.4,17.9,29.8,58.0,22.3,False
B005,B005_M2,2025-01-04 16:00:00,35.94,16.95,10.4,15.4,25.3,72.6,42.7,False
B005,B005_M2,2025-01-04 17:00:00,28.74,,10.8,14.0,15.3,54.6,38.8,False
B005,B005_M2,2025-01-04 18:00:00,35.25,,9.9,14.9,20.2,67.4,28.3,False
B005,B005_M3,2025-01-04 19:00:00,23.26,19.64,9.9,15.8,25.2,56.8,11.3,False
B005,B005_M5,2025-01-04 20:00:00,23.83,14.89,7.8,17.5,28.8,52.7,28.9,False
B005,B005_M5,2025-01-04 21:00:00,39.17,9.68,8.4,14.3,18.8,68.4,41.8,False
B001,B001_M1,2025-01-05 08:00:00,103.91,13.51,9.7,15.5,26.3,62.4,16.8,False
B001,B001_M1,2025-01-05 09:00:00,179.27,12.07,10.7,13.7,16.4,76.8,48.7,True
B001,B001_M1,2025-01-05 10:00:00,74.89,14.65,7.2,15.9,27.1,41.5,45.8,False
B001,B001_M1,2025-01-05 11:00:00,50.81,6.28,9.0,16.9,27.9,58.0,43.0,False
B001,B001_M2,2025-01-05 12:00:00,70.69,,8.4,14.2,21.9,77.4,16.9,False
B001,B001_M2,2025-01-05 13:00:00,88.1,,7.7,14.3,18.0,58.8,10.2,False
B001,B001_M3,2025-01-05 14:00:00,177.99,10.49,11.5,17.3,15.9,63.2,24.2,True
B001,B001_M2,2025-01-05 15:00:00,103.76,19.94,7.3,15.8,29.9,55.4,33.6,False
B001,B001_M2,2025-01-05 16:00:00,80.66,,10.7,15.6,25.6,48.0,17.6,False
B001,B001_M1,2025-01-05 17:00:00,63.37,17.78,8.6,13.3,24.7,57.8,27.6,False
B001,B001_M3,2025-01-05 18:00:00,90.62,,10.3,13.3,27.4,65.8,41.5,False
B001,B001_M3,2025-01-05 19:00:00,103.05,5.74,11.1,16.8,18.1,78.7,25.9,False
B001,B001_M2,2025-01-05 20:00:00,96.81,,11.6,15.7,20.6,53.6,23.8,False
B001,B001_M3,2025-01-05 21:00:00,82.45,,11.4,14.6,25.8,65.0,44.1,False
B002,B002_M3,2025-01-05 08:00:00,49.48,,9.0,14.8,20.8,70.4,14.1,False
B002,B002_M2,2025-01-05 09:00:00,35.6,,7.2,12.0,19.4,59.5,26.1,False
B002,B002_M1,2025-01-05 10:00:00,58.58,9.23,8.9,15.6,23.9,47.8,37.3,False
B002,B002_M2,2025-01-05 11:00:00,53.48,,11.4,17.0,28.4,72.9,33.4,False
B002,B002_M2,2025-01-05 12:00:00,75.62,9.59,11.4,13.1,21.8,58.2,37.2,False
B002,B002_M1,2025-01-05 13:00:00,52.68,11.79,10.9,15.6,21.9,44.1,23.9,False
B002,B002_M4,2025-01-05 14:00:00,41.98,,10.0,12.7,24.4,40.4,48.6,False
B002,B002_M1,2025-01-05 15:00:00,56.23,13.22,9.6,17.3,18.1,53.5,12.3,False
B002,B002_M4,2025-01-05 16:00:00,46.14,15.75,11.1,15.7,27.3,73.6,35.0,False
B002,B002_M1,2025-01-05 17:00:00,64.46,10.67,8.6,15.1,29.9,69.7,45.2,False
B002,B002_M1,2025-01-05 18:00:00,45.62,6.51,8.2,18.0,20.6,77.0,32.4,False
B002,B002_M4,2025-01-05 19:00:00,49.51,19.19,7.3,16.4,28.5,49.6,32.1,False
B002,B002_M4,2025-01-05 20:00:00,83.9,9.32,9.9,13.2,16.2,71.7,11.8,False
B002,B002_M3,2025-01-05 21:00:00,57.55,11.51,8.0,12.0,21.0,46.2,10.7,False
B003,B003_M5,2025-01-05 08:00:00,205.19,7.41,12.0,17.7,17.6,74.1,14.5,False
B003,B003_M2,2025-01-05 09:00:00,164.62,18.2,9.3,16.6,16.1,61.6,18.7,False
B003,B003_M4,2025-01-05 10:00:00,160.25,,10.7,16.8,22.3,74.6,33.4,False
B003,B003_M4,2025-01-05 11:00:00,166.57,14.98,7.8,17.8,15.4,55.6,15.3,False
B003,B003_M5,2025-01-05 12:00:00,187.92,19.2,7.2,13.9,19.6,74.9,19.3,False
B003,B003_M5,2025-01-05 13:00:00,252.96,17.58,9.8,13.6,19.5,53.9,30.5,False
B003,B003_M1,2025-01-05 14:00:00,623.61,18.68,11.9,17.1,19.7,62.1,30.3,True
B003,B003_M3,2025-01-05 15:00:00,354.0,12.11,9.5,12.7,19.1,64.0,11.3,True
B003,B003_M2,2025-01-05 16:00:00,200.09,18.47,9.8,18.0,17.8,73.0,49.2,False
B003,B003_M5,2025-01-05 17:00:00,188.36,15.16,11.0,15.5,24.3,53.6,34.4,False
B003,B003_M4,2025-01-05 18:00:00,219.85,8.93,7.2,14.8,29.9,46.2,15.0,False
B003,B003_M4,2025-01-05 19:00:00,214.1,13.89,9.6,16.1,28.5,66.2,35.6,False
B003,B003_M2,2025-01-05 20:00:00,162.65,,9.7,13.7,23.5,54.5,16.5,False
B003,B003_M1,2025-01-05 21:00:00,163.78,12.88,11.5,15.2,15.0,56.7,32.3,False
B004,B004_M3,2025-01-05 08:00:00,157.25,6.84,7.8,12.4,20.3,78.7,24.7,False
B004,B004_M5,2025-01-05 09:00:00,113.32,,10.1,16.9,21.1,68.9,12.9,False
B004,B004_M5,2025-01-05 10:00:00,131.22,6.43,7.0,16.3,19.5,70.3,22.5,False
B004,B004_M5,2025-01-05 11:00:00,139.15,8.58,11.1,14.5,21.7,66.6,42.0,False
B004,B004_M4,2025-01-05 12:00:00,126.89,13.93,7.8,14.5,18.3,68.5,15.6,False
B004,B004_M4,2025-01-05 13:00:00,156.72,,9.0,13.5,15.5,68.5,25.2,False
B004,B004_M3,2025-01-05 14:00:00,168.59,,11.2,16.1,29.4,41.0,42.1,False
B004,B004_M5,2025-01-05 15:00:00,143.72,15.19,7.7,17.9,17.6,62.9,47.1,False
B004,B004_M4,2025-01-05 16:00:00,139.21,7.75,9.4,17.2,22.1,41.7,43.1,False
B004,B004_M1,2025-01-05 17:00:00,115.99,10.58,9.7,14.7,16.7,40.8,35.5,False
B004,B004_M3,2025-01-05 18:00:00,133.28,,9.7,15.3,19.2,42.3,42.2,False
B004,B004_M2,2025-01-05 19:00:00,120.34,,11.8,14.2,18.3,50.7,45.9,False
B004,B004_M1,2025-01-05 20:00:00,131.07,10.75,9.6,12.1,18.2,77.7,41.9,False
B004,B004_M2,2025-01-05 21:00:00,129.01,11.7,11.9,14.6,18.3,59.0,35.1,False
B005,B005_M4,2025-01-05 08:00:00,30.26,7.7,11.8,17.3,26.1,64.3,29.4,False
B005,B005_M1,2025-01-05 09:00:00,32.14,,10.0,17.3,28.9,79.3,30.5,False
B005,B005_M5,2025-01-05 10:00:00,38.33,,10.4,14.3,20.2,69.1,40.1,False
B005,B005_M5,2025-01-05 11:00:00,24.53,6.78,11.3,12.6,16.9,79.9,34.9,False
B005,B005_M5,2025-01-05 12:00:00,29.54,,11.0,14.5,24.8,72.8,10.6,False
B005,B005_M4,2025-01-05 13:00:00,22.23,18.76,8.3,16.2,25.8,46.1,41.4,False
B005,B005_M5,2025-01-05 14:00:00,43.86,13.82,9.7,14.9,25.6,76.1,45.3,False
B005,B005_M4,2025-01-05 15:00:00,20.64,6.31,10.5,12.6,25.0,73.0,35.0,False
B005,B005_M2,2025-01-05 16:00:00,33.26,,7.7,16.3,22.7,40.5,11.2,False
B005,B005_M2,2025-01-05 17:00:00,31.06,10.38,9.6,17.8,16.5,42.1,39.0,False
B005,B005_M4,2025-01-05 18:00:00,34.36,12.82,7.7,17.7,17.5,62.7,14.6,False
B005,B005_M5,2025-01-05 19:00:00,45.08,17.14,7.8,17.1,24.3,51.2,32.4,True
B005,B005_M2,2025-01-05 20:00:00,28.79,18.64,7.6,15.7,16.6,79.9,22.8,False
B005,B005_M4,2025-01-05 21:00:00,34.03,14.36,10.1,13.6,24.2,75.3,20.9,False
B001,B001_M2,2025-01-06 08:00:00,116.94,19.02,8.8,15.1,18.3,70.7,34.5,False
B001,B001_M3,2025-01-06 09:00:00,178.2,6.74,9.9,17.4,18.7,69.6,48.5,False
B001,B001_M2,2025-01-06 10:00:00,304.92,,11.7,17.9,27.0,57.8,26.3,False
B001,B001_M1,2025-01-06 11:00:00,199.17,14.69,10.4,15.8,21.8,46.3,13.7,False
B001,B001_M2,2025-01-06 12:00:00,225.61,13.32,10.9,17.2,29.6,62.1,38.6,False
B001,B001_M1,2025-01-06 13:00:00,240.5,16.99,9.6,16.7,26.3,64.1,34.4,False
B001,B001_M3,2025-01-06 14:00:00,255.66,,10.7,14.9,23.3,56.1,33.9,False
B001,B001_M1,2025-01-06 15:00:00,286.17,15.15,8.5,17.8,23.7,63.1,11.0,False
B001,B001_M2,2025-01-06 16:00:00,203.68,15.61,11.8,16.7,15.5,54.1,28.0,False
B001,B001_M2,2025-01-06 17:00:00,251.3,14.0,8.7,17.2,18.2,66.0,16.8,False
B001,B001_M1,2025-01-06 18:00:00,121.16,,7.7,16.2,20.2,57.8,34.5,False
B001,B001_M1,2025-01-06 19:00:00,113.66,11.28,11.6,17.6,20.5,63.9,22.5,False
B001,B001_M3,2025-01-06 20:00:00,122.79,18.54,7.5,13.3,20.1,41.6,30.6,False
B001,B001_M2,2025-01-06 21:00:00,134.52,,8.2,12.1,20.4,41.6,26.1,False
B002,B002_M3,2025-01-06 08:00:00,104.73,10.62,7.6,12.5,19.0,41.7,41.4,False
B002,B002_M1,2025-01-06 09:00:00,111.85,10.2,7.9,12.8,20.0,40.7,29.3,False
B002,B002_M2,2025-01-06 10:00:00,124.14,19.23,10.8,14.0,22.5,48.4,13.8,False
B002,B002_M4,2025-01-06 11:00:00,126.32,13.64,7.8,17.4,19.4,73.5,33.2,False
B002,B002_M3,2025-01-06 12:00:00,158.87,6.72,11.0,16.1,23.8,76.0,15.4,False
B002,B002_M4,2025-01-06 13:00:00,111.97,13.8,8.6,16.4,19.2,45.2,27.3,False
B002,B002_M3,2025-01-06 14:00:00,153.51,10.58,8.7,14.9,15.2,57.0,29.5,False
B002,B002_M4,2025-01-06 15:00:00,125.14,14.27,7.8,17.8,19.4,66.0,40.9,False
B002,B002_M3,2025-01-06 16:00:00,134.57,18.03,11.9,17.0,22.4,78.5,26.6,False
B002,B002_M3,2025-01-06 17:00:00,114.25,8.03,11.5,14.9,25.3,41.8,47.6,False
B002,B002_M3,2025-01-06 18:00:00,52.82,13.6,10.0,14.6,26.1,67.3,10.0,False
B002,B002_M2,2025-01-06 19:00:00,84.66,,11.0,16.7,21.7,46.3,36.5,False
B002,B002_M4,2025-01-06 20:00:00,89.2,9.88,7.9,17.5,21.4,56.3,33.0,False
B002,B002_M2,2025-01-06 21:00:00,103.77,17.62,7.3,16.2,16.1,52.6,32.8,False
B003,B003_M5,2025-01-06 08:00:00,280.35,,9.3,12.6,17.3,61.5,18.5,False
B003,B003_M3,2025-01-06 09:00:00,477.07,18.53,9.3,15.8,16.5,41.9,20.4,False
B003,B003_M3,2025-01-06 10:00:00,417.97,,9.3,12.3,20.1,57.9,34.8,False
B003,B003_M1,2025-01-06 11:00:00,466.32,,11.7,14.1,28.0,40.6,22.4,False
B003,B003_M3,2025-01-06 12:00:00,399.49,5.06,11.2,15.4,21.2,53.8,12.3,False
B003,B003_M4,2025-01-06 13:00:00,391.59,,10.9,13.2,26.1,57.5,26.8,False
B003,B003_M4,2025-01-06 14:00:00,1306.66,15.09,10.0,15.3,23.8,76.4,36.7,True
B003,B003_M4,2025-01-06 15:00:00,500.95,8.75,11.5,15.4,20.7,60.8,43.0,False
B003,B003_M3,2025-01-06 16:00:00,379.49,,8.9,15.9,25.6,78.6,32.2,False
B003,B003_M1,2025-01-06 17:00:00,318.63,9.03,9.2,18.0,16.8,54.1,28.3,False
B003,B003_M2,2025-01-06 18:00:00,313.01,11.25,9.2,13.7,29.9,59.8,26.9,False
B003,B003_M3,2025-01-06 19:00:00,240.6,14.5,11.5,16.0,23.7,49.0,46.4,False
B003,B003_M1,2025-01-06 20:00:00,277.59,17.82,11.6,13.7,24.4,49.6,24.4,False
B003,B003_M2,2025-01-06 21:00:00,253.0,7.97,7.7,16.5,19.9,74.3,44.5,False
B004,B004_M5,2025-01-06 08:00:00,180.78,8.47,10.3,15.8,15.7,41.2,44.3,False
B004,B004_M4,2025-01-06 09:00:00,273.75,,9.4,16.8,24.6,47.5,13.0,False
B004,B004_M3,2025-01-06 10:00:00,355.1,18.73,10.3,13.6,19.1,67.4,41.4,False
B004,B004_M4,2025-01-06 11:00:00,358.13,15.27,7.7,14.1,25.4,55.8,40.9,False
B004,B004_M5,2025-01-06 12:00:00,263.94,,7.7,16.6,25.9,64.1,34.2,False
B004,B004_M1,2025-01-06 13:00:00,304.24,10.79,9.3,13.6,15.9,41.0,40.7,False
B004,B004_M5,2025-01-06 14:00:00,297.88,16.97,8.4,12.8,18.4,61.3,44.6,False
B004,B004_M4,2025-01-06 15:00:00,305.61,,8.1,15.8,25.8,43.6,10.5,False
B004,B004_M1,2025-01-06 16:00:00,259.07,,9.3,13.4,25.9,44.7,45.6,False
B004,B004_M1,2025-01-06 17:00:00,273.77,13.7,8.8,13.1,19.5,48.4,31.0,False
B004,B004_M2,2025-01-06 18:00:00,219.04,11.67,8.1,12.6,27.1,76.5,28.3,False
B004,B004_M4,2025-01-06 19:00:00,298.68,8.57,8.9,13.9,21.4,78.2,18.4,True
B004,B004_M1,2025-01-06 20:00:00,184.08,17.26,7.7,15.4,22.9,71.2,42.0,False
B004,B004_M5,2025-01-06 21:00:00,135.56,7.97,7.3,17.5,26.2,57.2,18.2,False
B005,B005_M1,2025-01-06 08:00:00,41.79,14.11,9.3,15.2,15.6,43.2,33.7,False
B005,B005_M5,2025-01-06 09:00:00,78.76,18.14,7.2,14.1,28.0,66.0,23.4,False
B005,B005_M3,2025-01-06 10:00:00,57.59,,9.4,12.9,22.3,71.0,40.3,False
B005,B005_M5,2025-01-06 11:00:00,91.55,10.44,9.1,17.6,23.9,69.2,12.6,False
B005,B005_M4,2025-01-06 12:00:00,59.59,,9.2,17.6,16.3,79.0,47.8,False
B005,B005_M5,2025-01-06 13:00:00,52.23,9.3,8.1,12.6,20.3,45.2,35.1,False
B005,B005_M2,2025-01-06 14:00:00,97.51,14.09,9.6,15.3,21.9,50.2,20.8,True
B005,B005_M5,2025-01-06 15:00:00,76.61,,11.1,12.5,27.9,60.4,47.0,False
B005,B005_M1,2025-01-06 16:00:00,90.16,7.35,8.4,17.7,27.4,64.2,21.2,False
B005,B005_M2,2025-01-06 17:00:00,69.52,14.74,9.5,13.3,16.8,61.2,40.6,False
B005,B005_M2,2025-01-06 18:00:00,36.91,16.81,7.5,13.9,17.2,68.9,17.1,False
B005,B005_M1,2025-01-06 19:00:00,34.41,8.6,8.7,13.4,22.0,53.3,27.3,False
B005,B005_M1,2025-01-06 20:00:00,36.98,17.93,7.0,15.7,29.2,74.2,13.7,False
B005,B005_M2,2025-01-06 21:00:00,25.38,,11.9,14.4,23.3,46.4,27.7,False
B001,B001_M3,2025-01-07 08:00:00,104.67,17.13,10.0,18.0,25.0,62.9,16.3,False
B001,B001_M2,2025-01-07 09:00:00,195.29,11.63,8.8,17.9,24.5,64.5,17.5,False
B001,B001_M1,2025-01-07 10:00:00,220.16,,8.3,14.9,24.7,61.2,35.4,False
B001,B001_M3,2025-01-07 11:00:00,172.59,,11.4,17.5,16.6,76.0,25.6,False
B001,B001_M2,2025-01-07 12:00:00,253.93,,8.4,12.6,19.1,50.6,19.8,False
B001,B001_M2,2025-01-07 13:00:00,192.88,10.56,8.7,15.6,18.9,47.2,17.5,False
B001,B001_M1,2025-01-07 14:00:00,170.16,9.2,7.5,16.6,19.5,64.7,17.8,False
B001,B001_M1,2025-01-07 15:00:00,180.21,5.77,8.7,14.8,19.7,42.5,46.1,False
B001,B001_M1,2025-01-07 16:00:00,139.08,,9.8,17.9,25.4,73.8,39.6,False
B001,B001_M2,2025-01-07 17:00:00,209.46,,7.0,13.6,24.9,75.7,31.7,False
B001,B001_M3,2025-01-07 18:00:00,121.54,9.46,8.8,13.8,19.4,67.2,41.9,False
B001,B001_M3,2025-01-07 19:00:00,98.39,,10.4,13.0,29.6,74.1,26.3,False
B001,B001_M1,2025-01-07 20:00:00,98.13,15.76,9.3,16.2,21.6,62.0,40.6,False
B001,B001_M1,2025-01-07 21:00:00,162.8,,7.2,17.5,21.1,79.3,15.6,False
B002,B002_M1,2025-01-07 08:00:00,63.25,18.49,10.2,17.8,27.5,67.5,20.0,False
B002,B002_M2,2025-01-07 09:00:00,120.53,8.22,7.9,15.0,24.6,47.2,28.3,False
B002,B002_M4,2025-01-07 10:00:00,103.28,19.8,11.9,14.0,20.4,50.5,20.3,False
B002,B002_M2,2025-01-07 11:00:00,117.61,,9.5,14.3,27.2,54.1,44.7,False
B002,B002_M1,2025-01-07 12:00:00,155.34,14.29,9.6,18.0,15.1,73.5,19.6,False
B002,B002_M3,2025-01-07 13:00:00,95.51,19.26,9.8,17.5,27.7,72.0,32.5,False
B002,B002_M1,2025-01-07 14:00:00,130.66,8.84,9.8,12.3,17.8,66.9,34.3,False
B002,B002_M3,2025-01-07 15:00:00,127.33,,7.4,13.7,29.4,61.0,46.7,False
B002,B002_M3,2025-01-07 16:00:00,155.72,14.05,8.0,12.0,27.8,74.0,22.9,False
B002,B002_M2,2025-01-07 17:00:00,138.53,16.64,7.3,17.7,24.6,54.8,35.2,False
B002,B002_M3,2025-01-07 18:00:00,156.63,7.63,11.0,16.3,27.1,51.7,23.6,True
B002,B002_M4,2025-01-07 19:00:00,89.42,,9.3,12.5,25.5,69.9,13.2,False
B002,B002_M4,2025-01-07 20:00:00,155.89,10.39,10.5,17.5,19.6,69.0,23.2,True
B002,B002_M2,2025-01-07 21:00:00,63.52,,11.4,13.0,24.7,70.6,33.2,False
B003,B003_M1,2025-01-07 08:00:00,333.9,15.71,10.7,12.8,21.8,45.4,32.3,False
B003,B003_M4,2025-01-07 09:00:00,419.99,5.87,10.0,12.9,19.2,52.2,40.7,False
B003,B003_M5,2025-01-07 10:00:00,438.53,8.95,11.3,13.9,15.8,74.7,19.8,False
B003,B003_M1,2025-01-07 11:00:00,549.23,8.28,11.4,15.8,29.8,48.8,27.1,False
B003,B003_M5,2025-01-07 12:00:00,434.6,5.43,9.3,13.3,22.2,48.2,18.1,False
B003,B003_M2,2025-01-07 13:00:00,526.79,,9.6,16.8,19.5,65.9,16.2,False
B003,B003_M3,2025-01-07 14:00:00,479.66,15.68,7.4,17.6,20.6,77.0,25.9,False
B003,B003_M1,2025-01-07 15:00:00,559.8,,11.1,17.0,25.8,63.5,39.9,False
B003,B003_M5,2025-01-07 16:00:00,456.2,,9.0,13.9,25.9,64.3,43.0,False
B003,B003_M1,2025-01-07 17:00:00,555.11,,10.4,12.3,28.4,44.9,26.0,False
B003,B003_M3,2025-01-07 18:00:00,266.85,12.3,9.1,12.4,25.7,53.2,46.2,False
B003,B003_M4,2025-01-07 19:00:00,285.62,,8.6,15.1,17.4,77.5,40.6,False
B003,B003_M1,2025-01-07 20:00:00,246.68,,11.3,13.1,26.0,69.8,12.6,False
B003,B003_M3,2025-01-07 21:00:00,252.38,6.59,9.7,16.8,18.7,61.9,11.3,False
B004,B004_M2,2025-01-07 08:00:00,168.23,9.42,8.2,16.7,18.2,71.4,22.7,False
B004,B004_M2,2025-01-07 09:00:00,342.15,17.68,10.1,12.8,24.3,49.3,34.3,False
B004,B004_M1,2025-01-07 10:00:00,423.26,6.88,11.1,16.5,28.1,63.6,21.6,False
B004,B004_M1,2025-01-07 11:00:00,276.55,13.17,9.4,16.6,22.4,40.9,49.6,False
B004,B004_M3,2025-01-07 12:00:00,305.86,16.96,10.0,13.5,22.6,42.2,24.9,False
B004,B004_M5,2025-01-07 13:00:00,305.76,9.1,9.7,12.5,29.1,66.3,45.7,False
B004,B004_M3,2025-01-07 14:00:00,417.01,,10.5,13.8,27.6,78.4,42.3,False
B004,B004_M2,2025-01-07 15:00:00,407.59,,10.5,16.5,24.1,40.7,46.9,False
B004,B004_M4,2025-01-07 16:00:00,363.54,16.51,9.7,14.3,28.7,44.0,31.5,False
B004,B004_M3,2025-01-07 17:00:00,361.34,,7.0,13.7,27.7,68.0,39.2,False
B004,B004_M2,2025-01-07 18:00:00,203.35,10.74,9.1,17.3,16.9,73.9,11.3,False
B004,B004_M5,2025-01-07 19:00:00,181.48,,9.6,15.5,24.4,75.3,37.2,False
B004,B004_M2,2025-01-07 20:00:00,214.43,17.28,8.2,17.6,23.5,57.5,31.9,False
B004,B004_M2,2025-01-07 21:00:00,211.61,16.77,11.2,14.7,15.5,75.0,23.5,False
B005,B005_M5,2025-01-07 08:00:00,43.74,,8.8,14.0,27.4,69.0,28.5,False
B005,B005_M4,2025-01-07 09:00:00,58.79,10.48,10.1,17.2,15.6,72.1,40.1,False
B005,B005_M1,2025-01-07 10:00:00,78.99,,8.2,13.8,24.5,63.1,18.0,False
B005,B005_M5,2025-01-07 11:00:00,68.42,10.54,7.3,15.0,23.5,73.5,27.2,False
B005,B005_M4,2025-01-07 12:00:00,88.61,,8.7,16.4,21.2,50.4,35.0,False
B005,B005_M1,2025-01-07 13:00:00,89.1,13.19,11.1,17.1,21.0,61.4,28.5,False
B005,B005_M1,2025-01-07 14:00:00,56.86,18.58,11.5,14.1,15.7,57.2,12.0,False
B005,B005_M5,2025-01-07 15:00:00,41.64,,10.8,13.9,28.5,62.6,28.7,False
B005,B005_M4,2025-01-07 16:00:00,66.95,6.39,9.5,13.6,22.2,56.7,38.7,False
B005,B005_M1,2025-01-07 17:00:00,85.48,,10.9,16.7,25.6,50.8,12.5,False
B005,B005_M2,2025-01-07 18:00:00,66.52,6.17,7.2,12.4,26.4,60.7,27.8,True
B005,B005_M2,2025-01-07 19:00:00,31.0,,10.9,16.2,23.3,54.9,27.4,False
B005,B005_M2,2025-01-07 20:00:00,36.18,,8.1,15.7,25.1,63.6,36.3,False
B005,B005_M2,2025-01-07 21:00:00,42.37,8.35,9.3,13.2,21.2,65.0,21.0,False
B001,B001_M1,2025-01-08 08:00:00,126.26,13.55,9.5,12.4,20.5,50.6,43.4,False
B001,B001_M3,2025-01-08 09:00:00,173.37,,7.7,12.9,27.8,67.9,11.9,False
B001,B001_M3,2025-01-08 10:00:00,191.89,,8.0,14.8,25.3,56.5,22.7,False
B001,B001_M1,2025-01-08 11:00:00,222.06,19.05,10.5,16.3,18.6,63.1,41.1,False
B001,B001_M2,2025-01-08 12:00:00,255.04,,10.8,12.7,17.1,52.0,43.5,False
B001,B001_M2,2025-01-08 13:00:00,217.41,7.77,9.8,13.5,17.1,59.5,19.2,False
B001,B001_M2,2025-01-08 14:00:00,173.96,16.11,10.1,15.6,22.9,58.6,30.9,False
B001,B001_M1,2025-01-08 15:00:00,151.07,10.82,9.2,16.5,25.0,65.6,15.7,False
B001,B001_M2,2025-01-08 16:00:00,262.41,,7.9,13.2,22.2,48.2,24.3,False
B001,B001_M2,2025-01-08 17:00:00,230.92,18.38,9.0,15.8,16.0,52.2,33.8,False
B001,B001_M3,2025-01-08 18:00:00,236.68,9.34,11.2,16.8,26.3,60.1,48.0,True
B001,B001_M2,2025-01-08 19:00:00,151.55,19.36,8.3,12.4,18.3,56.0,16.8,False
B001,B001_M2,2025-01-08 20:00:00,109.11,,11.4,15.4,29.6,70.6,43.3,False
B001,B001_M1,2025-01-08 21:00:00,96.9,12.4,8.9,16.4,26.2,74.2,28.2,False
B002,B002_M3,2025-01-08 08:00:00,65.94,19.19,10.7,17.8,17.9,67.2,44.7,False
B002,B002_M3,2025-01-08 09:00:00,160.18,,10.4,14.2,19.8,43.3,14.7,False
B002,B002_M3,2025-01-08 10:00:00,137.28,5.3,9.3,16.6,23.0,72.5,21.1,False
B002,B002_M3,2025-01-08 11:00:00,163.71,9.9,7.8,12.7,20.9,45.3,35.7,False
B002,B002_M4,2025-01-08 12:00:00,175.87,,12.0,12.9,20.2,72.7,14.2,False
B002,B002_M1,2025-01-08 13:00:00,181.56,,11.5,13.0,19.6,70.4,45.7,False
B002,B002_M1,2025-01-08 14:00:00,155.93,15.89,9.9,17.7,21.6,56.5,26.1,False
B002,B002_M1,2025-01-08 15:00:00,95.78,16.67,9.6,15.8,16.1,62.3,35.3,False
B002,B002_M3,2025-01-08 16:00:00,177.12,,11.1,13.0,23.4,71.9,14.7,False
B002,B002_M4,2025-01-08 17:00:00,136.34,,8.2,17.3,21.5,67.9,44.8,False
B002,B002_M3,2025-01-08 18:00:00,84.7,9.05,11.4,13.5,19.1,53.6,33.6,False
B002,B002_M2,2025-01-08 19:00:00,87.02,9.37,11.3,16.0,29.5,41.4,28.8,False
B002,B002_M2,2025-01-08 20:00:00,70.1,,11.4,13.1,28.1,61.4,42.7,False
B002,B002_M2,2025-01-08 21:00:00,89.01,,7.9,17.3,20.2,68.0,21.6,False
B003,B003_M1,2025-01-08 08:00:00,291.73,,11.1,13.0,29.9,41.8,47.8,False
B003,B003_M2,2025-01-08 09:00:00,578.64,5.99,9.4,12.7,17.1,77.0,19.4,False
B003,B003_M4,2025-01-08 10:00:00,438.17,11.15,7.7,16.3,23.5,56.0,19.2,False
B003,B003_M5,2025-01-08 11:00:00,430.39,19.83,8.2,17.9,29.5,53.2,35.1,False
B003,B003_M3,2025-01-08 12:00:00,523.01,17.55,8.3,16.3,17.6,67.9,17.2,False
B003,B003_M5,2025-01-08 13:00:00,421.01,14.83,11.1,15.6,29.3,64.4,11.1,False
B003,B003_M3,2025-01-08 14:00:00,542.27,17.88,8.4,14.8,16.0,69.5,28.1,False
B003,B003_M5,2025-01-08 15:00:00,352.27,,7.3,15.3,22.4,63.5,29.8,False
B003,B003_M2,2025-01-08 16:00:00,428.02,14.88,7.2,13.4,20.9,44.0,46.1,False
B003,B003_M2,2025-01-08 17:00:00,453.34,,8.6,14.9,24.2,78.1,45.7,False
B003,B003_M3,2025-01-08 18:00:00,294.05,19.8,11.7,12.6,20.2,54.9,32.8,False
B003,B003_M1,2025-01-08 19:00:00,224.22,15.11,9.4,13.1,27.0,50.0,36.0,False
B003,B003_M5,2025-01-08 20:00:00,208.08,5.11,7.1,14.8,27.1,67.8,11.7,False
B003,B003_M1,2025-01-08 21:00:00,297.39,,10.1,14.5,22.0,69.9,17.5,False
B004,B004_M3,2025-01-08 08:00:00,229.93,15.88,8.1,14.2,19.9,55.5,48.5,False
B004,B004_M2,2025-01-08 09:00:00,464.02,,7.8,12.9,28.2,64.9,37.8,False
B004,B004_M1,2025-01-08 10:00:00,319.85,13.58,11.4,14.2,15.2,65.2,30.9,False
B004,B004_M5,2025-01-08 11:00:00,960.57,,11.2,13.4,21.6,47.6,35.7,True
B004,B004_M5,2025-01-08 12:00:00,297.74,,9.2,12.3,24.9,73.8,18.7,False
B004,B004_M3,2025-01-08 13:00:00,243.99,15.06,9.3,12.7,27.0,41.7,36.1,False
B004,B004_M2,2025-01-08 14:00:00,258.66,19.22,7.1,17.4,15.9,72.6,27.4,False
B004,B004_M4,2025-01-08 15:00:00,378.57,,11.0,17.4,26.7,48.6,48.6,False
B004,B004_M2,2025-01-08 16:00:00,260.79,10.56,11.4,14.6,26.4,70.6,30.5,False
B004,B004_M1,2025-01-08 17:00:00,390.28,,8.0,13.2,26.8,62.4,16.2,False
B004,B004_M1,2025-01-08 18:00:00,213.79,6.27,11.4,12.3,28.7,69.7,39.2,False
B004,B004_M2,2025-01-08 19:00:00,234.18,19.05,10.2,12.1,19.0,68.6,28.6,False
B004,B004_M3,2025-01-08 20:00:00,164.05,6.59,7.4,17.1,23.4,51.8,14.1,False
B004,B004_M4,2025-01-08 21:00:00,202.4,10.21,11.8,16.1,21.0,49.8,45.2,False
B005,B005_M4,2025-01-08 08:00:00,44.87,13.41,8.8,15.2,25.3,40.7,21.0,False
B005,B005_M5,2025-01-08 09:00:00,99.04,19.19,11.3,14.9,24.5,63.8,26.9,False
B005,B005_M4,2025-01-08 10:00:00,59.96,17.45,9.2,14.6,28.5,56.0,24.6,False
B005,B005_M3,2025-01-08 11:00:00,58.35,,10.7,15.5,26.2,66.9,19.9,False
B005,B005_M1,2025-01-08 12:00:00,94.45,8.24,8.3,16.5,28.2,76.6,27.7,False
B005,B005_M1,2025-01-08 13:00:00,53.03,,9.6,14.2,21.9,74.7,10.9,False
B005,B005_M5,2025-01-08 14:00:00,78.83,,9.9,14.6,26.1,46.9,46.8,False
B005,B005_M3,2025-01-08 15:00:00,83.18,7.26,7.5,12.4,17.5,43.4,38.4,False
B005,B005_M3,2025-01-08 16:00:00,72.03,13.92,10.8,15.9,15.8,61.5,49.9,False
B005,B005_M3,2025-01-08 17:00:00,61.32,11.44,7.1,16.7,26.1,52.7,29.9,False
B005,B005_M4,2025-01-08 18:00:00,33.18,7.43,10.4,15.5,22.8,74.6,45.9,False
B005,B005_M3,2025-01-08 19:00:00,34.7,5.4,11.5,16.4,15.1,74.7,35.5,False
B005,B005_M1,2025-01-08 20:00:00,46.01,,10.9,14.9,28.0,53.8,16.6,False
B005,B005_M5,2025-01-08 21:00:00,42.59,10.27,9.9,13.8,19.7,75.7,43.6,False
B001,B001_M3,2025-01-09 08:00:00,147.46,16.0,9.6,14.0,25.1,51.2,26.1,False
B001,B001_M2,2025-01-09 09:00:00,198.55,16.89,8.5,12.2,16.4,60.4,34.0,False
B001,B001_M3,2025-01-09 10:00:00,229.59,12.22,7.2,16.3,15.8,64.5,13.9,False
B001,B001_M3,2025-01-09 11:00:00,203.6,19.17,11.6,12.2,18.3,66.8,32.6,False
B001,B001_M2,2025-01-09 12:00:00,257.51,9.63,7.7,16.5,20.1,54.0,44.7,False
B001,B001_M1,2025-01-09 13:00:00,214.98,6.47,9.4,14.7,27.3,46.5,49.9,False
B001,B001_M2,2025-01-09 14:00:00,177.1,7.88,8.7,14.9,22.9,47.0,49.5,False
B001,B001_M3,2025-01-09 15:00:00,213.18,15.63,7.2,14.9,29.4,64.7,11.3,False
B001,B001_M1,2025-01-09 16:00:00,143.97,8.19,10.0,16.4,25.7,47.6,25.4,False
B001,B001_M2,2025-01-09 17:00:00,221.88,5.24,9.5,17.7,23.8,66.5,46.5,False
B001,B001_M1,2025-01-09 18:00:00,99.22,,9.5,14.9,25.6,62.2,38.0,False
B001,B001_M3,2025-01-09 19:00:00,162.32,11.73,9.1,13.2,28.1,74.0,41.1,False
B001,B001_M2,2025-01-09 20:00:00,155.75,8.25,8.1,13.5,21.0,44.9,22.1,False
B001,B001_M3,2025-01-09 21:00:00,136.84,15.16,7.2,16.2,29.5,72.5,30.7,False
B002,B002_M3,2025-01-09 08:00:00,70.41,,9.3,13.2,22.0,66.5,33.3,False
B002,B002_M4,2025-01-09 09:00:00,104.52,7.0,11.3,14.8,19.7,51.2,30.4,False
B002,B002_M4,2025-01-09 10:00:00,154.04,16.9,11.8,16.7,28.8,68.2,48.7,False
B002,B002_M3,2025-01-09 11:00:00,133.61,,11.7,15.3,19.5,54.0,23.4,False
B002,B002_M1,2025-01-09 12:00:00,110.52,8.11,8.8,14.9,17.9,44.8,16.8,False
B002,B002_M4,2025-01-09 13:00:00,177.17,13.99,11.9,12.3,28.5,41.6,26.2,False
B002,B002_M4,2025-01-09 14:00:00,151.37,9.68,10.3,16.1,17.8,55.8,36.9,False
B002,B002_M3,2025-01-09 15:00:00,127.12,,7.0,15.4,26.1,49.2,16.8,False
B002,B002_M1,2025-01-09 16:00:00,144.49,19.13,10.8,17.4,15.1,63.9,43.9,False
B002,B002_M2,2025-01-09 17:00:00,142.08,6.44,7.7,15.5,21.6,62.9,34.6,False
B002,B002_M3,2025-01-09 18:00:00,74.28,9.11,10.8,12.8,17.6,63.0,30.2,False
B002,B002_M1,2025-01-09 19:00:00,72.73,17.9,8.3,14.7,20.2,65.6,29.1,False
B002,B002_M3,2025-01-09 20:00:00,62.16,8.34,9.3,17.1,20.0,71.0,41.9,False
B002,B002_M2,2025-01-09 21:00:00,73.69,,11.7,12.4,16.3,78.1,16.1,False
B003,B003_M1,2025-01-09 08:00:00,296.56,,10.8,15.1,17.3,44.0,42.4,False
B003,B003_M2,2025-01-09 09:00:00,417.9,19.66,10.4,16.5,20.2,43.0,34.1,False
B003,B003_M5,2025-01-09 10:00:00,407.17,16.29,8.8,16.5,15.2,65.7,16.4,False
B003,B003_M1,2025-01-09 11:00:00,392.37,12.5,11.5,13.8,27.0,59.3,12.2,False
B003,B003_M4,2025-01-09 12:00:00,415.27,10.48,8.6,14.8,23.8,46.2,23.9,False
B003,B003_M1,2025-01-09 13:00:00,526.29,11.64,10.3,15.8,29.0,62.9,25.4,False
B003,B003_M1,2025-01-09 14:00:00,578.85,16.07,10.0,17.7,24.0,54.5,40.4,False
B003,B003_M4,2025-01-09 15:00:00,503.13,11.23,7.4,14.1,24.0,70.6,15.6,False
B003,B003_M3,2025-01-09 16:00:00,535.27,15.5,11.9,13.1,25.8,54.1,23.2,False
B003,B003_M4,2025-01-09 17:00:00,366.1,12.41,9.9,13.2,29.6,41.7,48.1,False
B003,B003_M4,2025-01-09 18:00:00,208.47,,8.1,17.6,22.8,78.6,18.8,False
B003,B003_M4,2025-01-09 19:00:00,256.79,12.28,9.1,15.2,16.5,40.2,12.0,False
B003,B003_M3,2025-01-09 20:00:00,306.78,8.22,11.0,12.1,21.4,56.6,27.2,False
B003,B003_M3,2025-01-09 21:00:00,322.55,,9.4,15.2,19.4,67.4,45.5,False
B004,B004_M4,2025-01-09 08:00:00,174.54,11.17,8.3,17.3,29.2,40.7,42.0,False
B004,B004_M2,2025-01-09 09:00:00,329.62,15.01,7.1,12.8,19.0,64.5,19.5,False
B004,B004_M4,2025-01-09 10:00:00,280.11,12.69,7.9,18.0,23.6,40.7,11.7,False
B004,B004_M3,2025-01-09 11:00:00,232.13,16.24,10.5,16.9,17.5,42.8,47.5,False
B004,B004_M2,2025-01-09 12:00:00,307.89,11.92,7.8,17.3,21.1,78.2,23.9,False
B004,B004_M2,2025-01-09 13:00:00,647.99,13.25,8.4,16.1,15.0,61.7,11.4,True
B004,B004_M4,2025-01-09 14:00:00,372.09,18.83,9.4,15.2,21.4,66.9,49.4,False
B004,B004_M5,2025-01-09 15:00:00,249.08,12.01,11.9,14.1,20.4,65.1,28.2,False
B004,B004_M4,2025-01-09 16:00:00,307.67,16.91,8.5,14.7,19.5,77.8,43.5,False
B004,B004_M1,2025-01-09 17:00:00,348.0,11.63,9.6,13.4,17.1,51.2,40.8,False
B004,B004_M2,2025-01-09 18:00:00,217.09,11.5,9.3,14.8,23.0,66.3,32.7,False
B004,B004_M5,2025-01-09 19:00:00,403.04,,8.6,13.4,28.1,44.0,10.6,True
B004,B004_M3,2025-01-09 20:00:00,196.74,15.19,9.9,12.5,22.7,77.9,34.5,False
B004,B004_M4,2025-01-09 21:00:00,204.5,,9.0,17.9,17.4,68.6,49.5,False
B005,B005_M1,2025-01-09 08:00:00,26.8,,10.5,13.2,24.2,41.1,25.6,False
B005,B005_M4,2025-01-09 09:00:00,63.07,5.09,8.1,14.3,17.9,65.4,38.0,False
B005,B005_M2,2025-01-09 10:00:00,53.61,,11.5,18.0,22.8,52.0,33.5,False
B005,B005_M2,2025-01-09 11:00:00,77.36,13.07,10.1,14.9,28.2,66.1,20.4,False
B005,B005_M2,2025-01-09 12:00:00,61.02,,9.0,16.0,15.3,57.9,24.5,False
B005,B005_M4,2025-01-09 13:00:00,57.46,,10.2,15.4,27.7,67.9,41.7,False
B005,B005_M4,2025-01-09 14:00:00,51.11,,12.0,15.6,20.4,49.8,39.4,False
B005,B005_M2,2025-01-09 15:00:00,56.28,5.49,10.9,12.3,15.6,62.2,43.4,False
B005,B005_M4,2025-01-09 16:00:00,70.77,16.66,11.9,17.0,21.8,40.3,13.4,False
B005,B005_M4,2025-01-09 17:00:00,64.07,7.31,10.3,12.8,21.0,61.6,16.7,False
B005,B005_M3,2025-01-09 18:00:00,30.9,17.68,9.8,15.5,15.5,76.0,10.2,False
B005,B005_M4,2025-01-09 19:00:00,38.28,19.84,11.6,16.6,21.4,43.9,12.1,False
B005,B005_M3,2025-01-09 20:00:00,35.05,13.12,7.1,15.1,22.8,59.7,44.0,False
B005,B005_M4,2025-01-09 21:00:00,38.15,,11.8,12.7,16.3,70.6,32.1,False
B001,B001_M1,2025-01-10 08:00:00,109.53,7.73,10.8,14.0,24.9,56.5,25.9,False
B001,B001_M1,2025-01-10 09:00:00,164.04,16.6,10.6,15.7,26.8,79.8,16.1,False
B001,B001_M3,2025-01-10 10:00:00,229.94,14.02,8.2,13.9,20.3,63.2,41.7,False
B001,B001_M1,2025-01-10 11:00:00,196.39,,7.7,15.0,25.4,68.6,48.9,False
B001,B001_M1,2025-01-10 12:00:00,223.44,,8.2,15.0,21.2,73.9,37.3,False
B001,B001_M3,2025-01-10 13:00:00,214.08,18.58,7.7,17.2,29.6,63.8,21.5,False
B001,B001_M3,2025-01-10 14:00:00,194.52,10.78,8.1,13.7,22.1,71.5,11.2,False
B001,B001_M1,2025-01-10 15:00:00,185.94,8.76,8.3,12.8,18.6,69.7,33.3,False
B001,B001_M1,2025-01-10 16:00:00,218.7,12.53,9.6,14.9,23.0,53.0,32.3,False
B001,B001_M2,2025-01-10 17:00:00,266.9,18.97,9.3,13.7,23.1,50.4,38.6,False
B001,B001_M3,2025-01-10 18:00:00,119.87,19.92,11.8,12.9,27.6,75.9,41.1,False
B001,B001_M1,2025-01-10 19:00:00,133.03,6.6,7.3,16.1,27.7,63.2,15.8,False
B001,B001_M1,2025-01-10 20:00:00,142.62,14.09,9.2,17.8,26.2,65.7,24.8,False
B001,B001_M1,2025-01-10 21:00:00,145.4,5.63,7.1,15.6,24.1,55.0,24.9,False
B002,B002_M4,2025-01-10 08:00:00,146.66,9.13,8.5,16.9,20.7,48.2,38.4,True
B002,B002_M4,2025-01-10 09:00:00,117.65,,11.9,12.1,25.6,49.8,41.1,False
B002,B002_M4,2025-01-10 10:00:00,138.51,15.42,9.9,14.4,19.9,52.9,21.9,False
B002,B002_M3,2025-01-10 11:00:00,151.69,,9.7,16.6,22.4,78.7,26.1,False
B002,B002_M2,2025-01-10 12:00:00,111.38,8.55,9.4,17.8,25.3,73.3,12.1,False
B002,B002_M4,2025-01-10 13:00:00,117.78,,9.1,16.8,27.5,68.9,22.5,False
B002,B002_M1,2025-01-10 14:00:00,102.1,10.38,7.9,14.3,16.0,62.8,32.0,False
B002,B002_M2,2025-01-10 15:00:00,108.32,,7.1,13.7,28.5,62.7,24.3,False
B002,B002_M4,2025-01-10 16:00:00,198.84,10.56,7.5,14.6,15.0,51.0,12.9,False
B002,B002_M3,2025-01-10 17:00:00,161.51,13.49,11.3,14.2,26.2,55.5,11.5,False
B002,B002_M2,2025-01-10 18:00:00,69.44,16.65,10.1,13.0,17.8,74.4,27.2,False
B002,B002_M3,2025-01-10 19:00:00,55.3,,10.7,16.7,28.3,72.8,20.4,False
B002,B002_M3,2025-01-10 20:00:00,91.59,,7.7,16.1,16.8,54.4,27.3,False
B002,B002_M2,2025-01-10 21:00:00,85.4,5.86,7.8,12.9,22.0,70.0,48.3,False
B003,B003_M4,2025-01-10 08:00:00,319.12,6.57,11.0,13.1,18.6,66.8,20.0,False
B003,B003_M4,2025-01-10 09:00:00,409.02,10.27,10.8,17.6,20.1,42.5,42.1,False
B003,B003_M1,2025-01-10 10:00:00,543.34,17.84,11.7,15.2,21.6,44.5,29.2,False
B003,B003_M4,2025-01-10 11:00:00,385.4,11.44,9.5,16.7,21.1,42.4,26.4,False
B003,B003_M3,2025-01-10 12:00:00,680.62,,9.9,13.0,25.2,73.3,31.0,False
B003,B003_M1,2025-01-10 13:00:00,400.16,,10.6,12.9,16.5,52.2,47.1,False
B003,B003_M5,2025-01-10 14:00:00,452.61,11.85,11.8,14.3,24.8,50.0,18.1,False
B003,B003_M5,2025-01-10 15:00:00,383.74,11.31,7.5,16.9,22.5,65.2,27.8,False
B003,B003_M2,2025-01-10 16:00:00,583.86,16.93,8.3,17.4,26.9,77.1,26.3,False
B003,B003_M2,2025-01-10 17:00:00,432.37,13.46,8.4,14.2,23.8,66.8,29.7,False
B003,B003_M2,2025-01-10 18:00:00,389.71,8.45,10.5,12.9,26.0,73.7,13.8,True
B003,B003_M4,2025-01-10 19:00:00,333.62,16.82,9.8,16.8,28.5,48.3,12.1,False
B003,B003_M2,2025-01-10 20:00:00,255.94,6.27,7.6,12.9,16.8,40.1,29.7,False
B003,B003_M2,2025-01-10 21:00:00,231.95,5.72,7.3,13.5,24.9,45.8,23.4,False
B004,B004_M1,2025-01-10 08:00:00,186.58,8.28,10.3,14.2,19.0,54.9,45.6,False
B004,B004_M4,2025-01-10 09:00:00,276.77,11.16,9.1,17.9,23.3,69.8,33.8,False
B004,B004_M5,2025-01-10 10:00:00,409.02,16.7,9.1,13.4,23.5,74.6,44.1,False
B004,B004_M4,2025-01-10 11:00:00,326.69,,10.8,15.1,16.2,66.2,43.0,False
B004,B004_M5,2025-01-10 12:00:00,376.05,11.43,7.5,16.5,21.6,40.8,49.3,False
B004,B004_M5,2025-01-10 13:00:00,306.43,,8.7,12.8,27.6,73.1,34.8,False
B004,B004_M2,2025-01-10 14:00:00,287.91,10.22,8.7,16.6,21.1,60.5,41.4,False
B004,B004_M5,2025-01-10 15:00:00,339.63,,11.7,13.5,19.1,65.6,46.8,False
B004,B004_M5,2025-01-10 16:00:00,363.03,,7.0,16.5,23.8,46.9,30.2,False
B004,B004_M4,2025-01-10 17:00:00,295.34,,11.9,12.2,27.2,43.5,46.7,False
B004,B004_M4,2025-01-10 18:00:00,200.44,,11.3,15.8,28.2,79.7,19.8,False
B004,B004_M1,2025-01-10 19:00:00,146.37,,10.7,16.7,16.2,64.3,14.0,False
B004,B004_M5,2025-01-10 20:00:00,187.98,9.94,10.4,16.2,27.3,51.1,37.9,False
B004,B004_M3,2025-01-10 21:00:00,272.26,,9.2,12.1,15.1,67.4,14.0,True
B005,B005_M5,2025-01-10 08:00:00,36.09,7.18,11.7,14.9,20.4,40.3,41.5,False
B005,B005_M3,2025-01-10 09:00:00,60.03,13.8,11.2,17.1,16.5,55.0,40.1,False
B005,B005_M2,2025-01-10 10:00:00,87.55,7.24,11.1,16.9,22.3,75.7,18.9,False
B005,B005_M4,2025-01-10 11:00:00,110.39,,9.1,15.9,19.9,72.2,23.5,True
B005,B005_M2,2025-01-10 12:00:00,65.23,12.69,10.7,12.3,27.4,73.3,47.7,False
B005,B005_M1,2025-01-10 13:00:00,63.61,,8.1,15.5,19.8,47.9,31.5,False
B005,B005_M1,2025-01-10 14:00:00,89.8,,8.1,14.5,20.1,59.4,44.1,False
B005,B005_M1,2025-01-10 15:00:00,71.26,18.87,7.3,15.5,29.3,59.6,31.8,False
B005,B005_M2,2025-01-10 16:00:00,85.25,,9.1,12.2,20.2,59.6,49.1,False
B005,B005_M1,2025-01-10 17:00:00,58.24,18.23,10.4,14.2,24.6,50.6,37.0,False
B005,B005_M1,2025-01-10 18:00:00,40.36,17.95,11.0,14.0,28.7,58.8,41.7,False
B005,B005_M5,2025-01-10 19:00:00,44.16,17.57,9.4,16.6,17.1,55.5,45.3,False
B005,B005_M5,2025-01-10 20:00:00,29.66,,11.9,13.6,17.0,42.8,20.4,False
B005,B005_M5,2025-01-10 21:00:00,36.34,15.1,11.4,13.1,18.5,78.3,46.4,False
B001,B001_M2,2025-01-11 08:00:00,277.07,6.34,7.5,17.4,23.2,61.0,19.4,True
B001,B001_M3,2025-01-11 09:00:00,85.2,11.74,8.0,16.3,15.4,62.3,27.4,False
B001,B001_M1,2025-01-11 10:00:00,100.8,14.14,7.8,15.7,20.7,45.7,35.3,False
B001,B001_M2,2025-01-11 11:00:00,65.51,,7.4,14.1,26.7,75.9,36.3,False
B001,B001_M1,2025-01-11 12:00:00,91.71,6.79,7.7,12.4,17.1,52.5,30.3,False
B001,B001_M1,2025-01-11 13:00:00,104.97,14.17,10.5,16.1,22.6,55.5,12.9,False
B001,B001_M3,2025-01-11 14:00:00,82.1,7.39,11.7,17.4,23.4,58.7,19.3,False
B001,B001_M1,2025-01-11 15:00:00,92.84,13.18,7.2,16.4,25.2,49.0,39.6,False
B001,B001_M1,2025-01-11 16:00:00,181.36,9.9,7.2,13.4,26.4,60.4,48.7,True
B001,B001_M1,2025-01-11 17:00:00,96.5,8.8,10.2,15.8,23.5,56.9,14.1,False
B001,B001_M2,2025-01-11 18:00:00,94.15,19.99,9.2,15.1,22.0,69.2,34.7,False
B001,B001_M2,2025-01-11 19:00:00,70.1,,10.5,13.1,23.5,64.1,38.4,False
B001,B001_M2,2025-01-11 20:00:00,88.41,17.66,7.8,13.6,23.8,49.3,47.2,False
B001,B001_M2,2025-01-11 21:00:00,99.09,16.57,9.7,12.5,28.0,51.7,15.4,False
B002,B002_M4,2025-01-11 08:00:00,64.97,,7.8,13.8,23.0,50.4,24.3,False
B002,B002_M4,2025-01-11 09:00:00,68.89,,10.6,12.1,20.1,48.3,37.6,False
B002,B002_M2,2025-01-11 10:00:00,80.45,7.47,8.4,12.5,17.0,70.1,29.1,False
B002,B002_M2,2025-01-11 11:00:00,57.57,,9.1,14.4,25.9,47.3,29.8,False
B002,B002_M4,2025-01-11 12:00:00,71.41,17.96,11.8,13.9,25.9,68.7,46.6,False
B002,B002_M4,2025-01-11 13:00:00,48.66,13.05,9.9,15.6,26.5,57.8,39.9,False
B002,B002_M1,2025-01-11 14:00:00,40.14,9.51,9.9,13.7,23.9,44.7,27.0,False
B002,B002_M1,2025-01-11 15:00:00,64.86,15.09,10.3,15.7,24.0,57.6,44.1,False
B002,B002_M2,2025-01-11 16:00:00,51.84,13.64,7.2,12.4,20.1,60.8,25.7,False
B002,B002_M1,2025-01-11 17:00:00,53.92,,7.7,15.0,15.4,51.7,29.1,False
B002,B002_M2,2025-01-11 18:00:00,77.69,14.86,11.1,13.1,26.0,73.1,14.1,False
B002,B002_M2,2025-01-11 19:00:00,69.61,11.38,10.5,13.3,21.0,40.9,13.0,False
B002,B002_M2,2025-01-11 20:00:00,55.83,11.46,7.1,12.2,18.8,55.5,10.9,False
B002,B002_M2,2025-01-11 21:00:00,40.42,5.71,7.2,16.3,15.5,65.9,22.2,False
B003,B003_M3,2025-01-11 08:00:00,267.3,,11.5,14.3,24.5,72.1,16.7,False
B003,B003_M1,2025-01-11 09:00:00,192.46,12.42,11.6,16.2,20.4,61.4,10.3,False
B003,B003_M4,2025-01-11 10:00:00,226.15,,8.2,15.0,17.1,44.5,41.8,False
B003,B003_M5,2025-01-11 11:00:00,235.98,,12.0,13.5,20.2,43.8,46.4,False
B003,B003_M1,2025-01-11 12:00:00,164.11,,10.8,13.9,18.6,52.2,21.8,False
B003,B003_M1,2025-01-11 13:00:00,270.82,12.31,10.0,14.6,23.7,41.0,21.0,False
B003,B003_M2,2025-01-11 14:00:00,192.94,,8.5,16.0,15.0,57.9,34.9,False
B003,B003_M4,2025-01-11 15:00:00,184.15,,7.0,13.1,19.9,72.9,28.2,False
B003,B003_M2,2025-01-11 16:00:00,283.0,10.33,7.8,16.5,26.4,54.1,13.1,True
B003,B003_M4,2025-01-11 17:00:00,248.24,,10.4,17.8,22.5,45.8,16.6,False
B003,B003_M3,2025-01-11 18:00:00,169.68,6.52,11.5,16.7,16.6,79.4,24.0,False
B003,B003_M1,2025-01-11 19:00:00,180.93,8.64,11.1,14.6,29.0,74.4,17.1,False
B003,B003_M4,2025-01-11 20:00:00,463.72,,8.3,13.3,28.0,69.7,17.9,True
B003,B003_M2,2025-01-11 21:00:00,150.76,5.95,11.7,16.4,19.2,71.7,13.8,False
B004,B004_M3,2025-01-11 08:00:00,113.85,9.97,9.2,13.7,16.2,69.5,49.2,False
B004,B004_M2,2025-01-11 09:00:00,130.85,16.31,8.1,13.9,26.7,60.4,18.2,False
B004,B004_M3,2025-01-11 10:00:00,171.83,8.55,10.5,12.7,26.4,71.5,48.2,True
B004,B004_M4,2025-01-11 11:00:00,112.48,5.11,11.7,16.9,29.1,46.3,15.6,False
B004,B004_M2,2025-01-11 12:00:00,101.41,,8.5,14.4,16.7,71.7,22.9,False
B004,B004_M2,2025-01-11 13:00:00,88.06,,9.3,15.1,16.4,77.1,24.0,False
B004,B004_M2,2025-01-11 14:00:00,122.44,13.31,11.8,12.5,15.6,71.2,30.6,False
B004,B004_M5,2025-01-11 15:00:00,142.22,19.4,9.1,15.8,17.5,63.8,39.2,False
B004,B004_M5,2025-01-11 16:00:00,125.69,16.77,7.5,17.0,17.1,76.6,22.7,False
B004,B004_M4,2025-01-11 17:00:00,185.84,9.86,8.5,15.0,25.3,76.6,27.6,False
B004,B004_M4,2025-01-11 18:00:00,133.22,5.83,7.5,14.8,27.0,58.3,24.6,False
B004,B004_M3,2025-01-11 19:00:00,118.08,7.07,7.4,16.9,16.1,61.7,21.5,False
B004,B004_M3,2025-01-11 20:00:00,133.98,,8.6,15.3,15.3,42.0,19.7,False
B004,B004_M4,2025-01-11 21:00:00,132.9,7.03,8.1,12.9,29.9,66.9,26.7,False
B005,B005_M1,2025-01-11 08:00:00,39.83,15.21,11.4,14.1,26.2,69.4,40.2,False
B005,B005_M4,2025-01-11 09:00:00,39.62,15.93,8.4,16.9,15.6,44.8,25.7,False
B005,B005_M1,2025-01-11 10:00:00,31.46,,7.8,13.9,29.3,58.0,22.8,False
B005,B005_M2,2025-01-11 11:00:00,28.46,19.34,8.4,15.4,16.5,72.8,22.9,False
B005,B005_M5,2025-01-11 12:00:00,25.22,18.77,7.0,13.2,24.6,71.2,36.1,False
B005,B005_M2,2025-01-11 13:00:00,28.6,,10.6,16.4,20.7,72.3,11.2,False
B005,B005_M2,2025-01-11 14:00:00,23.4,5.14,9.8,14.7,29.4,43.5,35.8,False
B005,B005_M3,2025-01-11 15:00:00,29.96,,11.9,13.5,19.0,75.0,31.5,False
B005,B005_M2,2025-01-11 16:00:00,16.26,19.36,7.7,14.0,20.4,59.1,33.6,False
B005,B005_M5,2025-01-11 17:00:00,34.26,15.53,8.9,12.4,16.3,58.6,42.0,False
B005,B005_M2,2025-01-11 18:00:00,33.91,7.54,7.4,13.3,16.9,53.3,32.1,False
B005,B005_M5,2025-01-11 19:00:00,26.1,,9.7,14.5,25.3,44.7,20.3,False
B005,B005_M1,2025-01-11 20:00:00,25.66,14.22,7.2,15.6,15.5,79.9,12.5,False
B005,B005_M2,2025-01-11 21:00:00,23.19,18.02,10.7,14.8,22.6,53.3,34.2,False
B001,B001_M3,2025-01-12 08:00:00,74.83,7.45,7.2,13.5,20.6,50.2,21.5,False
B001,B001_M3,2025-01-12 09:00:00,101.1,18.19,9.7,13.0,28.9,40.6,32.8,False
B001,B001_M3,2025-01-12 10:00:00,112.0,16.69,11.2,12.4,29.8,53.8,38.9,False
B001,B001_M1,2025-01-12 11:00:00,65.55,12.22,8.3,15.7,23.7,68.9,48.0,False
B001,B001_M3,2025-01-12 12:00:00,108.21,9.97,9.5,17.5,18.3,71.7,10.1,False
B001,B001_M1,2025-01-12 13:00:00,90.43,,11.1,17.1,27.3,61.9,43.7,False
B001,B001_M3,2025-01-12 14:00:00,95.55,,10.9,13.8,29.8,71.1,44.5,False
B001,B001_M1,2025-01-12 15:00:00,85.09,16.58,8.7,13.9,17.3,63.9,39.3,False
B001,B001_M1,2025-01-12 16:00:00,89.58,7.84,11.0,15.4,25.9,54.4,38.0,False
B001,B001_M2,2025-01-12 17:00:00,87.89,,7.7,12.6,17.6,51.4,43.3,False
B001,B001_M2,2025-01-12 18:00:00,73.08,19.61,9.8,14.1,21.7,59.2,24.2,False
B001,B001_M3,2025-01-12 19:00:00,96.63,7.98,11.3,15.6,29.4,52.2,27.3,False
B001,B001_M2,2025-01-12 20:00:00,92.63,8.22,10.6,17.0,29.8,71.3,17.5,False
B001,B001_M2,2025-01-12 21:00:00,130.16,17.28,9.9,14.7,20.7,61.2,12.7,True
B002,B002_M3,2025-01-12 08:00:00,57.92,7.05,11.1,14.8,22.5,50.7,34.6,False
B002,B002_M3,2025-01-12 09:00:00,71.96,7.42,9.7,13.2,15.5,40.7,35.6,False
B002,B002_M4,2025-01-12 10:00:00,40.81,6.58,7.0,15.8,22.2,53.1,22.7,False
B002,B002_M3,2025-01-12 11:00:00,50.67,,9.8,14.1,28.9,61.6,25.9,False
B002,B002_M4,2025-01-12 12:00:00,55.05,10.02,10.9,15.4,16.0,76.3,25.7,False
B002,B002_M2,2025-01-12 13:00:00,58.34,5.59,9.6,16.9,17.8,56.3,43.4,False
B002,B002_M2,2025-01-12 14:00:00,68.51,7.14,11.3,13.0,25.1,58.9,46.8,False
B002,B002_M1,2025-01-12 15:00:00,51.95,5.28,9.5,14.7,21.3,67.9,40.4,False
B002,B002_M3,2025-01-12 16:00:00,75.92,18.32,10.2,14.9,27.9,48.2,38.6,False
B002,B002_M3,2025-01-12 17:00:00,48.39,10.42,8.8,16.8,25.7,51.4,11.9,False
B002,B002_M2,2025-01-12 18:00:00,37.49,5.3,7.1,16.9,29.1,61.8,24.6,False
B002,B002_M3,2025-01-12 19:00:00,61.31,16.35,8.4,14.6,25.4,49.1,26.7,False
B002,B002_M2,2025-01-12 20:00:00,57.26,10.41,8.4,15.4,26.0,73.2,48.0,False
B002,B002_M4,2025-01-12 21:00:00,44.42,15.44,10.7,12.4,25.0,54.3,40.1,False
B003,B003_M5,2025-01-12 08:00:00,220.19,,10.7,14.0,16.5,73.1,43.4,False
B003,B003_M1,2025-01-12 09:00:00,532.68,,10.6,16.3,28.6,69.3,45.6,True
B003,B003_M3,2025-01-12 10:00:00,551.85,15.11,7.8,12.4,21.3,75.0,44.8,True
B003,B003_M5,2025-01-12 11:00:00,162.26,,10.1,13.9,16.3,71.9,34.7,False
B003,B003_M2,2025-01-12 12:00:00,159.42,10.72,8.8,15.5,21.2,79.7,34.9,False
B003,B003_M5,2025-01-12 13:00:00,234.22,,11.9,15.5,20.7,62.4,14.5,False
B003,B003_M3,2025-01-12 14:00:00,251.73,18.88,10.1,17.0,19.1,67.3,29.1,False
B003,B003_M4,2025-01-12 15:00:00,152.92,,7.2,16.8,21.2,77.0,23.4,False
B003,B003_M5,2025-01-12 16:00:00,209.56,,8.2,17.2,23.3,51.5,44.0,False
B003,B003_M2,2025-01-12 17:00:00,191.88,,7.1,16.1,25.9,59.6,30.1,False
B003,B003_M5,2025-01-12 18:00:00,212.91,14.09,8.8,13.0,24.5,52.2,36.6,False
B003,B003_M1,2025-01-12 19:00:00,219.01,17.15,11.6,17.0,23.3,73.9,28.6,False
B003,B003_M2,2025-01-12 20:00:00,206.28,17.04,11.7,17.9,22.0,76.0,19.7,False
B003,B003_M1,2025-01-12 21:00:00,229.62,,11.7,13.5,29.4,60.4,19.3,False
B004,B004_M3,2025-01-12 08:00:00,154.59,,9.1,16.7,19.2,75.4,50.0,False
B004,B004_M1,2025-01-12 09:00:00,105.58,13.19,10.5,15.2,18.1,72.1,26.4,False
B004,B004_M5,2025-01-12 10:00:00,149.47,19.0,10.2,15.7,28.2,70.5,32.2,False
B004,B004_M1,2025-01-12 11:00:00,148.61,,7.7,17.2,28.2,45.8,42.9,False
B004,B004_M1,2025-01-12 12:00:00,183.88,13.77,10.6,16.4,25.9,45.5,20.4,False
B004,B004_M3,2025-01-12 13:00:00,149.31,6.46,7.7,17.6,26.3,57.3,43.5,False
B004,B004_M3,2025-01-12 14:00:00,127.78,,9.1,14.7,29.7,74.3,23.9,False
B004,B004_M2,2025-01-12 15:00:00,177.18,,8.9,14.4,23.5,52.0,18.8,False
B004,B004_M4,2025-01-12 16:00:00,135.55,,7.3,13.2,29.2,57.7,38.5,False
B004,B004_M1,2025-01-12 17:00:00,124.18,13.06,9.3,14.0,24.7,58.8,37.3,False
B004,B004_M5,2025-01-12 18:00:00,195.39,,10.6,17.5,21.2,43.3,26.3,False
B004,B004_M4,2025-01-12 19:00:00,150.94,19.19,10.9,13.5,24.3,57.0,12.7,False
B004,B004_M1,2025-01-12 20:00:00,140.76,15.49,9.8,13.3,19.1,62.9,33.5,False
B004,B004_M2,2025-01-12 21:00:00,129.93,5.77,9.0,15.4,23.2,51.3,47.4,False
B005,B005_M5,2025-01-12 08:00:00,30.95,8.92,10.5,14.6,21.3,44.4,39.7,False
B005,B005_M1,2025-01-12 09:00:00,27.46,19.3,8.4,14.4,23.1,72.3,40.9,False
B005,B005_M3,2025-01-12 10:00:00,25.36,9.0,8.8,16.4,22.8,75.7,38.3,False
B005,B005_M5,2025-01-12 11:00:00,33.48,19.29,7.3,14.8,25.5,77.3,21.9,False
B005,B005_M3,2025-01-12 12:00:00,50.44,8.47,11.8,14.0,19.6,58.5,25.2,True
B005,B005_M1,2025-01-12 13:00:00,33.45,16.67,10.7,14.3,18.3,48.5,41.7,False
B005,B005_M1,2025-01-12 14:00:00,20.96,,11.1,14.4,21.5,50.5,43.1,False
B005,B005_M5,2025-01-12 15:00:00,31.09,,8.3,14.8,25.3,46.4,28.3,False
B005,B005_M4,2025-01-12 16:00:00,36.16,5.76,7.1,13.3,25.7,53.7,35.8,False
B005,B005_M1,2025-01-12 17:00:00,28.9,13.6,12.0,12.2,15.1,72.4,13.6,False
B005,B005_M3,2025-01-12 18:00:00,27.7,,7.2,14.3,27.6,49.1,31.1,False
B005,B005_M4,2025-01-12 19:00:00,27.05,6.84,10.7,12.6,15.2,68.6,17.5,False
B005,B005_M4,2025-01-12 20:00:00,29.95,16.27,11.8,17.0,20.0,73.5,29.3,False
B005,B005_M2,2025-01-12 21:00:00,23.64,7.1,9.1,14.9,21.1,49.2,36.1,False
B001,B001_M1,2025-01-13 08:00:00,112.29,18.0,10.1,16.3,22.3,62.9,14.9,False
B001,B001_M2,2025-01-13 09:00:00,192.84,11.38,11.4,17.6,24.8,64.8,20.6,False
B001,B001_M3,2025-01-13 10:00:00,199.79,14.78,7.5,17.9,15.3,72.0,12.2,False
B001,B001_M2,2025-01-13 11:00:00,282.91,,9.6,15.6,24.9,72.7,38.6,False
B001,B001_M2,2025-01-13 12:00:00,194.71,13.98,10.2,14.5,21.2,59.8,17.4,False
B001,B001_M3,2025-01-13 13:00:00,141.05,,10.3,15.0,25.6,71.0,29.7,False
B001,B001_M3,2025-01-13 14:00:00,282.68,11.9,7.6,16.2,23.5,76.8,35.2,True
B001,B001_M3,2025-01-13 15:00:00,233.97,,8.5,16.0,16.6,50.5,38.7,False
B001,B001_M1,2025-01-13 16:00:00,244.0,,9.3,15.2,23.5,67.1,46.1,False
B001,B001_M2,2025-01-13 17:00:00,209.19,,10.2,16.4,15.7,56.4,15.1,False
B001,B001_M3,2025-01-13 18:00:00,101.18,6.01,10.1,13.2,18.3,45.1,16.0,False
B001,B001_M2,2025-01-13 19:00:00,156.02,8.53,7.7,15.4,27.9,44.4,37.0,False
B001,B001_M1,2025-01-13 20:00:00,113.43,,9.7,15.5,28.1,45.8,31.3,False
B001,B001_M3,2025-01-13 21:00:00,115.19,10.39,7.3,14.3,22.5,40.4,16.0,False
B002,B002_M3,2025-01-13 08:00:00,76.74,13.73,9.7,17.6,18.4,60.1,12.1,False
B002,B002_M2,2025-01-13 09:00:00,178.87,17.98,8.1,12.9,24.8,40.7,27.5,True
B002,B002_M1,2025-01-13 10:00:00,181.3,18.11,8.4,12.5,27.4,64.3,10.3,False
B002,B002_M2,2025-01-13 11:00:00,125.42,9.46,9.5,15.0,19.3,56.5,18.0,False
B002,B002_M4,2025-01-13 12:00:00,121.78,,8.9,12.3,25.1,49.7,24.9,False
B002,B002_M2,2025-01-13 13:00:00,103.7,,9.8,17.5,17.1,57.2,41.1,False
B002,B002_M2,2025-01-13 14:00:00,113.85,,12.0,13.9,22.5,51.4,13.9,False
B002,B002_M4,2025-01-13 15:00:00,110.1,7.56,8.0,15.8,24.6,47.6,17.2,False
B002,B002_M2,2025-01-13 16:00:00,125.06,8.82,9.2,16.5,15.4,50.4,49.7,False
B002,B002_M4,2025-01-13 17:00:00,132.05,13.3,11.2,16.4,29.7,76.0,41.2,False
B002,B002_M2,2025-01-13 18:00:00,78.6,,7.3,14.0,24.2,78.7,28.9,False
B002,B002_M1,2025-01-13 19:00:00,82.9,,7.2,17.0,21.5,72.4,19.4,False
B002,B002_M2,2025-01-13 20:00:00,67.47,,10.5,13.3,25.9,66.3,43.0,False
B002,B002_M4,2025-01-13 21:00:00,74.32,16.59,7.4,14.1,23.8,40.3,31.6,False
B003,B003_M3,2025-01-13 08:00:00,264.77,17.63,8.0,13.6,15.1,75.0,29.8,False
B003,B003_M2,2025-01-13 09:00:00,498.92,,9.5,14.1,27.1,68.4,26.4,False
B003,B003_M4,2025-01-13 10:00:00,391.66,13.94,7.5,16.1,28.4,72.4,36.2,False
B003,B003_M3,2025-01-13 11:00:00,617.93,11.52,9.3,12.8,20.4,61.4,17.9,False
B003,B003_M2,2025-01-13 12:00:00,381.9,12.89,8.6,14.8,29.6,62.2,12.6,False
B003,B003_M3,2025-01-13 13:00:00,511.52,10.31,8.5,15.6,28.1,43.1,27.8,False
B003,B003_M4,2025-01-13 14:00:00,556.34,9.43,11.8,16.1,22.4,64.4,34.9,False
B003,B003_M3,2025-01-13 15:00:00,622.58,12.39,10.9,13.9,17.8,60.6,49.1,False
B003,B003_M4,2025-01-13 16:00:00,485.71,19.29,11.9,16.5,16.3,49.1,39.9,False
B003,B003_M5,2025-01-13 17:00:00,330.26,,8.0,17.3,16.5,72.8,18.9,False
B003,B003_M5,2025-01-13 18:00:00,256.03,,10.5,16.3,27.2,63.0,36.8,False
B003,B003_M5,2025-01-13 19:00:00,321.97,11.03,10.0,13.4,27.9,51.1,33.5,False
B003,B003_M1,2025-01-13 20:00:00,241.2,,10.6,15.9,17.1,78.7,47.7,False
B003,B003_M4,2025-01-13 21:00:00,202.9,5.43,9.6,15.5,19.7,41.6,35.0,False
B004,B004_M1,2025-01-13 08:00:00,174.25,12.71,8.1,16.0,20.7,71.0,19.6,False
B004,B004_M4,2025-01-13 09:00:00,287.18,10.12,10.8,17.3,21.3,50.6,31.5,False
B004,B004_M1,2025-01-13 10:00:00,298.45,12.98,10.1,14.6,20.2,77.6,31.1,False
B004,B004_M4,2025-01-13 11:00:00,379.76,19.99,9.0,16.2,16.3,52.0,37.7,False
B004,B004_M3,2025-01-13 12:00:00,415.51,12.02,7.5,13.2,23.4,55.1,10.4,False
B004,B004_M3,2025-01-13 13:00:00,328.9,6.51,11.5,14.4,28.3,63.5,23.5,False
B004,B004_M4,2025-01-13 14:00:00,219.83,,9.4,13.2,21.1,71.0,24.8,False
B004,B004_M1,2025-01-13 15:00:00,377.26,5.39,10.5,14.8,21.1,43.9,20.7,False
B004,B004_M5,2025-01-13 16:00:00,387.21,12.07,10.1,15.3,20.4,65.6,15.8,False
B004,B004_M3,2025-01-13 17:00:00,277.87,,7.7,16.5,17.8,44.9,34.4,False
B004,B004_M2,2025-01-13 18:00:00,178.14,16.72,7.9,17.8,25.5,51.3,30.7,False
B004,B004_M4,2025-01-13 19:00:00,188.13,,11.2,12.8,23.8,72.6,27.8,False
B004,B004_M5,2025-01-13 20:00:00,219.1,18.29,9.4,15.3,26.0,49.1,45.3,False
B004,B004_M5,2025-01-13 21:00:00,159.55,18.45,10.9,16.8,22.4,53.1,37.0,False
B005,B005_M5,2025-01-13 08:00:00,27.11,,10.1,16.9,21.4,64.8,38.0,False
B005,B005_M4,2025-01-13 09:00:00,63.43,10.44,8.2,14.2,27.0,56.2,32.7,False
B005,B005_M2,2025-01-13 10:00:00,53.04,6.39,8.0,12.9,29.8,60.5,45.3,False
B005,B005_M4,2025-01-13 11:00:00,55.51,15.45,11.3,14.7,21.1,53.6,45.0,False
B005,B005_M5,2025-01-13 12:00:00,69.24,7.29,10.5,13.4,23.4,79.2,35.3,False
B005,B005_M3,2025-01-13 13:00:00,66.56,7.26,9.7,18.0,20.2,70.3,24.9,False
B005,B005_M1,2025-01-13 14:00:00,80.46,,8.2,14.3,24.7,40.0,11.6,False
B005,B005_M1,2025-01-13 15:00:00,91.11,,10.0,13.8,22.5,51.1,30.0,False
B005,B005_M2,2025-01-13 16:00:00,67.47,10.62,8.1,16.8,18.4,77.9,26.7,False
B005,B005_M4,2025-01-13 17:00:00,94.42,18.66,10.0,16.8,26.2,40.4,38.0,False
B005,B005_M2,2025-01-13 18:00:00,39.19,,9.7,12.2,17.4,67.1,49.3,False
B005,B005_M4,2025-01-13 19:00:00,43.41,8.45,9.4,13.3,15.1,48.0,25.4,False
B005,B005_M4,2025-01-13 20:00:00,100.22,14.79,8.4,13.8,22.4,78.5,15.6,True
B005,B005_M5,2025-01-13 21:00:00,52.51,,11.6,13.2,25.6,70.5,40.1,False
B001,B001_M2,2025-01-14 08:00:00,113.21,13.57,11.7,12.6,26.7,61.2,15.7,False
B001,B001_M3,2025-01-14 09:00:00,237.27,,9.5,16.6,23.4,64.1,14.7,False
B001,B001_M1,2025-01-14 10:00:00,273.13,17.54,11.1,14.9,15.5,73.8,23.0,False
B001,B001_M2,2025-01-14 11:00:00,180.76,9.06,10.8,13.0,21.4,69.9,38.3,False
B001,B001_M2,2025-01-14 12:00:00,231.06,11.22,9.6,15.8,16.1,79.6,29.3,False
B001,B001_M1,2025-01-14 13:00:00,241.34,,9.4,16.6,29.3,59.0,49.2,False
B001,B001_M3,2025-01-14 14:00:00,259.26,6.31,11.6,15.1,28.8,49.9,49.2,False
B001,B001_M2,2025-01-14 15:00:00,177.41,7.3,7.4,14.2,28.7,59.6,12.6,False
B001,B001_M2,2025-01-14 16:00:00,200.28,5.43,8.6,14.5,16.2,43.2,23.7,False
B001,B001_M1,2025-01-14 17:00:00,247.28,14.64,7.4,14.0,21.1,65.3,37.3,False
B001,B001_M1,2025-01-14 18:00:00,99.99,8.79,8.6,16.3,24.2,64.9,41.0,False
B001,B001_M3,2025-01-14 19:00:00,112.81,,10.9,12.3,16.4,70.1,40.5,False
B001,B001_M3,2025-01-14 20:00:00,148.02,,10.6,14.2,16.5,63.2,30.8,False
B001,B001_M3,2025-01-14 21:00:00,128.1,6.96,9.9,15.2,24.9,70.6,41.5,False
B002,B002_M1,2025-01-14 08:00:00,66.0,,10.1,16.5,17.8,40.2,24.1,False
B002,B002_M4,2025-01-14 09:00:00,158.2,11.89,7.4,12.4,16.9,46.1,37.2,False
B002,B002_M4,2025-01-14 10:00:00,180.38,16.16,11.3,13.9,26.8,60.7,37.4,False
B002,B002_M3,2025-01-14 11:00:00,88.85,14.33,8.5,16.3,26.5,74.0,18.7,False
B002,B002_M4,2025-01-14 12:00:00,151.55,19.36,8.5,16.1,16.2,72.6,47.9,False
B002,B002_M1,2025-01-14 13:00:00,150.8,6.73,7.4,12.6,26.4,74.4,16.2,False
B002,B002_M3,2025-01-14 14:00:00,84.53,19.51,7.1,17.7,21.3,65.7,16.4,False
B002,B002_M2,2025-01-14 15:00:00,136.05,12.41,8.1,17.2,16.1,76.2,13.9,False
B002,B002_M2,2025-01-14 16:00:00,129.11,15.08,8.1,15.3,27.7,56.9,36.7,False
B002,B002_M4,2025-01-14 17:00:00,143.98,19.55,7.7,15.0,27.8,45.9,23.9,False
B002,B002_M4,2025-01-14 18:00:00,68.63,17.54,11.6,16.4,18.2,75.6,17.9,False
B002,B002_M3,2025-01-14 19:00:00,87.88,17.97,9.9,13.3,18.5,43.1,13.7,False
B002,B002_M4,2025-01-14 20:00:00,71.97,8.75,7.9,17.8,15.1,49.7,46.7,False
B002,B002_M4,2025-01-14 21:00:00,102.66,,7.1,15.8,21.2,42.0,13.4,False
B003,B003_M1,2025-01-14 08:00:00,244.25,11.74,9.7,15.2,18.1,78.4,30.2,False
B003,B003_M5,2025-01-14 09:00:00,503.5,11.38,9.9,12.3,16.6,63.5,25.8,False
B003,B003_M2,2025-01-14 10:00:00,508.5,19.66,7.9,12.6,21.3,40.4,45.5,False
B003,B003_M4,2025-01-14 11:00:00,526.32,7.28,10.8,14.5,19.1,76.2,47.3,False
B003,B003_M1,2025-01-14 12:00:00,518.28,19.93,9.6,15.7,18.1,74.1,17.8,False
B003,B003_M5,2025-01-14 13:00:00,502.25,16.68,7.1,13.6,25.0,71.1,32.4,False
B003,B003_M5,2025-01-14 14:00:00,415.22,18.86,8.1,18.0,22.6,43.3,10.8,False
B003,B003_M1,2025-01-14 15:00:00,437.65,14.09,10.4,14.7,25.5,60.0,38.0,False
B003,B003_M5,2025-01-14 16:00:00,383.64,13.1,7.9,17.0,16.6,42.4,12.9,False
B003,B003_M5,2025-01-14 17:00:00,547.69,8.07,8.9,14.6,23.7,48.4,44.8,False
B003,B003_M1,2025-01-14 18:00:00,329.17,19.86,8.8,16.4,25.8,62.9,48.0,False
B003,B003_M2,2025-01-14 19:00:00,220.26,,10.6,16.1,26.1,43.3,43.6,False
B003,B003_M1,2025-01-14 20:00:00,264.6,16.13,8.1,14.8,29.4,54.4,41.6,False
B003,B003_M2,2025-01-14 21:00:00,316.04,,8.5,15.1,20.8,68.3,46.1,False
B004,B004_M3,2025-01-14 08:00:00,190.06,5.81,11.1,12.4,26.8,71.7,41.8,False
B004,B004_M3,2025-01-14 09:00:00,259.04,,11.9,16.9,26.6,46.7,44.3,False
B004,B004_M3,2025-01-14 10:00:00,542.01,10.34,10.4,12.0,26.1,79.9,40.8,True
B004,B004_M2,2025-01-14 11:00:00,429.8,,11.2,12.5,17.5,75.6,41.1,False
B004,B004_M3,2025-01-14 12:00:00,298.95,,7.4,15.8,29.5,75.8,25.6,False
B004,B004_M4,2025-01-14 13:00:00,253.94,,7.2,15.1,17.8,48.3,24.2,False
B004,B004_M1,2025-01-14 14:00:00,273.72,14.34,9.4,14.4,27.2,69.5,26.7,False
B004,B004_M3,2025-01-14 15:00:00,277.69,19.79,9.1,12.3,15.1,55.1,31.5,False
B004,B004_M5,2025-01-14 16:00:00,441.26,5.99,7.2,12.8,28.0,65.6,44.2,False
B004,B004_M4,2025-01-14 17:00:00,315.38,,7.7,16.3,26.3,54.0,11.8,False
B004,B004_M1,2025-01-14 18:00:00,166.94,7.83,7.3,17.8,29.3,42.3,35.8,False
B004,B004_M1,2025-01-14 19:00:00,214.12,5.04,7.9,12.4,24.3,47.2,39.4,False
B004,B004_M1,2025-01-14 20:00:00,173.55,,11.6,15.4,23.1,66.4,15.3,False
B004,B004_M3,2025-01-14 21:00:00,208.01,14.79,11.8,13.8,22.0,55.1,47.7,False
B005,B005_M5,2025-01-14 08:00:00,33.52,5.29,9.3,17.7,23.4,58.3,32.7,False
B005,B005_M1,2025-01-14 09:00:00,54.87,,10.3,13.6,17.0,73.3,25.4,False
B005,B005_M1,2025-01-14 10:00:00,73.99,6.81,9.4,15.5,18.2,57.2,16.0,False
B005,B005_M4,2025-01-14 11:00:00,54.48,7.19,7.3,17.2,23.5,56.7,27.1,False
B005,B005_M4,2025-01-14 12:00:00,50.01,17.1,10.1,13.1,24.1,66.3,12.3,False
B005,B005_M1,2025-01-14 13:00:00,50.24,11.41,8.0,13.8,20.0,64.1,45.8,False
B005,B005_M4,2025-01-14 14:00:00,80.89,15.83,8.8,13.7,22.8,52.9,39.6,False
B005,B005_M2,2025-01-14 15:00:00,72.78,18.38,11.9,17.8,15.7,70.8,20.3,False
B005,B005_M1,2025-01-14 16:00:00,71.0,,10.6,12.2,29.8,67.5,38.7,False
B005,B005_M2,2025-01-14 17:00:00,61.54,19.23,9.0,14.1,23.4,48.4,27.4,False
B005,B005_M1,2025-01-14 18:00:00,36.1,14.55,11.2,14.2,29.6,51.5,43.7,False
B005,B005_M2,2025-01-14 19:00:00,28.97,,10.1,16.2,24.7,43.9,41.4,False
B005,B005_M4,2025-01-14 20:00:00,41.37,7.07,11.0,16.0,26.5,66.3,29.3,False
B005,B005_M2,2025-01-14 21:00:00,46.39,,8.9,16.2,18.1,51.8,20.9,False
B001,B001_M2,2025-01-15 08:00:00,106.65,7.56,11.6,16.9,15.0,53.6,44.3,False
B001,B001_M1,2025-01-15 09:00:00,213.8,12.84,9.6,15.2,22.6,54.6,37.2,False
B001,B001_M2,2025-01-15 10:00:00,178.81,5.63,11.5,15.4,26.8,71.8,44.9,False
B001,B001_M2,2025-01-15 11:00:00,241.83,17.3,11.5,16.1,19.4,53.6,37.2,False
B001,B001_M3,2025-01-15 12:00:00,212.29,5.49,11.9,16.0,20.3,59.1,13.7,False
B001,B001_M3,2025-01-15 13:00:00,182.44,9.84,11.3,16.3,22.9,46.8,45.9,False
B001,B001_M2,2025-01-15 14:00:00,268.99,,10.3,12.2,21.2,61.1,25.1,False
B001,B001_M2,2025-01-15 15:00:00,216.31,,10.1,12.0,15.5,75.1,46.2,False
B001,B001_M1,2025-01-15 16:00:00,153.9,,8.5,13.6,20.3,43.7,14.3,False
B001,B001_M1,2025-01-15 17:00:00,185.78,16.37,9.7,13.8,25.7,63.6,19.3,False
B001,B001_M2,2025-01-15 18:00:00,93.1,14.78,7.7,12.1,16.6,61.4,33.6,False
B001,B001_M3,2025-01-15 19:00:00,127.1,7.79,11.7,12.4,25.0,47.9,35.8,False
B001,B001_M1,2025-01-15 20:00:00,94.67,13.69,11.7,13.4,20.3,58.6,40.6,False
B001,B001_M3,2025-01-15 21:00:00,92.67,7.49,9.5,17.6,20.7,54.2,25.3,False
B002,B002_M4,2025-01-15 08:00:00,78.31,,11.9,15.3,20.9,63.7,49.1,False
B002,B002_M2,2025-01-15 09:00:00,129.1,7.54,11.8,16.4,23.8,43.9,34.8,False
B002,B002_M3,2025-01-15 10:00:00,123.78,13.6,9.5,15.8,24.5,49.8,16.1,False
B002,B002_M1,2025-01-15 11:00:00,126.02,10.36,7.2,15.7,19.9,45.3,20.8,False
B002,B002_M4,2025-01-15 12:00:00,139.07,15.79,7.6,16.1,26.2,59.8,15.8,False
B002,B002_M3,2025-01-15 13:00:00,171.36,11.4,11.0,17.6,20.3,63.2,43.8,False
B002,B002_M3,2025-01-15 14:00:00,117.75,19.46,11.1,15.2,22.5,44.3,15.1,False
B002,B002_M1,2025-01-15 15:00:00,150.49,19.03,7.1,12.9,22.5,47.2,11.7,False
B002,B002_M3,2025-01-15 16:00:00,127.6,9.18,11.9,13.0,17.9,63.2,19.9,False
B002,B002_M3,2025-01-15 17:00:00,123.56,8.1,9.3,12.2,16.1,64.3,28.6,False
B002,B002_M2,2025-01-15 18:00:00,97.43,,11.0,12.8,20.4,74.6,47.8,False
B002,B002_M1,2025-01-15 19:00:00,67.56,,10.4,17.9,29.3,44.9,41.6,False
B002,B002_M2,2025-01-15 20:00:00,88.37,7.05,7.4,15.8,28.2,45.7,19.7,False
B002,B002_M2,2025-01-15 21:00:00,101.63,9.89,7.4,14.7,19.6,48.5,41.9,False
B003,B003_M1,2025-01-15 08:00:00,323.62,14.43,11.9,17.9,29.0,59.6,22.4,False
B003,B003_M5,2025-01-15 09:00:00,364.1,12.44,8.6,17.6,20.9,70.7,28.2,False
B003,B003_M4,2025-01-15 10:00:00,527.96,19.41,10.1,13.2,22.0,62.8,42.1,False
B003,B003_M2,2025-01-15 11:00:00,372.07,13.55,8.4,14.2,20.7,63.2,30.4,False
B003,B003_M4,2025-01-15 12:00:00,518.37,,9.8,14.2,28.3,52.3,46.6,False
B003,B003_M4,2025-01-15 13:00:00,395.98,,8.4,12.2,17.8,65.5,39.7,False
B003,B003_M5,2025-01-15 14:00:00,463.9,10.75,9.2,16.8,17.5,60.6,39.0,False
B003,B003_M5,2025-01-15 15:00:00,537.77,19.05,8.1,15.9,21.8,68.5,19.8,False
B003,B003_M4,2025-01-15 16:00:00,548.44,9.92,9.3,13.5,23.0,74.9,36.1,False
B003,B003_M1,2025-01-15 17:00:00,530.65,,8.8,13.6,22.4,65.9,29.0,False
B003,B003_M2,2025-01-15 18:00:00,258.96,18.2,8.3,17.7,22.4,47.9,44.0,False
B003,B003_M4,2025-01-15 19:00:00,259.33,,8.0,13.9,16.7,62.7,20.9,False
B003,B003_M4,2025-01-15 20:00:00,266.49,19.2,8.8,12.6,19.9,66.0,21.4,False
B003,B003_M5,2025-01-15 21:00:00,301.5,,11.9,14.1,22.4,41.0,10.9,False
B004,B004_M1,2025-01-15 08:00:00,142.1,12.21,11.1,14.2,28.9,41.2,22.3,False
B004,B004_M4,2025-01-15 09:00:00,305.68,,11.5,15.4,15.7,72.8,31.4,False
B004,B004_M5,2025-01-15 10:00:00,285.89,15.33,9.9,13.3,16.9,59.5,31.1,False
B004,B004_M5,2025-01-15 11:00:00,377.07,18.64,9.6,14.8,26.4,46.7,47.5,False
B004,B004_M3,2025-01-15 12:00:00,318.12,18.9,7.6,12.8,18.6,54.5,11.4,False
B004,B004_M2,2025-01-15 13:00:00,328.88,10.72,7.7,13.5,26.4,69.9,44.6,False
B004,B004_M5,2025-01-15 14:00:00,403.64,,7.2,14.4,15.5,59.7,19.8,False
B004,B004_M3,2025-01-15 15:00:00,358.34,7.25,7.7,14.7,15.4,64.3,10.6,False
B004,B004_M5,2025-01-15 16:00:00,269.98,9.53,8.2,14.7,18.5,72.2,14.5,False
B004,B004_M4,2025-01-15 17:00:00,305.49,11.36,7.0,15.2,20.0,59.4,16.3,False
B004,B004_M4,2025-01-15 18:00:00,144.32,17.38,10.1,16.4,27.6,46.1,40.1,False
B004,B004_M2,2025-01-15 19:00:00,233.16,9.49,9.8,17.5,24.6,41.3,28.6,False
B004,B004_M1,2025-01-15 20:00:00,216.68,12.09,10.1,16.3,19.7,49.7,29.4,False
B004,B004_M4,2025-01-15 21:00:00,211.25,5.16,7.7,13.6,16.9,73.7,17.0,False
B005,B005_M2,2025-01-15 08:00:00,49.39,17.07,11.0,16.4,25.3,48.9,33.9,False
B005,B005_M4,2025-01-15 09:00:00,66.57,,7.2,16.2,29.7,47.8,14.8,False
B005,B005_M4,2025-01-15 10:00:00,58.21,19.4,8.4,17.4,25.8,52.1,24.0,False
B005,B005_M4,2025-01-15 11:00:00,62.18,5.66,11.7,16.0,29.0,71.3,41.2,False
B005,B005_M5,2025-01-15 12:00:00,65.13,,7.9,15.8,25.8,54.9,45.3,False
B005,B005_M3,2025-01-15 13:00:00,45.22,18.0,10.3,16.7,27.0,68.5,16.4,False
B005,B005_M2,2025-01-15 14:00:00,94.46,,10.7,12.2,20.7,78.9,25.5,False
B005,B005_M4,2025-01-15 15:00:00,55.72,13.31,10.6,15.9,26.9,40.7,43.1,False
B005,B005_M3,2025-01-15 16:00:00,91.64,5.63,8.2,17.1,17.7,54.8,47.3,False
B005,B005_M2,2025-01-15 17:00:00,55.87,17.27,8.3,17.9,15.9,44.3,46.8,False
B005,B005_M2,2025-01-15 18:00:00,33.86,11.38,9.3,13.6,29.0,72.8,23.1,False
B005,B005_M3,2025-01-15 19:00:00,45.8,12.36,8.3,15.7,28.9,61.5,44.7,False
B005,B005_M4,2025-01-15 20:00:00,36.16,5.78,8.3,16.6,18.1,49.9,31.7,False
B005,B005_M3,2025-01-15 21:00:00,42.75,,10.5,13.6,26.2,65.2,49.0,False
B001,B001_M1,2025-01-16 08:00:00,121.8,,8.1,12.4,15.6,51.2,26.0,False
B001,B001_M1,2025-01-16 09:00:00,186.93,,10.8,13.1,20.8,64.6,44.6,False
B001,B001_M3,2025-01-16 10:00:00,171.74,8.76,8.3,12.4,22.9,77.6,37.1,False
B001,B001_M2,2025-01-16 11:00:00,212.02,18.8,9.0,14.5,18.7,74.5,16.4,False
B001,B001_M3,2025-01-16 12:00:00,143.51,,10.8,15.3,28.0,51.7,38.2,False
B001,B001_M1,2025-01-16 13:00:00,303.61,14.5,7.2,15.9,21.9,73.8,48.4,False
B001,B001_M2,2025-01-16 14:00:00,153.59,17.73,8.9,17.7,17.6,79.9,23.4,False
B001,B001_M1,2025-01-16 15:00:00,213.22,18.86,10.4,12.9,23.3,41.2,31.0,False
B001,B001_M1,2025-01-16 16:00:00,209.61,12.66,7.3,12.3,22.3,55.3,12.7,False
B001,B001_M1,2025-01-16 17:00:00,219.66,7.53,7.2,15.6,24.6,44.8,39.6,False
B001,B001_M1,2025-01-16 18:00:00,111.75,,9.0,14.9,22.8,45.7,12.3,False
B001,B001_M2,2025-01-16 19:00:00,118.86,,8.1,13.9,18.0,75.4,41.5,False
B001,B001_M1,2025-01-16 20:00:00,120.71,,8.2,13.8,29.0,55.6,41.1,False
B001,B001_M1,2025-01-16 21:00:00,124.4,19.56,10.5,14.7,22.1,76.3,23.2,False
B002,B002_M4,2025-01-16 08:00:00,89.44,10.35,10.6,17.4,27.6,43.2,45.0,False
B002,B002_M3,2025-01-16 09:00:00,111.35,,7.4,16.7,15.2,41.2,27.6,False
B002,B002_M4,2025-01-16 10:00:00,105.27,8.43,8.2,16.6,27.7,73.5,43.4,False
B002,B002_M3,2025-01-16 11:00:00,140.67,,10.8,13.6,19.3,61.8,47.4,False
B002,B002_M3,2025-01-16 12:00:00,147.16,13.56,9.2,15.0,17.6,73.5,23.7,False
B002,B002_M3,2025-01-16 13:00:00,183.46,13.55,8.5,13.8,27.3,52.6,31.3,False
B002,B002_M3,2025-01-16 14:00:00,124.63,6.53,7.4,15.2,19.9,56.3,12.8,False
B002,B002_M3,2025-01-16 15:00:00,133.66,9.59,7.4,13.2,25.7,47.3,34.7,False
B002,B002_M1,2025-01-16 16:00:00,123.37,15.04,10.6,16.6,27.3,43.6,44.6,False
B002,B002_M2,2025-01-16 17:00:00,141.67,17.64,7.7,15.8,18.4,61.8,41.2,False
B002,B002_M2,2025-01-16 18:00:00,87.2,,9.9,16.5,17.1,66.4,11.2,False
B002,B002_M4,2025-01-16 19:00:00,75.47,,8.7,17.1,25.0,76.4,40.8,False
B002,B002_M4,2025-01-16 20:00:00,79.8,18.91,10.0,17.3,25.1,51.6,21.4,False
B002,B002_M2,2025-01-16 21:00:00,89.5,5.72,8.2,15.8,28.3,41.3,34.1,False
B003,B003_M3,2025-01-16 08:00:00,229.91,,9.6,13.5,24.5,58.1,13.1,False
B003,B003_M1,2025-01-16 09:00:00,379.5,11.66,11.2,17.9,22.4,51.7,35.3,False
B003,B003_M2,2025-01-16 10:00:00,412.42,,8.4,12.9,25.8,55.1,24.0,False
B003,B003_M5,2025-01-16 11:00:00,587.83,14.83,10.9,14.2,24.4,70.9,35.4,False
B003,B003_M1,2025-01-16 12:00:00,472.05,5.18,8.5,12.4,15.7,77.3,37.1,False
B003,B003_M1,2025-01-16 13:00:00,498.29,10.22,10.1,15.7,26.7,70.0,38.6,False
B003,B003_M1,2025-01-16 14:00:00,434.66,19.5,10.3,14.7,27.7,48.5,35.5,False
B003,B003_M5,2025-01-16 15:00:00,506.02,19.57,7.8,16.5,17.0,65.0,46.7,False
B003,B003_M2,2025-01-16 16:00:00,497.58,17.37,8.9,13.1,18.3,50.5,34.6,False
B003,B003_M1,2025-01-16 17:00:00,405.11,,10.1,16.2,21.0,73.5,39.5,False
B003,B003_M1,2025-01-16 18:00:00,215.64,10.63,11.9,13.4,21.8,71.5,28.8,False
B003,B003_M2,2025-01-16 19:00:00,310.61,11.66,9.3,16.5,20.2,56.7,43.7,False
B003,B003_M5,2025-01-16 20:00:00,301.69,12.5,8.2,12.2,28.5,71.9,18.9,False
B003,B003_M4,2025-01-16 21:00:00,302.37,13.99,11.7,16.8,17.3,73.9,15.7,False
B004,B004_M1,2025-01-16 08:00:00,173.61,10.22,11.2,17.1,28.5,79.0,14.1,False
B004,B004_M3,2025-01-16 09:00:00,293.58,,9.1,18.0,27.3,62.0,38.0,False
B004,B004_M1,2025-01-16 10:00:00,272.79,12.33,8.0,14.5,28.6,66.3,30.9,False
B004,B004_M3,2025-01-16 11:00:00,341.21,,8.2,14.5,22.5,42.7,16.7,False
B004,B004_M3,2025-01-16 12:00:00,759.15,,10.0,14.6,20.2,58.9,15.6,True
B004,B004_M3,2025-01-16 13:00:00,309.44,7.94,9.6,16.0,24.0,59.1,11.8,False
B004,B004_M2,2025-01-16 14:00:00,341.06,15.38,7.6,16.7,24.3,48.7,46.5,False
B004,B004_M1,2025-01-16 15:00:00,349.43,11.52,12.0,17.3,24.2,67.7,11.1,False
B004,B004_M4,2025-01-16 16:00:00,299.78,8.33,9.7,15.2,29.4,53.2,36.5,False
B004,B004_M3,2025-01-16 17:00:00,366.85,10.25,8.3,16.0,24.5,63.4,33.1,False
B004,B004_M1,2025-01-16 18:00:00,196.77,16.42,11.3,12.0,15.7,74.7,13.9,False
B004,B004_M3,2025-01-16 19:00:00,211.77,13.99,9.6,16.7,16.2,47.8,15.2,False
B004,B004_M1,2025-01-16 20:00:00,183.67,15.44,9.4,16.6,20.0,49.7,17.8,False
B004,B004_M1,2025-01-16 21:00:00,202.87,,10.3,14.5,24.5,46.0,12.2,False
B005,B005_M3,2025-01-16 08:00:00,29.22,11.44,7.5,16.4,25.7,65.7,37.0,False
B005,B005_M2,2025-01-16 09:00:00,43.96,11.09,10.5,13.3,19.2,51.4,12.6,False
B005,B005_M5,2025-01-16 10:00:00,61.53,,7.5,15.2,28.7,45.0,26.6,False
B005,B005_M1,2025-01-16 11:00:00,53.8,11.05,11.9,16.8,29.5,61.6,12.8,False
B005,B005_M4,2025-01-16 12:00:00,73.15,5.71,9.3,13.4,27.5,58.7,46.4,False
B005,B005_M3,2025-01-16 13:00:00,65.06,,10.8,12.6,17.5,52.9,14.4,False
B005,B005_M3,2025-01-16 14:00:00,84.37,,7.1,17.3,26.8,72.7,22.3,False
B005,B005_M4,2025-01-16 15:00:00,45.13,,11.1,14.9,22.1,53.3,43.8,False
B005,B005_M5,2025-01-16 16:00:00,68.17,17.5,10.9,17.7,19.8,40.6,33.5,False
B005,B005_M4,2025-01-16 17:00:00,52.99,7.61,12.0,14.0,17.7,71.2,33.8,False
B005,B005_M3,2025-01-16 18:00:00,38.89,,10.2,16.1,15.8,61.9,15.6,False
B005,B005_M2,2025-01-16 19:00:00,35.05,10.88,10.6,15.8,18.0,54.6,39.3,False
B005,B005_M2,2025-01-16 20:00:00,39.79,,8.0,12.7,29.3,72.6,14.6,False
B005,B005_M3,2025-01-16 21:00:00,32.92,,11.3,17.7,28.0,65.8,15.6,False
B001,B001_M1,2025-01-17 08:00:00,144.77,,11.5,16.7,20.2,71.7,25.3,False
B001,B001_M3,2025-01-17 09:00:00,189.67,,9.4,12.2,17.2,65.3,48.9,False
B001,B001_M3,2025-01-17 10:00:00,381.41,13.21,11.2,14.9,20.2,48.6,37.8,True
B001,B001_M1,2025-01-17 11:00:00,162.45,,11.7,15.2,15.0,60.6,14.9,False
B001,B001_M1,2025-01-17 12:00:00,184.43,13.81,11.8,12.7,23.5,63.9,42.4,False
B001,B001_M3,2025-01-17 13:00:00,263.36,16.59,11.8,12.9,26.6,58.6,44.6,False
B001,B001_M2,2025-01-17 14:00:00,198.53,14.33,11.2,17.6,22.2,42.8,41.2,False
B001,B001_M3,2025-01-17 15:00:00,517.37,,7.3,13.2,16.5,65.4,35.9,True
B001,B001_M2,2025-01-17 16:00:00,236.1,,11.5,16.2,25.7,41.1,43.6,False
B001,B001_M3,2025-01-17 17:00:00,149.93,11.64,7.3,14.6,23.8,69.4,43.8,False
B001,B001_M1,2025-01-17 18:00:00,90.73,,8.2,13.9,27.6,78.8,20.3,False
B001,B001_M1,2025-01-17 19:00:00,124.19,,10.6,12.2,28.4,40.6,38.0,False
B001,B001_M1,2025-01-17 20:00:00,159.49,,11.9,17.5,23.1,77.0,42.0,False
B001,B001_M2,2025-01-17 21:00:00,121.65,19.49,9.8,17.0,27.9,42.8,40.7,False
B002,B002_M4,2025-01-17 08:00:00,94.77,,9.0,15.8,18.6,64.1,28.4,False
B002,B002_M3,2025-01-17 09:00:00,138.36,6.78,7.2,15.2,20.2,47.8,46.8,False
B002,B002_M1,2025-01-17 10:00:00,152.14,14.07,10.2,16.4,25.7,49.4,10.9,False
B002,B002_M1,2025-01-17 11:00:00,123.09,,10.4,12.2,27.2,60.0,26.9,False
B002,B002_M3,2025-01-17 12:00:00,103.82,17.71,7.1,16.7,27.1,63.4,14.5,False
B002,B002_M2,2025-01-17 13:00:00,155.79,,11.0,14.0,17.4,42.7,36.5,False
B002,B002_M2,2025-01-17 14:00:00,118.68,17.54,10.9,12.7,16.4,58.2,35.6,False
B002,B002_M3,2025-01-17 15:00:00,103.38,18.64,8.6,14.7,21.2,60.9,36.5,False
B002,B002_M3,2025-01-17 16:00:00,159.06,,12.0,18.0,22.8,55.5,20.7,False
B002,B002_M1,2025-01-17 17:00:00,94.49,,9.9,14.1,17.0,56.7,49.6,False
B002,B002_M1,2025-01-17 18:00:00,76.4,15.58,11.2,16.0,25.9,63.7,37.8,False
B002,B002_M3,2025-01-17 19:00:00,83.95,5.86,11.9,14.6,18.9,49.2,37.0,True
B002,B002_M4,2025-01-17 20:00:00,82.63,,7.1,13.1,18.9,62.9,23.9,False
B002,B002_M4,2025-01-17 21:00:00,51.3,11.26,10.5,16.7,27.3,74.3,12.4,False
B003,B003_M1,2025-01-17 08:00:00,218.82,,7.3,14.2,24.7,53.9,48.1,False
B003,B003_M4,2025-01-17 09:00:00,499.96,,8.1,12.8,20.3,77.2,20.4,False
B003,B003_M3,2025-01-17 10:00:00,528.91,10.99,11.0,16.1,18.5,71.1,13.8,False
B003,B003_M2,2025-01-17 11:00:00,466.34,,7.1,12.8,24.8,60.7,33.0,False
B003,B003_M3,2025-01-17 12:00:00,1291.46,,10.9,17.2,27.3,67.1,16.0,True
B003,B003_M3,2025-01-17 13:00:00,453.39,14.1,9.7,13.8,15.0,66.2,23.5,False
B003,B003_M3,2025-01-17 14:00:00,428.73,10.16,9.6,14.1,27.4,76.5,29.9,False
B003,B003_M3,2025-01-17 15:00:00,459.68,17.0,10.6,14.4,16.2,51.4,39.9,False
B003,B003_M2,2025-01-17 16:00:00,381.12,12.05,8.8,14.8,23.6,50.7,32.9,False
B003,B003_M4,2025-01-17 17:00:00,687.47,9.9,8.1,14.0,15.4,74.1,48.8,False
B003,B003_M5,2025-01-17 18:00:00,344.04,,7.2,16.4,22.5,56.6,28.4,False
B003,B003_M5,2025-01-17 19:00:00,209.26,9.87,7.6,12.5,26.2,45.7,49.2,False
B003,B003_M4,2025-01-17 20:00:00,257.17,6.25,11.4,15.1,24.6,68.8,31.1,False
B003,B003_M4,2025-01-17 21:00:00,242.31,,7.8,15.5,26.8,40.2,49.7,False
B004,B004_M2,2025-01-17 08:00:00,229.58,14.98,8.3,13.6,16.9,43.7,33.4,False
B004,B004_M2,2025-01-17 09:00:00,321.99,9.96,9.6,13.9,17.7,78.2,48.6,False
B004,B004_M5,2025-01-17 10:00:00,274.38,9.11,11.2,17.1,24.8,64.5,31.5,False
B004,B004_M5,2025-01-17 11:00:00,364.37,5.45,7.7,13.3,18.0,47.6,10.7,False
B004,B004_M5,2025-01-17 12:00:00,270.02,5.39,9.5,12.1,29.8,61.7,29.9,False
B004,B004_M3,2025-01-17 13:00:00,315.07,15.94,10.5,12.5,18.4,45.8,31.0,False
B004,B004_M3,2025-01-17 14:00:00,685.19,10.27,8.6,13.1,23.4,70.0,23.9,True
B004,B004_M4,2025-01-17 15:00:00,386.96,,8.4,15.5,21.1,49.8,42.4,False
B004,B004_M5,2025-01-17 16:00:00,275.93,12.0,7.6,15.5,28.8,48.1,14.4,False
B004,B004_M2,2025-01-17 17:00:00,293.39,,8.9,17.6,29.7,41.6,49.9,False
B004,B004_M2,2025-01-17 18:00:00,186.9,7.46,7.5,17.0,22.4,44.5,12.7,False
B004,B004_M2,2025-01-17 19:00:00,186.43,11.24,11.6,14.1,22.6,57.4,40.6,False
B004,B004_M3,2025-01-17 20:00:00,220.34,,10.5,17.5,16.2,61.3,11.6,False
B004,B004_M1,2025-01-17 21:00:00,199.66,11.12,7.2,17.5,26.0,45.3,34.2,False
B005,B005_M3,2025-01-17 08:00:00,33.54,8.84,10.9,14.5,28.3,48.9,42.6,False
B005,B005_M2,2025-01-17 09:00:00,65.17,11.18,9.5,14.2,15.7,63.8,22.8,False
B005,B005_M3,2025-01-17 10:00:00,86.16,16.97,10.1,14.5,15.4,75.0,21.3,False
B005,B005_M4,2025-01-17 11:00:00,73.15,,7.9,13.2,25.2,45.8,22.4,False
B005,B005_M5,2025-01-17 12:00:00,49.23,,7.1,15.0,23.1,76.5,18.4,False
B005,B005_M4,2025-01-17 13:00:00,72.6,,7.7,14.3,17.2,65.7,39.4,False
B005,B005_M2,2025-01-17 14:00:00,52.49,11.03,11.2,12.7,22.1,40.2,44.2,False
B005,B005_M3,2025-01-17 15:00:00,49.54,10.77,10.6,15.3,25.8,57.1,29.3,False
B005,B005_M1,2025-01-17 16:00:00,60.21,8.53,10.2,16.7,16.6,48.8,46.9,False
B005,B005_M3,2025-01-17 17:00:00,61.87,,8.9,14.0,25.1,66.8,17.1,False
B005,B005_M1,2025-01-17 18:00:00,55.0,7.21,9.5,14.1,20.6,48.4,27.9,False
B005,B005_M3,2025-01-17 19:00:00,47.05,,10.3,15.2,23.3,79.1,12.5,False
B005,B005_M4,2025-01-17 20:00:00,38.88,16.17,11.0,16.2,27.0,69.7,21.7,False
B005,B005_M3,2025-01-17 21:00:00,35.94,13.84,10.9,15.0,15.3,53.1,14.6,False
B001,B001_M1,2025-01-18 08:00:00,134.35,18.86,10.4,17.8,16.5,51.2,18.9,False
B001,B001_M1,2025-01-18 09:00:00,96.75,,11.6,16.8,21.5,75.6,49.7,False
B001,B001_M3,2025-01-18 10:00:00,92.6,14.39,9.5,14.4,16.6,40.8,34.0,False
B001,B001_M2,2025-01-18 11:00:00,91.88,8.99,11.2,12.3,24.1,75.8,11.2,False
B001,B001_M1,2025-01-18 12:00:00,90.66,9.28,11.9,12.6,15.5,69.7,13.3,False
B001,B001_M1,2025-01-18 13:00:00,83.62,15.29,8.0,16.2,20.5,58.6,40.9,False
B001,B001_M3,2025-01-18 14:00:00,90.96,5.39,9.1,14.7,29.2,52.1,23.8,False
B001,B001_M2,2025-01-18 15:00:00,104.16,6.0,8.9,12.3,22.4,40.1,49.3,False
B001,B001_M1,2025-01-18 16:00:00,59.49,,9.1,16.1,22.5,41.1,36.3,False
B001,B001_M2,2025-01-18 17:00:00,110.53,11.2,9.6,13.9,19.1,66.0,32.3,False
B001,B001_M3,2025-01-18 18:00:00,102.99,6.57,8.1,12.1,23.3,47.7,47.4,False
B001,B001_M3,2025-01-18 19:00:00,117.83,14.61,11.0,14.8,27.2,78.9,25.8,False
B001,B001_M1,2025-01-18 20:00:00,68.19,18.57,8.5,12.7,28.9,59.4,41.3,False
B001,B001_M2,2025-01-18 21:00:00,83.75,,9.7,15.6,29.6,74.3,44.3,False
B002,B002_M3,2025-01-18 08:00:00,49.88,16.05,7.7,17.9,23.6,53.8,31.4,False
B002,B002_M2,2025-01-18 09:00:00,40.82,,7.4,13.0,17.6,52.1,17.5,False
B002,B002_M3,2025-01-18 10:00:00,62.59,16.66,10.4,16.5,21.8,69.3,12.4,False
B002,B002_M1,2025-01-18 11:00:00,64.11,,11.0,15.6,29.6,54.7,46.2,False
B002,B002_M4,2025-01-18 12:00:00,49.51,8.94,8.1,15.9,15.8,60.9,10.7,False
B002,B002_M3,2025-01-18 13:00:00,49.0,17.44,11.6,14.6,22.8,42.8,43.0,False
B002,B002_M1,2025-01-18 14:00:00,57.74,14.88,9.2,15.2,24.8,66.4,30.6,False
B002,B002_M3,2025-01-18 15:00:00,59.11,,11.6,14.3,17.1,68.1,29.8,False
B002,B002_M2,2025-01-18 16:00:00,109.19,14.64,7.4,15.4,29.8,49.0,43.9,True
B002,B002_M3,2025-01-18 17:00:00,40.31,,8.3,12.6,26.6,71.3,34.5,False
B002,B002_M2,2025-01-18 18:00:00,47.51,11.16,8.8,12.4,26.0,70.7,45.3,False
B002,B002_M2,2025-01-18 19:00:00,73.23,12.13,8.9,16.5,28.0,51.3,23.2,False
B002,B002_M2,2025-01-18 20:00:00,80.5,,7.4,16.2,27.0,77.2,11.0,False
B002,B002_M4,2025-01-18 21:00:00,60.11,,9.1,13.9,23.7,64.8,47.6,False
B003,B003_M4,2025-01-18 08:00:00,164.95,15.6,11.6,12.7,26.7,75.7,24.3,False
B003,B003_M4,2025-01-18 09:00:00,188.35,10.47,11.5,13.8,17.2,79.4,27.9,False
B003,B003_M2,2025-01-18 10:00:00,211.79,,7.5,12.1,22.7,59.5,12.2,False
B003,B003_M2,2025-01-18 11:00:00,196.31,,8.7,14.5,20.1,53.7,33.1,False
B003,B003_M5,2025-01-18 12:00:00,201.82,12.98,8.2,15.3,16.6,60.2,40.5,False
B003,B003_M5,2025-01-18 13:00:00,315.98,10.69,12.0,16.3,19.9,70.0,19.2,False
B003,B003_M1,2025-01-18 14:00:00,178.67,,10.3,14.2,24.8,74.3,43.9,False
B003,B003_M1,2025-01-18 15:00:00,158.37,14.11,10.5,14.2,22.5,43.9,29.1,False
B003,B003_M1,2025-01-18 16:00:00,136.11,,8.1,12.9,16.1,69.5,11.7,False
B003,B003_M1,2025-01-18 17:00:00,220.65,,11.0,17.1,16.3,53.1,20.0,False
B003,B003_M2,2025-01-18 18:00:00,170.97,16.51,8.7,15.2,27.2,58.2,25.9,False
B003,B003_M3,2025-01-18 19:00:00,215.45,18.44,11.0,15.5,18.7,47.8,16.9,False
B003,B003_M2,2025-01-18 20:00:00,206.82,11.35,8.7,15.0,29.4,50.3,20.9,False
B003,B003_M3,2025-01-18 21:00:00,262.58,16.74,7.8,12.6,20.3,57.4,21.3,False
B004,B004_M2,2025-01-18 08:00:00,216.05,11.47,11.5,13.3,23.1,49.3,17.9,True
B004,B004_M4,2025-01-18 09:00:00,101.21,,11.1,14.9,21.4,57.6,27.4,False
B004,B004_M3,2025-01-18 10:00:00,118.97,9.53,11.1,14.8,28.8,69.6,20.9,False
B004,B004_M4,2025-01-18 11:00:00,180.15,9.13,10.7,12.4,23.5,79.0,45.8,True
B004,B004_M2,2025-01-18 12:00:00,127.05,15.13,8.0,17.4,21.7,60.2,19.0,False
B004,B004_M4,2025-01-18 13:00:00,138.14,,7.2,13.0,21.9,63.7,30.2,False
B004,B004_M5,2025-01-18 14:00:00,131.29,,10.0,16.7,15.4,57.6,35.6,False
B004,B004_M3,2025-01-18 15:00:00,139.51,19.83,10.5,16.7,28.1,55.7,17.1,False
B004,B004_M5,2025-01-18 16:00:00,145.22,12.67,11.5,12.8,21.7,68.2,29.7,False
B004,B004_M5,2025-01-18 17:00:00,100.31,,9.3,16.9,29.2,41.6,15.0,False
B004,B004_M3,2025-01-18 18:00:00,149.76,,11.0,13.9,22.9,75.9,27.6,False
B004,B004_M4,2025-01-18 19:00:00,104.68,5.74,10.2,12.0,16.6,69.8,27.0,False
B004,B004_M2,2025-01-18 20:00:00,117.98,7.79,9.9,13.7,29.2,44.0,25.9,False
B004,B004_M3,2025-01-18 21:00:00,148.94,5.22,11.4,12.4,27.4,79.0,24.9,False
B005,B005_M1,2025-01-18 08:00:00,34.88,,7.7,17.0,24.9,51.6,36.7,False
B005,B005_M3,2025-01-18 09:00:00,25.73,6.72,9.5,15.8,24.7,64.1,22.5,False
B005,B005_M2,2025-01-18 10:00:00,40.27,14.02,7.3,16.2,22.9,61.2,45.4,False
B005,B005_M1,2025-01-18 11:00:00,41.15,15.69,11.9,15.0,29.4,68.4,17.0,False
B005,B005_M2,2025-01-18 12:00:00,31.51,13.85,10.8,12.4,23.7,52.9,35.2,False
B005,B005_M3,2025-01-18 13:00:00,25.36,8.66,11.3,15.1,20.5,71.0,43.4,False
B005,B005_M1,2025-01-18 14:00:00,38.27,17.17,8.2,16.8,19.5,72.9,43.3,False
B005,B005_M2,2025-01-18 15:00:00,29.74,18.44,10.4,13.9,16.2,57.0,25.4,False
B005,B005_M3,2025-01-18 16:00:00,22.26,9.58,7.3,12.6,18.6,74.0,14.9,False
B005,B005_M5,2025-01-18 17:00:00,24.75,11.98,8.5,14.7,25.4,53.8,25.5,False
B005,B005_M5,2025-01-18 18:00:00,37.29,10.09,8.0,15.1,20.1,66.6,31.0,False
B005,B005_M5,2025-01-18 19:00:00,65.28,16.73,9.2,13.7,20.5,48.6,30.5,True
B005,B005_M3,2025-01-18 20:00:00,25.36,,8.4,12.2,16.9,46.3,49.5,False
B005,B005_M5,2025-01-18 21:00:00,27.56,6.1,9.1,15.9,29.9,57.2,32.6,False
B001,B001_M1,2025-01-19 08:00:00,79.8,13.43,8.0,15.4,17.4,74.2,42.7,False
B001,B001_M2,2025-01-19 09:00:00,80.56,,9.7,14.6,25.9,72.2,40.8,False
B001,B001_M3,2025-01-19 10:00:00,103.73,18.46,8.7,17.9,20.6,49.2,33.7,False
B001,B001_M1,2025-01-19 11:00:00,78.17,14.28,12.0,12.8,20.9,67.2,19.6,False
B001,B001_M2,2025-01-19 12:00:00,179.25,13.08,9.9,12.2,16.2,65.4,11.5,True
B001,B001_M1,2025-01-19 13:00:00,132.6,,10.3,14.0,15.5,41.0,44.2,False
B001,B001_M1,2025-01-19 14:00:00,113.97,9.26,9.0,16.6,29.7,44.5,21.9,False
B001,B001_M1,2025-01-19 15:00:00,74.72,14.01,8.1,12.6,21.8,62.7,40.5,False
B001,B001_M2,2025-01-19 16:00:00,82.05,9.06,8.3,14.7,26.1,59.4,22.8,False
B001,B001_M1,2025-01-19 17:00:00,111.21,14.2,7.7,13.1,21.1,78.0,11.7,False
B001,B001_M3,2025-01-19 18:00:00,132.62,,8.0,16.2,26.4,42.1,33.3,False
B001,B001_M2,2025-01-19 19:00:00,57.41,,10.6,14.0,18.0,43.4,22.3,False
B001,B001_M3,2025-01-19 20:00:00,125.4,19.79,7.2,16.7,15.2,61.5,36.7,False
B001,B001_M3,2025-01-19 21:00:00,88.74,16.5,9.5,12.9,28.4,45.5,10.2,False
B002,B002_M4,2025-01-19 08:00:00,60.75,,10.6,16.6,20.1,42.1,19.3,False
B002,B002_M1,2025-01-19 09:00:00,55.57,7.91,9.0,13.3,22.9,48.8,22.8,False
B002,B002_M1,2025-01-19 10:00:00,44.8,14.53,7.7,13.2,16.4,55.3,13.3,False
B002,B002_M3,2025-01-19 11:00:00,68.03,19.2,8.5,16.8,26.1,69.2,46.7,False
B002,B002_M1,2025-01-19 12:00:00,67.62,,11.5,15.3,22.1,61.5,25.9,False
B002,B002_M4,2025-01-19 13:00:00,37.96,,10.6,13.4,21.1,73.8,17.6,False
B002,B002_M3,2025-01-19 14:00:00,46.65,15.88,10.0,16.3,18.1,47.5,18.9,False
B002,B002_M4,2025-01-19 15:00:00,161.1,11.13,9.9,14.9,28.3,66.8,41.1,True
B002,B002_M1,2025-01-19 16:00:00,44.89,6.32,11.1,12.6,17.1,55.3,33.0,False
B002,B002_M1,2025-01-19 17:00:00,66.74,,11.7,16.3,25.8,46.7,32.2,False
B002,B002_M4,2025-01-19 18:00:00,49.63,,9.9,12.4,28.2,62.0,37.1,False
B002,B002_M2,2025-01-19 19:00:00,39.62,17.55,11.5,13.2,28.8,41.0,33.8,False
B002,B002_M1,2025-01-19 20:00:00,68.87,,8.8,16.2,27.0,75.1,46.1,False
B002,B002_M4,2025-01-19 21:00:00,79.15,18.07,10.7,13.1,24.6,58.5,19.9,False
B003,B003_M2,2025-01-19 08:00:00,294.67,15.34,11.6,15.8,15.5,43.2,25.4,False
B003,B003_M5,2025-01-19 09:00:00,161.25,10.39,10.6,14.8,20.8,59.6,17.9,False
B003,B003_M4,2025-01-19 10:00:00,216.21,7.16,10.1,17.3,22.6,44.8,12.9,False
B003,B003_M2,2025-01-19 11:00:00,186.0,18.45,8.2,17.8,26.1,78.4,32.4,False
B003,B003_M4,2025-01-19 12:00:00,205.04,7.37,11.3,16.3,29.4,63.3,41.1,False
B003,B003_M3,2025-01-19 13:00:00,245.35,6.76,7.5,12.3,15.6,51.5,29.0,False
B003,B003_M1,2025-01-19 14:00:00,240.23,17.13,9.7,17.3,17.7,77.0,17.0,False
B003,B003_M4,2025-01-19 15:00:00,295.87,,12.0,16.9,23.3,63.7,44.9,True
B003,B003_M5,2025-01-19 16:00:00,312.23,5.6,10.4,13.0,27.5,49.7,11.5,True
B003,B003_M2,2025-01-19 17:00:00,275.9,,9.7,17.3,19.8,58.4,42.3,False
B003,B003_M1,2025-01-19 18:00:00,236.85,,9.3,15.0,20.9,61.3,46.7,False
B003,B003_M4,2025-01-19 19:00:00,204.76,5.36,11.8,16.6,25.7,48.6,13.1,False
B003,B003_M5,2025-01-19 20:00:00,150.84,,11.3,14.6,23.4,64.8,12.0,False
B003,B003_M5,2025-01-19 21:00:00,201.79,7.87,9.3,14.4,22.0,50.2,37.2,False
B004,B004_M1,2025-01-19 08:00:00,181.5,15.65,10.1,14.0,26.6,46.4,17.0,False
B004,B004_M2,2025-01-19 09:00:00,145.02,,9.6,17.6,21.3,67.7,48.2,False
B004,B004_M1,2025-01-19 10:00:00,111.65,16.71,9.1,16.6,15.3,75.1,17.0,False
B004,B004_M5,2025-01-19 11:00:00,142.46,,9.1,16.9,21.3,43.2,21.2,False
B004,B004_M2,2025-01-19 12:00:00,166.09,14.21,10.0,16.0,25.4,43.2,13.1,False
B004,B004_M4,2025-01-19 13:00:00,119.02,,10.0,17.3,25.4,41.6,26.1,False
B004,B004_M1,2025-01-19 14:00:00,112.94,15.77,11.7,15.8,24.4,68.7,14.2,False
B004,B004_M5,2025-01-19 15:00:00,104.98,19.81,7.2,12.9,27.3,54.6,40.9,False
B004,B004_M3,2025-01-19 16:00:00,116.74,,11.7,13.7,17.9,47.6,28.4,False
B004,B004_M4,2025-01-19 17:00:00,168.98,19.8,10.2,17.1,28.8,57.1,43.5,False
B004,B004_M5,2025-01-19 18:00:00,112.76,,7.8,17.0,27.3,71.8,25.0,False
B004,B004_M1,2025-01-19 19:00:00,148.06,,9.5,16.3,29.2,66.9,43.1,False
B004,B004_M4,2025-01-19 20:00:00,154.26,12.39,11.3,14.2,28.2,77.0,18.4,False
B004,B004_M3,2025-01-19 21:00:00,162.55,9.32,10.0,17.9,29.7,71.3,19.0,False
B005,B005_M2,2025-01-19 08:00:00,23.48,13.77,8.3,12.8,19.9,78.8,26.7,False
B005,B005_M4,2025-01-19 09:00:00,84.87,19.57,9.4,14.1,27.8,48.9,31.2,True
B005,B005_M4,2025-01-19 10:00:00,21.65,,9.8,16.5,23.7,73.9,39.1,False
B005,B005_M1,2025-01-19 11:00:00,27.98,16.35,7.4,14.8,22.7,57.6,30.6,False
B005,B005_M4,2025-01-19 12:00:00,33.12,8.88,11.5,17.0,15.4,41.8,40.1,False
B005,B005_M1,2025-01-19 13:00:00,20.83,6.02,10.5,15.5,29.7,66.9,35.7,False
B005,B005_M4,2025-01-19 14:00:00,25.6,,8.7,17.9,18.3,58.5,25.3,False
B005,B005_M5,2025-01-19 15:00:00,24.43,7.9,7.1,13.0,26.5,65.7,38.8,False
B005,B005_M4,2025-01-19 16:00:00,30.03,14.53,8.6,14.5,21.4,66.5,29.5,False
B005,B005_M1,2025-01-19 17:00:00,18.93,,8.1,13.2,16.3,52.8,33.1,False
B005,B005_M4,2025-01-19 18:00:00,19.18,6.5,8.5,12.2,26.4,58.5,26.4,False
B005,B005_M2,2025-01-19 19:00:00,24.02,,11.4,13.3,17.5,79.1,40.9,False
B005,B005_M1,2025-01-19 20:00:00,25.91,,8.2,14.7,25.7,59.6,10.3,False
B005,B005_M3,2025-01-19 21:00:00,22.62,,11.7,15.9,23.8,72.7,25.6,False
B001,B001_M1,2025-01-20 08:00:00,118.53,19.59,9.5,15.2,25.8,63.0,48.0,False
B001,B001_M2,2025-01-20 09:00:00,190.14,,11.0,15.2,29.3,78.7,31.6,False
B001,B001_M3,2025-01-20 10:00:00,191.94,15.38,8.3,16.9,18.4,49.2,48.9,False
B001,B001_M1,2025-01-20 11:00:00,162.67,5.39,10.5,15.2,19.3,62.5,24.5,False
B001,B001_M1,2025-01-20 12:00:00,165.46,8.49,10.2,13.1,27.7,76.7,36.5,False
B001,B001_M1,2025-01-20 13:00:00,173.23,8.08,10.0,18.0,18.1,60.4,23.2,False
B001,B001_M2,2025-01-20 14:00:00,199.01,18.47,7.8,12.1,26.8,60.2,10.6,False
B001,B001_M1,2025-01-20 15:00:00,225.06,,10.3,12.4,15.3,71.6,12.3,False
B001,B001_M1,2025-01-20 16:00:00,256.33,16.89,10.7,15.5,24.1,45.0,36.7,False
B001,B001_M3,2025-01-20 17:00:00,222.85,8.68,11.6,13.1,20.6,69.3,18.6,False
B001,B001_M2,2025-01-20 18:00:00,93.68,18.69,7.2,17.6,22.5,76.9,32.2,False
B001,B001_M2,2025-01-20 19:00:00,103.57,,11.1,16.7,29.8,61.8,38.0,False
B001,B001_M1,2025-01-20 20:00:00,87.24,10.36,12.0,12.3,23.6,58.6,44.6,False
B001,B001_M3,2025-01-20 21:00:00,105.99,16.3,11.1,12.2,21.8,64.9,25.9,False
B002,B002_M4,2025-01-20 08:00:00,59.86,,11.6,15.5,21.5,61.4,10.2,False
B002,B002_M1,2025-01-20 09:00:00,138.37,19.07,8.3,15.0,25.2,49.1,14.6,False
B002,B002_M4,2025-01-20 10:00:00,127.7,,11.2,13.8,21.9,76.2,30.0,False
B002,B002_M1,2025-01-20 11:00:00,113.74,11.05,7.8,12.5,17.3,74.3,49.2,False
B002,B002_M2,2025-01-20 12:00:00,184.36,,7.4,15.1,30.0,41.2,41.5,False
B002,B002_M4,2025-01-20 13:00:00,213.03,6.1,8.1,17.8,28.9,64.2,36.1,True
B002,B002_M2,2025-01-20 14:00:00,135.09,,10.6,13.1,29.8,57.0,16.9,False
B002,B002_M2,2025-01-20 15:00:00,150.88,19.59,9.0,13.8,15.9,67.0,48.1,False
B002,B002_M1,2025-01-20 16:00:00,118.21,14.26,10.3,14.0,26.4,74.8,27.7,False
B002,B002_M3,2025-01-20 17:00:00,201.65,6.75,8.5,13.1,16.4,48.7,13.2,False
B002,B002_M2,2025-01-20 18:00:00,77.93,,10.4,12.0,21.3,61.4,16.9,False
B002,B002_M1,2025-01-20 19:00:00,82.97,,10.9,12.1,15.8,59.3,18.7,False
B002,B002_M4,2025-01-20 20:00:00,87.96,16.43,10.4,16.7,21.3,52.0,11.2,False
B002,B002_M1,2025-01-20 21:00:00,72.95,7.56,8.4,18.0,25.1,49.6,21.5,False
B003,B003_M1,2025-01-20 08:00:00,260.1,8.25,10.4,14.4,21.9,80.0,18.8,False
B003,B003_M1,2025-01-20 09:00:00,501.3,,8.6,17.4,28.1,78.0,10.3,False
B003,B003_M5,2025-01-20 10:00:00,470.82,,8.8,17.4,25.8,66.0,43.7,False
B003,B003_M4,2025-01-20 11:00:00,554.0,18.2,10.0,16.1,24.6,70.9,31.6,False
B003,B003_M2,2025-01-20 12:00:00,491.0,13.84,7.6,14.6,24.0,76.2,13.0,False
B003,B003_M1,2025-01-20 13:00:00,609.59,10.07,11.6,17.4,27.5,48.7,39.0,False
B003,B003_M5,2025-01-20 14:00:00,397.75,,7.4,17.2,20.9,65.9,27.0,False
B003,B003_M5,2025-01-20 15:00:00,377.13,5.23,11.4,13.1,21.9,45.4,28.2,False
B003,B003_M4,2025-01-20 16:00:00,456.26,6.82,8.1,16.9,19.5,65.7,37.8,False
B003,B003_M1,2025-01-20 17:00:00,531.63,13.96,11.9,17.8,24.3,74.0,36.7,False
B003,B003_M1,2025-01-20 18:00:00,228.14,7.54,11.4,17.8,17.6,47.3,34.2,False
B003,B003_M1,2025-01-20 19:00:00,243.86,13.31,7.2,15.3,27.5,41.4,28.2,False
B003,B003_M1,2025-01-20 20:00:00,251.07,5.76,10.1,12.3,20.3,52.7,13.1,False
B003,B003_M4,2025-01-20 21:00:00,273.26,,9.8,13.8,15.5,47.4,21.4,False
B004,B004_M5,2025-01-20 08:00:00,179.89,7.4,10.1,17.4,16.9,69.5,11.9,False
B004,B004_M1,2025-01-20 09:00:00,340.75,8.94,7.6,12.6,20.6,75.7,12.4,False
B004,B004_M2,2025-01-20 10:00:00,357.77,5.23,7.2,12.8,16.5,48.1,24.2,False
B004,B004_M4,2025-01-20 11:00:00,238.12,,10.3,13.2,29.7,55.9,32.6,False
B004,B004_M2,2025-01-20 12:00:00,372.03,19.59,7.3,13.0,29.2,70.9,28.9,False
B004,B004_M2,2025-01-20 13:00:00,306.16,11.1,9.8,15.9,28.7,56.3,41.4,False
B004,B004_M5,2025-01-20 14:00:00,316.13,8.35,8.2,12.8,15.8,69.6,16.3,False
B004,B004_M1,2025-01-20 15:00:00,291.72,,9.0,13.7,24.3,55.6,32.6,False
B004,B004_M1,2025-01-20 16:00:00,335.0,13.17,9.9,12.6,18.7,52.4,28.4,False
B004,B004_M1,2025-01-20 17:00:00,251.4,17.31,7.8,17.1,25.5,58.2,27.1,False
B004,B004_M1,2025-01-20 18:00:00,177.06,16.58,8.4,16.2,15.1,75.6,26.5,False
B004,B004_M1,2025-01-20 19:00:00,150.79,,9.6,18.0,26.9,72.4,44.2,False
B004,B004_M1,2025-01-20 20:00:00,211.9,,11.6,14.9,26.2,64.7,16.5,False
B004,B004_M5,2025-01-20 21:00:00,175.79,7.75,9.2,16.5,29.5,63.8,42.8,False
B005,B005_M1,2025-01-20 08:00:00,49.98,13.27,7.3,13.6,29.7,62.7,44.0,False
B005,B005_M2,2025-01-20 09:00:00,49.03,10.02,9.2,16.1,18.2,49.0,38.0,False
B005,B005_M3,2025-01-20 10:00:00,88.28,17.8,9.4,12.4,25.3,51.9,39.7,False
B005,B005_M4,2025-01-20 11:00:00,75.44,,7.9,14.7,16.6,48.5,17.3,False
B005,B005_M5,2025-01-20 12:00:00,63.02,16.31,11.3,16.6,20.8,44.0,29.5,False
B005,B005_M2,2025-01-20 13:00:00,59.72,18.79,7.3,16.4,27.3,55.4,12.6,False
B005,B005_M4,2025-01-20 14:00:00,71.13,19.25,8.1,14.0,16.5,53.2,30.0,False
B005,B005_M3,2025-01-20 15:00:00,125.2,11.16,9.2,17.0,26.1,79.2,46.6,True
B005,B005_M1,2025-01-20 16:00:00,65.38,16.67,8.2,17.9,21.6,57.8,36.5,False
B005,B005_M2,2025-01-20 17:00:00,74.18,18.07,9.2,13.1,29.4,62.1,40.0,False
B005,B005_M1,2025-01-20 18:00:00,41.47,6.55,9.0,16.9,20.9,51.3,41.9,False
B005,B005_M5,2025-01-20 19:00:00,39.32,,11.7,17.5,25.5,49.8,28.6,False
B005,B005_M5,2025-01-20 20:00:00,74.46,11.59,8.4,14.0,15.6,78.0,18.6,True
B005,B005_M1,2025-01-20 21:00:00,48.68,,7.7,16.6,17.0,71.6,19.9,False
B001,B001_M1,2025-01-21 08:00:00,96.17,,7.6,13.0,16.1,71.3,15.3,False
B001,B001_M1,2025-01-21 09:00:00,238.02,,7.8,17.2,16.7,77.2,42.1,False
B001,B001_M3,2025-01-21 10:00:00,239.84,8.68,11.6,14.7,16.5,52.2,33.9,False
B001,B001_M3,2025-01-21 11:00:00,168.91,19.77,7.8,16.2,16.7,43.5,48.4,False
B001,B001_M2,2025-01-21 12:00:00,121.17,,7.7,14.1,18.6,76.6,27.2,False
B001,B001_M2,2025-01-21 13:00:00,206.59,,11.9,17.7,17.7,46.9,33.6,False
B001,B001_M2,2025-01-21 14:00:00,265.96,,8.2,13.9,16.5,49.4,19.3,False
B001,B001_M2,2025-01-21 15:00:00,206.94,6.06,9.5,15.9,18.9,63.8,30.2,False
B001,B001_M3,2025-01-21 16:00:00,221.41,18.88,7.8,15.6,19.7,79.8,42.7,False
B001,B001_M1,2025-01-21 17:00:00,225.51,,9.0,12.5,20.7,71.9,13.6,False
B001,B001_M3,2025-01-21 18:00:00,134.83,12.16,7.1,13.4,19.0,41.7,19.0,False
B001,B001_M2,2025-01-21 19:00:00,110.02,,10.7,14.1,26.5,77.4,24.8,False
B001,B001_M2,2025-01-21 20:00:00,100.52,18.86,8.7,15.5,15.7,53.0,43.8,False
B001,B001_M1,2025-01-21 21:00:00,129.29,17.35,8.5,12.2,27.8,43.0,18.1,False
B002,B002_M2,2025-01-21 08:00:00,86.86,11.87,9.0,16.4,17.7,47.2,48.7,False
B002,B002_M4,2025-01-21 09:00:00,110.47,17.0,10.4,18.0,15.8,61.4,44.6,False
B002,B002_M4,2025-01-21 10:00:00,147.59,15.51,10.2,14.0,26.1,40.9,38.6,False
B002,B002_M2,2025-01-21 11:00:00,167.52,15.68,8.5,17.7,22.9,65.2,19.7,False
B002,B002_M1,2025-01-21 12:00:00,176.23,14.26,7.9,15.2,21.7,71.5,39.0,True
B002,B002_M2,2025-01-21 13:00:00,137.96,8.31,8.5,12.8,24.2,67.6,15.0,False
B002,B002_M3,2025-01-21 14:00:00,122.51,17.8,8.1,16.2,22.8,74.1,47.9,False
B002,B002_M2,2025-01-21 15:00:00,124.3,,11.2,13.0,18.2,75.6,35.6,False
B002,B002_M3,2025-01-21 16:00:00,115.8,,8.0,13.1,19.9,72.4,22.1,False
B002,B002_M4,2025-01-21 17:00:00,117.38,,10.4,15.5,28.0,61.5,36.5,False
B002,B002_M4,2025-01-21 18:00:00,57.41,8.02,10.0,12.5,20.6,67.2,11.6,False
B002,B002_M1,2025-01-21 19:00:00,88.04,,10.4,15.2,20.9,72.1,35.1,False
B002,B002_M1,2025-01-21 20:00:00,60.28,5.44,9.1,14.9,29.6,55.9,32.0,False
B002,B002_M3,2025-01-21 21:00:00,68.72,8.63,8.6,14.3,25.2,61.3,20.5,False
B003,B003_M3,2025-01-21 08:00:00,281.65,19.79,10.8,15.2,15.2,47.6,11.5,False
B003,B003_M1,2025-01-21 09:00:00,481.79,16.06,9.0,15.7,26.0,42.6,37.5,False
B003,B003_M5,2025-01-21 10:00:00,550.63,7.78,10.1,17.8,21.2,61.4,27.6,False
B003,B003_M3,2025-01-21 11:00:00,482.82,19.67,10.7,12.0,26.7,42.6,33.2,False
B003,B003_M2,2025-01-21 12:00:00,427.16,,10.2,14.1,24.9,75.2,34.9,False
B003,B003_M2,2025-01-21 13:00:00,506.28,,10.6,15.1,27.2,47.7,48.9,False
B003,B003_M5,2025-01-21 14:00:00,360.24,,7.2,12.2,27.3,74.5,17.5,False
B003,B003_M2,2025-01-21 15:00:00,655.57,,11.6,15.7,27.1,74.8,15.3,False
B003,B003_M5,2025-01-21 16:00:00,534.03,9.17,8.9,16.1,16.7,77.2,17.8,False
B003,B003_M5,2025-01-21 17:00:00,309.67,8.97,8.2,14.9,17.0,48.6,27.0,False
B003,B003_M1,2025-01-21 18:00:00,579.18,,7.1,12.2,20.8,73.4,22.8,True
B003,B003_M3,2025-01-21 19:00:00,272.33,13.6,8.6,17.6,21.6,67.5,27.0,False
B003,B003_M5,2025-01-21 20:00:00,193.79,5.07,9.3,16.7,24.5,68.4,13.7,False
B003,B003_M4,2025-01-21 21:00:00,262.01,12.29,8.5,14.4,20.9,49.3,13.9,False
B004,B004_M4,2025-01-21 08:00:00,210.64,5.63,11.4,14.8,23.0,51.5,34.0,False
B004,B004_M4,2025-01-21 09:00:00,307.88,9.3,11.5,13.7,17.5,57.6,38.4,False
B004,B004_M4,2025-01-21 10:00:00,472.12,17.15,8.3,12.8,26.6,50.9,32.8,True
B004,B004_M2,2025-01-21 11:00:00,345.51,16.14,11.8,17.1,18.4,50.9,48.7,False
B004,B004_M4,2025-01-21 12:00:00,382.41,,10.1,15.0,23.0,68.2,37.7,False
B004,B004_M1,2025-01-21 13:00:00,339.06,18.65,7.1,16.0,28.5,46.1,31.9,False
B004,B004_M2,2025-01-21 14:00:00,412.56,,9.2,13.8,21.7,46.6,15.9,False
B004,B004_M1,2025-01-21 15:00:00,221.11,16.29,9.2,15.2,23.7,40.6,37.5,False
B004,B004_M4,2025-01-21 16:00:00,245.79,15.87,10.4,17.4,26.9,54.7,37.5,False
B004,B004_M4,2025-01-21 17:00:00,346.07,,10.6,13.2,15.9,57.4,30.0,False
B004,B004_M1,2025-01-21 18:00:00,199.9,17.92,11.0,12.4,22.1,64.7,19.4,False
B004,B004_M5,2025-01-21 19:00:00,201.46,11.88,7.3,15.2,16.4,41.0,49.0,False
B004,B004_M1,2025-01-21 20:00:00,176.18,,10.1,12.0,18.7,59.7,26.1,False
B004,B004_M2,2025-01-21 21:00:00,223.34,12.91,10.7,12.5,25.8,56.4,31.7,False
B005,B005_M1,2025-01-21 08:00:00,46.18,,10.0,16.0,28.3,54.0,14.1,False
B005,B005_M5,2025-01-21 09:00:00,86.86,6.81,10.0,12.0,15.7,72.7,38.1,False
B005,B005_M4,2025-01-21 10:00:00,57.56,8.26,7.2,14.8,26.1,57.4,15.3,False
B005,B005_M4,2025-01-21 11:00:00,46.25,8.63,9.2,17.7,25.5,65.4,30.4,False
B005,B005_M3,2025-01-21 12:00:00,69.89,19.1,7.9,16.6,29.8,59.4,28.0,False
B005,B005_M5,2025-01-21 13:00:00,83.04,,10.5,14.7,25.5,70.0,18.7,False
B005,B005_M2,2025-01-21 14:00:00,49.23,18.59,8.5,16.4,16.9,66.7,11.6,False
B005,B005_M5,2025-01-21 15:00:00,73.14,,8.2,17.3,21.0,56.2,26.6,False
B005,B005_M4,2025-01-21 16:00:00,51.08,7.43,11.0,12.7,16.2,52.2,39.3,False
B005,B005_M1,2025-01-21 17:00:00,63.59,,9.2,16.3,15.0,63.6,23.8,False
B005,B005_M4,2025-01-21 18:00:00,40.08,5.91,11.8,16.4,25.3,74.9,39.7,False
B005,B005_M3,2025-01-21 19:00:00,36.29,10.13,7.5,12.6,18.0,65.4,17.8,False
B005,B005_M2,2025-01-21 20:00:00,39.53,7.24,8.9,17.3,28.2,44.3,45.8,False
B005,B005_M4,2025-01-21 21:00:00,31.18,8.66,10.9,14.1,17.2,64.8,39.4,False
B001,B001_M3,2025-01-22 08:00:00,112.19,18.76,8.7,12.5,27.0,41.5,27.8,False
B001,B001_M1,2025-01-22 09:00:00,186.88,9.05,10.7,14.1,18.5,63.9,22.2,False
B001,B001_M3,2025-01-22 10:00:00,174.8,15.73,9.6,14.1,21.1,71.3,42.4,False
B001,B001_M1,2025-01-22 11:00:00,215.04,,9.9,12.7,17.5,71.3,49.5,False
B001,B001_M2,2025-01-22 12:00:00,172.3,10.2,7.1,13.9,27.1,66.4,40.3,False
B001,B001_M2,2025-01-22 13:00:00,237.14,13.77,9.3,16.1,16.9,42.7,38.0,False
B001,B001_M1,2025-01-22 14:00:00,262.03,12.84,11.4,12.9,15.6,70.6,29.8,False
B001,B001_M1,2025-01-22 15:00:00,237.29,8.7,7.3,16.4,19.6,53.3,32.5,False
B001,B001_M1,2025-01-22 16:00:00,195.26,14.75,10.3,13.5,22.5,62.5,40.2,False
B001,B001_M2,2025-01-22 17:00:00,222.38,6.23,9.6,12.6,20.4,79.1,25.2,False
B001,B001_M1,2025-01-22 18:00:00,122.07,13.46,11.0,15.8,16.6,79.6,46.7,False
B001,B001_M2,2025-01-22 19:00:00,116.01,13.46,9.7,17.0,28.6,63.1,32.7,False
B001,B001_M1,2025-01-22 20:00:00,101.31,,11.6,17.6,20.8,59.6,36.3,False
B001,B001_M3,2025-01-22 21:00:00,141.03,6.75,11.6,15.4,26.0,78.7,16.0,False
B002,B002_M1,2025-01-22 08:00:00,84.04,6.22,8.7,15.1,28.0,50.9,31.1,False
B002,B002_M4,2025-01-22 09:00:00,113.19,,8.5,17.4,26.1,71.1,27.9,False
B002,B002_M1,2025-01-22 10:00:00,190.25,17.2,10.6,17.8,22.5,50.5,14.3,False
B002,B002_M2,2025-01-22 11:00:00,93.81,,7.4,12.1,23.2,67.9,12.9,False
B002,B002_M1,2025-01-22 12:00:00,122.61,15.27,8.7,15.9,28.1,64.5,36.6,False
B002,B002_M3,2025-01-22 13:00:00,122.08,9.86,8.5,15.5,22.7,58.6,34.4,False
B002,B002_M2,2025-01-22 14:00:00,81.7,9.94,8.7,14.9,27.8,77.5,39.0,False
B002,B002_M2,2025-01-22 15:00:00,128.82,8.21,7.8,17.4,27.5,45.6,17.5,False
B002,B002_M1,2025-01-22 16:00:00,137.27,8.23,10.7,16.2,19.5,64.5,36.8,False
B002,B002_M2,2025-01-22 17:00:00,99.24,19.29,10.8,12.2,15.3,72.2,19.6,False
B002,B002_M2,2025-01-22 18:00:00,59.99,17.97,7.6,14.2,17.7,58.4,37.6,False
B002,B002_M2,2025-01-22 19:00:00,70.88,19.67,11.6,14.9,17.8,41.0,36.3,False
B002,B002_M1,2025-01-22 20:00:00,74.01,11.58,10.0,16.4,26.7,61.0,35.9,False
B002,B002_M1,2025-01-22 21:00:00,95.12,,8.5,16.8,28.4,44.7,36.3,False
B003,B003_M5,2025-01-22 08:00:00,269.17,15.95,8.8,16.3,28.9,47.4,34.1,False
B003,B003_M4,2025-01-22 09:00:00,506.2,7.84,9.2,18.0,15.5,57.9,39.3,False
B003,B003_M3,2025-01-22 10:00:00,487.27,,8.7,13.0,26.8,46.2,48.0,False
B003,B003_M5,2025-01-22 11:00:00,532.3,10.65,10.8,17.7,24.1,50.4,10.0,False
B003,B003_M5,2025-01-22 12:00:00,344.16,,7.3,14.6,29.3,58.8,11.6,False
B003,B003_M4,2025-01-22 13:00:00,345.52,15.66,10.9,14.2,25.1,66.0,49.7,False
B003,B003_M3,2025-01-22 14:00:00,805.55,,11.0,17.0,24.5,67.2,16.8,True
B003,B003_M1,2025-01-22 15:00:00,410.16,,7.5,15.4,19.9,74.5,42.3,False
B003,B003_M1,2025-01-22 16:00:00,414.07,17.75,11.8,15.6,23.2,74.3,23.8,False
B003,B003_M1,2025-01-22 17:00:00,437.23,,8.3,12.1,27.7,66.7,31.5,False
B003,B003_M3,2025-01-22 18:00:00,241.17,9.2,7.8,12.2,17.1,55.2,27.0,False
B003,B003_M4,2025-01-22 19:00:00,301.62,13.46,8.2,17.2,25.6,46.9,29.2,False
B003,B003_M2,2025-01-22 20:00:00,307.12,6.27,9.3,12.1,27.0,47.2,31.6,False
B003,B003_M3,2025-01-22 21:00:00,307.31,18.62,7.4,14.6,20.9,78.3,41.9,False
B004,B004_M2,2025-01-22 08:00:00,229.06,16.03,8.3,14.7,26.7,70.5,47.3,False
B004,B004_M4,2025-01-22 09:00:00,356.75,,11.2,13.3,27.6,41.5,39.4,False
B004,B004_M5,2025-01-22 10:00:00,392.45,,9.9,16.3,15.5,49.2,20.9,False
B004,B004_M1,2025-01-22 11:00:00,396.79,14.75,10.8,16.4,23.4,77.9,27.5,False
B004,B004_M4,2025-01-22 12:00:00,340.78,,7.5,17.2,28.5,71.9,38.4,False
B004,B004_M4,2025-01-22 13:00:00,333.16,18.99,10.7,15.7,16.5,54.2,36.7,False
B004,B004_M3,2025-01-22 14:00:00,274.18,11.65,10.1,14.9,18.9,75.6,20.5,False
B004,B004_M5,2025-01-22 15:00:00,311.6,17.43,11.7,14.8,28.5,54.2,10.6,False
B004,B004_M5,2025-01-22 16:00:00,319.51,16.79,9.9,16.8,29.8,59.9,12.1,False
B004,B004_M4,2025-01-22 17:00:00,318.73,10.53,8.0,17.3,22.0,59.7,45.0,False
B004,B004_M4,2025-01-22 18:00:00,219.85,,9.0,14.1,21.9,65.0,27.6,False
B004,B004_M4,2025-01-22 19:00:00,200.62,,10.9,13.6,22.5,56.4,14.9,False
B004,B004_M4,2025-01-22 20:00:00,150.5,19.58,9.1,14.4,23.9,59.1,19.3,False
B004,B004_M5,2025-01-22 21:00:00,214.19,,8.7,14.9,21.2,74.9,41.4,False
B005,B005_M2,2025-01-22 08:00:00,28.8,8.01,11.3,16.5,20.9,42.1,25.8,False
B005,B005_M4,2025-01-22 09:00:00,68.52,19.67,9.6,15.9,21.3,72.1,13.1,False
B005,B005_M5,2025-01-22 10:00:00,63.86,,10.8,12.9,29.4,64.2,18.3,False
B005,B005_M5,2025-01-22 11:00:00,53.13,7.35,11.6,15.3,15.1,43.4,49.9,False
B005,B005_M2,2025-01-22 12:00:00,53.41,10.42,10.9,13.4,25.1,46.6,31.4,False
B005,B005_M5,2025-01-22 13:00:00,41.85,9.42,10.5,17.9,21.5,74.9,22.3,False
B005,B005_M4,2025-01-22 14:00:00,67.11,,11.6,13.9,22.9,68.2,42.7,False
B005,B005_M4,2025-01-22 15:00:00,74.08,5.22,9.7,12.0,22.5,57.4,30.5,False
B005,B005_M4,2025-01-22 16:00:00,49.87,10.26,9.0,16.9,17.5,50.7,16.0,False
B005,B005_M5,2025-01-22 17:00:00,58.92,8.52,9.8,17.5,24.2,61.7,36.4,False
B005,B005_M2,2025-01-22 18:00:00,36.2,5.64,9.0,16.8,22.8,46.1,23.3,False
B005,B005_M4,2025-01-22 19:00:00,39.33,9.41,9.0,13.9,23.6,74.6,47.6,False
B005,B005_M2,2025-01-22 20:00:00,34.94,18.25,9.3,16.2,28.2,45.7,34.5,False
B005,B005_M5,2025-01-22 21:00:00,50.83,8.42,10.9,14.0,24.1,60.8,30.2,False
B001,B001_M1,2025-01-23 08:00:00,115.86,14.84,10.1,15.6,21.3,43.3,49.2,False
B001,B001_M1,2025-01-23 09:00:00,215.51,,8.2,17.5,20.7,42.7,23.3,False
B001,B001_M1,2025-01-23 10:00:00,168.65,,11.9,13.2,19.5,47.8,30.4,False
B001,B001_M1,2025-01-23 11:00:00,197.3,9.06,10.4,16.1,29.1,40.9,10.3,False
B001,B001_M2,2025-01-23 12:00:00,196.85,17.19,10.5,17.4,15.7,63.6,33.8,False
B001,B001_M1,2025-01-23 13:00:00,258.69,,11.0,17.5,22.8,52.8,26.5,False
B001,B001_M2,2025-01-23 14:00:00,225.91,10.34,7.8,17.5,23.8,49.5,13.0,False
B001,B001_M1,2025-01-23 15:00:00,197.59,7.63,11.5,16.2,21.0,76.2,39.7,False
B001,B001_M2,2025-01-23 16:00:00,168.22,6.87,7.5,13.5,21.8,45.3,47.3,False
B001,B001_M3,2025-01-23 17:00:00,165.87,5.47,10.4,17.0,28.0,45.0,10.9,False
B001,B001_M2,2025-01-23 18:00:00,111.51,7.38,11.4,15.2,16.3,41.6,11.5,False
B001,B001_M1,2025-01-23 19:00:00,126.02,16.91,9.8,15.2,19.7,78.5,15.8,False
B001,B001_M1,2025-01-23 20:00:00,123.95,7.49,11.9,15.9,18.0,56.9,46.2,False
B001,B001_M3,2025-01-23 21:00:00,119.58,,9.4,16.6,17.5,46.2,11.8,False
B002,B002_M3,2025-01-23 08:00:00,56.54,,10.4,16.8,15.7,73.2,33.9,False
B002,B002_M1,2025-01-23 09:00:00,99.64,8.88,7.2,16.4,20.3,52.4,35.5,False
B002,B002_M1,2025-01-23 10:00:00,204.83,,11.2,13.4,15.2,53.3,28.6,False
B002,B002_M2,2025-01-23 11:00:00,94.9,,8.4,15.9,19.3,53.9,25.8,False
B002,B002_M1,2025-01-23 12:00:00,112.72,18.33,9.1,17.8,27.2,58.8,31.1,False
B002,B002_M3,2025-01-23 13:00:00,161.27,,7.8,12.2,19.1,51.5,21.6,False
B002,B002_M4,2025-01-23 14:00:00,139.21,18.43,11.9,15.1,21.7,44.8,43.6,False
B002,B002_M1,2025-01-23 15:00:00,99.9,14.29,7.1,15.7,26.3,67.1,26.8,False
B002,B002_M2,2025-01-23 16:00:00,146.83,11.4,8.4,17.5,20.1,49.7,39.8,False
B002,B002_M2,2025-01-23 17:00:00,125.75,7.46,9.5,17.3,26.7,60.3,38.9,False
B002,B002_M1,2025-01-23 18:00:00,68.06,,9.3,12.6,17.2,71.7,22.3,False
B002,B002_M1,2025-01-23 19:00:00,59.95,15.15,10.5,13.7,23.3,53.3,20.4,False
B002,B002_M3,2025-01-23 20:00:00,68.7,8.14,9.2,16.2,20.6,64.7,44.2,False
B002,B002_M3,2025-01-23 21:00:00,57.5,5.39,8.3,17.0,24.2,48.2,38.6,False
B003,B003_M2,2025-01-23 08:00:00,275.01,,11.0,16.9,17.2,70.0,32.7,False
B003,B003_M1,2025-01-23 09:00:00,405.86,,10.1,15.2,16.0,70.7,48.3,False
B003,B003_M4,2025-01-23 10:00:00,806.57,,7.0,12.7,20.2,76.1,35.3,True
B003,B003_M5,2025-01-23 11:00:00,571.25,,10.3,15.0,25.2,44.3,40.1,False
B003,B003_M3,2025-01-23 12:00:00,431.68,,9.4,12.2,24.2,50.7,49.2,False
B003,B003_M1,2025-01-23 13:00:00,506.87,,10.3,14.1,29.6,64.6,13.9,False
B003,B003_M2,2025-01-23 14:00:00,569.83,,9.9,16.1,23.3,73.7,45.8,False
B003,B003_M4,2025-01-23 15:00:00,498.47,15.92,7.9,16.8,22.4,50.6,18.3,False
B003,B003_M1,2025-01-23 16:00:00,486.24,19.98,9.5,16.7,28.9,46.2,45.6,False
B003,B003_M4,2025-01-23 17:00:00,579.72,18.65,9.7,16.5,24.6,47.1,48.0,False
B003,B003_M2,2025-01-23 18:00:00,313.0,18.43,8.5,12.1,27.8,66.3,29.0,False
B003,B003_M1,2025-01-23 19:00:00,243.74,9.9,9.7,13.0,26.7,74.2,23.6,False
B003,B003_M3,2025-01-23 20:00:00,228.04,12.14,10.7,16.8,27.2,72.6,44.6,False
B003,B003_M1,2025-01-23 21:00:00,235.83,13.1,8.9,13.5,17.0,61.6,15.6,False
B004,B004_M4,2025-01-23 08:00:00,208.34,5.34,9.8,16.9,23.4,51.4,30.1,False
B004,B004_M3,2025-01-23 09:00:00,330.47,7.68,8.7,15.0,25.8,79.8,47.4,False
B004,B004_M2,2025-01-23 10:00:00,385.27,19.11,11.7,17.2,17.5,42.0,20.9,False
B004,B004_M5,2025-01-23 11:00:00,275.12,7.48,7.2,13.3,19.0,75.5,44.4,False
B004,B004_M4,2025-01-23 12:00:00,292.89,17.43,10.1,17.2,24.6,62.7,30.7,False
B004,B004_M4,2025-01-23 13:00:00,338.32,8.95,9.1,14.2,23.1,46.1,21.0,False
B004,B004_M1,2025-01-23 14:00:00,224.97,19.67,8.9,15.8,24.6,71.2,16.6,False
B004,B004_M2,2025-01-23 15:00:00,292.55,19.23,9.1,15.8,16.5,77.6,28.3,False
B004,B004_M4,2025-01-23 16:00:00,322.28,10.3,9.2,16.5,22.3,44.6,46.0,False
B004,B004_M4,2025-01-23 17:00:00,316.95,17.01,11.1,13.6,28.7,72.1,14.4,False
B004,B004_M3,2025-01-23 18:00:00,217.15,12.24,11.8,15.4,24.9,77.4,39.1,False
B004,B004_M1,2025-01-23 19:00:00,205.7,16.97,8.2,15.1,22.4,74.7,41.1,False
B004,B004_M2,2025-01-23 20:00:00,166.89,18.14,9.4,17.9,26.5,78.2,26.8,False
B004,B004_M3,2025-01-23 21:00:00,400.4,6.48,8.0,14.0,15.9,77.3,41.2,True
B005,B005_M4,2025-01-23 08:00:00,39.6,19.78,7.7,13.1,19.4,75.0,26.5,False
B005,B005_M1,2025-01-23 09:00:00,92.89,5.97,7.1,14.5,18.3,62.7,13.8,False
B005,B005_M4,2025-01-23 10:00:00,69.7,,8.8,16.1,27.7,79.1,43.8,False
B005,B005_M3,2025-01-23 11:00:00,69.01,,10.1,16.3,17.7,50.0,30.5,False
B005,B005_M3,2025-01-23 12:00:00,79.36,5.72,10.8,14.7,28.4,64.8,31.5,False
B005,B005_M1,2025-01-23 13:00:00,61.61,5.55,7.1,14.4,19.1,73.7,42.7,False
B005,B005_M5,2025-01-23 14:00:00,71.07,,10.7,13.9,27.8,55.9,38.6,False
B005,B005_M3,2025-01-23 15:00:00,71.04,16.06,11.1,14.1,20.8,48.0,23.9,False
B005,B005_M4,2025-01-23 16:00:00,84.81,12.43,8.2,14.8,24.7,66.6,48.0,False
B005,B005_M1,2025-01-23 17:00:00,52.59,9.65,10.5,15.7,16.8,40.0,28.0,False
B005,B005_M3,2025-01-23 18:00:00,46.85,,10.3,12.4,22.2,52.9,24.1,False
B005,B005_M5,2025-01-23 19:00:00,52.12,,11.2,15.8,25.8,55.9,41.5,False
B005,B005_M4,2025-01-23 20:00:00,38.59,9.08,7.0,18.0,24.3,53.9,43.9,False
B005,B005_M3,2025-01-23 21:00:00,29.66,11.08,10.3,15.6,25.6,67.0,17.0,False
B001,B001_M3,2025-01-24 08:00:00,111.09,,11.9,15.1,28.6,59.9,21.0,False
B001,B001_M2,2025-01-24 09:00:00,210.23,18.66,10.5,15.8,18.3,76.6,45.2,False
B001,B001_M3,2025-01-24 10:00:00,270.29,,9.8,13.4,24.5,51.0,15.7,False
B001,B001_M3,2025-01-24 11:00:00,170.15,7.46,10.4,17.1,28.0,50.8,42.1,False
B001,B001_M1,2025-01-24 12:00:00,266.84,14.84,11.0,17.7,24.2,51.8,22.8,False
B001,B001_M1,2025-01-24 13:00:00,187.07,14.44,11.7,17.5,17.9,54.6,40.5,False
B001,B001_M2,2025-01-24 14:00:00,234.76,18.24,9.5,13.2,27.1,55.9,12.4,False
B001,B001_M2,2025-01-24 15:00:00,172.83,16.15,8.4,15.3,27.8,74.3,29.3,False
B001,B001_M3,2025-01-24 16:00:00,192.71,19.87,10.9,17.1,28.6,77.5,41.3,False
B001,B001_M2,2025-01-24 17:00:00,258.17,,7.4,13.0,24.9,40.8,41.1,False
B001,B001_M3,2025-01-24 18:00:00,107.0,12.51,7.6,16.4,28.6,66.7,39.6,False
B001,B001_M3,2025-01-24 19:00:00,154.48,16.1,10.6,17.9,23.4,44.0,32.1,False
B001,B001_M3,2025-01-24 20:00:00,155.34,,7.4,17.5,23.1,75.1,15.0,False
B001,B001_M1,2025-01-24 21:00:00,127.07,15.88,9.8,14.7,15.6,60.2,35.4,False
B002,B002_M3,2025-01-24 08:00:00,67.03,5.0,9.6,17.6,15.9,78.5,21.7,False
B002,B002_M1,2025-01-24 09:00:00,98.92,14.29,11.5,12.1,26.3,41.1,18.1,False
B002,B002_M4,2025-01-24 10:00:00,144.66,13.72,9.6,15.9,19.6,51.4,41.4,False
B002,B002_M2,2025-01-24 11:00:00,152.9,12.44,10.5,16.8,20.2,48.1,31.4,False
B002,B002_M2,2025-01-24 12:00:00,174.84,13.75,11.8,13.4,23.5,71.9,41.6,False
B002,B002_M2,2025-01-24 13:00:00,201.01,12.6,10.2,17.2,19.1,42.7,45.1,False
B002,B002_M1,2025-01-24 14:00:00,87.83,10.37,11.6,17.2,20.5,57.7,18.1,False
B002,B002_M3,2025-01-24 15:00:00,128.25,18.0,8.3,16.7,27.4,68.2,23.2,False
B002,B002_M1,2025-01-24 16:00:00,137.03,,9.0,12.4,28.3,57.9,25.5,False
B002,B002_M3,2025-01-24 17:00:00,156.84,11.61,8.1,14.5,26.7,60.7,16.7,False
B002,B002_M1,2025-01-24 18:00:00,61.78,,11.7,17.9,22.1,71.2,46.9,False
B002,B002_M4,2025-01-24 19:00:00,95.44,6.91,10.4,17.1,15.0,40.0,13.5,False
B002,B002_M4,2025-01-24 20:00:00,129.0,,10.6,17.8,23.1,78.7,49.0,True
B002,B002_M3,2025-01-24 21:00:00,68.84,15.51,10.7,15.9,21.1,68.3,18.3,False
B003,B003_M5,2025-01-24 08:00:00,270.38,,11.6,13.3,22.0,65.4,25.3,False
B003,B003_M5,2025-01-24 09:00:00,475.88,18.41,7.7,13.4,22.0,58.7,47.1,False
B003,B003_M1,2025-01-24 10:00:00,525.78,16.29,9.1,12.8,16.4,78.4,48.1,False
B003,B003_M2,2025-01-24 11:00:00,965.39,,8.8,14.5,26.2,67.9,11.7,True
B003,B003_M1,2025-01-24 12:00:00,479.11,9.84,11.3,13.3,27.7,56.9,25.9,False
B003,B003_M2,2025-01-24 13:00:00,404.64,5.49,9.0,14.4,19.6,42.8,21.1,False
B003,B003_M4,2025-01-24 14:00:00,551.72,8.4,11.4,15.1,26.1,62.6,37.1,False
B003,B003_M4,2025-01-24 15:00:00,463.14,,10.1,16.2,29.0,67.7,41.9,False
B003,B003_M1,2025-01-24 16:00:00,753.73,9.06,11.0,12.9,22.4,44.2,29.3,True
B003,B003_M3,2025-01-24 17:00:00,361.35,,10.0,17.5,23.3,61.2,16.4,False
B003,B003_M2,2025-01-24 18:00:00,228.26,8.13,9.2,15.5,26.4,57.7,18.0,False
B003,B003_M5,2025-01-24 19:00:00,243.27,12.53,8.4,14.2,25.6,77.9,13.6,False
B003,B003_M4,2025-01-24 20:00:00,247.69,,7.8,17.9,26.3,46.4,24.2,False
B003,B003_M5,2025-01-24 21:00:00,272.17,,8.1,13.7,22.7,59.7,31.9,False
B004,B004_M4,2025-01-24 08:00:00,142.36,,8.4,13.9,16.2,74.3,37.7,False
B004,B004_M3,2025-01-24 09:00:00,332.78,14.66,7.9,13.8,24.7,52.0,22.6,False
B004,B004_M5,2025-01-24 10:00:00,362.26,,9.5,15.0,16.4,54.7,34.9,False
B004,B004_M2,2025-01-24 11:00:00,410.26,6.88,9.0,14.6,15.6,76.7,37.4,False
B004,B004_M4,2025-01-24 12:00:00,301.19,7.55,10.4,17.9,25.2,63.8,23.9,False
B004,B004_M5,2025-01-24 13:00:00,309.01,17.75,7.7,13.5,26.2,68.5,42.5,False
B004,B004_M3,2025-01-24 14:00:00,403.04,9.82,10.0,14.0,20.0,78.8,44.2,False
B004,B004_M1,2025-01-24 15:00:00,246.04,,11.6,17.8,24.1,52.3,18.6,False
B004,B004_M1,2025-01-24 16:00:00,278.84,14.21,11.5,12.6,27.5,41.4,23.9,False
B004,B004_M4,2025-01-24 17:00:00,349.6,12.55,10.4,16.3,20.6,44.8,22.3,False
B004,B004_M4,2025-01-24 18:00:00,230.65,18.55,8.9,15.3,17.2,47.0,33.8,False
B004,B004_M1,2025-01-24 19:00:00,225.27,11.4,11.9,12.6,27.1,47.8,15.6,False
B004,B004_M4,2025-01-24 20:00:00,186.17,,7.4,15.8,24.5,47.0,46.6,False
B004,B004_M1,2025-01-24 21:00:00,216.98,11.96,11.3,15.7,17.2,57.4,45.4,False
B005,B005_M4,2025-01-24 08:00:00,32.79,,7.5,12.1,23.5,77.4,15.8,False
B005,B005_M1,2025-01-24 09:00:00,67.73,6.92,11.9,14.1,24.6,46.8,27.8,False
B005,B005_M3,2025-01-24 10:00:00,63.84,17.3,10.1,12.7,27.0,78.3,47.9,False
B005,B005_M5,2025-01-24 11:00:00,68.13,6.34,10.9,17.6,19.3,50.6,32.3,False
B005,B005_M4,2025-01-24 12:00:00,77.05,5.96,8.1,14.6,19.0,75.4,44.8,False
B005,B005_M4,2025-01-24 13:00:00,82.19,9.7,9.1,12.0,25.4,67.4,38.7,False
B005,B005_M4,2025-01-24 14:00:00,74.21,,10.5,16.9,16.9,50.9,16.9,False
B005,B005_M2,2025-01-24 15:00:00,80.2,17.86,11.5,12.4,16.6,68.4,18.5,False
B005,B005_M1,2025-01-24 16:00:00,69.45,14.16,8.9,14.6,22.8,51.5,36.0,False
B005,B005_M5,2025-01-24 17:00:00,69.87,,8.4,17.9,29.6,76.0,45.7,False
B005,B005_M5,2025-01-24 18:00:00,40.35,8.26,7.5,15.4,25.8,73.7,16.5,False
B005,B005_M1,2025-01-24 19:00:00,38.46,16.24,11.9,12.1,29.9,70.6,24.8,False
B005,B005_M3,2025-01-24 20:00:00,39.21,15.69,8.2,17.9,19.9,62.6,16.6,False
B005,B005_M1,2025-01-24 21:00:00,37.21,,8.1,15.8,26.8,71.9,46.5,False
B001,B001_M2,2025-01-25 08:00:00,86.31,15.06,8.3,12.5,21.1,60.8,41.7,False
B001,B001_M2,2025-01-25 09:00:00,94.22,,10.8,15.6,23.5,67.7,21.5,False
B001,B001_M1,2025-01-25 10:00:00,87.93,14.61,9.1,17.4,15.1,43.9,23.7,False
B001,B001_M2,2025-01-25 11:00:00,87.21,,7.8,14.6,17.7,56.4,45.7,False
B001,B001_M3,2025-01-25 12:00:00,90.45,13.72,10.9,14.4,17.7,74.4,34.8,False
B001,B001_M3,2025-01-25 13:00:00,119.79,5.45,9.2,12.4,20.1,57.5,32.5,False
B001,B001_M2,2025-01-25 14:00:00,76.55,,9.3,17.2,21.5,65.6,20.8,False
B001,B001_M3,2025-01-25 15:00:00,123.36,,8.5,12.1,24.4,50.6,49.4,False
B001,B001_M1,2025-01-25 16:00:00,118.2,15.26,11.4,17.1,24.9,42.0,35.0,False
B001,B001_M3,2025-01-25 17:00:00,109.89,6.1,8.2,12.7,26.5,60.0,45.0,False
B001,B001_M3,2025-01-25 18:00:00,83.43,10.13,10.9,17.0,24.5,63.2,43.7,False
B001,B001_M1,2025-01-25 19:00:00,111.82,,7.7,17.1,22.5,54.4,33.5,False
B001,B001_M1,2025-01-25 20:00:00,252.09,19.81,7.5,13.1,26.2,63.5,23.4,True
B001,B001_M3,2025-01-25 21:00:00,74.3,,9.9,14.9,16.4,69.6,43.1,False
B002,B002_M1,2025-01-25 08:00:00,68.45,12.74,7.4,13.3,22.9,63.5,23.3,False
B002,B002_M4,2025-01-25 09:00:00,48.82,7.06,8.9,17.9,27.1,63.8,16.2,False
B002,B002_M4,2025-01-25 10:00:00,50.46,6.55,9.4,17.3,24.3,60.8,29.1,False
B002,B002_M2,2025-01-25 11:00:00,35.28,,9.6,12.8,27.0,47.5,40.9,False
B002,B002_M4,2025-01-25 12:00:00,65.29,,9.7,12.1,20.7,62.1,27.6,False
B002,B002_M1,2025-01-25 13:00:00,45.05,8.37,9.4,14.5,20.4,66.2,38.3,False
B002,B002_M1,2025-01-25 14:00:00,43.22,,10.1,13.7,22.8,64.5,28.1,False
B002,B002_M2,2025-01-25 15:00:00,60.13,14.09,7.4,12.8,29.4,61.5,17.5,False
B002,B002_M2,2025-01-25 16:00:00,54.35,,10.3,13.0,19.4,56.5,18.1,False
B002,B002_M1,2025-01-25 17:00:00,59.05,,10.6,14.1,15.1,49.5,24.6,False
B002,B002_M2,2025-01-25 18:00:00,33.26,,11.0,14.9,20.8,77.4,33.7,False
B002,B002_M1,2025-01-25 19:00:00,45.18,18.48,10.6,17.9,18.9,51.2,15.7,False
B002,B002_M1,2025-01-25 20:00:00,62.4,6.42,10.4,13.0,20.8,51.4,32.2,False
B002,B002_M2,2025-01-25 21:00:00,158.0,,9.7,14.1,20.5,58.8,27.5,True
B003,B003_M2,2025-01-25 08:00:00,221.95,8.07,10.8,13.0,15.8,41.7,41.5,False
B003,B003_M4,2025-01-25 09:00:00,260.51,12.27,10.5,14.7,22.8,45.1,21.5,False
B003,B003_M5,2025-01-25 10:00:00,167.61,14.86,10.8,15.8,22.1,47.2,37.1,False
B003,B003_M4,2025-01-25 11:00:00,222.14,,10.5,13.3,27.2,59.5,27.1,False
B003,B003_M4,2025-01-25 12:00:00,259.15,14.03,11.0,15.0,26.3,46.0,25.9,False
B003,B003_M2,2025-01-25 13:00:00,149.75,11.86,9.6,14.6,21.7,78.7,40.5,False
B003,B003_M3,2025-01-25 14:00:00,166.56,10.97,8.1,16.0,27.8,58.5,34.2,False
B003,B003_M2,2025-01-25 15:00:00,184.63,,9.4,15.7,19.9,45.8,29.1,False
B003,B003_M5,2025-01-25 16:00:00,280.74,15.85,9.8,16.1,29.3,61.0,33.5,False
B003,B003_M1,2025-01-25 17:00:00,156.77,8.01,7.1,17.6,29.3,42.7,30.7,False
B003,B003_M2,2025-01-25 18:00:00,157.65,16.37,8.7,14.2,26.8,79.1,45.2,False
B003,B003_M1,2025-01-25 19:00:00,206.48,7.76,10.3,16.6,24.9,68.5,25.8,False
B003,B003_M4,2025-01-25 20:00:00,224.57,12.22,8.2,13.0,15.5,68.7,11.4,False
B003,B003_M1,2025-01-25 21:00:00,196.71,,8.6,18.0,29.8,49.4,16.0,False
B004,B004_M2,2025-01-25 08:00:00,158.64,14.8,8.8,15.7,29.4,49.4,41.0,False
B004,B004_M4,2025-01-25 09:00:00,152.3,,10.2,14.5,24.4,64.9,18.4,True
B004,B004_M5,2025-01-25 10:00:00,117.72,,9.5,13.4,25.5,79.2,39.1,False
B004,B004_M1,2025-01-25 11:00:00,153.46,10.31,10.1,13.1,22.6,42.4,48.8,False
B004,B004_M1,2025-01-25 12:00:00,128.45,11.31,11.8,12.3,17.2,44.4,19.2,False
B004,B004_M3,2025-01-25 13:00:00,115.37,11.25,8.4,16.4,15.5,48.2,31.7,False
B004,B004_M1,2025-01-25 14:00:00,177.01,7.84,7.8,12.9,18.6,48.3,30.0,False
B004,B004_M3,2025-01-25 15:00:00,178.99,11.53,9.6,16.6,22.1,50.2,45.5,False
B004,B004_M1,2025-01-25 16:00:00,99.44,17.09,11.2,17.7,23.5,74.2,42.0,False
B004,B004_M4,2025-01-25 17:00:00,117.9,15.0,9.5,14.7,29.7,46.9,36.5,False
B004,B004_M5,2025-01-25 18:00:00,110.14,7.49,11.3,16.9,18.8,59.6,13.6,False
B004,B004_M4,2025-01-25 19:00:00,163.66,8.3,10.4,16.3,23.5,55.0,30.2,False
B004,B004_M1,2025-01-25 20:00:00,130.75,15.38,11.0,12.7,21.0,68.8,45.8,False
B004,B004_M1,2025-01-25 21:00:00,123.4,18.77,7.2,13.0,17.9,42.0,47.2,False
B005,B005_M3,2025-01-25 08:00:00,21.6,19.33,11.7,13.0,27.7,64.1,48.4,False
B005,B005_M5,2025-01-25 09:00:00,23.93,18.84,7.0,17.7,15.2,41.1,45.5,False
B005,B005_M1,2025-01-25 10:00:00,25.92,,11.0,16.8,26.5,74.0,14.4,False
B005,B005_M4,2025-01-25 11:00:00,17.72,17.35,9.1,14.5,28.9,63.8,14.4,False
B005,B005_M3,2025-01-25 12:00:00,37.24,11.36,8.3,14.5,27.8,54.7,48.8,False
B005,B005_M4,2025-01-25 13:00:00,27.62,5.05,7.6,15.3,22.5,40.4,31.6,False
B005,B005_M4,2025-01-25 14:00:00,23.18,8.57,11.2,15.0,18.7,48.8,39.9,False
B005,B005_M5,2025-01-25 15:00:00,27.72,15.54,9.9,17.3,21.5,61.5,33.8,False
B005,B005_M5,2025-01-25 16:00:00,33.23,16.03,11.3,15.1,24.7,67.6,12.7,False
B005,B005_M4,2025-01-25 17:00:00,30.07,8.18,11.8,13.0,22.8,52.1,41.5,False
B005,B005_M1,2025-01-25 18:00:00,31.21,,10.0,12.5,17.7,56.1,13.2,False
B005,B005_M5,2025-01-25 19:00:00,24.58,17.16,7.0,13.9,29.6,53.9,30.2,False
B005,B005_M3,2025-01-25 20:00:00,44.28,18.63,9.7,12.6,26.4,66.8,46.0,False
B005,B005_M4,2025-01-25 21:00:00,33.37,5.54,8.5,12.3,18.2,64.5,38.3,False
B001,B001_M2,2025-01-26 08:00:00,99.93,16.44,8.6,17.5,27.5,70.3,30.4,False
B001,B001_M2,2025-01-26 09:00:00,85.94,10.37,8.1,14.1,24.0,57.2,25.7,False
B001,B001_M1,2025-01-26 10:00:00,96.22,,11.4,14.1,20.1,42.1,24.3,False
B001,B001_M2,2025-01-26 11:00:00,105.31,9.48,8.7,12.3,17.3,54.3,12.9,False
B001,B001_M1,2025-01-26 12:00:00,62.35,,7.6,16.5,17.2,64.2,29.4,False
B001,B001_M1,2025-01-26 13:00:00,81.02,6.75,7.7,14.2,25.9,69.5,16.0,False
B001,B001_M3,2025-01-26 14:00:00,94.46,,12.0,16.2,21.0,70.2,49.3,False
B001,B001_M1,2025-01-26 15:00:00,104.56,,9.7,13.5,27.9,77.5,29.3,False
B001,B001_M1,2025-01-26 16:00:00,65.58,11.57,10.2,16.7,22.8,73.2,41.1,False
B001,B001_M2,2025-01-26 17:00:00,81.31,10.69,8.4,13.4,22.5,67.6,18.8,False
B001,B001_M1,2025-01-26 18:00:00,131.74,16.03,10.5,15.5,15.0,44.0,47.5,False
B001,B001_M2,2025-01-26 19:00:00,131.36,,10.8,16.1,29.3,56.3,15.3,False
B001,B001_M3,2025-01-26 20:00:00,125.17,14.18,9.0,12.6,29.1,53.0,31.8,False
B001,B001_M3,2025-01-26 21:00:00,93.28,,9.5,15.4,28.9,60.0,32.6,False
B002,B002_M2,2025-01-26 08:00:00,63.49,18.11,8.4,15.0,23.2,59.9,29.6,False
B002,B002_M1,2025-01-26 09:00:00,69.9,7.36,12.0,15.6,24.7,44.1,20.4,False
B002,B002_M4,2025-01-26 10:00:00,169.38,,10.6,16.8,18.7,70.6,17.4,True
B002,B002_M2,2025-01-26 11:00:00,69.07,6.76,11.7,14.7,29.8,44.4,48.3,False
B002,B002_M2,2025-01-26 12:00:00,57.03,,8.9,16.9,15.5,42.2,42.2,False
B002,B002_M4,2025-01-26 13:00:00,65.9,9.69,8.4,17.3,29.0,75.3,27.9,False
B002,B002_M1,2025-01-26 14:00:00,57.6,18.67,8.1,15.1,28.0,73.0,43.3,False
B002,B002_M2,2025-01-26 15:00:00,64.17,10.96,7.4,15.9,17.9,67.4,25.7,False
B002,B002_M4,2025-01-26 16:00:00,42.99,5.16,8.3,14.0,18.2,79.3,38.0,False
B002,B002_M2,2025-01-26 17:00:00,60.0,16.4,8.3,13.1,18.3,53.3,27.8,False
B002,B002_M1,2025-01-26 18:00:00,39.66,9.45,8.4,15.0,19.8,75.5,29.1,False
B002,B002_M1,2025-01-26 19:00:00,69.59,,7.6,15.8,19.4,54.9,49.7,False
B002,B002_M2,2025-01-26 20:00:00,62.63,14.26,11.0,12.1,27.4,78.6,11.9,False
B002,B002_M2,2025-01-26 21:00:00,76.68,,7.6,16.8,17.5,40.0,41.0,False
B003,B003_M5,2025-01-26 08:00:00,241.61,9.16,7.5,16.3,20.0,44.3,25.7,False
B003,B003_M3,2025-01-26 09:00:00,219.39,,8.7,12.8,27.3,63.1,15.8,False
B003,B003_M4,2025-01-26 10:00:00,178.72,,7.9,17.2,26.8,65.2,23.3,False
B003,B003_M5,2025-01-26 11:00:00,184.29,15.5,10.5,17.8,28.7,74.6,10.2,False
B003,B003_M2,2025-01-26 12:00:00,193.4,19.55,10.4,16.9,15.6,68.2,11.2,False
B003,B003_M4,2025-01-26 13:00:00,136.98,7.16,12.0,12.7,17.0,68.8,37.0,False
B003,B003_M1,2025-01-26 14:00:00,206.66,18.55,11.5,16.4,26.8,64.6,28.0,False
B003,B003_M5,2025-01-26 15:00:00,214.55,6.22,9.2,15.1,25.5,79.6,44.8,False
B003,B003_M4,2025-01-26 16:00:00,187.63,6.96,7.1,17.9,27.0,53.8,19.4,False
B003,B003_M3,2025-01-26 17:00:00,231.13,10.77,11.9,12.5,26.8,44.9,16.3,False
B003,B003_M5,2025-01-26 18:00:00,223.4,16.47,10.2,14.2,20.2,57.9,41.9,False
B003,B003_M1,2025-01-26 19:00:00,137.74,9.42,11.4,16.2,24.1,51.5,36.7,False
B003,B003_M2,2025-01-26 20:00:00,208.22,10.18,7.3,13.1,23.8,53.0,22.1,False
B003,B003_M3,2025-01-26 21:00:00,241.74,11.96,10.7,12.5,25.0,52.5,26.7,False
B004,B004_M3,2025-01-26 08:00:00,193.98,15.91,9.1,14.1,23.6,44.6,30.8,False
B004,B004_M5,2025-01-26 09:00:00,135.51,8.3,10.9,14.9,16.1,66.9,20.8,False
B004,B004_M4,2025-01-26 10:00:00,166.64,14.33,8.3,15.5,28.7,73.7,25.0,False
B004,B004_M3,2025-01-26 11:00:00,122.19,19.17,9.8,13.6,27.3,47.8,15.2,False
B004,B004_M4,2025-01-26 12:00:00,154.82,10.82,11.6,15.0,21.5,45.3,30.8,False
B004,B004_M3,2025-01-26 13:00:00,120.9,,8.3,13.5,27.4,54.2,27.5,False
B004,B004_M2,2025-01-26 14:00:00,166.48,,9.0,16.8,17.7,47.9,36.8,False
B004,B004_M1,2025-01-26 15:00:00,134.45,16.71,7.8,12.7,21.4,65.9,10.6,False
B004,B004_M4,2025-01-26 16:00:00,124.51,7.77,10.9,14.1,26.7,71.7,44.8,False
B004,B004_M2,2025-01-26 17:00:00,128.13,13.28,7.4,14.3,28.3,59.2,39.9,False
B004,B004_M4,2025-01-26 18:00:00,157.51,16.12,11.5,12.6,24.8,66.4,24.2,False
B004,B004_M4,2025-01-26 19:00:00,191.16,6.28,10.0,16.4,23.9,70.0,35.2,False
B004,B004_M5,2025-01-26 20:00:00,120.65,12.43,9.0,13.2,29.6,44.9,31.2,False
B004,B004_M4,2025-01-26 21:00:00,206.86,,9.2,14.3,17.7,65.0,11.6,False
B005,B005_M4,2025-01-26 08:00:00,32.82,15.4,10.2,16.2,27.3,41.2,14.5,False
B005,B005_M3,2025-01-26 09:00:00,42.24,13.28,10.3,15.2,16.6,55.5,38.5,False
B005,B005_M5,2025-01-26 10:00:00,27.03,,9.4,12.8,28.9,42.6,12.2,False
B005,B005_M5,2025-01-26 11:00:00,25.27,,11.8,13.8,26.5,73.7,38.4,False
B005,B005_M3,2025-01-26 12:00:00,27.95,11.67,8.8,14.2,21.2,40.9,19.2,False
B005,B005_M5,2025-01-26 13:00:00,19.82,18.25,9.7,14.8,25.4,44.7,11.8,False
B005,B005_M1,2025-01-26 14:00:00,26.28,5.48,8.7,15.8,23.2,44.3,37.7,False
B005,B005_M2,2025-01-26 15:00:00,51.82,7.91,8.9,12.4,18.6,56.0,25.3,True
B005,B005_M3,2025-01-26 16:00:00,25.28,18.97,10.8,17.7,19.5,72.0,20.1,False
B005,B005_M3,2025-01-26 17:00:00,37.55,,7.9,17.9,25.4,70.9,49.8,False
B005,B005_M3,2025-01-26 18:00:00,23.94,16.04,10.0,13.1,25.8,58.5,17.9,False
B005,B005_M2,2025-01-26 19:00:00,32.51,,9.0,16.6,24.0,47.8,11.6,False
B005,B005_M3,2025-01-26 20:00:00,21.86,13.07,11.2,16.8,16.9,59.6,24.4,False
B005,B005_M1,2025-01-26 21:00:00,37.08,,10.0,17.2,15.9,42.0,41.2,False
B001,B001_M3,2025-01-27 08:00:00,148.89,17.34,11.9,12.4,23.9,52.9,17.6,False
B001,B001_M3,2025-01-27 09:00:00,136.07,18.08,7.6,14.4,22.3,78.0,12.5,False
B001,B001_M3,2025-01-27 10:00:00,224.74,,7.4,13.9,27.7,63.2,41.6,False
B001,B001_M1,2025-01-27 11:00:00,226.62,,10.2,16.6,18.0,62.8,21.5,False
B001,B001_M3,2025-01-27 12:00:00,210.85,,9.3,15.0,28.5,63.0,35.1,False
B001,B001_M3,2025-01-27 13:00:00,194.76,,7.3,14.3,25.2,57.7,10.2,False
B001,B001_M1,2025-01-27 14:00:00,219.66,17.47,11.6,14.8,28.6,74.4,12.7,False
B001,B001_M2,2025-01-27 15:00:00,197.18,18.57,8.6,15.6,26.4,55.8,43.4,False
B001,B001_M1,2025-01-27 16:00:00,194.31,17.55,7.8,13.8,24.4,64.4,21.0,False
B001,B001_M3,2025-01-27 17:00:00,229.94,,11.4,13.3,21.5,59.8,49.3,False
B001,B001_M2,2025-01-27 18:00:00,156.08,,10.8,16.3,21.3,57.8,12.4,False
B001,B001_M3,2025-01-27 19:00:00,103.44,,8.7,14.2,18.6,67.2,38.6,False
B001,B001_M3,2025-01-27 20:00:00,111.54,,11.6,16.8,26.4,60.9,22.5,False
B001,B001_M2,2025-01-27 21:00:00,115.84,17.53,9.4,13.9,16.9,45.0,38.2,False
B002,B002_M1,2025-01-27 08:00:00,62.15,,9.7,12.8,27.3,66.6,46.7,False
B002,B002_M4,2025-01-27 09:00:00,116.47,8.62,8.3,17.4,22.6,47.5,23.0,False
B002,B002_M4,2025-01-27 10:00:00,157.02,,10.7,13.7,19.1,74.6,39.6,False
B002,B002_M4,2025-01-27 11:00:00,113.86,5.37,9.0,13.2,16.4,73.3,26.7,False
B002,B002_M1,2025-01-27 12:00:00,106.13,,9.0,17.6,17.9,78.9,14.9,False
B002,B002_M1,2025-01-27 13:00:00,111.26,,10.7,16.1,21.1,67.6,30.2,False
B002,B002_M1,2025-01-27 14:00:00,96.84,,7.5,16.1,24.7,68.3,14.2,False
B002,B002_M4,2025-01-27 15:00:00,99.03,,10.3,15.4,17.4,64.5,30.9,False
B002,B002_M4,2025-01-27 16:00:00,107.5,,8.5,15.2,27.9,48.4,12.3,False
B002,B002_M1,2025-01-27 17:00:00,194.84,6.66,11.6,12.8,22.4,75.8,16.8,False
B002,B002_M3,2025-01-27 18:00:00,74.54,12.36,11.2,14.4,19.9,72.4,46.1,False
B002,B002_M2,2025-01-27 19:00:00,78.11,11.5,10.7,14.1,29.5,75.7,17.9,False
B002,B002_M3,2025-01-27 20:00:00,71.67,,11.6,14.8,19.5,64.0,29.5,False
B002,B002_M1,2025-01-27 21:00:00,82.36,6.82,9.2,12.0,28.3,41.9,34.4,False
B003,B003_M3,2025-01-27 08:00:00,201.16,,7.7,12.9,27.3,55.4,32.3,False
B003,B003_M4,2025-01-27 09:00:00,531.32,10.05,10.6,15.0,19.5,53.0,31.8,False
B003,B003_M3,2025-01-27 10:00:00,507.18,6.52,8.1,17.4,20.6,41.4,39.2,False
B003,B003_M2,2025-01-27 11:00:00,454.44,,11.1,12.2,18.7,43.5,33.1,False
B003,B003_M4,2025-01-27 12:00:00,426.96,,11.8,14.9,22.9,68.9,48.7,False
B003,B003_M2,2025-01-27 13:00:00,420.55,,10.9,17.5,29.0,53.9,30.5,False
B003,B003_M2,2025-01-27 14:00:00,602.03,11.45,7.9,13.8,19.7,59.1,37.8,False
B003,B003_M1,2025-01-27 15:00:00,349.92,15.29,11.4,15.6,16.3,65.6,36.9,False
B003,B003_M3,2025-01-27 16:00:00,1036.27,,11.9,12.3,21.9,41.3,42.5,True
B003,B003_M4,2025-01-27 17:00:00,430.94,,10.6,16.7,25.7,66.1,17.3,False
B003,B003_M2,2025-01-27 18:00:00,280.63,9.29,11.8,15.2,21.5,54.4,43.4,False
B003,B003_M4,2025-01-27 19:00:00,277.89,,11.4,16.0,23.1,46.3,15.0,False
B003,B003_M3,2025-01-27 20:00:00,294.87,14.42,11.9,17.5,18.3,55.2,38.4,False
B003,B003_M4,2025-01-27 21:00:00,256.37,14.37,9.7,17.4,22.0,55.3,27.6,False
B004,B004_M4,2025-01-27 08:00:00,194.64,14.24,9.7,15.6,24.5,71.7,27.1,False
B004,B004_M2,2025-01-27 09:00:00,327.41,11.65,11.9,12.7,15.1,65.5,10.8,False
B004,B004_M1,2025-01-27 10:00:00,419.89,17.83,8.1,12.1,26.2,63.2,48.7,False
B004,B004_M3,2025-01-27 11:00:00,320.8,16.77,10.8,17.8,23.5,73.2,11.1,False
B004,B004_M4,2025-01-27 12:00:00,308.4,7.36,8.0,13.5,27.6,58.2,11.6,False
B004,B004_M1,2025-01-27 13:00:00,335.78,15.44,9.6,17.0,15.6,43.4,14.4,False
B004,B004_M2,2025-01-27 14:00:00,283.37,,7.5,16.8,17.7,71.0,30.7,False
B004,B004_M4,2025-01-27 15:00:00,304.47,15.65,8.3,16.4,25.9,40.7,48.7,False
B004,B004_M3,2025-01-27 16:00:00,368.83,9.94,9.3,14.2,19.4,49.7,21.9,False
B004,B004_M1,2025-01-27 17:00:00,355.99,13.86,9.5,16.8,23.5,70.8,36.8,False
B004,B004_M1,2025-01-27 18:00:00,194.48,,11.9,17.6,22.1,58.4,38.8,False
B004,B004_M4,2025-01-27 19:00:00,198.3,7.03,8.4,12.3,19.0,51.9,29.0,False
B004,B004_M5,2025-01-27 20:00:00,151.59,,9.8,13.9,25.4,51.1,13.8,False
B004,B004_M1,2025-01-27 21:00:00,202.6,12.01,10.1,15.9,29.2,48.4,28.4,False
B005,B005_M5,2025-01-27 08:00:00,44.91,12.86,11.7,13.9,20.5,62.9,12.2,False
B005,B005_M2,2025-01-27 09:00:00,58.36,13.27,10.1,15.1,29.4,56.8,39.8,False
B005,B005_M4,2025-01-27 10:00:00,94.97,10.89,11.5,13.9,25.8,46.4,28.8,False
B005,B005_M4,2025-01-27 11:00:00,77.91,9.18,11.0,12.1,17.5,64.2,17.7,False
B005,B005_M2,2025-01-27 12:00:00,69.5,15.56,8.0,16.5,20.1,78.6,23.9,False
B005,B005_M2,2025-01-27 13:00:00,66.03,8.69,8.3,15.2,15.1,74.2,23.9,False
B005,B005_M4,2025-01-27 14:00:00,84.4,10.07,11.9,16.7,19.5,66.2,37.7,False
B005,B005_M5,2025-01-27 15:00:00,75.0,,7.5,17.0,18.3,51.6,24.9,False
B005,B005_M2,2025-01-27 16:00:00,62.79,12.17,8.1,15.8,16.6,74.2,41.4,False
B005,B005_M4,2025-01-27 17:00:00,72.17,,10.0,17.6,20.9,71.7,14.7,False
B005,B005_M2,2025-01-27 18:00:00,34.37,,7.0,12.5,26.2,75.3,43.5,False
B005,B005_M1,2025-01-27 19:00:00,117.28,8.29,8.4,13.7,20.9,61.1,30.8,True
B005,B005_M2,2025-01-27 20:00:00,26.98,13.71,10.8,12.5,27.5,41.3,43.5,False
B005,B005_M1,2025-01-27 21:00:00,33.05,6.05,7.5,12.1,16.8,67.0,19.0,False
B001,B001_M1,2025-01-28 08:00:00,124.77,9.98,7.6,13.7,18.9,43.2,27.3,False
B001,B001_M3,2025-01-28 09:00:00,167.44,15.98,9.5,17.6,29.5,68.5,42.5,False
B001,B001_M1,2025-01-28 10:00:00,159.02,14.89,7.8,17.3,18.1,70.2,47.1,False
B001,B001_M1,2025-01-28 11:00:00,201.25,,11.1,12.4,29.1,42.3,48.9,False
B001,B001_M2,2025-01-28 12:00:00,183.77,5.76,7.8,15.9,23.2,64.9,33.0,False
B001,B001_M2,2025-01-28 13:00:00,147.18,,10.2,12.3,28.1,44.4,31.3,False
B001,B001_M3,2025-01-28 14:00:00,222.73,,11.4,14.8,21.5,54.7,17.1,False
B001,B001_M1,2025-01-28 15:00:00,178.53,18.64,8.9,13.5,23.8,65.1,36.0,False
B001,B001_M3,2025-01-28 16:00:00,237.57,8.73,10.4,12.4,18.6,69.9,22.2,False
B001,B001_M1,2025-01-28 17:00:00,200.94,14.58,11.3,14.8,20.5,47.6,41.4,False
B001,B001_M3,2025-01-28 18:00:00,95.96,16.37,8.0,15.0,24.5,43.8,28.0,False
B001,B001_M1,2025-01-28 19:00:00,145.76,14.26,10.7,14.9,29.8,56.8,28.7,False
B001,B001_M1,2025-01-28 20:00:00,99.74,10.05,8.7,12.8,28.8,56.4,14.4,False
B001,B001_M2,2025-01-28 21:00:00,101.8,12.67,11.1,14.6,16.0,64.8,13.1,False
B002,B002_M4,2025-01-28 08:00:00,87.37,19.45,11.5,17.3,20.2,63.4,47.8,False
B002,B002_M4,2025-01-28 09:00:00,154.22,,8.6,17.0,28.5,58.8,21.9,False
B002,B002_M3,2025-01-28 10:00:00,141.38,16.72,9.3,16.0,16.1,67.2,46.0,False
B002,B002_M3,2025-01-28 11:00:00,112.08,,7.1,15.4,23.1,47.3,28.1,False
B002,B002_M4,2025-01-28 12:00:00,100.71,17.47,8.7,16.0,16.3,50.5,13.1,False
B002,B002_M1,2025-01-28 13:00:00,120.25,17.21,8.2,17.4,17.7,56.9,22.1,False
B002,B002_M2,2025-01-28 14:00:00,110.15,18.3,10.6,16.1,20.8,54.2,44.6,False
B002,B002_M2,2025-01-28 15:00:00,164.23,,11.8,13.2,15.3,49.9,10.4,False
B002,B002_M2,2025-01-28 16:00:00,128.46,,7.8,13.8,19.6,51.9,10.7,False
B002,B002_M4,2025-01-28 17:00:00,143.48,14.72,11.5,16.7,16.4,76.3,28.4,False
B002,B002_M3,2025-01-28 18:00:00,92.4,5.91,8.3,13.4,26.7,65.5,22.3,False
B002,B002_M1,2025-01-28 19:00:00,77.19,6.17,11.5,14.7,22.9,42.4,10.3,False
B002,B002_M2,2025-01-28 20:00:00,66.05,17.62,9.0,16.7,20.1,72.4,46.9,False
B002,B002_M1,2025-01-28 21:00:00,85.95,6.42,9.6,15.2,17.3,76.2,40.8,False
B003,B003_M4,2025-01-28 08:00:00,291.52,9.22,10.9,15.3,16.0,42.0,47.8,False
B003,B003_M2,2025-01-28 09:00:00,487.35,14.29,10.3,13.0,28.6,77.5,35.5,False
B003,B003_M3,2025-01-28 10:00:00,391.77,15.85,8.2,12.4,15.9,44.6,29.2,False
B003,B003_M3,2025-01-28 11:00:00,541.53,9.13,10.6,14.7,21.1,43.4,36.1,False
B003,B003_M4,2025-01-28 12:00:00,496.95,5.61,7.3,17.2,23.4,42.6,19.2,False
B003,B003_M5,2025-01-28 13:00:00,479.28,7.92,8.5,17.6,29.7,50.6,20.3,False
B003,B003_M4,2025-01-28 14:00:00,423.88,13.99,7.0,14.4,20.0,62.9,35.9,False
B003,B003_M3,2025-01-28 15:00:00,511.63,14.44,7.2,14.1,21.5,79.4,26.0,False
B003,B003_M4,2025-01-28 16:00:00,574.73,17.95,7.0,17.2,16.2,71.5,46.9,False
B003,B003_M3,2025-01-28 17:00:00,357.9,18.38,9.3,12.1,18.3,62.1,45.1,False
B003,B003_M2,2025-01-28 18:00:00,316.27,,11.1,17.4,18.9,44.5,50.0,False
B003,B003_M1,2025-01-28 19:00:00,278.1,13.1,8.5,15.7,24.4,57.6,27.9,False
B003,B003_M2,2025-01-28 20:00:00,217.29,12.87,7.4,17.2,27.2,63.3,40.6,False
B003,B003_M2,2025-01-28 21:00:00,233.17,18.8,10.4,13.3,28.7,77.8,43.6,False
B004,B004_M1,2025-01-28 08:00:00,197.17,15.23,8.7,13.2,28.8,70.7,37.2,False
B004,B004_M3,2025-01-28 09:00:00,372.44,12.64,10.5,16.9,26.4,61.7,13.5,False
B004,B004_M5,2025-01-28 10:00:00,471.7,,7.5,13.2,20.9,58.2,18.5,False
B004,B004_M2,2025-01-28 11:00:00,348.36,18.38,9.1,14.7,19.0,65.9,35.8,False
B004,B004_M3,2025-01-28 12:00:00,411.28,19.93,11.9,15.8,28.5,76.8,13.6,False
B004,B004_M3,2025-01-28 13:00:00,331.07,9.07,9.2,13.9,20.1,73.5,38.2,False
B004,B004_M3,2025-01-28 14:00:00,298.36,,7.3,17.9,17.4,71.7,26.9,False
B004,B004_M3,2025-01-28 15:00:00,378.07,11.89,7.7,14.8,28.4,44.1,34.1,False
B004,B004_M3,2025-01-28 16:00:00,336.01,,12.0,14.1,29.7,64.8,43.1,False
B004,B004_M2,2025-01-28 17:00:00,394.77,,7.5,14.9,16.4,70.5,39.6,False
B004,B004_M2,2025-01-28 18:00:00,159.47,19.81,11.0,16.9,19.2,48.6,31.4,False
B004,B004_M4,2025-01-28 19:00:00,190.85,6.3,8.6,16.8,25.7,46.5,47.8,False
B004,B004_M5,2025-01-28 20:00:00,166.4,8.27,10.0,17.3,25.2,46.4,24.9,False
B004,B004_M5,2025-01-28 21:00:00,204.18,,10.6,14.7,26.0,67.2,44.5,False
B005,B005_M1,2025-01-28 08:00:00,37.28,15.83,10.9,15.8,27.8,73.3,47.4,False
B005,B005_M4,2025-01-28 09:00:00,75.33,,9.5,13.8,28.4,70.9,11.6,False
B005,B005_M2,2025-01-28 10:00:00,85.45,5.53,9.6,16.2,23.4,70.3,20.9,False
B005,B005_M2,2025-01-28 11:00:00,74.13,10.66,7.3,12.6,28.2,42.5,29.6,False
B005,B005_M1,2025-01-28 12:00:00,53.0,,11.1,13.6,16.0,51.8,42.4,False
B005,B005_M2,2025-01-28 13:00:00,147.35,16.63,8.2,16.6,25.0,53.9,28.6,True
B005,B005_M1,2025-01-28 14:00:00,63.27,5.57,11.6,17.0,16.7,70.9,38.9,False
B005,B005_M1,2025-01-28 15:00:00,50.27,10.21,10.1,17.5,25.9,46.5,11.5,False
B005,B005_M4,2025-01-28 16:00:00,95.49,16.76,9.8,15.5,15.8,56.2,34.3,False
B005,B005_M1,2025-01-28 17:00:00,51.96,19.66,9.2,14.1,21.1,79.7,12.2,False
B005,B005_M5,2025-01-28 18:00:00,40.46,16.95,9.2,17.1,24.3,70.8,35.5,False
B005,B005_M4,2025-01-28 19:00:00,29.95,17.19,7.8,14.1,25.4,75.8,44.2,False
B005,B005_M3,2025-01-28 20:00:00,42.25,,8.4,15.0,29.8,59.7,26.8,False
B005,B005_M5,2025-01-28 21:00:00,26.31,7.66,10.5,12.3,20.9,67.2,31.5,False
B001,B001_M2,2025-01-29 08:00:00,165.54,,10.0,12.5,21.9,47.2,47.5,False
B001,B001_M3,2025-01-29 09:00:00,187.33,7.86,9.6,15.4,24.9,55.5,43.7,False
B001,B001_M3,2025-01-29 10:00:00,209.03,,10.2,13.9,21.1,74.2,34.1,False
B001,B001_M3,2025-01-29 11:00:00,164.83,19.99,10.9,13.0,24.8,72.6,38.5,False
B001,B001_M3,2025-01-29 12:00:00,275.25,9.25,10.8,17.6,25.7,40.1,28.2,False
B001,B001_M1,2025-01-29 13:00:00,211.21,,10.6,14.5,16.2,70.7,31.5,False
B001,B001_M2,2025-01-29 14:00:00,181.08,9.5,8.2,15.7,21.0,70.3,38.7,False
B001,B001_M1,2025-01-29 15:00:00,299.53,5.67,7.8,17.0,29.8,76.9,14.6,False
B001,B001_M3,2025-01-29 16:00:00,238.25,,10.8,17.5,18.9,59.5,17.5,False
B001,B001_M1,2025-01-29 17:00:00,181.0,,7.5,16.3,26.0,55.8,43.7,False
B001,B001_M1,2025-01-29 18:00:00,121.47,,8.8,17.7,22.5,78.5,49.0,False
B001,B001_M3,2025-01-29 19:00:00,142.23,,11.7,13.0,25.7,77.2,13.6,False
B001,B001_M1,2025-01-29 20:00:00,184.71,,10.8,17.9,27.7,61.5,24.8,True
B001,B001_M2,2025-01-29 21:00:00,128.26,,11.1,17.7,17.2,78.9,44.2,False
B002,B002_M2,2025-01-29 08:00:00,84.81,17.36,11.1,16.4,22.9,67.4,27.1,False
B002,B002_M2,2025-01-29 09:00:00,153.95,12.68,8.9,12.8,29.4,60.5,41.5,False
B002,B002_M3,2025-01-29 10:00:00,163.64,10.25,11.1,17.7,20.5,58.4,30.2,False
B002,B002_M3,2025-01-29 11:00:00,230.27,7.65,8.6,15.1,19.9,44.0,20.2,True
B002,B002_M1,2025-01-29 12:00:00,131.8,12.79,9.1,13.6,21.5,49.3,25.6,False
B002,B002_M1,2025-01-29 13:00:00,240.4,12.97,10.3,16.2,24.7,75.4,46.9,True
B002,B002_M2,2025-01-29 14:00:00,107.7,,8.9,15.9,21.3,59.4,34.3,False
B002,B002_M3,2025-01-29 15:00:00,144.17,,7.5,13.8,27.7,40.2,39.2,False
B002,B002_M3,2025-01-29 16:00:00,152.46,15.49,11.2,16.0,17.7,70.8,26.4,False
B002,B002_M3,2025-01-29 17:00:00,164.02,,11.7,15.0,28.8,45.8,39.9,False
B002,B002_M3,2025-01-29 18:00:00,156.59,,10.5,14.3,27.8,53.2,16.7,True
B002,B002_M2,2025-01-29 19:00:00,76.96,6.85,9.4,14.9,20.8,77.9,21.9,False
B002,B002_M2,2025-01-29 20:00:00,90.42,,10.3,14.0,19.2,45.3,20.4,False
B002,B002_M1,2025-01-29 21:00:00,80.71,,10.8,17.2,18.9,76.6,40.5,False
B003,B003_M5,2025-01-29 08:00:00,251.51,7.85,8.0,17.2,27.1,76.1,49.9,False
B003,B003_M1,2025-01-29 09:00:00,415.37,13.75,9.2,15.2,28.1,64.4,41.9,False
B003,B003_M5,2025-01-29 10:00:00,518.01,15.33,10.9,15.6,16.5,63.2,45.4,False
B003,B003_M3,2025-01-29 11:00:00,460.08,,9.5,14.6,26.9,72.0,19.9,False
B003,B003_M2,2025-01-29 12:00:00,560.15,9.86,10.1,12.3,19.4,65.5,11.9,False
B003,B003_M3,2025-01-29 13:00:00,475.81,,11.7,12.6,20.7,74.3,15.6,False
B003,B003_M3,2025-01-29 14:00:00,450.83,,7.9,14.6,24.1,43.9,18.4,False
B003,B003_M3,2025-01-29 15:00:00,365.8,18.33,8.6,18.0,26.3,74.5,37.0,False
B003,B003_M2,2025-01-29 16:00:00,348.97,,8.2,14.6,29.3,59.0,19.3,False
B003,B003_M2,2025-01-29 17:00:00,520.09,15.21,11.4,13.1,24.1,46.7,20.9,False
B003,B003_M1,2025-01-29 18:00:00,548.45,16.39,9.8,17.6,27.9,70.7,29.3,True
B003,B003_M2,2025-01-29 19:00:00,318.04,,11.1,16.8,20.5,56.7,46.7,False
B003,B003_M3,2025-01-29 20:00:00,288.21,7.13,7.1,16.0,15.9,59.4,21.8,False
B003,B003_M5,2025-01-29 21:00:00,305.23,5.38,7.4,15.3,24.3,43.4,39.8,False
B004,B004_M5,2025-01-29 08:00:00,192.04,5.74,8.8,17.2,24.1,47.9,25.6,False
B004,B004_M1,2025-01-29 09:00:00,901.1,17.72,7.5,13.9,28.3,43.5,46.2,True
B004,B004_M2,2025-01-29 10:00:00,306.77,16.05,8.9,12.5,24.1,73.4,16.6,False
B004,B004_M1,2025-01-29 11:00:00,343.0,8.18,7.5,12.9,28.0,43.5,44.5,False
B004,B004_M3,2025-01-29 12:00:00,291.47,,11.7,17.0,26.5,42.5,25.4,False
B004,B004_M3,2025-01-29 13:00:00,320.33,17.28,10.2,17.4,18.7,60.0,38.4,False
B004,B004_M4,2025-01-29 14:00:00,432.25,,11.3,18.0,15.8,40.2,33.7,True
B004,B004_M1,2025-01-29 15:00:00,381.57,18.97,8.4,12.8,19.5,44.7,26.2,False
B004,B004_M3,2025-01-29 16:00:00,307.4,13.8,8.0,14.1,19.2,46.7,16.2,False
B004,B004_M2,2025-01-29 17:00:00,393.79,8.79,9.0,17.2,26.6,59.5,32.4,False
B004,B004_M2,2025-01-29 18:00:00,199.85,,9.5,16.8,18.9,71.5,24.3,False
B004,B004_M2,2025-01-29 19:00:00,149.1,12.5,7.0,15.3,23.7,55.6,23.3,False
B004,B004_M5,2025-01-29 20:00:00,199.54,,7.6,12.8,26.5,60.5,40.0,False
B004,B004_M4,2025-01-29 21:00:00,161.08,11.34,8.7,16.1,25.7,63.5,10.7,False
B005,B005_M4,2025-01-29 08:00:00,31.6,,8.1,15.2,28.3,69.9,34.0,False
B005,B005_M1,2025-01-29 09:00:00,75.17,13.6,8.8,17.7,27.1,42.9,31.8,False
B005,B005_M5,2025-01-29 10:00:00,63.63,,9.0,17.5,25.9,61.0,15.5,False
B005,B005_M4,2025-01-29 11:00:00,63.83,15.83,7.0,16.2,23.6,49.6,10.4,False
B005,B005_M4,2025-01-29 12:00:00,79.63,,7.7,15.1,19.0,55.8,42.0,False
B005,B005_M4,2025-01-29 13:00:00,65.73,,8.1,12.3,15.7,74.1,42.1,False
B005,B005_M3,2025-01-29 14:00:00,70.11,17.58,11.0,17.5,15.2,64.5,30.8,False
B005,B005_M3,2025-01-29 15:00:00,68.61,15.48,7.1,15.9,15.3,73.5,49.3,False
B005,B005_M4,2025-01-29 16:00:00,64.63,11.94,8.0,17.3,20.8,56.0,19.1,False
B005,B005_M3,2025-01-29 17:00:00,59.22,,9.9,14.0,19.4,41.4,25.8,False
B005,B005_M1,2025-01-29 18:00:00,32.91,,11.4,14.7,15.7,72.4,36.8,False
B005,B005_M3,2025-01-29 19:00:00,45.6,17.86,11.7,14.9,23.5,67.5,19.1,False
B005,B005_M4,2025-01-29 20:00:00,43.91,9.55,11.0,16.6,19.8,70.8,38.0,False
B005,B005_M2,2025-01-29 21:00:00,35.16,6.67,9.0,12.8,29.2,67.6,37.9,False
B001,B001_M3,2025-01-30 08:00:00,113.92,8.56,11.0,13.3,19.6,49.1,23.4,False
B001,B001_M2,2025-01-30 09:00:00,178.15,,9.0,17.1,20.4,74.4,28.0,False
B001,B001_M1,2025-01-30 10:00:00,277.32,9.64,11.6,16.5,29.4,40.9,39.8,False
B001,B001_M1,2025-01-30 11:00:00,155.31,13.45,10.6,17.1,20.5,74.1,43.7,False
B001,B001_M1,2025-01-30 12:00:00,299.83,8.33,12.0,17.0,28.9,57.4,22.2,False
B001,B001_M1,2025-01-30 13:00:00,257.18,13.99,10.6,14.3,22.5,58.5,35.8,False
B001,B001_M3,2025-01-30 14:00:00,128.22,16.58,11.5,12.1,23.2,44.0,35.4,False
B001,B001_M2,2025-01-30 15:00:00,166.32,,11.3,12.4,18.0,74.6,20.5,False
B001,B001_M1,2025-01-30 16:00:00,213.26,8.08,8.5,14.8,17.6,59.8,16.7,False
B001,B001_M3,2025-01-30 17:00:00,184.2,,7.5,12.5,28.6,73.2,10.6,False
B001,B001_M1,2025-01-30 18:00:00,110.69,16.83,9.6,16.6,29.1,66.8,46.3,False
B001,B001_M1,2025-01-30 19:00:00,138.59,,10.5,13.7,17.6,79.0,17.3,False
B001,B001_M3,2025-01-30 20:00:00,118.47,11.73,11.3,15.8,25.1,51.9,15.3,False
B001,B001_M2,2025-01-30 21:00:00,120.33,8.21,10.4,12.0,20.6,60.2,42.6,False
B002,B002_M3,2025-01-30 08:00:00,69.51,,7.9,13.4,23.2,60.4,44.8,False
B002,B002_M3,2025-01-30 09:00:00,151.76,19.56,8.0,16.8,20.9,55.1,37.8,False
B002,B002_M2,2025-01-30 10:00:00,137.47,9.18,10.1,13.9,28.4,73.8,20.9,False
B002,B002_M4,2025-01-30 11:00:00,110.46,,9.0,17.3,18.6,43.4,24.2,False
B002,B002_M2,2025-01-30 12:00:00,168.42,8.37,8.0,16.3,26.1,48.3,12.8,False
B002,B002_M2,2025-01-30 13:00:00,124.97,,7.9,14.1,16.4,60.9,45.7,False
B002,B002_M2,2025-01-30 14:00:00,151.22,,11.0,13.2,22.5,73.4,36.8,False
B002,B002_M1,2025-01-30 15:00:00,92.28,17.9,7.7,12.7,28.7,74.2,11.6,False
B002,B002_M4,2025-01-30 16:00:00,175.36,6.13,11.0,15.5,18.5,57.1,29.9,False
B002,B002_M2,2025-01-30 17:00:00,180.57,5.07,11.8,17.9,22.6,71.3,18.8,False
B002,B002_M1,2025-01-30 18:00:00,88.48,13.57,10.3,14.7,16.4,60.3,25.7,False
B002,B002_M2,2025-01-30 19:00:00,101.83,17.26,10.9,17.4,29.1,66.2,17.7,False
B002,B002_M3,2025-01-30 20:00:00,86.84,,10.7,13.9,17.3,78.1,43.9,False
B002,B002_M2,2025-01-30 21:00:00,59.39,,7.6,14.5,21.5,40.2,48.5,False
B003,B003_M5,2025-01-30 08:00:00,354.33,12.16,9.6,12.9,23.9,72.3,43.0,False
B003,B003_M4,2025-01-30 09:00:00,488.15,15.71,7.1,13.4,20.0,79.0,17.3,False
B003,B003_M3,2025-01-30 10:00:00,612.39,17.89,11.9,13.4,23.0,50.2,18.4,False
B003,B003_M4,2025-01-30 11:00:00,879.67,12.41,7.8,15.1,23.2,51.1,43.8,True
B003,B003_M1,2025-01-30 12:00:00,429.88,,9.3,13.2,27.2,76.9,18.2,False
B003,B003_M5,2025-01-30 13:00:00,459.49,,8.5,13.5,16.7,72.0,26.1,False
B003,B003_M3,2025-01-30 14:00:00,529.02,,9.2,17.9,24.4,77.7,12.1,False
B003,B003_M5,2025-01-30 15:00:00,468.63,14.61,8.3,12.5,16.3,50.9,42.3,False
B003,B003_M3,2025-01-30 16:00:00,495.6,12.96,11.7,16.9,25.5,43.5,14.4,False
B003,B003_M4,2025-01-30 17:00:00,566.98,17.47,8.7,13.7,15.9,67.8,24.5,False
B003,B003_M4,2025-01-30 18:00:00,251.58,18.09,10.2,13.5,26.9,45.4,33.0,False
B003,B003_M3,2025-01-30 19:00:00,334.67,19.04,11.7,12.6,15.2,48.6,25.0,False
B003,B003_M4,2025-01-30 20:00:00,242.79,11.74,9.3,12.3,15.9,60.5,22.4,False
B003,B003_M3,2025-01-30 21:00:00,249.07,10.32,7.6,12.8,27.3,41.2,40.9,False
B004,B004_M3,2025-01-30 08:00:00,195.22,13.69,10.8,13.9,26.0,57.5,34.5,False
B004,B004_M4,2025-01-30 09:00:00,364.62,7.37,7.6,15.6,16.2,71.9,49.3,False
B004,B004_M2,2025-01-30 10:00:00,415.64,11.38,10.6,15.1,17.3,44.2,20.6,False
B004,B004_M1,2025-01-30 11:00:00,261.79,15.34,11.2,14.6,19.5,65.4,26.4,False
B004,B004_M1,2025-01-30 12:00:00,430.02,,10.5,13.5,18.0,65.1,18.2,False
B004,B004_M3,2025-01-30 13:00:00,495.53,18.29,8.1,14.2,17.4,70.8,14.3,True
B004,B004_M5,2025-01-30 14:00:00,271.96,,11.3,12.2,24.1,68.4,11.3,False
B004,B004_M5,2025-01-30 15:00:00,358.74,,9.1,16.3,26.1,41.6,25.5,False
B004,B004_M5,2025-01-30 16:00:00,443.95,11.46,11.1,16.8,20.1,51.1,44.3,False
B004,B004_M2,2025-01-30 17:00:00,271.64,,10.0,14.6,22.1,56.3,13.5,False
B004,B004_M5,2025-01-30 18:00:00,195.3,,10.8,17.3,16.9,72.5,37.9,False
B004,B004_M2,2025-01-30 19:00:00,246.4,,7.5,12.3,24.2,42.7,18.2,False
B004,B004_M2,2025-01-30 20:00:00,170.94,,8.3,16.5,17.6,69.1,31.1,False
B004,B004_M2,2025-01-30 21:00:00,242.76,13.54,7.0,15.2,22.0,46.8,29.4,False
B005,B005_M2,2025-01-30 08:00:00,38.09,,11.0,12.7,16.5,43.3,29.9,False
B005,B005_M5,2025-01-30 09:00:00,71.71,,9.7,16.0,25.8,57.0,34.3,False
B005,B005_M4,2025-01-30 10:00:00,104.53,,8.4,15.7,26.2,63.3,22.9,False
B005,B005_M4,2025-01-30 11:00:00,64.75,18.51,10.7,17.6,22.1,67.2,31.7,False
B005,B005_M1,2025-01-30 12:00:00,64.19,17.67,9.4,16.0,20.9,77.8,24.3,False
B005,B005_M5,2025-01-30 13:00:00,51.17,16.83,7.2,12.5,28.3,60.6,44.2,False
B005,B005_M5,2025-01-30 14:00:00,85.94,,9.7,14.4,29.1,47.7,14.1,False
B005,B005_M1,2025-01-30 15:00:00,187.95,14.53,11.3,13.5,20.5,75.2,34.7,True
B005,B005_M5,2025-01-30 16:00:00,47.88,19.21,9.1,17.6,27.3,74.2,14.9,False
B005,B005_M4,2025-01-30 17:00:00,71.36,19.38,8.3,14.5,27.2,65.5,19.7,False
B005,B005_M3,2025-01-30 18:00:00,39.53,9.5,9.0,16.7,20.3,57.2,14.9,False
B005,B005_M1,2025-01-30 19:00:00,36.88,9.42,7.2,12.3,22.1,68.0,42.5,False
B005,B005_M5,2025-01-30 20:00:00,40.77,13.85,9.1,15.3,16.5,59.9,38.7,False
B005,B005_M2,2025-01-30 21:00:00,34.88,17.77,9.1,17.7,16.9,63.4,46.7,False
B001,B001_M2,2025-01-31 08:00:00,126.21,,11.7,12.5,20.9,68.9,49.8,False
B001,B001_M1,2025-01-31 09:00:00,153.3,5.32,7.4,14.9,17.0,47.2,30.7,False
B001,B001_M1,2025-01-31 10:00:00,159.01,19.36,8.8,14.3,21.3,68.7,14.9,False
B001,B001_M1,2025-01-31 11:00:00,153.31,11.32,7.4,13.3,29.1,41.2,39.4,False
B001,B001_M3,2025-01-31 12:00:00,181.83,10.74,11.0,14.8,20.6,53.1,45.8,False
B001,B001_M2,2025-01-31 13:00:00,158.48,7.83,7.3,12.3,25.3,69.1,35.4,False
B001,B001_M1,2025-01-31 14:00:00,197.0,9.79,9.3,15.8,23.9,66.0,47.5,False
B001,B001_M3,2025-01-31 15:00:00,182.88,14.63,11.6,12.3,16.6,73.9,21.4,False
B001,B001_M1,2025-01-31 16:00:00,252.24,,9.9,13.3,21.2,66.4,16.7,False
B001,B001_M1,2025-01-31 17:00:00,202.47,15.49,7.3,15.7,21.9,75.3,44.2,False
B001,B001_M2,2025-01-31 18:00:00,123.01,,7.9,14.6,22.4,65.1,49.0,False
B001,B001_M3,2025-01-31 19:00:00,175.27,,11.3,13.0,19.7,55.1,47.0,True
B001,B001_M1,2025-01-31 20:00:00,157.24,,11.7,12.5,25.3,41.0,24.6,False
B001,B001_M2,2025-01-31 21:00:00,126.61,12.41,9.4,17.7,25.9,46.0,12.1,False
B002,B002_M3,2025-01-31 08:00:00,87.14,15.42,7.8,14.4,20.8,67.4,35.8,False
B002,B002_M4,2025-01-31 09:00:00,106.46,19.86,9.0,16.6,21.0,68.0,31.2,False
B002,B002_M2,2025-01-31 10:00:00,161.82,17.24,11.7,16.0,29.2,66.6,32.9,False
B002,B002_M4,2025-01-31 11:00:00,105.3,15.98,9.3,17.9,26.5,75.5,25.0,False
B002,B002_M4,2025-01-31 12:00:00,140.66,19.29,11.9,15.4,25.4,67.9,46.7,False
B002,B002_M1,2025-01-31 13:00:00,106.36,15.13,10.9,14.9,25.2,45.6,38.4,False
B002,B002_M2,2025-01-31 14:00:00,157.19,6.54,9.5,18.0,18.4,60.5,26.2,False
B002,B002_M4,2025-01-31 15:00:00,138.97,16.54,9.7,14.5,27.1,70.7,32.7,False
B002,B002_M1,2025-01-31 16:00:00,141.72,12.21,11.9,15.9,22.8,56.0,40.6,False
B002,B002_M1,2025-01-31 17:00:00,140.87,14.3,10.4,15.2,23.4,66.4,25.7,False
B002,B002_M1,2025-01-31 18:00:00,56.59,15.75,10.3,14.2,17.2,58.1,21.6,False
B002,B002_M4,2025-01-31 19:00:00,109.05,,11.4,12.8,17.0,62.4,47.7,False
B002,B002_M1,2025-01-31 20:00:00,61.95,7.06,7.7,12.8,22.2,40.4,46.6,False
B002,B002_M2,2025-01-31 21:00:00,72.52,19.54,9.1,14.2,26.8,51.8,18.3,False
B003,B003_M5,2025-01-31 08:00:00,784.41,17.95,10.7,12.1,18.6,65.8,27.0,True
B003,B003_M3,2025-01-31 09:00:00,630.54,,9.0,14.3,27.7,70.7,41.6,False
B003,B003_M5,2025-01-31 10:00:00,501.82,6.91,11.3,13.6,29.0,46.2,15.6,False
B003,B003_M5,2025-01-31 11:00:00,635.23,18.59,9.2,13.6,29.1,68.8,36.3,False
B003,B003_M1,2025-01-31 12:00:00,481.5,7.84,10.3,17.3,16.9,61.5,32.3,False
B003,B003_M1,2025-01-31 13:00:00,341.29,6.75,7.9,15.0,20.8,48.3,48.8,False
B003,B003_M4,2025-01-31 14:00:00,409.37,10.48,11.5,13.9,18.0,42.6,27.1,False
B003,B003_M3,2025-01-31 15:00:00,390.66,,11.5,13.6,29.2,70.2,13.0,False
B003,B003_M4,2025-01-31 16:00:00,599.39,,8.6,17.2,26.5,60.8,13.3,False
B003,B003_M1,2025-01-31 17:00:00,546.25,,7.8,12.5,27.3,46.1,27.2,False
B003,B003_M1,2025-01-31 18:00:00,308.49,17.35,10.0,12.5,25.1,55.9,26.3,False
B003,B003_M3,2025-01-31 19:00:00,227.62,12.31,7.2,15.6,29.8,48.3,31.0,False
B003,B003_M4,2025-01-31 20:00:00,325.42,,8.5,13.5,27.0,48.9,36.9,False
B003,B003_M3,2025-01-31 21:00:00,286.36,,8.0,16.4,21.0,53.6,33.7,False
B004,B004_M1,2025-01-31 08:00:00,215.81,6.04,9.6,16.4,26.6,56.7,15.2,False
B004,B004_M4,2025-01-31 09:00:00,412.79,16.57,8.9,13.8,28.9,46.5,10.4,False
B004,B004_M3,2025-01-31 10:00:00,307.51,7.09,8.2,13.3,20.3,64.3,27.8,False
B004,B004_M3,2025-01-31 11:00:00,402.66,7.17,7.3,16.4,29.2,54.8,48.0,False
B004,B004_M3,2025-01-31 12:00:00,354.45,14.15,10.9,15.6,17.1,79.8,20.5,False
B004,B004_M5,2025-01-31 13:00:00,409.78,11.7,10.9,12.5,25.5,43.6,33.5,False
B004,B004_M3,2025-01-31 14:00:00,224.51,,11.2,17.6,27.2,78.1,49.2,False
B004,B004_M2,2025-01-31 15:00:00,231.2,10.93,9.9,17.6,25.5,67.5,39.8,False
B004,B004_M4,2025-01-31 16:00:00,267.72,,8.5,14.8,24.6,63.0,18.6,False
B004,B004_M3,2025-01-31 17:00:00,288.72,,10.5,13.2,22.4,60.2,22.2,False
B004,B004_M1,2025-01-31 18:00:00,400.94,,9.8,14.0,26.2,59.2,28.1,True
B004,B004_M3,2025-01-31 19:00:00,175.27,17.97,10.8,13.1,26.0,57.7,31.4,False
B004,B004_M3,2025-01-31 20:00:00,187.3,19.51,10.3,17.2,27.7,73.5,10.1,False
B004,B004_M2,2025-01-31 21:00:00,144.9,5.22,11.1,15.5,29.3,42.9,23.8,False
B005,B005_M3,2025-01-31 08:00:00,25.6,,7.4,15.6,27.8,45.6,24.0,False
B005,B005_M4,2025-01-31 09:00:00,56.38,,10.9,14.8,28.6,60.9,37.5,False
B005,B005_M5,2025-01-31 10:00:00,72.34,14.04,7.9,16.0,17.4,72.6,13.1,False
B005,B005_M2,2025-01-31 11:00:00,48.36,15.98,7.4,15.8,28.9,74.6,38.5,False
B005,B005_M3,2025-01-31 12:00:00,91.32,5.6,11.9,17.8,18.4,42.0,10.2,False
B005,B005_M5,2025-01-31 13:00:00,62.05,,10.3,13.4,19.4,54.8,34.8,False
B005,B005_M4,2025-01-31 14:00:00,73.24,,10.7,15.9,28.6,49.0,14.1,False
B005,B005_M3,2025-01-31 15:00:00,70.97,8.95,11.6,14.0,25.4,42.6,20.7,False
B005,B005_M3,2025-01-31 16:00:00,52.78,14.57,11.7,13.0,16.1,73.0,35.7,False
B005,B005_M3,2025-01-31 17:00:00,70.27,19.85,11.4,12.7,18.1,54.2,17.0,False
B005,B005_M5,2025-01-31 18:00:00,47.73,8.87,8.9,13.8,22.1,40.0,44.5,False
B005,B005_M2,2025-01-31 19:00:00,27.17,,10.3,12.9,20.8,46.4,26.3,False
B005,B005_M3,2025-01-31 20:00:00,39.98,17.13,10.5,15.1,18.5,48.5,17.5,False
B005,B005_M4,2025-01-31 21:00:00,44.47,,11.6,17.3,22.1,68.7,40.9,False
B001,B001_M1,2025-02-01 08:00:00,73.71,12.43,11.7,16.6,27.6,61.9,14.4,False
B001,B001_M3,2025-02-01 09:00:00,100.7,11.94,10.9,16.3,22.0,57.1,36.8,False
B001,B001_M1,2025-02-01 10:00:00,87.68,6.66,11.1,16.4,16.3,50.3,34.3,False
B001,B001_M2,2025-02-01 11:00:00,212.36,19.64,7.1,17.1,16.0,44.6,49.5,True
B001,B001_M3,2025-02-01 12:00:00,172.42,,7.4,16.4,19.4,65.3,19.9,True
B001,B001_M1,2025-02-01 13:00:00,62.32,11.65,8.7,16.7,18.0,65.3,21.0,False
B001,B001_M3,2025-02-01 14:00:00,87.37,19.12,9.1,12.8,24.4,46.2,39.6,False
B001,B001_M2,2025-02-01 15:00:00,79.2,,8.8,14.3,23.6,69.2,28.6,False
B001,B001_M1,2025-02-01 16:00:00,114.38,8.04,11.2,12.9,21.4,54.5,26.5,False
B001,B001_M3,2025-02-01 17:00:00,71.72,13.68,10.5,16.3,15.1,59.7,45.9,False
B001,B001_M3,2025-02-01 18:00:00,102.12,7.54,7.6,15.2,22.5,64.8,33.8,False
B001,B001_M2,2025-02-01 19:00:00,77.68,,8.8,17.4,17.2,48.5,45.1,False
B001,B001_M2,2025-02-01 20:00:00,96.72,17.26,8.8,13.5,29.3,44.7,29.6,False
B001,B001_M2,2025-02-01 21:00:00,95.54,6.76,9.5,15.1,20.7,51.8,43.6,False
B002,B002_M3,2025-02-01 08:00:00,81.59,15.06,11.4,14.6,18.6,62.0,43.8,False
B002,B002_M1,2025-02-01 09:00:00,47.48,11.9,9.1,12.8,29.5,49.6,35.7,False
B002,B002_M1,2025-02-01 10:00:00,64.13,12.83,7.2,17.4,28.5,61.5,33.5,False
B002,B002_M1,2025-02-01 11:00:00,58.27,,7.3,17.9,15.6,45.7,41.6,False
B002,B002_M4,2025-02-01 12:00:00,48.81,,10.9,15.5,22.9,58.1,27.9,False
B002,B002_M1,2025-02-01 13:00:00,42.75,11.31,11.4,15.7,29.1,56.8,42.7,False
B002,B002_M3,2025-02-01 14:00:00,53.26,,8.4,12.1,23.2,40.4,28.3,False
B002,B002_M1,2025-02-01 15:00:00,54.15,9.91,7.8,13.0,28.2,68.3,26.3,False
B002,B002_M2,2025-02-01 16:00:00,48.21,,9.0,16.0,17.0,64.9,41.6,False
B002,B002_M1,2025-02-01 17:00:00,63.74,6.08,9.2,17.3,28.3,68.8,11.8,False
B002,B002_M3,2025-02-01 18:00:00,48.85,13.74,8.0,16.3,22.5,50.6,24.2,False
B002,B002_M2,2025-02-01 19:00:00,52.2,7.72,7.3,13.3,26.3,41.3,16.1,False
B002,B002_M1,2025-02-01 20:00:00,64.96,16.14,7.5,13.6,24.1,62.8,12.3,False
B002,B002_M4,2025-02-01 21:00:00,79.27,,11.8,16.4,27.2,66.4,36.7,False
B003,B003_M3,2025-02-01 08:00:00,373.42,8.01,7.2,12.7,26.1,64.1,14.0,True
B003,B003_M1,2025-02-01 09:00:00,252.95,,10.5,17.3,18.0,60.6,36.4,False
B003,B003_M1,2025-02-01 10:00:00,208.86,7.14,7.7,16.5,26.3,66.2,13.4,False
B003,B003_M4,2025-02-01 11:00:00,532.67,,10.1,13.2,19.4,71.6,30.3,True
B003,B003_M3,2025-02-01 12:00:00,173.44,8.67,8.7,17.0,23.2,52.9,13.6,False
B003,B003_M2,2025-02-01 13:00:00,165.44,,8.0,17.4,16.7,52.5,33.8,False
B003,B003_M3,2025-02-01 14:00:00,190.4,18.05,7.7,16.6,20.7,62.2,42.6,False
B003,B003_M4,2025-02-01 15:00:00,202.94,,11.4,15.9,28.4,64.4,35.1,False
B003,B003_M3,2025-02-01 16:00:00,176.17,8.17,9.4,14.4,20.8,41.2,23.5,False
B003,B003_M4,2025-02-01 17:00:00,225.38,12.37,9.1,13.2,25.0,49.9,16.9,False
B003,B003_M4,2025-02-01 18:00:00,186.66,9.73,10.5,16.1,20.0,65.9,12.5,False
B003,B003_M4,2025-02-01 19:00:00,190.28,17.09,11.2,15.2,19.1,48.7,23.2,False
B003,B003_M1,2025-02-01 20:00:00,266.09,,11.1,17.4,19.8,50.4,39.5,False
B003,B003_M5,2025-02-01 21:00:00,141.11,6.91,8.5,14.0,21.4,43.7,36.7,False
B004,B004_M3,2025-02-01 08:00:00,174.49,14.25,8.3,15.2,28.5,71.1,43.1,False
B004,B004_M1,2025-02-01 09:00:00,182.76,18.25,9.0,15.9,24.1,45.7,16.7,False
B004,B004_M3,2025-02-01 10:00:00,259.34,8.13,9.9,13.2,17.9,50.1,10.7,True
B004,B004_M5,2025-02-01 11:00:00,254.99,7.75,10.7,13.5,21.1,43.8,15.5,True
B004,B004_M4,2025-02-01 12:00:00,149.37,14.14,11.5,14.7,28.6,50.0,43.3,False
B004,B004_M4,2025-02-01 13:00:00,127.79,19.36,11.0,13.0,26.1,42.7,15.1,False
B004,B004_M5,2025-02-01 14:00:00,125.86,7.65,8.5,15.2,25.2,65.1,19.3,False
B004,B004_M1,2025-02-01 15:00:00,116.57,,7.6,17.5,28.5,74.1,23.2,False
B004,B004_M5,2025-02-01 16:00:00,156.27,13.3,10.7,15.9,16.9,61.8,32.9,False
B004,B004_M2,2025-02-01 17:00:00,156.85,7.42,9.7,15.9,23.4,40.2,32.9,False
B004,B004_M5,2025-02-01 18:00:00,140.44,13.3,8.7,13.0,21.7,63.4,23.5,False
B004,B004_M5,2025-02-01 19:00:00,130.07,,7.6,17.6,28.7,77.6,12.7,False
B004,B004_M3,2025-02-01 20:00:00,125.16,,7.0,13.9,18.4,43.6,17.2,False
B004,B004_M5,2025-02-01 21:00:00,130.23,12.16,9.9,16.1,26.5,46.0,17.0,False
B005,B005_M5,2025-02-01 08:00:00,36.47,5.74,11.0,15.8,19.0,42.4,38.9,False
B005,B005_M3,2025-02-01 09:00:00,33.35,,7.6,17.5,29.0,53.2,43.7,False
B005,B005_M1,2025-02-01 10:00:00,32.03,,10.1,16.2,19.7,75.8,22.7,False
B005,B005_M3,2025-02-01 11:00:00,27.76,19.14,11.0,13.3,24.0,64.3,10.3,False
B005,B005_M2,2025-02-01 12:00:00,33.83,11.33,7.2,15.8,29.5,44.1,28.4,False
B005,B005_M1,2025-02-01 13:00:00,41.99,9.51,11.8,13.1,29.1,52.5,21.5,False
B005,B005_M1,2025-02-01 14:00:00,41.86,16.94,7.2,14.7,26.1,63.6,38.8,False
B005,B005_M3,2025-02-01 15:00:00,30.24,5.99,9.1,12.7,29.7,79.3,46.9,False
B005,B005_M1,2025-02-01 16:00:00,17.75,12.36,11.7,15.1,17.6,61.6,47.5,False
B005,B005_M2,2025-02-01 17:00:00,24.74,12.63,11.4,15.8,15.0,66.0,40.8,False
B005,B005_M1,2025-02-01 18:00:00,33.56,16.18,10.5,15.1,24.8,64.0,26.8,False
B005,B005_M2,2025-02-01 19:00:00,24.99,6.26,8.7,16.4,15.3,78.0,43.4,False
B005,B005_M5,2025-02-01 20:00:00,27.59,17.08,9.5,14.6,25.5,49.9,36.6,False
B005,B005_M4,2025-02-01 21:00:00,28.61,8.23,9.6,12.7,26.5,58.1,21.4,False
B001,B001_M3,2025-02-02 08:00:00,78.12,,11.9,14.2,17.8,71.2,25.6,False
B001,B001_M3,2025-02-02 09:00:00,97.71,,11.9,16.4,29.2,59.6,42.1,False
B001,B001_M3,2025-02-02 10:00:00,97.24,8.73,9.2,15.4,24.4,43.6,44.5,False
B001,B001_M3,2025-02-02 11:00:00,83.2,14.64,10.5,12.5,27.1,60.6,34.8,False
B001,B001_M3,2025-02-02 12:00:00,121.81,,8.6,13.3,20.6,63.5,22.6,False
B001,B001_M3,2025-02-02 13:00:00,111.52,,9.8,15.3,25.7,76.3,27.5,False
B001,B001_M2,2025-02-02 14:00:00,88.16,7.41,10.3,17.5,23.7,75.1,31.6,False
B001,B001_M3,2025-02-02 15:00:00,93.78,6.64,8.1,12.4,20.4,77.3,30.4,False
B001,B001_M1,2025-02-02 16:00:00,254.42,,9.7,16.7,22.4,69.2,33.4,True
B001,B001_M1,2025-02-02 17:00:00,102.87,19.89,11.2,17.7,16.5,68.8,42.0,False
B001,B001_M3,2025-02-02 18:00:00,84.74,17.82,11.4,13.0,26.1,41.4,36.8,False
B001,B001_M3,2025-02-02 19:00:00,100.6,,8.6,16.0,18.8,72.4,46.0,False
B001,B001_M3,2025-02-02 20:00:00,102.36,10.01,10.0,16.4,27.2,58.3,17.1,False
B001,B001_M2,2025-02-02 21:00:00,114.53,,9.6,17.2,23.9,78.4,29.1,False
B002,B002_M2,2025-02-02 08:00:00,66.61,,8.3,12.4,16.8,44.8,36.5,False
B002,B002_M3,2025-02-02 09:00:00,56.21,14.3,11.3,16.7,22.1,43.1,28.8,False
B002,B002_M2,2025-02-02 10:00:00,54.57,13.29,8.4,12.2,24.1,74.9,18.4,False
B002,B002_M2,2025-02-02 11:00:00,74.32,5.33,11.4,15.7,28.0,44.3,42.9,False
B002,B002_M4,2025-02-02 12:00:00,59.61,16.78,10.9,16.8,17.8,79.0,35.8,False
B002,B002_M4,2025-02-02 13:00:00,63.45,,11.4,17.6,22.4,74.3,21.0,False
B002,B002_M2,2025-02-02 14:00:00,39.23,18.48,11.5,15.6,21.7,79.8,43.1,False
B002,B002_M4,2025-02-02 15:00:00,49.0,16.46,11.4,17.8,19.5,44.2,17.6,False
B002,B002_M3,2025-02-02 16:00:00,75.37,7.36,9.2,15.7,17.2,47.6,37.2,False
B002,B002_M4,2025-02-02 17:00:00,57.08,10.22,9.6,13.5,23.8,42.9,32.5,False
B002,B002_M4,2025-02-02 18:00:00,55.82,7.62,10.4,16.8,27.4,56.9,25.4,False
B002,B002_M3,2025-02-02 19:00:00,47.94,11.85,8.1,15.7,21.2,51.3,43.7,False
B002,B002_M2,2025-02-02 20:00:00,50.02,7.22,11.1,17.9,27.0,44.6,41.2,False
B002,B002_M1,2025-02-02 21:00:00,43.93,5.81,10.5,12.9,17.6,58.7,19.0,False
B003,B003_M4,2025-02-02 08:00:00,184.4,15.94,7.4,14.3,22.0,47.9,40.1,False
B003,B003_M2,2025-02-02 09:00:00,168.87,14.17,11.5,13.7,23.2,64.0,42.5,False
B003,B003_M3,2025-02-02 10:00:00,213.26,12.07,12.0,13.6,26.2,71.6,30.5,False
B003,B003_M5,2025-02-02 11:00:00,186.97,6.57,11.1,13.2,26.4,42.5,16.0,False
B003,B003_M1,2025-02-02 12:00:00,207.11,18.0,10.3,17.7,18.9,73.1,21.0,False
B003,B003_M3,2025-02-02 13:00:00,187.33,,11.0,14.7,23.1,55.8,21.3,False
B003,B003_M4,2025-02-02 14:00:00,184.8,16.1,11.2,13.8,28.3,60.6,13.4,False
B003,B003_M1,2025-02-02 15:00:00,128.51,,10.1,16.9,22.3,54.0,46.2,False
B003,B003_M1,2025-02-02 16:00:00,275.4,11.69,9.8,12.7,21.5,73.2,11.6,False
B003,B003_M4,2025-02-02 17:00:00,228.68,17.57,9.1,12.5,15.0,55.1,49.6,False
B003,B003_M4,2025-02-02 18:00:00,186.99,,8.1,16.5,19.8,77.5,45.7,False
B003,B003_M1,2025-02-02 19:00:00,185.57,5.98,8.9,17.3,18.7,73.2,31.9,False
B003,B003_M1,2025-02-02 20:00:00,197.79,,9.5,17.3,17.1,77.9,17.0,False
B003,B003_M3,2025-02-02 21:00:00,160.45,16.44,7.1,15.1,25.2,46.6,11.1,False
B004,B004_M1,2025-02-02 08:00:00,121.47,15.38,10.2,14.8,26.4,74.8,22.8,False
B004,B004_M5,2025-02-02 09:00:00,172.13,,9.0,18.0,19.7,70.9,19.4,False
B004,B004_M5,2025-02-02 10:00:00,177.51,,7.8,15.5,29.0,48.9,45.3,False
B004,B004_M2,2025-02-02 11:00:00,151.6,16.07,11.1,17.4,21.7,49.3,11.5,False
B004,B004_M3,2025-02-02 12:00:00,176.63,13.04,11.3,14.9,15.2,52.3,30.5,False
B004,B004_M3,2025-02-02 13:00:00,137.16,15.35,8.6,13.6,20.5,47.8,40.0,False
B004,B004_M4,2025-02-02 14:00:00,159.13,8.53,8.6,16.2,23.0,40.7,46.6,False
B004,B004_M4,2025-02-02 15:00:00,166.14,9.17,9.6,16.6,16.3,48.5,26.1,False
B004,B004_M2,2025-02-02 16:00:00,104.49,11.36,7.9,16.6,23.0,52.8,29.6,False
B004,B004_M2,2025-02-02 17:00:00,304.81,15.67,9.1,16.6,28.5,67.8,21.2,True
B004,B004_M3,2025-02-02 18:00:00,145.23,14.13,7.7,13.9,27.5,74.4,17.5,False
B004,B004_M1,2025-02-02 19:00:00,150.03,14.3,7.2,15.2,22.4,52.4,47.6,False
B004,B004_M5,2025-02-02 20:00:00,146.08,12.46,8.6,13.2,29.4,68.8,21.9,False
B004,B004_M4,2025-02-02 21:00:00,90.69,14.38,10.8,13.0,16.0,75.1,50.0,False
B005,B005_M1,2025-02-02 08:00:00,33.89,16.45,10.7,15.1,21.5,54.1,24.2,False
B005,B005_M3,2025-02-02 09:00:00,42.73,7.68,7.2,12.5,15.2,79.6,25.6,False
B005,B005_M1,2025-02-02 10:00:00,19.46,,11.1,16.7,25.3,61.3,34.6,False
B005,B005_M5,2025-02-02 11:00:00,40.75,,7.3,12.3,17.3,49.5,26.9,False
B005,B005_M3,2025-02-02 12:00:00,27.05,15.99,7.2,14.4,25.1,43.2,14.4,False
B005,B005_M4,2025-02-02 13:00:00,26.56,,7.4,12.0,25.3,46.2,47.3,False
B005,B005_M1,2025-02-02 14:00:00,20.18,7.39,9.1,14.3,26.5,62.9,30.1,False
B005,B005_M1,2025-02-02 15:00:00,28.07,10.38,11.0,17.2,21.7,51.9,44.6,False
B005,B005_M5,2025-02-02 16:00:00,31.68,,7.2,15.0,28.5,49.5,29.1,False
B005,B005_M4,2025-02-02 17:00:00,32.5,12.85,8.8,16.0,17.1,61.0,15.8,False
B005,B005_M5,2025-02-02 18:00:00,25.54,,8.5,14.4,21.4,78.2,26.9,False
B005,B005_M5,2025-02-02 19:00:00,33.22,,8.8,17.9,18.0,73.2,35.4,False
B005,B005_M5,2025-02-02 20:00:00,68.25,19.87,9.6,16.4,28.5,62.6,18.8,True
B005,B005_M5,2025-02-02 21:00:00,29.15,8.12,11.1,17.8,24.6,68.0,36.2,False
B001,B001_M3,2025-02-03 08:00:00,128.09,5.04,8.9,16.8,17.5,67.1,18.4,False
B001,B001_M2,2025-02-03 09:00:00,195.58,5.31,8.8,15.4,20.8,64.8,49.5,False
B001,B001_M1,2025-02-03 10:00:00,203.8,12.68,9.0,12.8,22.5,72.0,32.1,False
B001,B001_M3,2025-02-03 11:00:00,380.63,19.35,10.0,14.0,27.5,56.7,12.7,True
B001,B001_M1,2025-02-03 12:00:00,205.44,12.06,11.2,15.5,26.2,51.7,15.9,False
B001,B001_M1,2025-02-03 13:00:00,170.38,,9.7,14.8,26.2,56.9,29.2,False
B001,B001_M1,2025-02-03 14:00:00,227.21,5.7,10.5,12.9,28.0,60.5,21.8,False
B001,B001_M2,2025-02-03 15:00:00,185.53,15.31,7.8,13.3,20.9,55.4,48.7,False
B001,B001_M2,2025-02-03 16:00:00,269.13,,10.8,14.5,25.8,76.5,36.6,False
B001,B001_M3,2025-02-03 17:00:00,200.07,,7.4,18.0,27.3,55.9,45.7,False
B001,B001_M2,2025-02-03 18:00:00,152.45,12.14,10.1,17.4,30.0,71.7,22.3,False
B001,B001_M1,2025-02-03 19:00:00,114.38,11.37,8.8,14.2,29.8,52.5,21.2,False
B001,B001_M1,2025-02-03 20:00:00,124.04,11.05,10.0,12.7,28.8,43.5,32.4,False
B001,B001_M2,2025-02-03 21:00:00,129.43,10.1,8.0,14.6,28.1,60.0,22.8,False
B002,B002_M1,2025-02-03 08:00:00,100.54,,10.2,15.6,25.6,78.9,37.3,False
B002,B002_M2,2025-02-03 09:00:00,182.82,,10.2,12.3,21.7,42.4,30.7,False
B002,B002_M3,2025-02-03 10:00:00,126.44,17.13,8.8,12.8,22.1,68.5,20.1,False
B002,B002_M1,2025-02-03 11:00:00,130.05,7.97,9.1,14.3,24.5,69.4,24.3,False
B002,B002_M2,2025-02-03 12:00:00,113.5,17.5,9.1,16.7,16.6,60.2,34.1,False
B002,B002_M4,2025-02-03 13:00:00,141.52,,9.7,17.2,19.9,62.5,16.6,False
B002,B002_M3,2025-02-03 14:00:00,144.44,17.67,8.2,14.6,27.3,74.6,16.1,False
B002,B002_M3,2025-02-03 15:00:00,132.49,,9.1,13.5,27.4,58.0,15.6,False
B002,B002_M3,2025-02-03 16:00:00,130.36,,7.7,13.8,28.2,64.5,27.4,False
B002,B002_M1,2025-02-03 17:00:00,173.03,17.62,11.9,15.9,25.8,77.1,19.2,False
B002,B002_M4,2025-02-03 18:00:00,70.41,14.12,11.5,16.8,24.0,60.3,14.7,False
B002,B002_M3,2025-02-03 19:00:00,68.3,,9.9,13.1,20.8,54.4,39.0,False
B002,B002_M1,2025-02-03 20:00:00,88.75,,11.9,12.8,15.7,60.6,38.1,False
B002,B002_M4,2025-02-03 21:00:00,99.62,5.31,9.8,13.5,24.1,71.4,27.7,True
B003,B003_M1,2025-02-03 08:00:00,336.73,11.53,8.5,16.2,21.2,72.0,36.8,False
B003,B003_M2,2025-02-03 09:00:00,372.18,8.78,9.6,14.0,22.3,47.9,33.8,False
B003,B003_M4,2025-02-03 10:00:00,379.15,,8.2,13.1,22.5,79.4,31.1,False
B003,B003_M2,2025-02-03 11:00:00,547.34,15.05,8.8,14.8,18.6,51.5,24.0,False
B003,B003_M4,2025-02-03 12:00:00,459.59,6.28,7.2,15.9,24.7,74.7,46.0,False
B003,B003_M4,2025-02-03 13:00:00,366.21,16.9,10.1,17.8,19.8,64.8,11.5,False
B003,B003_M3,2025-02-03 14:00:00,404.04,,11.5,13.1,20.8,77.1,31.4,False
B003,B003_M4,2025-02-03 15:00:00,532.8,18.71,8.2,14.4,23.2,47.7,31.8,False
B003,B003_M2,2025-02-03 16:00:00,449.09,,7.2,12.9,22.8,46.3,24.7,False
B003,B003_M5,2025-02-03 17:00:00,430.62,9.43,8.3,12.7,18.7,43.7,45.3,False
B003,B003_M2,2025-02-03 18:00:00,303.75,17.84,7.4,16.6,25.0,40.6,47.9,False
B003,B003_M5,2025-02-03 19:00:00,309.71,,8.3,17.1,26.8,72.3,33.1,False
B003,B003_M4,2025-02-03 20:00:00,309.29,16.01,11.2,17.9,17.3,53.2,33.2,False
B003,B003_M4,2025-02-03 21:00:00,314.51,9.58,8.3,14.3,19.3,65.2,21.7,False
B004,B004_M2,2025-02-03 08:00:00,198.08,,11.8,14.0,26.6,68.6,26.9,False
B004,B004_M3,2025-02-03 09:00:00,343.95,8.97,9.4,16.6,23.6,76.1,46.8,False
B004,B004_M4,2025-02-03 10:00:00,340.18,15.6,9.8,16.7,19.1,45.6,33.1,False
B004,B004_M5,2025-02-03 11:00:00,259.38,,9.7,15.9,17.3,60.5,21.2,False
B004,B004_M2,2025-02-03 12:00:00,319.79,9.5,9.4,13.1,28.4,63.8,43.2,False
B004,B004_M4,2025-02-03 13:00:00,336.15,11.9,8.4,14.0,21.7,73.8,16.4,False
B004,B004_M3,2025-02-03 14:00:00,366.88,11.93,10.6,16.6,19.7,65.0,38.9,False
B004,B004_M1,2025-02-03 15:00:00,343.58,9.74,7.7,13.5,23.8,46.7,21.7,False
B004,B004_M4,2025-02-03 16:00:00,334.66,6.01,11.5,12.6,21.3,65.9,40.0,False
B004,B004_M4,2025-02-03 17:00:00,231.6,12.11,11.5,17.1,27.6,75.8,45.4,False
B004,B004_M1,2025-02-03 18:00:00,211.85,17.78,8.5,16.6,19.9,42.6,12.3,False
B004,B004_M5,2025-02-03 19:00:00,201.57,12.82,10.7,18.0,18.2,58.8,26.5,False
B004,B004_M2,2025-02-03 20:00:00,224.0,,11.3,16.6,23.5,78.6,12.3,False
B004,B004_M5,2025-02-03 21:00:00,162.69,19.35,9.1,17.3,24.6,73.5,17.3,False
B005,B005_M2,2025-02-03 08:00:00,39.97,5.13,8.4,13.0,16.4,57.3,17.3,False
B005,B005_M2,2025-02-03 09:00:00,62.22,,7.0,13.9,22.5,40.9,32.9,False
B005,B005_M2,2025-02-03 10:00:00,88.07,9.79,11.7,17.7,20.2,63.0,47.4,False
B005,B005_M4,2025-02-03 11:00:00,57.33,9.67,7.6,13.9,19.2,75.3,46.0,False
B005,B005_M4,2025-02-03 12:00:00,48.29,13.39,9.1,14.9,20.5,41.9,18.5,False
B005,B005_M2,2025-02-03 13:00:00,57.36,12.99,10.2,16.5,17.0,47.6,46.7,False
B005,B005_M4,2025-02-03 14:00:00,56.91,,9.9,16.8,24.8,66.2,39.5,False
B005,B005_M5,2025-02-03 15:00:00,62.98,,7.3,17.8,16.9,76.7,15.6,False
B005,B005_M4,2025-02-03 16:00:00,63.74,8.01,11.9,17.1,22.0,77.2,13.3,False
B005,B005_M5,2025-02-03 17:00:00,45.67,,11.3,13.8,22.2,60.6,23.6,False
B005,B005_M5,2025-02-03 18:00:00,42.56,16.43,10.1,15.9,19.5,54.5,15.1,False
B005,B005_M3,2025-02-03 19:00:00,43.95,,8.9,14.6,19.3,79.8,25.8,False
B005,B005_M5,2025-02-03 20:00:00,36.8,12.45,10.2,12.8,20.4,57.6,36.5,False
B005,B005_M4,2025-02-03 21:00:00,40.6,7.47,8.6,12.8,27.8,56.2,37.8,False
B001,B001_M1,2025-02-04 08:00:00,152.93,,7.4,14.5,24.8,71.0,27.4,False
B001,B001_M2,2025-02-04 09:00:00,193.55,11.67,9.5,15.1,24.3,70.1,48.6,False
B001,B001_M1,2025-02-04 10:00:00,258.17,18.59,7.4,13.3,24.8,54.9,39.1,False
B001,B001_M3,2025-02-04 11:00:00,148.13,18.56,10.9,14.1,25.0,71.4,23.5,False
B001,B001_M1,2025-02-04 12:00:00,223.81,8.35,9.4,12.2,27.4,48.6,48.3,False
B001,B001_M2,2025-02-04 13:00:00,201.15,16.15,9.7,12.3,24.1,71.0,39.4,False
B001,B001_M2,2025-02-04 14:00:00,205.84,16.31,8.4,16.2,17.4,77.7,43.6,False
B001,B001_M3,2025-02-04 15:00:00,246.02,16.45,10.0,13.4,22.2,55.9,18.9,False
B001,B001_M1,2025-02-04 16:00:00,233.14,15.88,7.4,12.6,16.9,48.7,49.2,False
B001,B001_M2,2025-02-04 17:00:00,233.5,,7.8,18.0,17.8,73.1,12.5,False
B001,B001_M2,2025-02-04 18:00:00,161.0,10.74,7.2,17.9,18.7,77.5,31.9,False
B001,B001_M1,2025-02-04 19:00:00,81.85,5.93,9.1,17.8,29.9,40.8,16.5,False
B001,B001_M3,2025-02-04 20:00:00,101.6,15.68,11.1,15.7,20.5,76.6,22.8,False
B001,B001_M2,2025-02-04 21:00:00,118.91,,11.9,15.7,25.1,65.0,46.8,False
B002,B002_M2,2025-02-04 08:00:00,101.99,,11.5,13.4,16.4,68.1,14.5,False
B002,B002_M3,2025-02-04 09:00:00,160.03,10.94,7.6,12.6,28.3,75.5,26.2,False
B002,B002_M1,2025-02-04 10:00:00,89.77,,8.6,14.2,17.9,69.1,24.6,False
B002,B002_M3,2025-02-04 11:00:00,128.74,6.88,10.6,14.0,15.5,54.4,27.9,False
B002,B002_M4,2025-02-04 12:00:00,145.52,,7.2,17.8,19.6,40.4,13.4,False
B002,B002_M3,2025-02-04 13:00:00,303.93,,7.4,16.0,29.8,41.6,29.7,True
B002,B002_M1,2025-02-04 14:00:00,129.96,7.59,8.2,14.4,27.5,49.4,12.5,False
B002,B002_M4,2025-02-04 15:00:00,109.25,,7.1,16.0,25.4,54.6,32.0,False
B002,B002_M3,2025-02-04 16:00:00,135.99,15.31,9.2,12.4,19.1,43.1,35.6,False
B002,B002_M2,2025-02-04 17:00:00,119.07,7.52,7.2,14.0,29.0,77.2,40.9,False
B002,B002_M4,2025-02-04 18:00:00,59.93,16.74,8.4,17.8,28.0,48.1,23.5,False
B002,B002_M4,2025-02-04 19:00:00,74.58,19.68,9.8,17.9,16.4,55.0,27.5,False
B002,B002_M1,2025-02-04 20:00:00,94.55,19.63,7.8,17.5,29.8,59.4,27.5,False
B002,B002_M2,2025-02-04 21:00:00,58.27,6.6,8.4,12.4,25.0,42.6,21.7,False
B003,B003_M2,2025-02-04 08:00:00,239.18,15.7,9.8,13.6,25.1,56.9,13.6,False
B003,B003_M2,2025-02-04 09:00:00,431.42,,8.4,17.1,23.7,53.5,23.9,False
B003,B003_M1,2025-02-04 10:00:00,465.78,8.66,9.4,13.5,27.5,41.6,18.7,False
B003,B003_M2,2025-02-04 11:00:00,470.29,5.12,10.0,16.7,28.2,71.4,41.0,False
B003,B003_M2,2025-02-04 12:00:00,464.66,,9.2,12.8,16.3,61.3,12.6,False
B003,B003_M2,2025-02-04 13:00:00,545.59,11.26,11.8,13.1,25.6,48.6,45.2,False
B003,B003_M3,2025-02-04 14:00:00,499.75,15.72,10.1,17.9,18.2,40.2,26.8,False
B003,B003_M2,2025-02-04 15:00:00,435.6,,7.7,17.9,25.4,79.1,35.7,False
B003,B003_M4,2025-02-04 16:00:00,389.53,17.76,10.0,16.0,28.2,54.5,36.6,False
B003,B003_M1,2025-02-04 17:00:00,521.57,6.02,11.0,14.3,26.8,77.1,41.3,False
B003,B003_M1,2025-02-04 18:00:00,291.34,15.48,10.5,12.4,23.0,66.6,48.1,False
B003,B003_M4,2025-02-04 19:00:00,196.1,,10.5,15.9,18.8,55.8,45.2,False
B003,B003_M4,2025-02-04 20:00:00,228.5,,9.6,16.4,24.1,72.7,11.8,False
B003,B003_M5,2025-02-04 21:00:00,218.35,,11.8,14.7,16.6,56.6,30.5,False
B004,B004_M2,2025-02-04 08:00:00,193.03,18.73,7.2,14.0,17.1,70.6,45.5,False
B004,B004_M5,2025-02-04 09:00:00,272.24,,11.4,17.2,20.9,54.8,30.5,False
B004,B004_M1,2025-02-04 10:00:00,327.12,6.9,7.4,14.2,28.9,73.7,49.8,False
B004,B004_M4,2025-02-04 11:00:00,422.19,11.96,8.8,15.1,17.2,61.5,43.5,False
B004,B004_M5,2025-02-04 12:00:00,372.35,18.07,9.2,16.2,20.6,59.8,26.8,False
B004,B004_M3,2025-02-04 13:00:00,432.64,16.25,11.8,16.8,21.7,57.4,42.9,False
B004,B004_M5,2025-02-04 14:00:00,796.43,19.93,11.6,15.6,22.2,53.3,40.8,True
B004,B004_M5,2025-02-04 15:00:00,300.99,12.23,11.4,13.7,21.1,52.5,35.3,False
B004,B004_M2,2025-02-04 16:00:00,337.28,,10.7,13.3,29.6,56.3,43.7,False
B004,B004_M1,2025-02-04 17:00:00,337.87,5.5,7.2,14.1,26.8,43.7,24.9,False
B004,B004_M5,2025-02-04 18:00:00,188.56,19.29,7.2,17.4,23.8,62.0,40.9,False
B004,B004_M5,2025-02-04 19:00:00,184.84,9.76,10.9,17.2,29.2,41.2,44.8,False
B004,B004_M1,2025-02-04 20:00:00,151.66,17.96,8.2,12.8,22.0,79.6,34.1,False
B004,B004_M4,2025-02-04 21:00:00,180.31,10.4,8.3,14.2,25.7,72.4,22.4,False
B005,B005_M2,2025-02-04 08:00:00,46.93,17.43,11.6,12.6,25.1,72.0,41.6,False
B005,B005_M3,2025-02-04 09:00:00,79.7,13.93,7.8,12.9,26.0,40.1,11.9,False
B005,B005_M5,2025-02-04 10:00:00,64.08,9.18,11.4,17.4,27.7,45.8,43.3,False
B005,B005_M4,2025-02-04 11:00:00,55.36,,12.0,15.5,27.7,54.5,47.7,False
B005,B005_M4,2025-02-04 12:00:00,84.77,,8.6,14.4,15.4,46.3,29.3,False
B005,B005_M1,2025-02-04 13:00:00,55.08,18.44,11.0,16.1,16.1,77.3,22.3,False
B005,B005_M5,2025-02-04 14:00:00,61.89,11.72,7.5,13.1,28.4,70.9,41.0,False
B005,B005_M2,2025-02-04 15:00:00,41.79,,7.5,14.1,24.4,67.5,15.7,False
B005,B005_M2,2025-02-04 16:00:00,49.9,17.82,11.5,17.0,16.4,75.1,44.0,False
B005,B005_M2,2025-02-04 17:00:00,61.49,6.94,8.4,13.2,17.1,58.4,20.4,False
B005,B005_M1,2025-02-04 18:00:00,35.24,7.45,11.9,14.2,29.2,71.2,42.9,False
B005,B005_M5,2025-02-04 19:00:00,44.14,,8.8,13.9,27.1,70.9,31.5,False
B005,B005_M5,2025-02-04 20:00:00,44.14,11.32,11.9,16.6,29.8,43.0,28.4,False
B005,B005_M3,2025-02-04 21:00:00,24.69,18.19,9.2,17.4,15.5,69.3,47.4,False
B001,B001_M1,2025-02-05 08:00:00,107.0,5.37,8.0,13.0,27.8,45.5,28.6,False
B001,B001_M1,2025-02-05 09:00:00,215.24,13.13,8.4,13.4,22.1,79.4,24.0,False
B001,B001_M3,2025-02-05 10:00:00,179.87,19.45,8.4,13.4,17.5,44.9,22.6,False
B001,B001_M2,2025-02-05 11:00:00,167.14,6.89,11.9,13.9,21.5,55.9,40.7,False
B001,B001_M1,2025-02-05 12:00:00,191.62,13.77,7.0,13.4,28.8,66.2,44.1,False
B001,B001_M3,2025-02-05 13:00:00,234.17,17.56,11.1,12.0,21.0,53.7,39.7,False
B001,B001_M3,2025-02-05 14:00:00,218.43,11.77,10.2,17.4,28.2,73.0,15.5,False
B001,B001_M3,2025-02-05 15:00:00,129.34,6.49,12.0,14.0,17.6,70.5,28.7,False
B001,B001_M3,2025-02-05 16:00:00,254.32,14.98,11.2,13.5,16.2,66.2,29.9,False
B001,B001_M2,2025-02-05 17:00:00,231.4,14.99,8.1,14.1,24.5,49.7,49.5,False
B001,B001_M2,2025-02-05 18:00:00,150.69,7.87,11.2,17.1,18.8,59.2,12.0,False
B001,B001_M2,2025-02-05 19:00:00,107.17,15.79,11.0,17.3,25.0,56.6,10.3,False
B001,B001_M3,2025-02-05 20:00:00,113.42,5.97,9.2,12.9,15.3,44.4,24.7,False
B001,B001_M3,2025-02-05 21:00:00,125.6,,7.2,15.3,20.7,65.1,32.6,False
B002,B002_M3,2025-02-05 08:00:00,81.18,,8.3,17.9,26.7,54.9,27.3,False
B002,B002_M3,2025-02-05 09:00:00,124.4,11.52,11.9,13.9,25.3,77.3,10.2,False
B002,B002_M2,2025-02-05 10:00:00,129.14,,9.6,14.3,22.9,43.2,37.9,False
B002,B002_M3,2025-02-05 11:00:00,139.32,8.03,9.0,17.7,21.2,79.8,31.3,False
B002,B002_M1,2025-02-05 12:00:00,121.49,18.98,8.4,17.1,25.7,70.4,27.6,False
B002,B002_M2,2025-02-05 13:00:00,133.96,,10.0,14.7,27.9,72.1,20.0,False
B002,B002_M4,2025-02-05 14:00:00,129.47,5.67,9.8,16.3,21.3,64.1,14.2,False
B002,B002_M1,2025-02-05 15:00:00,140.4,10.6,10.7,18.0,28.7,76.5,48.4,False
B002,B002_M1,2025-02-05 16:00:00,143.75,16.24,9.1,17.1,18.1,48.9,26.6,False
B002,B002_M2,2025-02-05 17:00:00,248.59,,10.5,14.2,17.6,64.5,15.0,True
B002,B002_M2,2025-02-05 18:00:00,67.33,12.95,9.2,18.0,25.6,60.9,16.3,False
B002,B002_M2,2025-02-05 19:00:00,93.85,,10.5,12.7,28.6,78.6,34.0,False
B002,B002_M3,2025-02-05 20:00:00,55.85,,7.3,13.9,25.6,43.2,23.2,False
B002,B002_M1,2025-02-05 21:00:00,90.09,10.58,7.2,12.5,16.4,71.8,49.0,False
B003,B003_M5,2025-02-05 08:00:00,663.64,6.67,11.6,14.5,15.3,78.5,31.0,True
B003,B003_M3,2025-02-05 09:00:00,474.38,9.93,11.8,13.4,26.9,78.5,41.8,False
B003,B003_M1,2025-02-05 10:00:00,594.67,14.72,8.3,17.8,26.5,55.6,46.1,False
B003,B003_M4,2025-02-05 11:00:00,526.19,13.8,7.4,13.5,29.8,63.9,33.1,False
B003,B003_M3,2025-02-05 12:00:00,387.56,12.51,11.7,14.5,17.7,51.4,19.6,False
B003,B003_M3,2025-02-05 13:00:00,522.44,9.32,10.2,14.2,25.0,52.5,21.9,False
B003,B003_M1,2025-02-05 14:00:00,525.39,14.81,11.4,15.9,21.9,57.8,34.7,False
B003,B003_M2,2025-02-05 15:00:00,428.16,18.26,8.9,15.8,22.5,53.6,25.3,False
B003,B003_M1,2025-02-05 16:00:00,533.59,8.5,8.7,14.5,27.8,48.1,29.3,False
B003,B003_M2,2025-02-05 17:00:00,498.12,,10.7,17.3,17.4,53.5,22.4,False
B003,B003_M1,2025-02-05 18:00:00,232.73,,12.0,14.5,24.3,41.4,34.9,False
B003,B003_M1,2025-02-05 19:00:00,299.82,6.59,10.3,12.8,23.9,76.8,12.7,False
B003,B003_M1,2025-02-05 20:00:00,248.74,7.37,11.7,16.0,20.6,46.3,37.9,False
B003,B003_M1,2025-02-05 21:00:00,666.01,12.74,9.9,14.1,18.9,59.0,41.0,True
B004,B004_M1,2025-02-05 08:00:00,440.61,,11.6,16.5,20.4,62.9,48.2,True
B004,B004_M2,2025-02-05 09:00:00,312.67,11.26,10.5,17.5,20.0,41.0,35.1,False
B004,B004_M3,2025-02-05 10:00:00,341.98,17.26,8.0,16.3,28.5,49.1,37.4,False
B004,B004_M1,2025-02-05 11:00:00,359.71,19.4,9.7,15.2,18.5,62.6,32.8,False
B004,B004_M5,2025-02-05 12:00:00,313.75,7.35,7.6,17.2,24.0,72.4,49.9,False
B004,B004_M5,2025-02-05 13:00:00,268.43,,9.1,14.5,29.8,68.8,13.5,False
B004,B004_M1,2025-02-05 14:00:00,438.82,,9.2,13.5,15.4,55.1,40.0,False
B004,B004_M1,2025-02-05 15:00:00,302.18,,11.4,16.5,15.3,75.8,33.2,False
B004,B004_M3,2025-02-05 16:00:00,232.07,17.36,9.2,17.3,16.7,44.0,27.8,False
B004,B004_M3,2025-02-05 17:00:00,373.0,19.87,11.9,17.8,20.9,66.3,29.9,False
B004,B004_M4,2025-02-05 18:00:00,220.54,17.64,11.6,14.8,26.6,79.0,45.7,False
B004,B004_M3,2025-02-05 19:00:00,210.77,,11.2,17.0,29.7,61.1,35.5,False
B004,B004_M5,2025-02-05 20:00:00,163.91,,7.1,17.1,28.7,53.2,29.6,False
B004,B004_M4,2025-02-05 21:00:00,150.68,,7.3,14.8,24.0,72.6,46.2,False
B005,B005_M2,2025-02-05 08:00:00,39.18,17.19,10.9,16.6,21.5,46.4,26.8,False
B005,B005_M1,2025-02-05 09:00:00,104.12,,8.4,16.0,28.0,65.9,41.9,False
B005,B005_M3,2025-02-05 10:00:00,84.21,13.04,12.0,15.6,20.2,72.6,23.1,False
B005,B005_M2,2025-02-05 11:00:00,179.66,18.69,7.8,16.8,24.0,76.4,25.2,True
B005,B005_M5,2025-02-05 12:00:00,71.68,13.61,8.7,17.8,21.6,57.7,15.3,False
B005,B005_M1,2025-02-05 13:00:00,73.2,16.32,7.3,14.7,19.5,68.0,28.1,False
B005,B005_M2,2025-02-05 14:00:00,67.42,16.21,10.2,17.0,23.5,63.8,21.7,False
B005,B005_M5,2025-02-05 15:00:00,201.76,8.76,11.4,16.3,20.9,59.7,48.3,True
B005,B005_M5,2025-02-05 16:00:00,68.04,17.93,8.0,15.1,27.1,79.3,37.6,False
B005,B005_M1,2025-02-05 17:00:00,59.33,12.37,9.0,15.5,28.9,70.5,13.4,False
B005,B005_M3,2025-02-05 18:00:00,34.81,11.37,8.8,12.4,20.7,77.3,24.4,False
B005,B005_M5,2025-02-05 19:00:00,43.23,17.52,11.3,14.8,26.5,69.5,49.7,False
B005,B005_M2,2025-02-05 20:00:00,34.83,13.27,10.4,12.5,22.6,56.7,42.8,False
B005,B005_M4,2025-02-05 21:00:00,68.48,18.03,7.6,13.9,24.1,60.7,24.1,True
B001,B001_M1,2025-02-06 08:00:00,108.2,8.71,7.1,16.2,17.2,43.2,48.2,False
B001,B001_M3,2025-02-06 09:00:00,161.29,11.07,8.0,12.1,21.6,52.9,47.5,False
B001,B001_M2,2025-02-06 10:00:00,214.06,,7.8,14.1,27.1,55.2,25.7,False
B001,B001_M3,2025-02-06 11:00:00,212.91,8.54,7.9,15.8,24.2,78.5,34.8,False
B001,B001_M3,2025-02-06 12:00:00,249.42,15.15,7.4,13.3,29.4,63.7,32.1,False
B001,B001_M2,2025-02-06 13:00:00,182.12,,8.1,15.9,26.6,64.6,11.8,False
B001,B001_M1,2025-02-06 14:00:00,185.66,19.88,7.2,13.7,15.8,40.4,20.2,False
B001,B001_M2,2025-02-06 15:00:00,221.08,12.55,10.8,15.6,27.7,69.5,46.0,False
B001,B001_M2,2025-02-06 16:00:00,239.63,8.73,7.7,15.8,18.2,62.6,31.1,False
B001,B001_M3,2025-02-06 17:00:00,175.49,11.4,7.1,13.2,28.9,40.8,49.0,False
B001,B001_M1,2025-02-06 18:00:00,136.21,,9.3,12.7,17.5,54.6,27.3,False
B001,B001_M1,2025-02-06 19:00:00,137.52,16.71,8.5,16.6,18.2,55.2,16.9,False
B001,B001_M3,2025-02-06 20:00:00,129.69,16.1,9.4,17.0,25.2,46.0,45.5,False
B001,B001_M2,2025-02-06 21:00:00,142.67,9.1,7.1,12.3,23.9,43.8,25.2,False
B002,B002_M4,2025-02-06 08:00:00,101.28,16.48,9.4,15.4,20.9,68.4,15.1,False
B002,B002_M4,2025-02-06 09:00:00,113.0,,9.9,16.8,16.5,68.3,34.3,False
B002,B002_M2,2025-02-06 10:00:00,128.14,5.53,10.0,16.0,24.1,44.1,23.6,False
B002,B002_M3,2025-02-06 11:00:00,118.29,13.26,11.8,12.5,24.6,79.2,33.8,False
B002,B002_M3,2025-02-06 12:00:00,118.94,7.26,9.5,14.5,24.2,73.0,48.6,False
B002,B002_M1,2025-02-06 13:00:00,150.12,,7.4,17.0,28.5,69.8,36.0,False
B002,B002_M3,2025-02-06 14:00:00,110.48,19.8,11.0,12.7,28.1,63.1,22.5,False
B002,B002_M4,2025-02-06 15:00:00,98.03,6.81,8.7,15.7,18.4,48.7,38.7,False
B002,B002_M2,2025-02-06 16:00:00,329.2,5.79,10.4,13.6,19.3,49.3,16.8,True
B002,B002_M4,2025-02-06 17:00:00,159.08,,8.4,17.6,29.3,55.5,39.8,False
B002,B002_M2,2025-02-06 18:00:00,53.66,19.53,9.2,12.0,22.2,53.2,20.5,False
B002,B002_M4,2025-02-06 19:00:00,57.23,12.04,8.6,13.5,23.5,78.3,33.0,False
B002,B002_M2,2025-02-06 20:00:00,114.57,13.27,10.6,17.1,25.3,41.8,10.8,True
B002,B002_M1,2025-02-06 21:00:00,66.01,7.26,11.1,16.6,16.1,78.4,22.1,False
B003,B003_M1,2025-02-06 08:00:00,316.03,,10.0,17.0,18.4,69.1,12.9,False
B003,B003_M1,2025-02-06 09:00:00,375.66,,11.6,17.7,23.4,63.9,45.9,False
B003,B003_M3,2025-02-06 10:00:00,426.28,,10.7,15.0,27.7,80.0,45.7,False
B003,B003_M3,2025-02-06 11:00:00,531.25,16.37,11.9,12.5,24.6,65.3,36.8,False
B003,B003_M4,2025-02-06 12:00:00,379.78,10.07,11.2,13.7,17.1,79.5,35.9,False
B003,B003_M1,2025-02-06 13:00:00,354.83,5.6,9.6,14.9,27.6,52.0,21.7,False
B003,B003_M5,2025-02-06 14:00:00,458.22,10.44,9.1,13.2,29.4,58.0,29.0,False
B003,B003_M5,2025-02-06 15:00:00,472.04,,8.6,14.4,24.3,69.0,30.1,False
B003,B003_M4,2025-02-06 16:00:00,399.36,10.94,10.3,17.6,26.6,71.0,17.0,False
B003,B003_M3,2025-02-06 17:00:00,530.35,,11.1,13.3,28.4,65.0,34.9,False
B003,B003_M2,2025-02-06 18:00:00,260.14,17.54,8.3,17.2,19.6,45.8,45.0,False
B003,B003_M4,2025-02-06 19:00:00,266.29,,10.5,15.0,24.9,68.8,49.7,False
B003,B003_M4,2025-02-06 20:00:00,246.73,10.39,9.6,12.8,22.2,47.3,41.4,False
B003,B003_M3,2025-02-06 21:00:00,261.13,,7.1,14.5,16.6,46.1,26.6,False
B004,B004_M3,2025-02-06 08:00:00,194.43,,10.9,15.0,26.6,47.7,21.2,False
B004,B004_M2,2025-02-06 09:00:00,240.86,13.62,8.0,16.0,30.0,76.3,10.3,False
B004,B004_M1,2025-02-06 10:00:00,347.15,13.99,8.9,12.1,19.6,72.5,37.4,False
B004,B004_M3,2025-02-06 11:00:00,316.96,7.61,12.0,12.3,23.3,66.9,42.6,False
B004,B004_M1,2025-02-06 12:00:00,354.68,7.47,9.3,16.0,20.9,68.1,34.2,False
B004,B004_M4,2025-02-06 13:00:00,302.25,,10.9,14.7,23.3,65.0,36.0,False
B004,B004_M1,2025-02-06 14:00:00,346.68,,7.3,13.4,22.5,63.2,41.5,False
B004,B004_M3,2025-02-06 15:00:00,293.53,6.84,9.6,13.2,26.7,73.6,29.7,False
B004,B004_M4,2025-02-06 16:00:00,322.03,16.67,10.5,12.4,19.0,53.7,30.5,False
B004,B004_M3,2025-02-06 17:00:00,375.34,9.93,8.7,17.5,24.7,65.5,40.7,False
B004,B004_M1,2025-02-06 18:00:00,513.3,,10.2,15.8,26.9,75.7,20.8,True
B004,B004_M4,2025-02-06 19:00:00,205.37,14.69,7.8,17.5,21.1,71.7,10.9,False
B004,B004_M3,2025-02-06 20:00:00,181.58,14.76,9.6,12.1,15.6,44.8,34.8,False
B004,B004_M5,2025-02-06 21:00:00,195.59,,11.2,12.4,24.5,47.0,48.1,False
B005,B005_M3,2025-02-06 08:00:00,49.65,12.13,8.5,12.5,15.5,65.9,12.8,False
B005,B005_M3,2025-02-06 09:00:00,63.51,,7.8,14.3,21.3,61.7,36.8,False
B005,B005_M2,2025-02-06 10:00:00,44.3,14.8,9.4,13.5,19.4,64.4,14.9,False
B005,B005_M4,2025-02-06 11:00:00,76.21,18.79,9.4,15.0,25.8,58.6,43.2,False
B005,B005_M1,2025-02-06 12:00:00,43.6,7.08,9.9,17.4,29.5,68.1,10.4,False
B005,B005_M3,2025-02-06 13:00:00,82.79,11.1,10.2,16.7,29.3,64.0,28.7,False
B005,B005_M1,2025-02-06 14:00:00,59.82,,7.9,15.3,29.8,71.6,15.2,False
B005,B005_M2,2025-02-06 15:00:00,87.04,15.11,8.5,17.3,21.7,54.4,37.9,False
B005,B005_M5,2025-02-06 16:00:00,60.94,6.81,9.6,14.8,18.0,56.1,40.0,False
B005,B005_M3,2025-02-06 17:00:00,52.26,14.86,7.1,17.9,27.2,41.2,32.4,False
B005,B005_M3,2025-02-06 18:00:00,42.25,19.32,9.7,17.6,17.5,49.7,33.7,False
B005,B005_M1,2025-02-06 19:00:00,32.3,,11.4,13.9,23.3,61.1,24.4,False
B005,B005_M3,2025-02-06 20:00:00,39.56,5.28,11.4,17.9,29.8,77.1,19.4,False
B005,B005_M1,2025-02-06 21:00:00,41.82,,7.3,15.8,23.4,48.7,23.4,False
B001,B001_M1,2025-02-07 08:00:00,152.87,13.78,7.5,12.7,29.1,40.3,41.6,False
B001,B001_M1,2025-02-07 09:00:00,239.28,10.84,7.1,15.4,28.0,54.7,10.6,False
B001,B001_M2,2025-02-07 10:00:00,232.09,,9.8,17.2,16.3,69.4,33.9,False
B001,B001_M2,2025-02-07 11:00:00,184.59,5.4,7.9,17.7,26.2,79.6,35.4,False
B001,B001_M3,2025-02-07 12:00:00,238.17,,10.6,15.9,22.7,40.5,24.6,False
B001,B001_M3,2025-02-07 13:00:00,517.42,,11.4,16.9,15.8,73.8,38.2,True
B001,B001_M3,2025-02-07 14:00:00,221.82,10.24,11.9,14.4,19.4,47.2,32.3,False
B001,B001_M1,2025-02-07 15:00:00,200.6,6.66,8.1,16.4,24.9,49.7,13.3,False
B001,B001_M1,2025-02-07 16:00:00,247.98,7.23,11.7,16.9,15.0,77.4,15.9,False
B001,B001_M2,2025-02-07 17:00:00,244.02,8.13,11.4,13.5,23.2,63.6,14.3,False
B001,B001_M2,2025-02-07 18:00:00,119.24,15.29,7.3,13.0,28.1,71.6,13.8,False
B001,B001_M1,2025-02-07 19:00:00,139.64,,7.2,13.8,22.2,64.9,33.6,False
B001,B001_M1,2025-02-07 20:00:00,122.24,,10.1,17.7,15.9,41.3,10.1,False
B001,B001_M3,2025-02-07 21:00:00,117.74,16.86,11.9,17.1,29.4,66.3,27.2,False
B002,B002_M1,2025-02-07 08:00:00,78.22,15.37,7.0,16.9,16.5,69.4,20.5,False
B002,B002_M4,2025-02-07 09:00:00,116.63,,11.2,17.7,26.0,72.3,48.7,False
B002,B002_M4,2025-02-07 10:00:00,99.85,,7.7,17.1,28.0,40.8,41.8,False
B002,B002_M2,2025-02-07 11:00:00,162.63,9.83,11.4,14.3,26.6,49.8,49.6,False
B002,B002_M4,2025-02-07 12:00:00,127.23,,10.2,13.0,19.1,63.0,38.7,False
B002,B002_M1,2025-02-07 13:00:00,142.7,7.9,8.9,14.7,19.8,45.3,15.2,False
B002,B002_M2,2025-02-07 14:00:00,154.11,14.65,7.3,15.9,21.7,75.7,15.1,False
B002,B002_M1,2025-02-07 15:00:00,130.42,9.98,9.4,17.6,27.2,54.9,31.9,False
B002,B002_M4,2025-02-07 16:00:00,126.78,,10.6,15.8,25.9,58.4,27.8,False
B002,B002_M1,2025-02-07 17:00:00,134.55,12.27,10.3,13.5,16.8,41.6,36.6,False
B002,B002_M4,2025-02-07 18:00:00,54.25,8.13,11.7,14.5,18.8,79.2,16.4,False
B002,B002_M2,2025-02-07 19:00:00,55.31,,12.0,17.6,27.8,47.0,43.2,False
B002,B002_M3,2025-02-07 20:00:00,86.78,9.08,11.6,12.3,21.5,41.7,40.9,False
B002,B002_M4,2025-02-07 21:00:00,89.05,10.41,11.4,13.8,15.1,73.3,12.6,False
B003,B003_M3,2025-02-07 08:00:00,284.24,,9.3,12.7,15.5,74.3,39.6,False
B003,B003_M2,2025-02-07 09:00:00,358.37,,11.4,14.8,28.3,63.7,47.8,False
B003,B003_M3,2025-02-07 10:00:00,541.5,,11.8,18.0,20.6,46.2,20.3,False
B003,B003_M3,2025-02-07 11:00:00,432.34,8.49,8.2,14.8,18.7,44.0,21.9,False
B003,B003_M1,2025-02-07 12:00:00,507.32,19.06,7.6,14.8,17.2,74.2,38.2,False
B003,B003_M4,2025-02-07 13:00:00,412.67,6.22,8.0,17.2,20.5,72.3,27.6,False
B003,B003_M4,2025-02-07 14:00:00,405.78,,11.3,14.3,19.0,55.2,45.1,False
B003,B003_M4,2025-02-07 15:00:00,616.27,,8.9,17.6,23.7,61.4,24.2,False
B003,B003_M5,2025-02-07 16:00:00,566.87,,10.1,15.3,19.1,68.7,31.3,False
B003,B003_M2,2025-02-07 17:00:00,459.96,7.31,7.2,13.7,23.3,74.2,36.3,False
B003,B003_M2,2025-02-07 18:00:00,242.28,14.15,9.4,14.5,28.9,72.5,13.5,False
B003,B003_M1,2025-02-07 19:00:00,536.67,8.42,8.0,15.1,18.1,52.4,41.0,True
B003,B003_M2,2025-02-07 20:00:00,493.91,5.51,7.2,12.2,22.7,60.7,25.6,True
B003,B003_M5,2025-02-07 21:00:00,610.32,13.84,8.6,15.7,22.2,49.5,35.4,True
B004,B004_M1,2025-02-07 08:00:00,201.8,7.96,10.4,13.6,21.0,61.5,45.8,False
B004,B004_M2,2025-02-07 09:00:00,432.79,12.54,9.2,15.8,23.7,63.3,33.8,False
B004,B004_M2,2025-02-07 10:00:00,429.98,19.71,10.4,14.8,16.6,50.6,45.5,False
B004,B004_M5,2025-02-07 11:00:00,785.06,12.59,10.2,15.4,21.6,64.0,12.6,True
B004,B004_M3,2025-02-07 12:00:00,288.36,9.36,8.4,12.7,15.6,61.5,25.1,False
B004,B004_M5,2025-02-07 13:00:00,376.22,17.55,9.8,13.3,29.2,53.9,16.2,False
B004,B004_M1,2025-02-07 14:00:00,310.57,13.06,9.5,16.7,18.1,78.8,24.5,False
B004,B004_M3,2025-02-07 15:00:00,252.75,16.4,11.2,12.4,25.1,58.3,45.2,False
B004,B004_M3,2025-02-07 16:00:00,490.02,16.3,9.9,14.4,22.0,51.7,24.4,True
B004,B004_M1,2025-02-07 17:00:00,391.42,,7.5,17.4,19.3,49.3,24.3,False
B004,B004_M2,2025-02-07 18:00:00,196.09,,9.8,16.0,17.5,54.8,32.7,False
B004,B004_M4,2025-02-07 19:00:00,165.96,17.38,7.2,13.3,15.4,70.3,37.4,False
B004,B004_M3,2025-02-07 20:00:00,177.55,17.02,9.6,17.6,23.9,62.0,25.2,False
B004,B004_M3,2025-02-07 21:00:00,200.59,11.7,10.0,17.9,22.3,53.9,15.3,False
B005,B005_M2,2025-02-07 08:00:00,32.98,,8.6,16.7,19.3,64.9,14.8,False
B005,B005_M5,2025-02-07 09:00:00,86.9,,8.6,16.0,24.1,53.2,11.9,False
B005,B005_M3,2025-02-07 10:00:00,48.65,17.16,7.6,14.5,25.3,78.8,31.5,False
B005,B005_M1,2025-02-07 11:00:00,65.74,7.16,9.8,17.8,22.8,77.1,11.7,False
B005,B005_M5,2025-02-07 12:00:00,88.61,,11.9,17.6,17.7,44.9,49.4,False
B005,B005_M4,2025-02-07 13:00:00,66.65,5.79,11.7,12.6,17.0,72.1,32.6,False
B005,B005_M2,2025-02-07 14:00:00,93.15,10.25,11.3,15.5,19.1,54.7,35.1,False
B005,B005_M3,2025-02-07 15:00:00,61.17,,10.6,15.7,26.5,58.4,34.1,False
B005,B005_M4,2025-02-07 16:00:00,67.45,6.07,7.7,13.9,23.1,62.3,21.7,False
B005,B005_M3,2025-02-07 17:00:00,46.81,,7.8,15.7,21.9,60.9,27.5,False
B005,B005_M3,2025-02-07 18:00:00,36.05,5.33,11.4,13.4,15.1,68.9,33.2,False
B005,B005_M2,2025-02-07 19:00:00,53.62,8.54,9.9,14.3,29.2,75.5,22.3,False
B005,B005_M3,2025-02-07 20:00:00,38.29,10.34,8.0,15.2,19.1,63.9,30.5,False
B005,B005_M5,2025-02-07 21:00:00,37.49,,10.2,12.1,22.2,67.2,36.3,False
B001,B001_M3,2025-02-08 08:00:00,91.92,6.05,7.1,15.6,28.4,42.0,12.9,False
B001,B001_M1,2025-02-08 09:00:00,57.37,8.22,11.2,15.5,28.5,43.3,15.9,False
B001,B001_M1,2025-02-08 10:00:00,53.17,,8.0,15.8,23.4,56.8,28.6,False
B001,B001_M3,2025-02-08 11:00:00,89.09,6.56,10.0,12.4,25.7,57.8,37.5,False
B001,B001_M1,2025-02-08 12:00:00,103.52,,12.0,17.9,19.5,48.0,10.4,False
B001,B001_M2,2025-02-08 13:00:00,116.3,7.27,7.5,12.3,18.8,41.3,26.3,False
B001,B001_M3,2025-02-08 14:00:00,63.97,16.44,9.5,17.0,18.4,75.9,47.9,False
B001,B001_M1,2025-02-08 15:00:00,115.48,,10.3,17.0,15.1,74.3,34.0,False
B001,B001_M1,2025-02-08 16:00:00,80.19,,7.4,14.9,24.3,49.7,26.0,False
B001,B001_M1,2025-02-08 17:00:00,106.59,13.43,7.2,12.8,29.6,47.6,33.7,False
B001,B001_M1,2025-02-08 18:00:00,91.47,,9.3,14.0,28.6,74.4,31.9,False
B001,B001_M1,2025-02-08 19:00:00,57.87,11.05,8.8,17.8,20.8,52.7,39.1,False
B001,B001_M2,2025-02-08 20:00:00,82.7,8.51,11.5,18.0,26.9,72.3,18.9,False
B001,B001_M3,2025-02-08 21:00:00,100.28,9.73,7.1,16.2,23.7,67.1,44.9,False
B002,B002_M2,2025-02-08 08:00:00,108.03,19.61,8.4,18.0,23.2,78.8,20.1,True
B002,B002_M3,2025-02-08 09:00:00,48.07,16.68,9.0,14.9,28.7,44.4,12.4,False
B002,B002_M3,2025-02-08 10:00:00,52.11,14.96,10.3,17.4,16.0,65.8,38.6,False
B002,B002_M4,2025-02-08 11:00:00,54.38,,8.2,13.1,22.2,53.8,39.6,False
B002,B002_M1,2025-02-08 12:00:00,68.88,,11.2,13.5,28.7,42.4,14.3,False
B002,B002_M2,2025-02-08 13:00:00,53.9,16.86,7.9,12.3,17.1,73.7,41.3,False
B002,B002_M3,2025-02-08 14:00:00,62.35,,7.5,13.6,27.7,51.6,45.8,False
B002,B002_M2,2025-02-08 15:00:00,33.01,,9.9,17.4,29.3,45.9,41.0,False
B002,B002_M4,2025-02-08 16:00:00,50.65,17.65,7.5,15.9,21.2,51.6,25.7,False
B002,B002_M1,2025-02-08 17:00:00,36.39,11.5,9.4,13.6,18.8,71.9,42.7,False
B002,B002_M2,2025-02-08 18:00:00,56.98,5.73,9.1,12.2,25.6,71.1,49.3,False
B002,B002_M2,2025-02-08 19:00:00,63.63,10.53,10.3,12.3,17.4,70.5,48.6,False
B002,B002_M3,2025-02-08 20:00:00,59.33,11.89,8.1,12.5,21.1,57.0,39.9,False
B002,B002_M1,2025-02-08 21:00:00,48.13,,10.6,13.2,27.1,47.0,40.0,False
B003,B003_M1,2025-02-08 08:00:00,435.35,8.01,7.6,15.7,27.8,52.3,11.5,True
B003,B003_M1,2025-02-08 09:00:00,206.73,,11.2,14.0,27.8,47.7,36.4,False
B003,B003_M5,2025-02-08 10:00:00,180.17,,9.7,13.0,19.5,72.7,12.4,False
B003,B003_M3,2025-02-08 11:00:00,182.13,16.2,10.4,14.4,23.3,56.3,37.4,False
B003,B003_M4,2025-02-08 12:00:00,189.14,,10.6,14.7,24.4,63.6,36.7,False
B003,B003_M3,2025-02-08 13:00:00,260.28,13.57,8.7,16.3,15.9,46.2,31.3,False
B003,B003_M4,2025-02-08 14:00:00,216.42,,10.1,14.8,15.7,70.4,23.4,False
B003,B003_M4,2025-02-08 15:00:00,197.74,,9.3,15.8,28.1,70.1,11.9,False
B003,B003_M4,2025-02-08 16:00:00,227.05,6.41,7.8,13.1,27.1,42.2,28.3,False
B003,B003_M1,2025-02-08 17:00:00,231.71,9.29,8.8,15.3,28.7,48.0,34.1,False
B003,B003_M5,2025-02-08 18:00:00,213.02,13.04,11.3,13.5,16.2,72.8,22.3,False
B003,B003_M4,2025-02-08 19:00:00,141.35,13.94,10.1,15.2,23.8,55.4,35.8,False
B003,B003_M1,2025-02-08 20:00:00,238.78,19.18,10.6,13.9,28.2,42.6,43.2,False
B003,B003_M5,2025-02-08 21:00:00,179.84,9.71,11.0,13.7,24.4,43.3,22.8,False
B004,B004_M5,2025-02-08 08:00:00,143.7,12.65,9.9,17.1,28.5,50.8,12.1,False
B004,B004_M2,2025-02-08 09:00:00,117.87,,10.4,16.2,27.6,42.6,44.9,False
B004,B004_M3,2025-02-08 10:00:00,155.4,12.35,7.8,14.7,24.4,63.3,32.7,False
B004,B004_M5,2025-02-08 11:00:00,177.77,14.86,8.8,15.1,21.7,46.3,41.6,False
B004,B004_M1,2025-02-08 12:00:00,168.62,,9.9,17.7,24.3,66.3,14.8,False
B004,B004_M3,2025-02-08 13:00:00,139.41,,9.6,16.5,21.8,41.0,29.5,False
B004,B004_M5,2025-02-08 14:00:00,120.37,16.02,9.0,14.1,24.1,45.7,37.6,False
B004,B004_M5,2025-02-08 15:00:00,174.23,9.09,10.2,17.1,24.9,64.9,18.0,False
B004,B004_M3,2025-02-08 16:00:00,151.97,,10.7,15.0,19.8,74.6,28.3,False
B004,B004_M4,2025-02-08 17:00:00,164.58,,11.5,17.1,25.5,76.0,32.1,False
B004,B004_M4,2025-02-08 18:00:00,128.06,14.87,10.0,12.6,28.0,70.7,45.7,False
B004,B004_M5,2025-02-08 19:00:00,154.96,7.74,8.9,13.3,29.9,50.5,25.7,False
B004,B004_M2,2025-02-08 20:00:00,92.73,,8.4,16.1,21.2,45.9,31.3,False
B004,B004_M1,2025-02-08 21:00:00,132.13,16.01,9.1,14.1,23.2,67.8,39.4,False
B005,B005_M3,2025-02-08 08:00:00,35.17,,10.9,14.7,24.3,57.0,47.0,False
B005,B005_M2,2025-02-08 09:00:00,40.68,5.45,9.7,15.3,22.5,79.0,47.8,False
B005,B005_M2,2025-02-08 10:00:00,38.96,18.14,7.5,15.1,21.5,65.7,37.4,False
B005,B005_M5,2025-02-08 11:00:00,15.14,,8.3,12.0,22.5,66.4,13.2,False
B005,B005_M4,2025-02-08 12:00:00,24.42,17.56,9.1,15.9,19.0,58.9,47.5,False
B005,B005_M5,2025-02-08 13:00:00,25.87,13.9,9.9,14.3,29.1,78.8,11.4,False
B005,B005_M2,2025-02-08 14:00:00,21.94,,8.0,15.8,23.2,79.6,45.7,False
B005,B005_M1,2025-02-08 15:00:00,28.63,18.71,11.3,16.2,22.4,40.3,42.2,False
B005,B005_M5,2025-02-08 16:00:00,28.46,13.6,8.2,12.4,22.4,50.4,33.5,False
B005,B005_M3,2025-02-08 17:00:00,27.29,,10.9,15.5,24.4,42.6,38.3,False
B005,B005_M2,2025-02-08 18:00:00,26.18,14.27,8.5,16.9,17.1,43.2,10.6,False
B005,B005_M2,2025-02-08 19:00:00,25.78,,8.9,14.8,28.0,55.4,19.8,False
B005,B005_M2,2025-02-08 20:00:00,35.58,16.05,8.8,13.2,21.2,70.8,20.7,False
B005,B005_M2,2025-02-08 21:00:00,16.58,,10.3,14.4,16.0,60.5,37.4,False
B001,B001_M2,2025-02-09 08:00:00,92.95,11.61,9.8,17.7,23.2,73.2,35.8,False
B001,B001_M2,2025-02-09 09:00:00,65.43,9.49,8.5,15.4,24.2,72.6,44.0,False
B001,B001_M2,2025-02-09 10:00:00,89.04,9.86,11.1,16.1,29.3,79.1,46.7,False
B001,B001_M2,2025-02-09 11:00:00,90.72,14.03,10.6,17.8,29.4,49.8,49.3,False
B001,B001_M1,2025-02-09 12:00:00,74.92,19.57,8.4,12.0,15.4,66.4,46.0,False
B001,B001_M3,2025-02-09 13:00:00,72.44,13.63,7.2,15.0,23.8,57.7,12.2,False
B001,B001_M1,2025-02-09 14:00:00,76.53,13.93,10.8,15.9,22.2,69.2,42.6,False
B001,B001_M2,2025-02-09 15:00:00,87.58,14.87,10.4,13.6,22.4,47.8,19.5,False
B001,B001_M3,2025-02-09 16:00:00,112.05,15.68,9.2,17.0,15.8,56.4,33.1,False
B001,B001_M3,2025-02-09 17:00:00,71.87,11.07,8.5,17.0,19.6,62.9,11.9,False
B001,B001_M2,2025-02-09 18:00:00,116.24,8.82,10.4,14.8,18.8,43.2,20.0,False
B001,B001_M3,2025-02-09 19:00:00,63.29,,10.9,13.1,19.9,72.6,28.4,False
B001,B001_M3,2025-02-09 20:00:00,54.27,11.49,10.4,18.0,24.7,57.0,13.4,False
B001,B001_M3,2025-02-09 21:00:00,166.87,15.62,9.2,13.2,18.9,64.3,23.0,True
B002,B002_M1,2025-02-09 08:00:00,48.99,9.46,7.3,12.8,29.3,66.3,36.5,False
B002,B002_M1,2025-02-09 09:00:00,60.95,10.17,10.5,16.6,17.9,60.7,44.0,False
B002,B002_M3,2025-02-09 10:00:00,51.19,6.53,8.0,12.9,24.3,63.1,10.7,False
B002,B002_M3,2025-02-09 11:00:00,61.09,11.3,10.3,17.8,26.0,60.4,17.7,False
B002,B002_M4,2025-02-09 12:00:00,59.52,8.83,10.0,13.4,23.5,70.2,48.4,False
B002,B002_M1,2025-02-09 13:00:00,60.21,19.57,8.2,13.4,24.9,57.5,17.3,False
B002,B002_M2,2025-02-09 14:00:00,136.93,8.56,8.6,14.2,27.6,48.7,11.5,True
B002,B002_M3,2025-02-09 15:00:00,46.1,9.7,10.7,14.0,15.8,50.5,21.9,False
B002,B002_M1,2025-02-09 16:00:00,53.85,7.3,10.7,13.9,28.2,67.2,37.9,False
B002,B002_M1,2025-02-09 17:00:00,54.81,,11.1,15.7,25.1,78.1,22.1,False
B002,B002_M4,2025-02-09 18:00:00,55.59,,7.8,16.9,20.6,79.8,25.2,False
B002,B002_M1,2025-02-09 19:00:00,52.0,18.21,8.8,14.0,21.9,77.6,32.3,False
B002,B002_M3,2025-02-09 20:00:00,46.24,16.96,9.6,17.9,19.1,42.5,26.4,False
B002,B002_M1,2025-02-09 21:00:00,46.62,9.41,10.5,15.9,29.7,60.4,33.9,False
B003,B003_M1,2025-02-09 08:00:00,176.33,13.16,8.9,14.1,29.9,62.5,39.9,False
B003,B003_M2,2025-02-09 09:00:00,234.14,,7.7,15.6,22.1,42.5,49.8,False
B003,B003_M1,2025-02-09 10:00:00,184.21,15.54,8.4,13.0,29.2,47.3,40.6,False
B003,B003_M1,2025-02-09 11:00:00,220.33,5.53,10.1,16.7,26.1,79.5,38.0,False
B003,B003_M1,2025-02-09 12:00:00,205.45,,10.9,12.1,29.8,79.5,34.7,False
B003,B003_M1,2025-02-09 13:00:00,239.09,,9.6,16.6,25.6,74.0,21.9,False
B003,B003_M3,2025-02-09 14:00:00,210.71,18.17,8.1,15.7,29.9,77.8,41.6,False
B003,B003_M1,2025-02-09 15:00:00,210.09,13.15,7.3,15.2,18.5,41.6,44.8,False
B003,B003_M5,2025-02-09 16:00:00,276.57,,9.6,15.3,26.0,62.0,44.7,False
B003,B003_M2,2025-02-09 17:00:00,199.9,,7.2,12.7,18.4,56.3,27.2,False
B003,B003_M2,2025-02-09 18:00:00,160.15,9.08,10.4,17.1,28.0,46.9,26.6,False
B003,B003_M2,2025-02-09 19:00:00,206.93,17.33,7.1,15.2,28.1,55.4,16.9,False
B003,B003_M5,2025-02-09 20:00:00,261.75,,7.5,13.0,16.4,43.8,26.7,False
B003,B003_M2,2025-02-09 21:00:00,181.4,6.35,11.2,17.3,21.9,63.5,25.0,False
B004,B004_M2,2025-02-09 08:00:00,145.63,,8.5,17.3,15.3,56.4,42.7,False
B004,B004_M1,2025-02-09 09:00:00,155.33,,8.1,14.4,21.4,60.0,16.0,False
B004,B004_M1,2025-02-09 10:00:00,94.97,16.46,9.3,17.9,21.0,68.3,39.0,False
B004,B004_M2,2025-02-09 11:00:00,196.48,10.37,10.8,14.6,16.5,45.0,28.8,False
B004,B004_M1,2025-02-09 12:00:00,127.57,,9.3,15.6,17.8,61.0,12.6,False
B004,B004_M3,2025-02-09 13:00:00,178.43,6.81,8.9,12.1,26.4,79.6,40.4,False
B004,B004_M5,2025-02-09 14:00:00,118.69,,9.2,17.5,20.2,70.3,25.2,False
B004,B004_M3,2025-02-09 15:00:00,133.38,11.67,10.7,12.4,27.9,62.2,34.6,False
B004,B004_M2,2025-02-09 16:00:00,178.06,,8.7,13.4,23.2,77.8,15.2,False
B004,B004_M5,2025-02-09 17:00:00,154.54,,8.7,15.9,21.5,55.1,17.1,False
B004,B004_M4,2025-02-09 18:00:00,126.14,,7.2,13.0,24.7,60.8,20.9,False
B004,B004_M3,2025-02-09 19:00:00,118.37,,11.7,16.7,23.1,70.5,48.3,False
B004,B004_M1,2025-02-09 20:00:00,213.16,6.58,11.4,14.2,27.1,56.1,37.8,False
B004,B004_M4,2025-02-09 21:00:00,121.03,19.26,10.5,12.5,28.6,44.9,12.9,False
B005,B005_M4,2025-02-09 08:00:00,31.76,16.36,9.7,15.2,21.4,78.8,35.2,False
B005,B005_M3,2025-02-09 09:00:00,39.25,,9.3,15.2,29.1,53.9,44.0,False
B005,B005_M4,2025-02-09 10:00:00,41.54,19.48,11.6,13.3,23.9,49.6,10.8,False
B005,B005_M4,2025-02-09 11:00:00,36.77,,10.7,15.7,18.0,43.2,38.3,False
B005,B005_M5,2025-02-09 12:00:00,30.98,11.73,8.5,14.9,24.4,61.1,25.6,False
B005,B005_M4,2025-02-09 13:00:00,31.95,16.23,10.2,14.2,23.7,70.4,25.3,False
B005,B005_M3,2025-02-09 14:00:00,24.53,16.0,10.7,16.8,28.6,43.9,38.4,False
B005,B005_M4,2025-02-09 15:00:00,19.59,14.76,11.0,14.0,19.4,52.1,42.7,False
B005,B005_M3,2025-02-09 16:00:00,29.72,12.72,8.3,16.5,29.0,69.7,48.3,False
B005,B005_M5,2025-02-09 17:00:00,26.52,,7.2,15.0,23.3,67.3,33.0,False
B005,B005_M3,2025-02-09 18:00:00,24.99,9.06,10.8,14.1,24.2,79.3,29.2,False
B005,B005_M2,2025-02-09 19:00:00,63.41,10.98,8.8,17.3,15.4,40.4,49.1,True
B005,B005_M1,2025-02-09 20:00:00,35.36,,11.8,16.9,18.8,42.6,17.3,False
B005,B005_M5,2025-02-09 21:00:00,28.74,16.37,8.8,14.2,17.5,70.3,44.4,False
B001,B001_M1,2025-02-10 08:00:00,127.85,17.89,8.3,15.0,15.1,75.0,49.1,False
B001,B001_M3,2025-02-10 09:00:00,216.64,9.72,7.4,14.9,25.0,51.3,40.3,False
B001,B001_M1,2025-02-10 10:00:00,245.88,16.23,7.4,14.8,29.6,66.0,19.8,False
B001,B001_M2,2025-02-10 11:00:00,185.0,,10.4,16.7,15.8,59.4,43.6,False
B001,B001_M2,2025-02-10 12:00:00,218.14,11.38,9.8,17.8,29.1,73.4,28.9,False
B001,B001_M1,2025-02-10 13:00:00,186.43,,11.3,17.4,22.3,48.1,42.9,False
B001,B001_M2,2025-02-10 14:00:00,247.27,,7.3,16.7,25.2,71.6,49.0,False
B001,B001_M3,2025-02-10 15:00:00,540.47,15.76,9.9,16.0,16.4,41.1,26.1,True
B001,B001_M2,2025-02-10 16:00:00,208.23,5.5,11.0,12.9,19.1,73.0,11.6,False
B001,B001_M1,2025-02-10 17:00:00,185.54,18.06,9.1,15.4,16.8,60.1,31.0,False
B001,B001_M3,2025-02-10 18:00:00,82.32,19.36,7.0,16.3,24.6,53.5,23.3,False
B001,B001_M1,2025-02-10 19:00:00,111.81,5.06,7.7,14.6,19.7,58.0,28.5,False
B001,B001_M3,2025-02-10 20:00:00,120.2,5.93,10.4,16.5,21.9,65.7,23.8,False
B001,B001_M1,2025-02-10 21:00:00,119.29,10.56,10.4,13.9,27.3,77.2,20.8,False
B002,B002_M4,2025-02-10 08:00:00,61.67,18.16,10.2,14.3,29.6,41.7,34.9,False
B002,B002_M1,2025-02-10 09:00:00,144.16,8.65,11.4,16.5,29.0,59.3,29.9,False
B002,B002_M3,2025-02-10 10:00:00,118.61,19.0,9.0,13.0,19.1,45.0,25.1,False
B002,B002_M3,2025-02-10 11:00:00,159.95,,10.5,12.0,27.5,79.3,34.7,False
B002,B002_M1,2025-02-10 12:00:00,103.64,,8.9,12.7,22.9,73.9,12.1,False
B002,B002_M2,2025-02-10 13:00:00,137.85,13.98,9.1,12.3,26.7,70.4,42.0,False
B002,B002_M3,2025-02-10 14:00:00,150.77,16.18,7.0,17.7,27.0,45.8,31.5,False
B002,B002_M1,2025-02-10 15:00:00,152.32,5.31,10.1,12.6,19.6,69.3,32.9,False
B002,B002_M3,2025-02-10 16:00:00,108.26,7.31,8.9,12.9,20.5,79.2,45.9,False
B002,B002_M4,2025-02-10 17:00:00,114.69,9.96,11.7,14.2,18.4,75.6,15.2,False
B002,B002_M2,2025-02-10 18:00:00,69.62,9.94,10.3,15.9,23.4,50.7,24.8,False
B002,B002_M4,2025-02-10 19:00:00,71.1,,9.9,14.8,27.9,59.8,12.0,False
B002,B002_M2,2025-02-10 20:00:00,85.49,,11.0,16.3,18.6,57.7,29.3,False
B002,B002_M4,2025-02-10 21:00:00,68.66,,8.2,16.4,26.2,56.7,26.0,False
B003,B003_M2,2025-02-10 08:00:00,314.39,,11.7,13.6,17.9,40.8,19.6,False
B003,B003_M3,2025-02-10 09:00:00,473.62,16.77,7.6,12.3,22.5,78.3,45.8,False
B003,B003_M5,2025-02-10 10:00:00,484.31,,9.7,12.2,25.8,58.4,26.1,False
B003,B003_M5,2025-02-10 11:00:00,492.47,,11.7,17.1,18.2,57.7,11.7,False
B003,B003_M5,2025-02-10 12:00:00,337.2,,9.4,17.0,17.5,54.6,31.4,False
B003,B003_M5,2025-02-10 13:00:00,495.77,7.16,9.9,12.8,19.1,79.4,28.4,False
B003,B003_M1,2025-02-10 14:00:00,524.84,13.02,9.1,14.8,15.5,72.9,41.5,False
B003,B003_M2,2025-02-10 15:00:00,516.18,,8.2,13.3,15.5,45.4,25.2,False
B003,B003_M3,2025-02-10 16:00:00,484.38,16.46,10.6,12.6,21.1,60.8,17.8,False
B003,B003_M4,2025-02-10 17:00:00,433.08,18.8,10.0,13.6,17.1,44.5,26.7,False
B003,B003_M1,2025-02-10 18:00:00,260.76,,9.8,17.3,28.3,57.4,12.7,False
B003,B003_M5,2025-02-10 19:00:00,315.08,,7.8,14.7,22.3,65.6,49.8,False
B003,B003_M3,2025-02-10 20:00:00,235.6,18.16,9.7,17.4,27.0,49.7,23.2,False
B003,B003_M1,2025-02-10 21:00:00,351.29,8.0,9.6,15.2,15.1,63.3,21.8,False
B004,B004_M2,2025-02-10 08:00:00,195.84,18.1,9.7,13.3,18.3,77.4,41.0,False
B004,B004_M4,2025-02-10 09:00:00,259.06,,7.1,15.2,29.8,45.2,28.6,False
B004,B004_M3,2025-02-10 10:00:00,291.45,,7.1,16.5,18.3,43.2,15.2,False
B004,B004_M4,2025-02-10 11:00:00,352.34,5.32,9.6,17.7,25.6,73.6,28.5,False
B004,B004_M1,2025-02-10 12:00:00,286.81,5.63,7.9,12.0,28.9,76.1,31.3,False
B004,B004_M3,2025-02-10 13:00:00,237.98,6.7,9.5,15.2,23.2,46.6,43.8,False
B004,B004_M5,2025-02-10 14:00:00,746.1,,11.4,13.2,18.1,63.6,11.5,True
B004,B004_M2,2025-02-10 15:00:00,348.61,5.64,9.8,13.5,16.3,64.0,32.5,False
B004,B004_M3,2025-02-10 16:00:00,286.77,15.85,8.9,13.1,23.4,56.8,26.6,False
B004,B004_M1,2025-02-10 17:00:00,330.26,18.07,11.3,13.7,26.8,65.2,19.7,False
B004,B004_M2,2025-02-10 18:00:00,144.13,14.52,10.5,14.3,15.4,79.9,10.7,False
B004,B004_M2,2025-02-10 19:00:00,203.76,6.4,9.5,17.3,17.2,62.5,23.6,False
B004,B004_M5,2025-02-10 20:00:00,152.89,6.73,7.2,16.7,18.3,51.3,24.6,False
B004,B004_M4,2025-02-10 21:00:00,151.7,17.55,7.4,14.5,28.4,48.3,19.4,False
B005,B005_M5,2025-02-10 08:00:00,76.17,11.51,8.2,12.7,16.2,53.3,43.5,True
B005,B005_M4,2025-02-10 09:00:00,65.42,8.71,8.5,13.0,26.9,75.9,13.3,False
B005,B005_M4,2025-02-10 10:00:00,139.79,,8.5,17.9,15.1,52.4,35.7,True
B005,B005_M4,2025-02-10 11:00:00,71.59,,10.7,17.9,25.3,47.9,16.5,False
B005,B005_M3,2025-02-10 12:00:00,60.88,,11.2,15.2,25.7,65.3,11.7,False
B005,B005_M2,2025-02-10 13:00:00,100.54,17.45,11.0,12.3,20.1,42.1,40.5,True
B005,B005_M3,2025-02-10 14:00:00,48.59,,10.6,15.0,20.0,64.6,31.7,False
B005,B005_M1,2025-02-10 15:00:00,72.42,,11.5,14.1,18.9,58.7,37.1,False
B005,B005_M4,2025-02-10 16:00:00,64.95,,8.0,12.2,24.7,75.7,43.8,False
B005,B005_M4,2025-02-10 17:00:00,67.79,19.03,11.7,17.3,17.1,68.8,31.7,False
B005,B005_M3,2025-02-10 18:00:00,30.91,,7.8,15.4,16.1,49.9,14.2,False
B005,B005_M4,2025-02-10 19:00:00,41.0,14.04,8.1,14.7,16.7,64.5,37.2,False
B005,B005_M1,2025-02-10 20:00:00,67.3,18.75,10.5,15.7,19.4,42.1,22.8,True
B005,B005_M4,2025-02-10 21:00:00,37.29,19.05,11.7,14.7,29.2,51.6,40.9,False
B001,B001_M3,2025-02-11 08:00:00,107.01,10.3,11.7,12.2,28.6,65.5,29.4,False
B001,B001_M1,2025-02-11 09:00:00,323.43,,10.5,16.4,26.7,77.0,44.0,True
B001,B001_M1,2025-02-11 10:00:00,247.35,17.84,11.2,13.2,21.5,60.4,17.6,False
B001,B001_M3,2025-02-11 11:00:00,234.92,,10.6,14.8,17.8,74.5,29.9,False
B001,B001_M3,2025-02-11 12:00:00,188.76,18.81,11.5,17.8,23.5,66.0,22.4,False
B001,B001_M3,2025-02-11 13:00:00,379.86,,10.7,12.3,29.0,43.0,14.8,True
B001,B001_M2,2025-02-11 14:00:00,212.43,10.15,10.7,16.8,17.0,44.0,32.1,False
B001,B001_M1,2025-02-11 15:00:00,174.49,9.68,7.6,13.4,29.8,48.2,35.2,False
B001,B001_M3,2025-02-11 16:00:00,176.89,18.56,9.1,15.9,24.3,48.7,44.1,False
B001,B001_M3,2025-02-11 17:00:00,192.33,,8.4,12.7,20.9,55.8,31.8,False
B001,B001_M1,2025-02-11 18:00:00,112.01,16.61,9.4,14.0,22.7,77.1,10.6,False
B001,B001_M1,2025-02-11 19:00:00,115.92,,11.0,15.3,16.8,53.1,32.6,False
B001,B001_M2,2025-02-11 20:00:00,159.39,7.52,8.5,17.4,16.5,67.8,15.2,False
B001,B001_M2,2025-02-11 21:00:00,87.65,13.72,9.5,15.3,24.6,54.4,25.9,False
B002,B002_M1,2025-02-11 08:00:00,95.42,16.82,7.5,16.3,24.4,67.0,24.1,False
B002,B002_M4,2025-02-11 09:00:00,147.08,10.52,10.1,17.0,18.7,48.5,20.3,False
B002,B002_M3,2025-02-11 10:00:00,186.46,,11.7,16.0,26.9,69.5,47.8,False
B002,B002_M2,2025-02-11 11:00:00,163.34,18.62,7.3,14.8,17.7,56.5,48.5,False
B002,B002_M2,2025-02-11 12:00:00,120.47,15.7,10.9,12.0,23.7,60.0,16.7,False
B002,B002_M2,2025-02-11 13:00:00,146.65,5.95,11.1,15.0,16.0,55.3,34.6,False
B002,B002_M3,2025-02-11 14:00:00,183.47,11.34,11.9,17.1,20.5,69.1,46.6,False
B002,B002_M1,2025-02-11 15:00:00,140.09,5.14,9.5,17.7,17.7,46.3,40.0,False
B002,B002_M3,2025-02-11 16:00:00,119.93,19.93,9.4,12.8,17.7,51.9,23.2,False
B002,B002_M4,2025-02-11 17:00:00,133.13,,11.1,13.9,25.7,40.4,17.6,False
B002,B002_M1,2025-02-11 18:00:00,79.79,,10.0,13.9,22.5,64.0,22.0,False
B002,B002_M2,2025-02-11 19:00:00,97.47,15.73,7.2,16.5,29.6,77.1,46.4,False
B002,B002_M4,2025-02-11 20:00:00,94.24,17.57,8.5,16.6,28.7,56.4,30.7,False
B002,B002_M1,2025-02-11 21:00:00,82.25,5.53,7.3,12.2,20.1,78.1,18.8,False
B003,B003_M3,2025-02-11 08:00:00,229.62,14.04,8.5,15.1,25.4,75.2,46.9,False
B003,B003_M3,2025-02-11 09:00:00,446.87,,7.2,16.8,25.0,49.9,41.2,False
B003,B003_M5,2025-02-11 10:00:00,416.08,16.94,7.9,13.7,19.4,69.6,18.5,False
B003,B003_M4,2025-02-11 11:00:00,406.59,,11.4,15.4,24.5,49.7,26.6,False
B003,B003_M5,2025-02-11 12:00:00,504.03,16.66,11.0,16.9,29.9,75.6,21.8,False
B003,B003_M5,2025-02-11 13:00:00,410.48,,11.6,16.8,19.0,79.3,35.0,False
B003,B003_M1,2025-02-11 14:00:00,783.28,14.75,11.2,16.0,30.0,50.3,15.6,True
B003,B003_M5,2025-02-11 15:00:00,413.19,13.46,7.4,13.3,29.8,55.5,49.2,False
B003,B003_M2,2025-02-11 16:00:00,483.15,7.64,11.9,12.2,28.2,74.2,23.8,False
B003,B003_M2,2025-02-11 17:00:00,617.27,12.76,10.4,14.3,27.3,55.6,18.2,False
B003,B003_M2,2025-02-11 18:00:00,312.25,,10.6,13.2,28.1,71.6,18.0,False
B003,B003_M4,2025-02-11 19:00:00,354.58,11.13,8.5,13.2,25.3,56.3,40.9,False
B003,B003_M5,2025-02-11 20:00:00,202.72,,7.1,12.7,29.7,71.9,44.0,False
B003,B003_M2,2025-02-11 21:00:00,268.75,18.31,7.1,17.3,16.8,54.9,25.4,False
B004,B004_M2,2025-02-11 08:00:00,182.8,18.46,8.2,13.0,24.3,52.6,49.4,False
B004,B004_M5,2025-02-11 09:00:00,306.35,17.42,9.6,12.1,25.0,69.5,20.2,False
B004,B004_M3,2025-02-11 10:00:00,327.68,,11.3,16.1,24.6,59.4,30.5,False
B004,B004_M3,2025-02-11 11:00:00,375.79,14.88,8.1,16.8,17.9,61.8,29.0,False
B004,B004_M2,2025-02-11 12:00:00,406.56,18.03,7.1,13.4,27.8,75.6,19.8,False
B004,B004_M1,2025-02-11 13:00:00,257.41,8.23,7.2,16.8,17.2,75.3,44.0,False
B004,B004_M2,2025-02-11 14:00:00,346.94,12.35,8.8,16.0,19.2,44.4,42.7,False
B004,B004_M4,2025-02-11 15:00:00,312.43,11.5,11.5,12.3,23.7,75.0,49.3,False
B004,B004_M3,2025-02-11 16:00:00,294.54,13.95,8.8,17.9,17.4,52.6,11.9,False
B004,B004_M1,2025-02-11 17:00:00,255.59,6.19,7.6,12.4,24.5,54.6,12.9,False
B004,B004_M5,2025-02-11 18:00:00,231.95,5.48,11.0,14.6,25.2,73.5,41.3,False
B004,B004_M2,2025-02-11 19:00:00,175.05,19.67,8.7,13.0,20.6,52.2,46.2,False
B004,B004_M1,2025-02-11 20:00:00,180.47,18.02,7.7,16.6,19.0,41.9,38.2,False
B004,B004_M1,2025-02-11 21:00:00,184.04,,9.3,14.9,29.9,61.7,46.3,False
B005,B005_M5,2025-02-11 08:00:00,32.42,19.53,10.3,15.1,24.9,73.7,22.3,False
B005,B005_M2,2025-02-11 09:00:00,98.78,,7.3,16.8,28.5,50.1,40.0,False
B005,B005_M2,2025-02-11 10:00:00,66.44,6.82,7.3,14.9,27.2,57.4,18.6,False
B005,B005_M4,2025-02-11 11:00:00,71.12,19.71,8.0,16.1,25.4,62.7,29.5,False
B005,B005_M2,2025-02-11 12:00:00,44.64,5.35,10.1,16.9,28.4,49.0,40.2,False
B005,B005_M5,2025-02-11 13:00:00,63.7,18.49,11.8,15.2,28.8,76.0,19.4,False
B005,B005_M3,2025-02-11 14:00:00,81.25,13.73,9.0,15.7,23.7,52.7,31.6,False
B005,B005_M2,2025-02-11 15:00:00,71.67,5.36,7.3,16.2,16.4,49.3,28.0,False
B005,B005_M2,2025-02-11 16:00:00,52.34,,11.9,13.1,16.2,58.9,33.5,False
B005,B005_M2,2025-02-11 17:00:00,49.45,19.37,8.7,14.7,19.2,48.0,40.6,False
B005,B005_M2,2025-02-11 18:00:00,33.3,8.37,7.6,17.3,21.8,62.1,31.7,False
B005,B005_M1,2025-02-11 19:00:00,30.49,5.05,9.5,16.4,19.6,46.2,44.6,False
B005,B005_M3,2025-02-11 20:00:00,40.55,19.98,10.0,17.2,29.6,57.2,31.5,False
B005,B005_M4,2025-02-11 21:00:00,35.36,,10.8,17.7,21.2,45.2,39.8,False
B001,B001_M1,2025-02-12 08:00:00,111.07,,7.4,13.6,15.0,79.8,21.8,False
B001,B001_M2,2025-02-12 09:00:00,234.02,10.52,10.5,16.3,23.5,68.5,28.2,False
B001,B001_M1,2025-02-12 10:00:00,169.34,11.76,7.3,15.3,23.0,78.8,43.0,False
B001,B001_M2,2025-02-12 11:00:00,188.32,,8.3,17.1,21.4,72.6,27.0,False
B001,B001_M2,2025-02-12 12:00:00,176.09,14.84,8.6,14.6,21.2,72.3,16.9,False
B001,B001_M2,2025-02-12 13:00:00,198.86,9.38,7.2,16.6,20.4,54.9,21.2,False
B001,B001_M2,2025-02-12 14:00:00,162.83,11.14,11.0,17.9,19.9,47.6,32.9,False
B001,B001_M1,2025-02-12 15:00:00,253.36,6.12,11.8,14.3,25.6,64.2,46.8,False
B001,B001_M1,2025-02-12 16:00:00,146.28,18.99,9.3,16.4,20.9,78.8,47.0,False
B001,B001_M3,2025-02-12 17:00:00,232.0,12.53,7.2,13.3,16.6,59.0,14.4,False
B001,B001_M2,2025-02-12 18:00:00,133.38,10.88,7.7,14.7,23.7,40.0,22.3,False
B001,B001_M2,2025-02-12 19:00:00,102.78,17.84,10.1,15.0,15.0,77.5,49.0,False
B001,B001_M3,2025-02-12 20:00:00,130.74,15.91,8.3,16.9,27.1,66.2,16.8,False
B001,B001_M3,2025-02-12 21:00:00,161.62,,10.7,14.2,17.7,54.7,10.2,False
B002,B002_M4,2025-02-12 08:00:00,90.98,11.05,10.0,13.2,19.0,50.2,21.7,False
B002,B002_M2,2025-02-12 09:00:00,135.68,,10.5,16.1,26.9,50.9,48.0,False
B002,B002_M1,2025-02-12 10:00:00,176.71,7.13,7.9,12.2,26.0,55.1,47.0,False
B002,B002_M1,2025-02-12 11:00:00,180.04,5.77,8.1,17.1,21.8,56.0,41.3,False
B002,B002_M4,2025-02-12 12:00:00,133.58,8.96,10.1,12.5,22.5,76.8,39.6,False
B002,B002_M3,2025-02-12 13:00:00,96.35,,7.7,15.0,28.4,47.5,13.8,False
B002,B002_M3,2025-02-12 14:00:00,111.76,,9.1,14.6,24.7,46.4,34.7,False
B002,B002_M4,2025-02-12 15:00:00,134.69,18.98,8.9,13.2,21.0,69.2,29.7,False
B002,B002_M1,2025-02-12 16:00:00,161.23,13.59,11.3,12.9,15.6,75.7,18.9,False
B002,B002_M1,2025-02-12 17:00:00,157.66,,9.6,13.2,20.7,51.9,30.8,False
B002,B002_M4,2025-02-12 18:00:00,53.66,7.91,7.5,12.6,16.2,75.8,28.8,False
B002,B002_M4,2025-02-12 19:00:00,73.83,,8.2,15.3,29.8,52.4,20.8,False
B002,B002_M1,2025-02-12 20:00:00,83.51,19.25,9.9,16.4,15.7,52.9,10.4,False
B002,B002_M3,2025-02-12 21:00:00,72.56,,10.1,13.5,17.5,48.4,16.8,False
B003,B003_M4,2025-02-12 08:00:00,288.41,6.46,10.6,16.3,22.7,40.1,25.5,False
B003,B003_M5,2025-02-12 09:00:00,485.34,9.8,11.9,17.6,23.8,57.2,12.6,False
B003,B003_M5,2025-02-12 10:00:00,382.37,,10.6,14.4,20.5,77.5,41.4,False
B003,B003_M5,2025-02-12 11:00:00,499.25,5.97,11.5,12.0,18.0,51.7,20.0,False
B003,B003_M5,2025-02-12 12:00:00,596.58,5.35,7.9,16.7,29.7,42.0,43.9,False
B003,B003_M5,2025-02-12 13:00:00,567.74,16.19,9.6,15.0,27.9,75.0,39.4,False
B003,B003_M2,2025-02-12 14:00:00,501.19,,9.0,16.1,25.2,66.9,41.5,False
B003,B003_M3,2025-02-12 15:00:00,543.06,12.5,10.1,13.8,21.2,40.2,29.6,False
B003,B003_M4,2025-02-12 16:00:00,373.8,5.15,9.5,16.5,29.9,47.4,11.1,False
B003,B003_M2,2025-02-12 17:00:00,591.31,5.04,9.2,13.6,23.4,67.3,25.8,False
B003,B003_M1,2025-02-12 18:00:00,295.12,9.46,9.8,16.3,20.4,42.9,13.8,False
B003,B003_M2,2025-02-12 19:00:00,275.0,,11.1,12.7,22.1,63.7,29.4,False
B003,B003_M2,2025-02-12 20:00:00,247.26,5.7,8.4,15.8,22.1,58.9,47.1,False
B003,B003_M1,2025-02-12 21:00:00,237.97,,9.1,14.7,27.9,50.6,26.4,False
B004,B004_M5,2025-02-12 08:00:00,156.32,,9.4,12.9,24.8,77.1,28.5,False
B004,B004_M3,2025-02-12 09:00:00,310.95,11.99,10.5,16.5,29.0,50.3,23.2,False
B004,B004_M4,2025-02-12 10:00:00,363.32,12.51,7.0,14.7,15.8,51.8,40.0,False
B004,B004_M4,2025-02-12 11:00:00,994.15,6.9,9.3,14.7,27.9,40.2,29.0,True
B004,B004_M2,2025-02-12 12:00:00,472.98,15.18,9.2,15.4,19.7,71.0,29.1,False
B004,B004_M4,2025-02-12 13:00:00,387.93,16.79,11.3,17.1,26.0,75.6,37.1,False
B004,B004_M1,2025-02-12 14:00:00,340.16,15.1,9.8,17.0,19.8,43.7,24.6,False
B004,B004_M1,2025-02-12 15:00:00,370.17,,10.6,17.1,16.5,65.1,41.9,False
B004,B004_M1,2025-02-12 16:00:00,312.43,,10.8,15.1,17.5,58.9,29.0,False
B004,B004_M5,2025-02-12 17:00:00,285.82,9.49,10.4,13.2,17.1,54.2,47.0,False
B004,B004_M5,2025-02-12 18:00:00,209.54,14.14,10.0,13.3,26.5,50.6,33.3,False
B004,B004_M3,2025-02-12 19:00:00,169.27,,10.2,13.2,21.7,63.1,17.3,False
B004,B004_M1,2025-02-12 20:00:00,219.51,,10.3,17.2,18.9,75.2,29.7,False
B004,B004_M2,2025-02-12 21:00:00,171.58,13.84,7.7,15.0,15.6,70.7,16.7,False
B005,B005_M1,2025-02-12 08:00:00,28.17,6.62,10.8,17.1,22.5,50.4,39.9,False
B005,B005_M2,2025-02-12 09:00:00,55.62,5.63,11.0,12.6,15.7,48.5,34.0,False
B005,B005_M2,2025-02-12 10:00:00,91.35,14.88,10.2,16.6,20.8,43.6,13.5,False
B005,B005_M4,2025-02-12 11:00:00,66.6,,8.6,13.9,16.9,77.3,42.9,False
B005,B005_M2,2025-02-12 12:00:00,70.93,9.31,8.4,16.0,22.4,57.8,22.9,False
B005,B005_M3,2025-02-12 13:00:00,58.85,19.6,9.6,15.4,17.3,71.1,43.9,False
B005,B005_M5,2025-02-12 14:00:00,124.11,19.87,11.2,14.0,24.8,66.4,17.1,True
B005,B005_M3,2025-02-12 15:00:00,62.61,,8.8,13.6,25.3,48.0,18.9,False
B005,B005_M5,2025-02-12 16:00:00,51.04,,10.4,12.7,23.5,44.9,32.4,False
B005,B005_M4,2025-02-12 17:00:00,87.08,11.73,11.8,12.6,20.2,51.2,45.9,False
B005,B005_M4,2025-02-12 18:00:00,26.83,12.48,9.3,15.0,21.1,73.0,40.9,False
B005,B005_M1,2025-02-12 19:00:00,43.96,13.97,10.3,15.0,24.0,43.7,11.8,False
B005,B005_M3,2025-02-12 20:00:00,46.38,10.41,9.7,17.5,19.8,79.2,11.3,False
B005,B005_M3,2025-02-12 21:00:00,61.42,6.58,9.1,14.6,17.4,69.0,25.1,True
B001,B001_M1,2025-02-13 08:00:00,157.49,,10.9,17.8,16.7,57.4,16.0,False
B001,B001_M1,2025-02-13 09:00:00,263.34,,7.8,12.7,20.3,46.7,19.7,False
B001,B001_M1,2025-02-13 10:00:00,250.91,19.56,8.3,16.2,27.9,67.8,23.8,True
B001,B001_M3,2025-02-13 11:00:00,200.84,,7.3,17.3,28.0,67.1,19.5,False
B001,B001_M2,2025-02-13 12:00:00,191.71,18.81,11.4,17.8,22.9,76.3,27.4,False
B001,B001_M2,2025-02-13 13:00:00,144.99,16.38,9.4,13.2,22.6,41.4,39.5,False
B001,B001_M1,2025-02-13 14:00:00,151.84,6.34,10.1,15.5,18.8,60.3,38.9,False
B001,B001_M3,2025-02-13 15:00:00,190.49,,11.7,17.3,29.3,77.8,13.7,False
B001,B001_M2,2025-02-13 16:00:00,266.91,,9.1,12.1,27.8,49.2,28.3,False
B001,B001_M2,2025-02-13 17:00:00,347.9,14.32,7.1,15.3,20.0,77.5,38.5,True
B001,B001_M3,2025-02-13 18:00:00,139.97,,10.5,13.0,20.4,64.3,41.2,False
B001,B001_M1,2025-02-13 19:00:00,164.39,15.82,9.6,13.8,26.6,49.3,12.2,False
B001,B001_M2,2025-02-13 20:00:00,102.81,7.72,9.9,12.5,20.7,44.7,36.6,False
B001,B001_M2,2025-02-13 21:00:00,163.81,,11.9,16.9,17.4,56.2,14.6,False
B002,B002_M4,2025-02-13 08:00:00,90.43,,11.7,17.9,18.7,42.6,10.9,False
B002,B002_M1,2025-02-13 09:00:00,115.59,,11.4,14.8,17.6,78.5,25.5,False
B002,B002_M2,2025-02-13 10:00:00,168.16,8.3,10.1,15.8,19.7,76.9,48.8,False
B002,B002_M2,2025-02-13 11:00:00,120.58,13.83,11.8,17.0,15.8,69.4,36.8,False
B002,B002_M4,2025-02-13 12:00:00,126.26,13.34,8.0,14.0,15.3,59.1,34.3,False
B002,B002_M1,2025-02-13 13:00:00,129.16,6.32,8.6,13.0,29.5,47.4,21.8,False
B002,B002_M4,2025-02-13 14:00:00,105.99,5.89,9.5,17.2,16.5,69.1,47.9,False
B002,B002_M3,2025-02-13 15:00:00,109.64,7.16,7.6,12.9,18.4,61.0,35.9,False
B002,B002_M3,2025-02-13 16:00:00,145.36,6.65,10.3,12.1,24.2,68.7,26.5,False
B002,B002_M4,2025-02-13 17:00:00,109.92,10.25,10.5,12.8,19.8,42.0,37.9,False
B002,B002_M2,2025-02-13 18:00:00,68.36,,7.9,16.2,21.9,40.4,39.7,False
B002,B002_M2,2025-02-13 19:00:00,74.99,5.25,10.2,17.8,17.0,50.4,22.4,False
B002,B002_M4,2025-02-13 20:00:00,102.1,,7.9,14.8,20.5,57.5,24.9,False
B002,B002_M3,2025-02-13 21:00:00,79.61,,7.6,14.3,29.2,49.0,24.1,False
B003,B003_M2,2025-02-13 08:00:00,291.52,19.21,7.5,15.3,27.3,46.9,42.8,False
B003,B003_M5,2025-02-13 09:00:00,465.77,13.51,8.4,17.8,29.6,58.0,48.5,False
B003,B003_M2,2025-02-13 10:00:00,469.01,18.18,11.2,14.7,19.8,57.6,35.7,False
B003,B003_M5,2025-02-13 11:00:00,544.54,,8.1,14.0,25.5,70.9,46.1,False
B003,B003_M5,2025-02-13 12:00:00,508.25,10.87,7.3,12.1,26.2,56.9,34.9,False
B003,B003_M3,2025-02-13 13:00:00,506.59,6.8,10.2,14.2,19.4,45.5,17.5,False
B003,B003_M3,2025-02-13 14:00:00,562.35,6.58,9.8,13.0,19.8,57.5,21.8,False
B003,B003_M4,2025-02-13 15:00:00,325.56,14.83,10.1,14.8,18.6,71.2,28.7,False
B003,B003_M5,2025-02-13 16:00:00,523.03,5.74,10.4,12.4,16.8,46.0,30.1,False
B003,B003_M1,2025-02-13 17:00:00,451.13,18.92,11.2,16.4,29.8,49.6,12.3,False
B003,B003_M1,2025-02-13 18:00:00,290.54,12.72,11.1,16.3,16.6,61.0,21.7,False
B003,B003_M3,2025-02-13 19:00:00,334.75,15.23,7.6,12.5,28.7,64.6,44.4,False
B003,B003_M5,2025-02-13 20:00:00,290.8,8.27,10.6,15.0,22.1,66.4,26.1,False
B003,B003_M3,2025-02-13 21:00:00,225.76,15.58,7.1,12.1,26.4,74.0,36.4,False
B004,B004_M5,2025-02-13 08:00:00,244.14,9.85,11.0,16.0,28.0,73.4,26.8,False
B004,B004_M5,2025-02-13 09:00:00,364.76,7.81,8.5,18.0,29.1,67.1,24.8,False
B004,B004_M2,2025-02-13 10:00:00,310.62,,9.3,17.0,18.9,48.7,23.6,False
B004,B004_M4,2025-02-13 11:00:00,285.74,15.04,7.5,18.0,25.1,79.7,30.6,False
B004,B004_M1,2025-02-13 12:00:00,270.25,18.15,8.7,14.5,18.8,56.7,13.2,False
B004,B004_M5,2025-02-13 13:00:00,274.88,7.65,7.1,14.8,24.2,52.1,47.0,False
B004,B004_M1,2025-02-13 14:00:00,490.75,,9.7,13.3,22.2,45.1,28.7,True
B004,B004_M3,2025-02-13 15:00:00,337.97,16.76,11.0,17.7,16.4,48.1,41.7,False
B004,B004_M2,2025-02-13 16:00:00,395.54,,8.8,16.5,22.2,52.8,10.6,False
B004,B004_M2,2025-02-13 17:00:00,431.2,13.4,9.0,13.1,23.9,42.7,15.1,True
B004,B004_M2,2025-02-13 18:00:00,147.29,17.73,7.2,14.5,27.3,64.9,11.9,False
B004,B004_M5,2025-02-13 19:00:00,207.67,,7.7,13.4,26.3,73.7,25.5,False
B004,B004_M4,2025-02-13 20:00:00,498.54,11.16,9.2,13.4,28.2,47.6,24.7,True
B004,B004_M1,2025-02-13 21:00:00,198.15,19.02,7.3,14.4,23.4,72.3,23.8,False
B005,B005_M3,2025-02-13 08:00:00,39.59,15.68,8.0,12.2,17.2,68.1,34.3,False
B005,B005_M1,2025-02-13 09:00:00,75.75,,8.8,13.5,24.5,63.1,46.4,False
B005,B005_M2,2025-02-13 10:00:00,63.59,18.15,8.0,16.9,29.6,78.0,27.3,False
B005,B005_M2,2025-02-13 11:00:00,63.73,13.09,11.7,12.4,20.3,48.1,45.3,False
B005,B005_M5,2025-02-13 12:00:00,95.29,17.66,10.6,12.8,23.4,50.3,34.9,False
B005,B005_M1,2025-02-13 13:00:00,140.79,14.28,8.0,12.9,26.4,61.2,41.9,True
B005,B005_M1,2025-02-13 14:00:00,60.68,,11.2,14.7,27.4,44.4,29.6,False
B005,B005_M4,2025-02-13 15:00:00,81.52,16.15,10.5,17.0,24.0,59.3,17.1,False
B005,B005_M1,2025-02-13 16:00:00,43.35,19.93,11.5,15.5,16.5,45.5,20.7,False
B005,B005_M4,2025-02-13 17:00:00,51.54,,8.0,13.8,27.7,77.3,39.3,False
B005,B005_M5,2025-02-13 18:00:00,44.34,5.33,11.7,13.1,15.7,77.0,25.6,False
B005,B005_M3,2025-02-13 19:00:00,37.75,,10.1,13.4,24.9,67.9,41.9,False
B005,B005_M3,2025-02-13 20:00:00,30.78,,7.1,12.6,23.2,41.0,37.0,False
B005,B005_M1,2025-02-13 21:00:00,51.34,13.03,10.9,13.9,16.8,74.6,35.4,False
B001,B001_M1,2025-02-14 08:00:00,133.26,15.59,7.2,12.9,20.8,42.2,30.4,False
B001,B001_M1,2025-02-14 09:00:00,219.27,,10.3,15.8,24.4,44.3,18.6,False
B001,B001_M1,2025-02-14 10:00:00,194.86,6.55,11.8,15.9,26.5,55.0,44.1,False
B001,B001_M2,2025-02-14 11:00:00,215.91,15.83,11.9,17.9,18.5,77.8,42.3,False
B001,B001_M1,2025-02-14 12:00:00,223.74,5.61,8.6,16.3,27.4,79.2,32.1,False
B001,B001_M3,2025-02-14 13:00:00,169.66,11.12,10.1,13.0,17.3,64.9,27.8,False
B001,B001_M1,2025-02-14 14:00:00,229.51,8.76,7.2,17.1,21.1,42.5,17.9,False
B001,B001_M1,2025-02-14 15:00:00,190.82,15.67,9.9,17.3,24.1,56.4,23.0,False
B001,B001_M2,2025-02-14 16:00:00,195.17,17.45,11.2,15.1,19.8,42.3,35.9,False
B001,B001_M2,2025-02-14 17:00:00,178.8,,7.9,12.3,27.8,50.4,16.8,False
B001,B001_M3,2025-02-14 18:00:00,107.64,,8.8,15.9,22.7,62.8,17.2,False
B001,B001_M3,2025-02-14 19:00:00,93.84,,9.6,14.8,18.1,41.1,45.4,False
B001,B001_M3,2025-02-14 20:00:00,111.06,13.65,10.2,17.3,16.4,57.2,28.5,False
B001,B001_M3,2025-02-14 21:00:00,94.27,,7.2,13.0,15.7,45.3,48.3,False
B002,B002_M2,2025-02-14 08:00:00,51.0,15.51,8.0,13.4,29.4,53.3,29.3,False
B002,B002_M3,2025-02-14 09:00:00,106.49,5.38,8.5,14.8,24.0,63.4,34.4,False
B002,B002_M4,2025-02-14 10:00:00,126.66,12.43,9.7,16.1,27.4,52.3,22.6,False
B002,B002_M3,2025-02-14 11:00:00,133.77,5.42,9.5,14.4,24.5,77.8,11.4,False
B002,B002_M3,2025-02-14 12:00:00,171.67,6.49,7.9,13.2,19.1,44.4,44.0,False
B002,B002_M1,2025-02-14 13:00:00,185.28,16.24,11.0,17.0,15.9,51.9,36.0,False
B002,B002_M3,2025-02-14 14:00:00,152.24,9.58,10.0,15.9,29.0,74.4,17.7,False
B002,B002_M3,2025-02-14 15:00:00,119.65,16.58,11.8,16.9,23.5,70.7,23.9,False
B002,B002_M4,2025-02-14 16:00:00,141.87,,9.3,14.0,25.9,55.5,18.2,False
B002,B002_M2,2025-02-14 17:00:00,88.4,15.65,8.1,16.9,26.5,72.5,38.6,False
B002,B002_M1,2025-02-14 18:00:00,147.55,,7.9,15.0,17.8,62.9,47.4,True
B002,B002_M2,2025-02-14 19:00:00,70.24,,10.8,16.5,22.8,65.4,30.9,False
B002,B002_M2,2025-02-14 20:00:00,87.2,6.06,9.8,12.3,28.5,52.3,37.9,False
B002,B002_M3,2025-02-14 21:00:00,49.52,17.34,7.6,13.7,15.9,62.7,26.0,False
B003,B003_M3,2025-02-14 08:00:00,258.96,19.66,9.1,13.0,22.9,54.0,48.7,False
B003,B003_M2,2025-02-14 09:00:00,498.05,12.24,10.8,12.9,17.5,67.7,11.2,False
B003,B003_M2,2025-02-14 10:00:00,429.4,,7.5,17.6,17.1,64.1,23.7,False
B003,B003_M4,2025-02-14 11:00:00,362.84,,10.8,15.2,21.0,47.7,43.9,False
B003,B003_M1,2025-02-14 12:00:00,434.0,15.77,11.8,12.2,27.5,61.2,35.0,False
B003,B003_M2,2025-02-14 13:00:00,399.35,5.65,11.7,17.5,27.1,52.9,40.5,False
B003,B003_M5,2025-02-14 14:00:00,407.59,18.35,9.8,16.9,18.6,62.7,10.3,False
B003,B003_M2,2025-02-14 15:00:00,503.18,5.57,7.0,15.3,17.2,53.7,25.0,False
B003,B003_M3,2025-02-14 16:00:00,643.81,,10.8,12.2,16.8,57.2,38.0,False
B003,B003_M1,2025-02-14 17:00:00,434.78,14.13,9.2,15.2,24.5,55.9,10.8,False
B003,B003_M1,2025-02-14 18:00:00,296.25,18.98,11.1,13.0,20.2,73.4,19.2,False
B003,B003_M4,2025-02-14 19:00:00,262.94,5.63,11.3,14.1,21.9,60.6,25.8,False
B003,B003_M5,2025-02-14 20:00:00,329.15,9.23,8.5,12.8,25.2,51.9,12.7,False
B003,B003_M5,2025-02-14 21:00:00,309.47,11.32,11.4,17.9,18.3,42.3,47.6,False
B004,B004_M2,2025-02-14 08:00:00,177.43,,8.7,13.8,17.0,68.7,39.7,False
B004,B004_M4,2025-02-14 09:00:00,319.85,,11.2,17.7,17.2,75.1,37.1,False
B004,B004_M4,2025-02-14 10:00:00,396.83,19.94,11.0,15.2,18.0,41.5,36.0,False
B004,B004_M1,2025-02-14 11:00:00,293.68,18.31,7.9,14.6,26.5,68.2,41.3,False
B004,B004_M2,2025-02-14 12:00:00,315.94,8.46,10.1,12.4,25.1,68.7,34.9,False
B004,B004_M5,2025-02-14 13:00:00,285.49,12.62,11.6,12.1,23.0,77.4,21.7,False
B004,B004_M3,2025-02-14 14:00:00,377.95,,9.1,16.0,27.5,45.0,48.4,False
B004,B004_M3,2025-02-14 15:00:00,323.4,19.88,8.8,12.6,25.5,55.9,24.4,False
B004,B004_M3,2025-02-14 16:00:00,433.77,14.07,11.0,12.6,19.5,40.4,27.8,False
B004,B004_M4,2025-02-14 17:00:00,275.25,12.07,7.4,16.0,15.1,51.9,16.3,False
B004,B004_M3,2025-02-14 18:00:00,172.96,9.48,8.5,16.7,17.1,78.9,26.1,False
B004,B004_M5,2025-02-14 19:00:00,201.46,11.44,8.7,14.5,24.1,64.8,35.0,False
B004,B004_M5,2025-02-14 20:00:00,222.2,15.72,10.2,13.5,23.9,62.8,23.8,False
B004,B004_M5,2025-02-14 21:00:00,152.81,,9.0,17.3,21.9,42.7,16.8,False
B005,B005_M3,2025-02-14 08:00:00,39.53,16.19,7.5,13.9,20.3,53.3,16.9,False
B005,B005_M1,2025-02-14 09:00:00,65.36,5.64,7.4,14.9,20.3,48.2,17.5,False
B005,B005_M1,2025-02-14 10:00:00,49.33,15.7,10.3,16.3,22.8,72.3,12.6,False
B005,B005_M4,2025-02-14 11:00:00,106.8,11.09,8.3,13.9,19.4,74.2,16.7,False
B005,B005_M2,2025-02-14 12:00:00,66.6,,8.3,16.9,17.2,65.9,23.5,False
B005,B005_M5,2025-02-14 13:00:00,67.1,,11.2,12.9,18.1,62.7,16.5,False
B005,B005_M2,2025-02-14 14:00:00,76.18,7.05,9.0,15.7,22.2,57.0,27.4,False
B005,B005_M5,2025-02-14 15:00:00,83.53,9.75,7.7,12.1,21.4,52.5,36.5,False
B005,B005_M3,2025-02-14 16:00:00,48.5,,10.4,17.8,26.4,69.3,16.8,False
B005,B005_M4,2025-02-14 17:00:00,60.38,,8.4,16.6,29.0,53.1,36.7,False
B005,B005_M5,2025-02-14 18:00:00,36.83,5.28,11.2,16.8,17.0,62.0,40.1,False
B005,B005_M2,2025-02-14 19:00:00,42.54,5.09,8.9,15.3,29.2,53.7,44.8,False
B005,B005_M5,2025-02-14 20:00:00,103.95,,8.3,16.5,19.1,70.6,13.6,True
B005,B005_M4,2025-02-14 21:00:00,48.45,,10.6,12.0,27.2,50.1,25.8,False
B001,B001_M1,2025-02-15 08:00:00,76.73,7.5,7.2,17.0,25.0,68.5,40.7,False
B001,B001_M2,2025-02-15 09:00:00,69.87,,8.8,12.7,15.1,52.8,45.0,False
B001,B001_M3,2025-02-15 10:00:00,96.32,14.65,8.2,12.0,27.9,68.9,15.8,False
B001,B001_M1,2025-02-15 11:00:00,215.11,7.8,11.0,12.6,22.4,68.7,43.9,True
B001,B001_M2,2025-02-15 12:00:00,56.7,6.4,11.9,13.0,25.5,60.8,15.4,False
B001,B001_M3,2025-02-15 13:00:00,71.21,10.65,11.6,13.5,17.2,41.7,30.1,False
B001,B001_M3,2025-02-15 14:00:00,114.39,15.7,8.8,14.2,27.5,59.2,13.0,False
B001,B001_M3,2025-02-15 15:00:00,90.42,5.72,9.9,14.7,25.7,70.6,22.2,False
B001,B001_M1,2025-02-15 16:00:00,75.55,8.89,10.0,14.3,22.6,74.1,40.2,False
B001,B001_M2,2025-02-15 17:00:00,80.29,18.33,7.6,13.4,17.0,59.5,10.9,False
B001,B001_M1,2025-02-15 18:00:00,80.87,6.29,8.6,17.7,16.2,53.3,30.2,False
B001,B001_M1,2025-02-15 19:00:00,60.05,,11.4,16.8,16.9,79.4,44.4,False
B001,B001_M1,2025-02-15 20:00:00,79.21,,9.4,17.1,27.4,69.0,41.4,False
B001,B001_M1,2025-02-15 21:00:00,114.46,16.94,10.9,14.4,19.3,76.4,29.7,False
B002,B002_M4,2025-02-15 08:00:00,50.77,,11.3,13.4,22.9,65.5,48.8,False
B002,B002_M4,2025-02-15 09:00:00,51.34,16.73,10.9,13.3,29.9,62.3,30.0,False
B002,B002_M3,2025-02-15 10:00:00,59.5,,11.0,14.3,20.7,74.2,14.0,False
B002,B002_M2,2025-02-15 11:00:00,60.15,,11.6,16.4,27.7,71.0,36.4,False
B002,B002_M1,2025-02-15 12:00:00,68.5,,10.2,13.3,19.5,54.4,33.4,False
B002,B002_M4,2025-02-15 13:00:00,74.4,,11.5,16.6,21.7,62.2,36.4,False
B002,B002_M2,2025-02-15 14:00:00,47.35,18.05,10.0,16.0,16.0,44.0,34.4,False
B002,B002_M2,2025-02-15 15:00:00,60.17,12.57,7.1,12.2,17.0,59.9,39.1,False
B002,B002_M4,2025-02-15 16:00:00,45.79,,7.2,12.4,18.8,51.8,28.6,False
B002,B002_M4,2025-02-15 17:00:00,55.24,11.9,11.7,15.8,27.3,57.6,27.1,False
B002,B002_M3,2025-02-15 18:00:00,53.72,5.58,10.2,15.9,29.3,64.7,34.5,False
B002,B002_M3,2025-02-15 19:00:00,58.08,5.22,11.1,17.5,17.1,41.7,32.3,False
B002,B002_M4,2025-02-15 20:00:00,118.3,,11.4,14.7,23.1,49.3,38.9,True
B002,B002_M2,2025-02-15 21:00:00,63.4,9.75,9.0,14.4,22.1,61.6,43.0,False
B003,B003_M5,2025-02-15 08:00:00,267.49,7.07,11.6,12.5,15.9,67.2,16.7,False
B003,B003_M3,2025-02-15 09:00:00,244.77,,7.8,13.9,24.7,54.8,39.8,False
B003,B003_M5,2025-02-15 10:00:00,175.75,,10.3,15.0,22.4,70.1,42.3,False
B003,B003_M3,2025-02-15 11:00:00,171.41,7.97,11.4,17.2,15.7,70.9,48.7,False
B003,B003_M1,2025-02-15 12:00:00,155.5,10.57,8.1,12.2,20.4,61.8,33.1,False
B003,B003_M5,2025-02-15 13:00:00,232.17,8.17,11.0,17.3,22.9,62.3,39.6,False
B003,B003_M2,2025-02-15 14:00:00,214.79,16.54,10.0,13.2,18.8,79.7,24.2,False
B003,B003_M3,2025-02-15 15:00:00,186.52,16.52,11.0,12.7,21.1,54.9,23.6,False
B003,B003_M2,2025-02-15 16:00:00,166.65,9.34,11.8,14.9,23.7,63.9,37.9,False
B003,B003_M4,2025-02-15 17:00:00,282.34,6.97,10.4,15.1,25.8,53.1,34.2,False
B003,B003_M4,2025-02-15 18:00:00,181.79,10.94,11.9,17.9,23.1,65.0,24.2,False
B003,B003_M4,2025-02-15 19:00:00,503.82,,10.1,15.3,24.3,48.1,30.3,True
B003,B003_M2,2025-02-15 20:00:00,208.52,,8.9,12.3,15.1,69.2,22.7,False
B003,B003_M3,2025-02-15 21:00:00,228.3,10.02,11.7,12.0,26.9,49.3,49.3,False
B004,B004_M2,2025-02-15 08:00:00,143.97,,8.2,16.2,19.1,40.7,36.5,False
B004,B004_M4,2025-02-15 09:00:00,118.32,,8.6,12.5,18.3,44.6,48.0,False
B004,B004_M5,2025-02-15 10:00:00,134.06,,7.6,15.1,26.7,49.4,14.0,False
B004,B004_M1,2025-02-15 11:00:00,132.56,,9.0,14.8,29.3,48.1,39.8,False
B004,B004_M1,2025-02-15 12:00:00,102.98,6.63,9.6,15.1,19.7,69.0,16.0,False
B004,B004_M5,2025-02-15 13:00:00,141.61,10.73,9.4,12.3,16.5,72.1,15.8,False
B004,B004_M5,2025-02-15 14:00:00,131.63,6.8,12.0,16.7,24.4,50.9,14.2,False
B004,B004_M5,2025-02-15 15:00:00,103.66,,9.7,14.8,18.8,56.7,38.9,False
B004,B004_M1,2025-02-15 16:00:00,133.76,9.23,10.5,17.5,22.0,69.0,18.9,False
B004,B004_M5,2025-02-15 17:00:00,135.57,,8.0,12.4,24.3,42.1,38.4,False
B004,B004_M5,2025-02-15 18:00:00,383.95,,8.3,14.7,23.0,76.1,20.2,True
B004,B004_M3,2025-02-15 19:00:00,100.23,,9.6,16.5,26.7,62.5,16.8,False
B004,B004_M4,2025-02-15 20:00:00,128.44,,10.8,12.9,17.5,66.5,26.3,False
B004,B004_M2,2025-02-15 21:00:00,173.12,6.17,10.9,15.5,29.7,50.6,24.5,False
B005,B005_M2,2025-02-15 08:00:00,20.93,,9.7,12.7,20.0,59.5,24.1,False
B005,B005_M2,2025-02-15 09:00:00,28.41,8.56,11.7,16.0,18.5,73.5,44.9,False
B005,B005_M2,2025-02-15 10:00:00,24.56,5.48,7.1,14.8,24.4,42.4,18.1,False
B005,B005_M4,2025-02-15 11:00:00,32.18,17.9,10.9,12.2,17.1,45.7,10.8,False
B005,B005_M2,2025-02-15 12:00:00,36.0,10.07,8.1,16.3,18.1,54.5,14.3,False
B005,B005_M4,2025-02-15 13:00:00,43.35,5.09,9.0,12.2,29.7,62.9,33.6,False
B005,B005_M2,2025-02-15 14:00:00,43.89,19.24,9.1,17.4,27.5,53.3,39.7,False
B005,B005_M5,2025-02-15 15:00:00,31.44,,8.5,15.7,27.0,63.7,23.0,False
B005,B005_M5,2025-02-15 16:00:00,77.66,18.2,7.0,12.5,16.3,51.7,47.2,True
B005,B005_M2,2025-02-15 17:00:00,38.97,,9.5,15.4,20.5,47.0,16.3,False
B005,B005_M4,2025-02-15 18:00:00,28.77,13.65,9.2,12.2,19.9,64.0,17.0,False
B005,B005_M4,2025-02-15 19:00:00,25.63,9.04,10.6,13.7,15.6,51.0,29.9,False
B005,B005_M1,2025-02-15 20:00:00,26.71,11.94,7.6,16.2,24.4,50.1,24.5,False
B005,B005_M1,2025-02-15 21:00:00,32.37,16.03,8.0,14.4,27.8,54.1,16.6,False
B001,B001_M3,2025-02-16 08:00:00,99.21,,11.5,13.5,28.1,66.0,28.8,False
B001,B001_M2,2025-02-16 09:00:00,96.96,,9.8,16.0,21.7,43.0,13.5,False
B001,B001_M2,2025-02-16 10:00:00,70.52,19.4,7.7,17.9,29.6,64.9,18.4,False
B001,B001_M2,2025-02-16 11:00:00,106.23,17.09,10.8,13.9,26.3,75.8,27.8,False
B001,B001_M1,2025-02-16 12:00:00,76.98,,8.9,13.8,23.3,63.6,18.5,False
B001,B001_M3,2025-02-16 13:00:00,68.38,19.5,8.8,13.0,19.7,64.4,27.5,False
B001,B001_M1,2025-02-16 14:00:00,172.37,12.44,7.0,18.0,17.2,61.0,26.1,True
B001,B001_M2,2025-02-16 15:00:00,85.59,11.06,9.1,15.5,16.3,52.8,24.0,False
B001,B001_M2,2025-02-16 16:00:00,120.43,,10.9,16.7,18.8,50.1,40.3,False
B001,B001_M3,2025-02-16 17:00:00,87.37,16.66,9.6,17.8,24.5,46.0,10.5,False
B001,B001_M1,2025-02-16 18:00:00,94.08,10.62,10.0,17.5,26.8,77.2,47.2,False
B001,B001_M2,2025-02-16 19:00:00,102.36,11.65,8.1,17.8,24.8,62.4,27.3,False
B001,B001_M1,2025-02-16 20:00:00,80.96,10.2,8.0,17.1,22.3,79.6,43.6,False
B001,B001_M3,2025-02-16 21:00:00,72.92,5.01,8.9,14.1,21.5,50.9,17.9,False
B002,B002_M1,2025-02-16 08:00:00,70.34,11.96,9.4,14.4,18.6,73.7,21.5,False
B002,B002_M1,2025-02-16 09:00:00,55.13,7.12,7.5,12.8,16.1,66.1,16.1,False
B002,B002_M1,2025-02-16 10:00:00,53.02,19.23,9.1,15.8,16.9,55.3,39.2,False
B002,B002_M1,2025-02-16 11:00:00,53.26,,10.0,16.9,17.2,43.4,13.8,False
B002,B002_M3,2025-02-16 12:00:00,50.08,18.39,9.6,13.7,17.0,77.0,15.2,False
B002,B002_M4,2025-02-16 13:00:00,43.83,,7.5,17.3,19.7,65.6,33.0,False
B002,B002_M1,2025-02-16 14:00:00,85.7,,9.1,16.4,22.1,63.8,17.3,False
B002,B002_M4,2025-02-16 15:00:00,57.37,11.66,10.4,13.0,17.6,49.8,32.8,False
B002,B002_M2,2025-02-16 16:00:00,38.64,12.85,11.1,12.7,20.0,73.6,15.5,False
B002,B002_M3,2025-02-16 17:00:00,56.22,6.74,9.1,16.7,18.4,44.9,32.5,False
B002,B002_M4,2025-02-16 18:00:00,56.2,,8.6,13.3,24.4,67.7,40.9,False
B002,B002_M1,2025-02-16 19:00:00,64.81,12.56,7.1,13.5,24.5,60.7,42.9,False
B002,B002_M1,2025-02-16 20:00:00,63.56,,9.1,17.7,18.1,72.6,13.8,False
B002,B002_M3,2025-02-16 21:00:00,36.05,13.15,8.6,15.3,17.4,49.5,34.5,False
B003,B003_M2,2025-02-16 08:00:00,187.74,14.02,11.2,13.0,22.0,60.5,13.5,False
B003,B003_M5,2025-02-16 09:00:00,214.77,,9.2,13.4,29.7,48.5,40.7,False
B003,B003_M1,2025-02-16 10:00:00,177.2,8.92,11.7,12.2,21.6,77.0,45.9,False
B003,B003_M5,2025-02-16 11:00:00,192.91,13.17,11.0,14.0,23.0,56.8,43.8,False
B003,B003_M2,2025-02-16 12:00:00,189.75,5.02,9.8,16.4,23.7,54.8,33.0,False
B003,B003_M5,2025-02-16 13:00:00,252.68,14.55,10.1,17.9,29.1,45.6,12.2,False
B003,B003_M2,2025-02-16 14:00:00,260.54,15.32,10.6,17.8,28.4,44.4,40.4,False
B003,B003_M1,2025-02-16 15:00:00,171.42,11.7,7.6,16.9,24.7,53.2,27.9,False
B003,B003_M1,2025-02-16 16:00:00,157.5,14.57,7.8,17.3,16.2,57.3,36.7,False
B003,B003_M5,2025-02-16 17:00:00,213.9,11.9,10.2,15.1,18.1,60.2,48.4,False
B003,B003_M5,2025-02-16 18:00:00,174.92,18.66,8.6,14.0,18.1,74.4,31.7,False
B003,B003_M1,2025-02-16 19:00:00,217.13,,8.4,17.5,26.8,66.0,45.9,False
B003,B003_M2,2025-02-16 20:00:00,190.02,16.87,11.0,13.4,17.8,54.6,30.4,False
B003,B003_M4,2025-02-16 21:00:00,188.44,9.04,7.2,14.6,24.2,75.0,39.3,False
B004,B004_M1,2025-02-16 08:00:00,126.76,17.2,10.7,17.0,23.4,75.0,37.5,False
B004,B004_M1,2025-02-16 09:00:00,164.88,,8.8,14.3,17.2,56.5,16.3,False
B004,B004_M5,2025-02-16 10:00:00,195.27,16.24,11.3,12.2,22.0,74.1,25.7,False
B004,B004_M5,2025-02-16 11:00:00,120.33,10.05,9.5,13.9,26.5,45.7,43.2,False
B004,B004_M4,2025-02-16 12:00:00,181.3,16.9,9.8,12.7,27.4,47.0,13.9,False
B004,B004_M5,2025-02-16 13:00:00,120.86,,8.2,17.8,22.1,68.7,12.1,False
B004,B004_M5,2025-02-16 14:00:00,175.68,,7.3,13.6,16.0,59.9,10.0,False
B004,B004_M3,2025-02-16 15:00:00,155.08,12.84,10.3,14.5,18.2,76.4,17.4,False
B004,B004_M2,2025-02-16 16:00:00,187.54,11.62,10.0,12.5,27.7,69.6,21.2,False
B004,B004_M4,2025-02-16 17:00:00,140.08,7.98,10.6,17.4,17.5,54.5,23.7,False
B004,B004_M1,2025-02-16 18:00:00,118.99,12.59,9.4,13.4,22.7,66.8,47.7,False
B004,B004_M4,2025-02-16 19:00:00,105.29,13.26,9.6,15.9,19.7,55.8,36.4,False
B004,B004_M3,2025-02-16 20:00:00,152.13,10.01,8.6,17.5,23.0,75.1,45.8,False
B004,B004_M1,2025-02-16 21:00:00,261.08,9.69,11.7,13.5,29.8,50.4,48.1,True
B005,B005_M3,2025-02-16 08:00:00,30.14,7.9,11.6,16.7,26.7,78.7,16.2,False
B005,B005_M5,2025-02-16 09:00:00,30.46,,9.1,12.2,17.0,51.8,23.3,True
B005,B005_M5,2025-02-16 10:00:00,21.03,7.29,8.9,16.3,19.9,54.6,29.2,False
B005,B005_M5,2025-02-16 11:00:00,32.97,6.67,11.1,17.9,21.9,42.1,21.5,False
B005,B005_M2,2025-02-16 12:00:00,25.88,17.59,11.8,13.0,28.6,79.9,23.0,False
B005,B005_M3,2025-02-16 13:00:00,37.74,13.52,8.4,17.0,22.7,67.2,26.5,False
B005,B005_M5,2025-02-16 14:00:00,28.28,15.88,10.4,12.7,15.9,43.8,32.1,False
B005,B005_M2,2025-02-16 15:00:00,31.08,16.6,7.2,12.0,21.7,75.0,14.5,False
B005,B005_M3,2025-02-16 16:00:00,39.63,5.7,10.7,16.7,22.2,70.0,25.2,False
B005,B005_M1,2025-02-16 17:00:00,25.37,17.86,7.6,13.2,28.8,64.0,43.4,False
B005,B005_M4,2025-02-16 18:00:00,33.99,8.16,10.8,16.8,25.6,54.7,37.4,False
B005,B005_M4,2025-02-16 19:00:00,35.9,11.57,8.0,12.6,26.0,66.2,12.0,False
B005,B005_M5,2025-02-16 20:00:00,16.19,5.86,7.6,14.7,18.5,72.4,15.8,False
B005,B005_M3,2025-02-16 21:00:00,24.52,10.52,11.2,17.7,19.4,77.9,22.8,False
B001,B001_M3,2025-02-17 08:00:00,83.4,,8.0,16.1,24.4,70.0,48.5,False
B001,B001_M1,2025-02-17 09:00:00,178.25,5.92,9.3,17.5,16.4,52.5,25.6,False
B001,B001_M2,2025-02-17 10:00:00,248.16,,7.9,16.3,20.9,62.4,24.9,False
B001,B001_M1,2025-02-17 11:00:00,170.55,18.9,9.3,12.7,26.8,55.4,11.6,False
B001,B001_M3,2025-02-17 12:00:00,244.86,17.84,9.7,16.9,18.3,78.8,12.1,False
B001,B001_M2,2025-02-17 13:00:00,147.68,10.36,11.5,14.7,24.5,60.0,46.0,False
B001,B001_M1,2025-02-17 14:00:00,158.81,6.05,11.6,17.6,21.2,67.7,28.6,False
B001,B001_M2,2025-02-17 15:00:00,254.48,5.76,10.5,14.9,24.5,77.9,45.3,False
B001,B001_M1,2025-02-17 16:00:00,223.57,12.37,9.7,17.9,17.8,78.9,17.6,False
B001,B001_M3,2025-02-17 17:00:00,218.21,,7.2,12.3,24.3,79.1,19.3,False
B001,B001_M3,2025-02-17 18:00:00,149.44,10.53,10.9,15.2,22.3,62.4,26.3,False
B001,B001_M1,2025-02-17 19:00:00,131.66,5.92,10.2,17.8,29.1,79.9,35.7,False
B001,B001_M2,2025-02-17 20:00:00,132.27,,10.4,13.2,25.3,63.1,38.8,False
B001,B001_M2,2025-02-17 21:00:00,107.27,,10.4,12.7,29.6,48.5,30.8,False
B002,B002_M2,2025-02-17 08:00:00,127.59,6.31,7.1,14.2,29.3,56.1,23.7,True
B002,B002_M2,2025-02-17 09:00:00,120.67,7.27,10.9,17.8,18.4,70.8,38.8,False
B002,B002_M2,2025-02-17 10:00:00,116.69,17.38,9.9,16.6,23.6,65.6,22.7,False
B002,B002_M2,2025-02-17 11:00:00,133.77,14.42,7.4,13.5,17.7,72.2,38.6,False
B002,B002_M4,2025-02-17 12:00:00,106.8,16.63,7.1,15.8,24.1,63.2,18.5,False
B002,B002_M4,2025-02-17 13:00:00,136.85,,9.9,13.6,23.4,43.6,30.0,False
B002,B002_M2,2025-02-17 14:00:00,117.49,14.48,8.5,13.2,28.6,48.2,37.0,False
B002,B002_M3,2025-02-17 15:00:00,120.84,13.62,11.4,15.4,17.2,64.2,35.8,False
B002,B002_M3,2025-02-17 16:00:00,153.94,15.92,9.0,13.9,25.8,43.2,15.6,False
B002,B002_M3,2025-02-17 17:00:00,185.75,5.58,8.6,12.1,29.6,55.9,33.2,False
B002,B002_M2,2025-02-17 18:00:00,80.31,6.5,8.1,16.9,15.3,53.0,42.2,False
B002,B002_M4,2025-02-17 19:00:00,81.53,18.39,8.8,14.5,19.3,55.6,14.0,False
B002,B002_M2,2025-02-17 20:00:00,81.15,11.33,11.0,17.8,25.3,46.1,12.4,False
B002,B002_M4,2025-02-17 21:00:00,53.84,,11.8,14.8,24.9,51.1,40.1,False
B003,B003_M3,2025-02-17 08:00:00,346.96,9.34,7.7,12.5,16.7,77.1,45.8,False
B003,B003_M3,2025-02-17 09:00:00,516.48,11.88,10.2,14.9,18.1,53.8,15.9,False
B003,B003_M5,2025-02-17 10:00:00,335.63,19.69,7.4,17.6,25.4,41.2,46.6,False
B003,B003_M3,2025-02-17 11:00:00,397.9,12.82,11.6,15.5,20.1,66.5,40.2,False
B003,B003_M1,2025-02-17 12:00:00,442.6,9.62,9.4,17.3,17.5,62.2,39.0,False
B003,B003_M2,2025-02-17 13:00:00,456.12,,10.3,17.2,27.4,63.0,39.1,False
B003,B003_M1,2025-02-17 14:00:00,397.76,17.09,7.8,15.8,25.5,61.9,29.8,False
B003,B003_M4,2025-02-17 15:00:00,522.81,,7.7,17.8,29.4,57.6,29.8,False
B003,B003_M2,2025-02-17 16:00:00,439.11,,11.2,13.0,24.9,50.6,39.6,False
B003,B003_M3,2025-02-17 17:00:00,515.48,,11.6,12.1,20.1,40.2,23.2,False
B003,B003_M2,2025-02-17 18:00:00,236.75,,8.7,14.5,25.4,76.9,41.0,False
B003,B003_M5,2025-02-17 19:00:00,253.19,7.23,10.8,17.0,20.4,52.4,15.2,False
B003,B003_M1,2025-02-17 20:00:00,348.27,19.54,7.6,14.6,17.0,67.9,31.7,False
B003,B003_M1,2025-02-17 21:00:00,218.26,16.78,7.9,16.8,16.1,72.5,41.8,False
B004,B004_M2,2025-02-17 08:00:00,229.52,15.72,7.9,16.7,25.6,73.0,30.8,False
B004,B004_M5,2025-02-17 09:00:00,297.7,13.59,8.5,12.9,25.6,68.2,37.4,False
B004,B004_M1,2025-02-17 10:00:00,315.58,9.37,7.4,14.2,17.8,68.3,35.7,False
B004,B004_M4,2025-02-17 11:00:00,393.03,6.33,10.8,12.1,23.9,52.6,41.5,False
B004,B004_M2,2025-02-17 12:00:00,384.79,,7.4,16.8,16.7,77.8,48.8,False
B004,B004_M3,2025-02-17 13:00:00,619.2,17.21,8.5,17.5,23.2,64.0,19.2,True
B004,B004_M1,2025-02-17 14:00:00,341.48,,9.0,12.2,20.7,51.0,24.5,False
B004,B004_M1,2025-02-17 15:00:00,292.58,10.51,9.4,14.5,22.8,43.0,10.5,False
B004,B004_M3,2025-02-17 16:00:00,259.27,,7.5,15.5,17.1,50.5,43.3,False
B004,B004_M5,2025-02-17 17:00:00,371.57,17.71,9.5,12.1,23.9,79.0,26.2,False
B004,B004_M2,2025-02-17 18:00:00,228.56,5.36,8.3,17.5,20.5,71.8,33.4,False
B004,B004_M2,2025-02-17 19:00:00,139.44,,9.4,12.8,27.5,50.4,40.0,False
B004,B004_M3,2025-02-17 20:00:00,402.09,18.97,10.7,12.2,29.6,55.6,11.4,True
B004,B004_M1,2025-02-17 21:00:00,193.31,7.57,7.9,12.2,29.1,63.3,37.4,False
B005,B005_M2,2025-02-17 08:00:00,34.99,18.0,9.4,12.9,19.8,69.7,31.4,False
B005,B005_M2,2025-02-17 09:00:00,97.52,11.88,11.2,16.6,17.3,41.3,20.5,False
B005,B005_M5,2025-02-17 10:00:00,73.28,,8.7,14.4,22.5,79.4,15.4,False
B005,B005_M3,2025-02-17 11:00:00,53.3,13.03,7.8,16.3,16.7,72.5,11.4,False
B005,B005_M5,2025-02-17 12:00:00,82.91,6.43,8.9,14.2,22.5,77.6,43.3,False
B005,B005_M2,2025-02-17 13:00:00,141.25,16.58,9.5,13.9,16.4,46.7,49.0,True
B005,B005_M4,2025-02-17 14:00:00,87.5,15.9,9.5,15.6,26.1,49.5,33.3,False
B005,B005_M5,2025-02-17 15:00:00,65.5,10.0,7.4,13.9,21.9,51.5,39.8,False
B005,B005_M1,2025-02-17 16:00:00,54.41,13.31,9.5,15.7,28.2,66.1,43.9,False
B005,B005_M5,2025-02-17 17:00:00,83.85,6.13,8.0,15.9,28.8,40.1,12.1,False
B005,B005_M2,2025-02-17 18:00:00,79.38,17.43,9.0,15.3,23.6,53.6,39.9,True
B005,B005_M5,2025-02-17 19:00:00,29.43,,8.7,12.2,23.4,46.6,39.4,False
B005,B005_M5,2025-02-17 20:00:00,45.8,9.51,7.3,13.7,22.0,40.9,33.3,False
B005,B005_M3,2025-02-17 21:00:00,47.77,5.99,11.3,14.3,15.9,78.7,12.6,False
B001,B001_M3,2025-02-18 08:00:00,108.87,10.85,12.0,14.7,20.4,47.9,40.6,False
B001,B001_M1,2025-02-18 09:00:00,157.22,12.75,10.0,16.6,16.6,46.8,33.5,False
B001,B001_M3,2025-02-18 10:00:00,221.06,,10.0,12.8,20.5,61.5,12.5,False
B001,B001_M3,2025-02-18 11:00:00,189.58,19.46,7.9,17.6,15.4,66.8,25.7,False
B001,B001_M3,2025-02-18 12:00:00,251.04,11.17,9.1,14.8,24.7,56.6,19.7,False
B001,B001_M1,2025-02-18 13:00:00,197.39,9.65,9.9,16.3,24.7,76.2,22.4,False
B001,B001_M3,2025-02-18 14:00:00,208.29,5.75,11.8,17.8,25.8,45.6,38.8,False
B001,B001_M3,2025-02-18 15:00:00,286.36,7.38,10.8,14.9,22.1,66.8,47.1,False
B001,B001_M2,2025-02-18 16:00:00,205.01,17.93,8.7,14.0,17.4,42.3,40.3,False
B001,B001_M3,2025-02-18 17:00:00,218.92,7.03,10.1,12.2,18.8,72.1,49.6,False
B001,B001_M1,2025-02-18 18:00:00,92.59,,9.5,14.2,20.7,49.6,11.7,False
B001,B001_M2,2025-02-18 19:00:00,114.15,7.0,8.9,16.5,28.3,55.4,43.0,False
B001,B001_M2,2025-02-18 20:00:00,102.97,5.68,10.9,14.8,15.4,77.1,11.7,False
B001,B001_M1,2025-02-18 21:00:00,136.07,,10.4,15.9,19.0,65.1,31.0,False
B002,B002_M4,2025-02-18 08:00:00,83.67,8.24,9.8,12.8,25.5,65.2,23.4,False
B002,B002_M4,2025-02-18 09:00:00,129.9,,10.8,17.3,27.8,58.4,46.5,False
B002,B002_M4,2025-02-18 10:00:00,121.31,,10.1,16.9,16.8,41.9,12.6,False
B002,B002_M1,2025-02-18 11:00:00,129.43,,10.6,12.2,23.9,76.6,43.9,False
B002,B002_M4,2025-02-18 12:00:00,134.31,,9.0,12.2,23.3,58.2,27.4,False
B002,B002_M2,2025-02-18 13:00:00,82.01,,9.4,15.7,24.2,45.8,19.3,False
B002,B002_M3,2025-02-18 14:00:00,106.74,17.6,8.8,14.1,24.7,51.3,44.7,False
B002,B002_M1,2025-02-18 15:00:00,144.21,8.96,10.5,15.8,19.8,79.3,39.6,False
B002,B002_M1,2025-02-18 16:00:00,176.11,7.96,8.7,17.6,25.2,75.8,36.9,False
B002,B002_M4,2025-02-18 17:00:00,136.27,,7.4,13.8,26.6,55.2,28.1,False
B002,B002_M4,2025-02-18 18:00:00,55.72,7.5,7.1,16.8,23.8,52.2,49.8,False
B002,B002_M2,2025-02-18 19:00:00,69.07,5.57,11.7,14.3,20.7,65.9,48.6,False
B002,B002_M3,2025-02-18 20:00:00,89.1,15.1,9.0,14.5,19.2,51.6,38.6,False
B002,B002_M4,2025-02-18 21:00:00,99.99,5.48,10.8,13.6,17.4,42.3,21.8,False
B003,B003_M1,2025-02-18 08:00:00,331.84,,7.1,15.5,26.2,50.9,15.5,False
B003,B003_M5,2025-02-18 09:00:00,472.18,15.24,9.2,13.6,25.5,65.9,36.1,False
B003,B003_M5,2025-02-18 10:00:00,420.37,11.05,9.5,16.0,26.3,74.5,36.2,False
B003,B003_M4,2025-02-18 11:00:00,413.13,15.18,9.2,16.2,18.9,73.0,32.4,False
B003,B003_M4,2025-02-18 12:00:00,493.83,18.56,7.5,17.7,20.5,63.1,14.2,False
B003,B003_M4,2025-02-18 13:00:00,435.73,18.08,9.0,15.9,22.3,59.0,42.5,False
B003,B003_M1,2025-02-18 14:00:00,484.25,16.38,10.0,17.6,21.3,65.9,15.4,False
B003,B003_M1,2025-02-18 15:00:00,587.5,,9.8,17.8,27.7,64.5,40.6,False
B003,B003_M3,2025-02-18 16:00:00,496.35,8.68,11.7,17.7,24.7,58.5,24.6,False
B003,B003_M4,2025-02-18 17:00:00,578.03,,11.2,15.9,23.1,78.4,44.8,False
B003,B003_M5,2025-02-18 18:00:00,264.41,,11.8,13.0,24.5,46.2,17.2,False
B003,B003_M5,2025-02-18 19:00:00,311.18,,11.7,12.7,28.9,79.2,18.1,False
B003,B003_M1,2025-02-18 20:00:00,260.82,19.71,7.8,18.0,17.8,64.8,31.7,False
B003,B003_M2,2025-02-18 21:00:00,340.17,,10.8,13.8,29.5,41.1,17.0,False
B004,B004_M3,2025-02-18 08:00:00,203.91,13.64,10.3,12.0,23.2,76.4,12.3,False
B004,B004_M1,2025-02-18 09:00:00,407.51,8.96,10.9,14.4,22.0,62.2,18.7,False
B004,B004_M5,2025-02-18 10:00:00,366.63,18.07,11.6,13.2,23.4,56.3,47.0,False
B004,B004_M4,2025-02-18 11:00:00,321.71,17.75,11.8,17.3,20.4,62.0,18.8,False
B004,B004_M4,2025-02-18 12:00:00,258.76,18.9,9.0,17.8,27.4,71.7,24.9,False
B004,B004_M4,2025-02-18 13:00:00,314.19,18.23,8.7,17.3,20.6,46.6,27.2,False
B004,B004_M2,2025-02-18 14:00:00,256.58,,11.6,15.2,15.2,73.9,16.5,False
B004,B004_M1,2025-02-18 15:00:00,349.83,,7.8,14.3,27.5,76.3,27.0,False
B004,B004_M5,2025-02-18 16:00:00,386.79,14.75,7.2,12.5,27.6,47.2,30.4,False
B004,B004_M2,2025-02-18 17:00:00,325.57,,10.5,14.1,24.0,61.1,20.3,False
B004,B004_M4,2025-02-18 18:00:00,229.86,,11.4,13.0,28.9,62.3,18.1,False
B004,B004_M5,2025-02-18 19:00:00,157.33,16.04,8.3,13.9,23.6,64.5,40.4,False
B004,B004_M1,2025-02-18 20:00:00,172.73,9.24,11.5,17.3,21.7,65.4,40.4,False
B004,B004_M3,2025-02-18 21:00:00,162.52,18.17,7.6,17.2,27.4,50.3,31.3,False
B005,B005_M3,2025-02-18 08:00:00,44.68,5.32,11.3,12.1,25.6,61.9,32.5,False
B005,B005_M2,2025-02-18 09:00:00,66.68,,10.6,12.9,16.1,65.2,27.7,False
B005,B005_M1,2025-02-18 10:00:00,73.48,9.68,8.1,15.5,15.8,45.8,12.4,False
B005,B005_M4,2025-02-18 11:00:00,51.37,6.01,9.1,14.9,23.6,52.2,37.9,False
B005,B005_M4,2025-02-18 12:00:00,60.26,,8.0,12.6,16.9,58.1,44.5,False
B005,B005_M4,2025-02-18 13:00:00,50.72,6.8,7.9,12.5,19.3,52.4,17.8,False
B005,B005_M2,2025-02-18 14:00:00,68.92,9.66,11.4,13.0,23.5,75.8,43.9,False
B005,B005_M4,2025-02-18 15:00:00,79.79,14.26,9.3,13.7,20.8,79.6,34.0,False
B005,B005_M2,2025-02-18 16:00:00,80.74,6.97,11.2,15.8,24.1,57.3,28.2,False
B005,B005_M2,2025-02-18 17:00:00,61.49,12.34,8.7,17.0,22.3,60.5,37.2,False
B005,B005_M1,2025-02-18 18:00:00,30.83,,8.5,17.2,19.8,45.5,39.9,False
B005,B005_M1,2025-02-18 19:00:00,47.12,19.46,9.7,12.4,16.7,56.9,33.2,False
B005,B005_M3,2025-02-18 20:00:00,37.79,10.53,8.6,17.4,20.1,46.2,16.3,False
B005,B005_M5,2025-02-18 21:00:00,39.79,10.03,10.3,12.6,17.0,57.2,13.7,False
B001,B001_M3,2025-02-19 08:00:00,109.01,10.93,10.5,13.8,29.4,40.4,10.1,False
B001,B001_M3,2025-02-19 09:00:00,217.65,8.36,7.6,14.7,28.6,57.8,27.7,False
B001,B001_M1,2025-02-19 10:00:00,214.5,16.25,10.6,17.4,28.8,50.3,45.7,False
B001,B001_M1,2025-02-19 11:00:00,205.53,18.38,8.9,12.9,16.1,69.1,44.5,False
B001,B001_M3,2025-02-19 12:00:00,178.22,17.66,8.0,17.6,15.8,59.7,46.7,False
B001,B001_M1,2025-02-19 13:00:00,281.87,9.22,7.0,13.6,22.3,44.8,42.8,False
B001,B001_M3,2025-02-19 14:00:00,215.71,,11.6,16.2,19.4,45.6,23.6,False
B001,B001_M3,2025-02-19 15:00:00,281.61,14.35,10.2,16.2,18.8,47.4,49.3,False
B001,B001_M2,2025-02-19 16:00:00,177.26,14.84,9.4,12.1,24.5,48.3,11.0,False
B001,B001_M3,2025-02-19 17:00:00,199.48,19.7,8.8,15.3,25.4,62.3,30.2,False
B001,B001_M1,2025-02-19 18:00:00,145.55,9.75,10.2,18.0,22.2,54.6,13.5,False
B001,B001_M1,2025-02-19 19:00:00,108.4,13.74,10.8,17.1,17.0,60.4,16.2,False
B001,B001_M3,2025-02-19 20:00:00,101.19,,11.8,17.3,25.8,43.9,39.6,False
B001,B001_M3,2025-02-19 21:00:00,118.95,,8.9,13.0,26.8,71.4,45.7,False
B002,B002_M2,2025-02-19 08:00:00,66.34,14.83,10.1,12.7,21.5,72.6,14.5,False
B002,B002_M3,2025-02-19 09:00:00,150.33,18.69,7.4,13.3,24.1,61.4,45.4,False
B002,B002_M4,2025-02-19 10:00:00,108.34,13.0,8.1,15.7,28.5,55.0,46.7,False
B002,B002_M1,2025-02-19 11:00:00,87.62,7.61,9.1,15.5,28.4,55.3,11.5,False
B002,B002_M3,2025-02-19 12:00:00,96.45,13.5,8.8,13.4,18.0,65.5,42.9,False
B002,B002_M4,2025-02-19 13:00:00,109.23,8.89,8.6,15.8,25.4,44.0,24.8,False
B002,B002_M2,2025-02-19 14:00:00,91.5,,7.4,17.2,21.5,77.6,21.4,False
B002,B002_M2,2025-02-19 15:00:00,106.77,,8.1,15.0,26.1,68.9,40.7,False
B002,B002_M2,2025-02-19 16:00:00,109.75,18.2,7.4,12.3,28.7,40.4,45.8,False
B002,B002_M4,2025-02-19 17:00:00,147.1,8.95,7.1,13.8,28.0,77.6,38.3,False
B002,B002_M1,2025-02-19 18:00:00,65.37,16.14,10.2,17.3,18.5,51.4,13.7,False
B002,B002_M3,2025-02-19 19:00:00,74.0,12.8,9.4,15.0,24.7,70.0,16.4,False
B002,B002_M4,2025-02-19 20:00:00,85.52,9.37,11.2,12.0,18.6,75.9,27.3,False
B002,B002_M2,2025-02-19 21:00:00,76.93,,8.1,12.3,18.6,74.1,35.1,False
B003,B003_M4,2025-02-19 08:00:00,221.12,,9.1,15.3,22.2,53.1,41.4,False
B003,B003_M5,2025-02-19 09:00:00,483.23,5.42,8.8,16.1,25.6,59.3,10.9,False
B003,B003_M2,2025-02-19 10:00:00,597.54,10.17,10.8,15.2,16.9,76.9,11.5,False
B003,B003_M1,2025-02-19 11:00:00,508.27,,8.5,15.7,26.1,48.5,47.1,False
B003,B003_M5,2025-02-19 12:00:00,475.2,12.68,10.6,15.5,23.1,64.8,10.7,False
B003,B003_M3,2025-02-19 13:00:00,422.63,18.59,7.3,12.2,22.5,49.5,35.4,False
B003,B003_M2,2025-02-19 14:00:00,449.69,7.27,11.7,12.8,24.0,57.4,28.0,False
B003,B003_M5,2025-02-19 15:00:00,383.69,,11.2,12.8,23.6,45.4,26.0,False
B003,B003_M5,2025-02-19 16:00:00,616.02,13.52,11.2,12.7,23.6,45.1,34.7,False
B003,B003_M2,2025-02-19 17:00:00,464.08,,7.9,17.7,18.2,58.7,22.2,False
B003,B003_M1,2025-02-19 18:00:00,280.31,,11.8,12.5,21.3,57.8,31.4,False
B003,B003_M1,2025-02-19 19:00:00,212.49,15.14,12.0,16.1,28.1,46.8,32.9,False
B003,B003_M3,2025-02-19 20:00:00,264.22,12.38,10.9,14.6,23.9,69.1,31.4,False
B003,B003_M4,2025-02-19 21:00:00,527.42,,11.9,17.5,20.3,68.6,39.6,True
B004,B004_M5,2025-02-19 08:00:00,170.46,6.56,11.0,13.7,24.4,53.9,16.3,False
B004,B004_M1,2025-02-19 09:00:00,347.7,12.95,9.9,12.7,15.8,41.2,23.3,False
B004,B004_M5,2025-02-19 10:00:00,322.41,13.47,9.8,15.8,19.1,52.3,33.9,False
B004,B004_M5,2025-02-19 11:00:00,407.25,6.57,12.0,13.6,18.3,71.9,46.3,False
B004,B004_M1,2025-02-19 12:00:00,532.49,10.06,9.3,14.5,22.6,54.1,42.4,True
B004,B004_M5,2025-02-19 13:00:00,331.42,,11.6,15.9,15.5,56.2,41.6,False
B004,B004_M1,2025-02-19 14:00:00,357.7,17.73,9.0,12.1,15.2,66.0,10.1,False
B004,B004_M5,2025-02-19 15:00:00,283.2,,11.8,17.5,25.0,76.2,33.8,False
B004,B004_M5,2025-02-19 16:00:00,312.83,,11.9,16.5,24.9,62.1,18.7,False
B004,B004_M5,2025-02-19 17:00:00,289.9,15.63,10.8,12.9,21.9,57.3,15.2,False
B004,B004_M3,2025-02-19 18:00:00,137.99,,8.5,16.9,28.1,48.9,38.0,False
B004,B004_M2,2025-02-19 19:00:00,203.12,9.65,8.5,12.2,29.1,53.4,41.5,False
B004,B004_M4,2025-02-19 20:00:00,218.51,,9.6,16.1,19.9,67.9,25.6,False
B004,B004_M1,2025-02-19 21:00:00,161.53,14.83,9.0,17.4,23.3,79.3,22.2,False
B005,B005_M5,2025-02-19 08:00:00,36.85,,8.1,13.9,20.8,76.6,45.8,False
B005,B005_M5,2025-02-19 09:00:00,65.28,9.22,9.7,12.6,20.3,46.9,20.4,False
B005,B005_M5,2025-02-19 10:00:00,61.48,,8.5,17.6,29.3,59.0,25.6,False
B005,B005_M4,2025-02-19 11:00:00,70.72,13.72,8.7,12.8,29.4,79.6,23.8,False
B005,B005_M1,2025-02-19 12:00:00,72.62,9.12,10.3,13.6,15.8,53.4,20.1,False
B005,B005_M4,2025-02-19 13:00:00,61.59,19.72,8.4,14.2,21.7,67.5,16.1,False
B005,B005_M4,2025-02-19 14:00:00,55.84,,9.1,17.5,29.1,64.9,20.2,False
B005,B005_M1,2025-02-19 15:00:00,58.62,14.68,8.8,16.2,16.5,79.9,25.3,False
B005,B005_M4,2025-02-19 16:00:00,66.56,,7.5,12.6,25.1,63.6,25.8,False
B005,B005_M1,2025-02-19 17:00:00,85.16,,9.7,14.1,19.8,69.2,35.2,False
B005,B005_M4,2025-02-19 18:00:00,48.68,13.78,11.5,14.0,16.8,71.8,19.1,False
B005,B005_M4,2025-02-19 19:00:00,45.21,13.74,8.8,13.2,20.0,67.2,39.4,False
B005,B005_M3,2025-02-19 20:00:00,53.56,,8.7,17.8,29.0,63.2,18.3,True
B005,B005_M1,2025-02-19 21:00:00,36.19,17.39,9.7,17.8,22.0,47.8,35.5,False
B001,B001_M1,2025-02-20 08:00:00,135.33,7.59,9.0,12.0,15.3,70.9,21.5,False
B001,B001_M2,2025-02-20 09:00:00,197.79,17.17,10.3,12.6,20.8,72.7,27.9,False
B001,B001_M3,2025-02-20 10:00:00,185.04,15.26,10.4,17.9,29.0,60.9,33.0,False
B001,B001_M3,2025-02-20 11:00:00,216.16,,9.8,15.5,26.1,78.6,39.9,False
B001,B001_M1,2025-02-20 12:00:00,179.78,17.78,8.3,14.5,16.7,48.5,44.5,False
B001,B001_M3,2025-02-20 13:00:00,170.0,,11.9,16.7,23.1,46.7,26.0,False
B001,B001_M2,2025-02-20 14:00:00,240.43,19.74,11.6,12.4,21.2,49.0,17.6,False
B001,B001_M1,2025-02-20 15:00:00,242.62,,7.0,16.4,15.9,64.8,16.9,False
B001,B001_M3,2025-02-20 16:00:00,273.88,,7.6,15.3,22.3,48.9,49.1,False
B001,B001_M2,2025-02-20 17:00:00,208.62,19.36,9.8,14.2,22.6,46.5,34.1,False
B001,B001_M1,2025-02-20 18:00:00,225.65,5.99,11.3,13.2,24.1,77.6,11.4,True
B001,B001_M2,2025-02-20 19:00:00,106.54,8.65,8.5,12.2,16.7,47.1,33.5,False
B001,B001_M2,2025-02-20 20:00:00,112.72,8.64,9.6,13.6,27.9,58.5,41.8,False
B001,B001_M3,2025-02-20 21:00:00,78.02,,8.1,12.6,22.4,75.5,16.8,False
B002,B002_M1,2025-02-20 08:00:00,70.61,16.96,7.7,16.5,17.1,47.2,45.4,False
B002,B002_M3,2025-02-20 09:00:00,159.26,12.19,7.7,14.3,19.8,41.3,39.0,False
B002,B002_M3,2025-02-20 10:00:00,143.27,,7.8,17.3,17.7,49.2,14.1,False
B002,B002_M4,2025-02-20 11:00:00,297.84,9.7,7.4,12.8,24.5,58.8,19.4,True
B002,B002_M4,2025-02-20 12:00:00,131.73,,7.1,12.9,16.3,63.1,35.5,False
B002,B002_M2,2025-02-20 13:00:00,124.71,14.32,8.0,16.2,15.5,54.9,40.4,False
B002,B002_M4,2025-02-20 14:00:00,140.05,,8.1,17.7,29.0,44.3,25.1,False
B002,B002_M4,2025-02-20 15:00:00,104.74,15.04,11.8,16.9,15.2,57.6,25.5,False
B002,B002_M4,2025-02-20 16:00:00,155.98,17.83,9.0,16.1,27.0,79.0,42.9,False
B002,B002_M3,2025-02-20 17:00:00,143.88,,7.8,15.6,21.6,60.3,45.8,False
B002,B002_M3,2025-02-20 18:00:00,73.04,10.98,11.7,17.9,17.1,75.1,40.4,False
B002,B002_M4,2025-02-20 19:00:00,55.13,12.5,7.8,12.5,27.4,43.0,48.0,False
B002,B002_M2,2025-02-20 20:00:00,90.04,15.52,11.9,18.0,25.8,75.5,39.7,False
B002,B002_M2,2025-02-20 21:00:00,92.41,14.42,7.1,17.2,19.7,76.7,24.7,False
B003,B003_M5,2025-02-20 08:00:00,268.02,6.17,7.0,13.3,28.3,42.1,10.8,False
B003,B003_M3,2025-02-20 09:00:00,421.56,6.17,11.6,15.4,18.2,49.1,45.3,False
B003,B003_M1,2025-02-20 10:00:00,420.51,,12.0,13.9,26.1,60.2,21.0,False
B003,B003_M2,2025-02-20 11:00:00,428.05,7.47,8.0,17.2,18.3,62.7,25.9,False
B003,B003_M3,2025-02-20 12:00:00,412.03,5.58,10.3,12.8,15.4,54.5,39.5,False
B003,B003_M2,2025-02-20 13:00:00,470.02,6.78,10.3,14.5,22.1,74.3,30.2,False
B003,B003_M4,2025-02-20 14:00:00,620.7,18.23,8.0,13.9,15.7,48.2,29.8,False
B003,B003_M2,2025-02-20 15:00:00,407.09,,9.6,15.3,25.5,51.4,44.1,False
B003,B003_M2,2025-02-20 16:00:00,396.05,6.11,8.0,17.1,28.0,77.7,37.5,False
B003,B003_M4,2025-02-20 17:00:00,905.86,,11.4,13.2,24.4,60.7,18.9,True
B003,B003_M1,2025-02-20 18:00:00,428.08,17.25,9.3,17.8,16.4,49.8,12.6,True
B003,B003_M1,2025-02-20 19:00:00,264.65,,10.3,16.3,22.6,56.6,28.6,False
B003,B003_M5,2025-02-20 20:00:00,555.19,,11.2,14.3,25.4,76.6,15.5,True
B003,B003_M1,2025-02-20 21:00:00,264.14,19.22,10.9,13.7,20.9,52.4,11.8,False
B004,B004_M5,2025-02-20 08:00:00,210.22,,7.5,12.4,20.5,78.1,39.4,False
B004,B004_M4,2025-02-20 09:00:00,281.68,,10.5,13.7,25.3,54.0,38.2,False
B004,B004_M5,2025-02-20 10:00:00,428.94,18.57,7.7,16.0,16.3,66.1,25.9,False
B004,B004_M5,2025-02-20 11:00:00,417.2,5.73,8.2,14.3,26.2,77.0,36.3,False
B004,B004_M1,2025-02-20 12:00:00,276.48,17.7,11.7,14.0,27.9,44.2,12.1,False
B004,B004_M3,2025-02-20 13:00:00,452.24,9.57,8.3,17.3,21.5,72.6,16.5,True
B004,B004_M1,2025-02-20 14:00:00,281.56,9.22,8.2,13.4,17.1,60.1,20.0,False
B004,B004_M4,2025-02-20 15:00:00,385.55,17.37,9.0,12.5,23.7,49.5,13.8,False
B004,B004_M4,2025-02-20 16:00:00,236.57,17.2,10.2,17.8,18.4,64.6,24.3,False
B004,B004_M1,2025-02-20 17:00:00,302.88,5.83,11.4,14.2,29.6,50.9,38.2,False
B004,B004_M1,2025-02-20 18:00:00,134.95,,10.3,12.5,28.6,71.2,17.9,False
B004,B004_M4,2025-02-20 19:00:00,186.04,13.2,7.9,16.1,24.2,50.3,20.3,False
B004,B004_M2,2025-02-20 20:00:00,185.38,,9.8,15.0,29.3,60.0,38.0,False
B004,B004_M3,2025-02-20 21:00:00,192.29,7.39,7.7,17.1,19.7,47.9,37.3,False
B005,B005_M1,2025-02-20 08:00:00,34.2,,7.5,14.9,28.2,48.8,34.7,False
B005,B005_M5,2025-02-20 09:00:00,80.19,9.11,11.2,15.5,28.3,57.0,30.6,False
B005,B005_M3,2025-02-20 10:00:00,92.0,7.63,9.6,15.6,25.9,50.0,46.1,False
B005,B005_M3,2025-02-20 11:00:00,92.22,,7.9,13.4,26.5,71.4,39.4,False
B005,B005_M5,2025-02-20 12:00:00,75.99,13.28,9.7,13.4,24.9,52.3,34.0,False
B005,B005_M2,2025-02-20 13:00:00,76.21,10.01,8.5,13.7,20.0,59.7,32.4,False
B005,B005_M3,2025-02-20 14:00:00,58.63,,8.0,17.9,27.4,51.0,44.5,False
B005,B005_M1,2025-02-20 15:00:00,201.28,6.89,12.0,17.8,23.9,73.1,17.5,True
B005,B005_M5,2025-02-20 16:00:00,75.92,9.14,9.3,15.7,28.0,48.6,14.5,False
B005,B005_M3,2025-02-20 17:00:00,59.28,11.82,11.5,17.0,29.9,48.2,24.3,False
B005,B005_M3,2025-02-20 18:00:00,34.21,6.2,9.2,15.8,16.6,76.3,23.0,False
B005,B005_M5,2025-02-20 19:00:00,45.01,19.07,11.5,16.9,21.7,48.7,44.0,False
B005,B005_M5,2025-02-20 20:00:00,44.52,,11.8,13.4,21.3,69.3,16.4,False
B005,B005_M3,2025-02-20 21:00:00,34.88,,10.0,13.2,16.5,64.2,17.9,False
B001,B001_M3,2025-02-21 08:00:00,142.95,7.09,11.3,17.9,21.8,56.1,49.9,False
B001,B001_M3,2025-02-21 09:00:00,305.68,16.34,9.4,17.7,21.0,58.1,42.1,True
B001,B001_M3,2025-02-21 10:00:00,202.45,16.93,10.0,13.6,29.9,77.3,21.0,False
B001,B001_M2,2025-02-21 11:00:00,267.65,5.95,8.4,15.6,17.3,68.3,29.1,False
B001,B001_M3,2025-02-21 12:00:00,145.14,16.22,10.8,13.9,15.3,50.4,45.6,False
B001,B001_M1,2025-02-21 13:00:00,157.37,17.26,7.7,17.5,15.7,59.3,43.2,False
B001,B001_M1,2025-02-21 14:00:00,176.88,,10.1,16.0,25.7,44.4,23.6,False
B001,B001_M2,2025-02-21 15:00:00,166.05,8.02,9.4,16.2,26.1,49.4,27.2,False
B001,B001_M2,2025-02-21 16:00:00,331.62,7.35,8.9,14.5,27.9,79.2,28.3,False
B001,B001_M1,2025-02-21 17:00:00,215.59,16.41,7.5,14.2,15.3,44.2,48.1,False
B001,B001_M1,2025-02-21 18:00:00,161.13,14.05,9.0,14.0,17.5,63.6,12.7,False
B001,B001_M2,2025-02-21 19:00:00,128.29,,11.8,17.5,19.5,69.2,46.0,False
B001,B001_M1,2025-02-21 20:00:00,91.4,,11.7,16.3,18.1,46.7,17.3,False
B001,B001_M2,2025-02-21 21:00:00,101.36,,10.6,17.8,19.5,55.6,13.0,False
B002,B002_M3,2025-02-21 08:00:00,79.5,12.65,7.4,15.3,20.0,42.7,12.0,False
B002,B002_M3,2025-02-21 09:00:00,129.61,,9.6,14.2,23.8,45.8,39.0,False
B002,B002_M2,2025-02-21 10:00:00,156.81,5.43,10.8,17.6,18.1,72.6,40.9,False
B002,B002_M2,2025-02-21 11:00:00,119.63,15.59,8.1,13.6,21.7,44.6,37.2,False
B002,B002_M3,2025-02-21 12:00:00,143.86,18.12,8.1,12.3,17.7,59.9,39.8,False
B002,B002_M2,2025-02-21 13:00:00,130.12,,11.6,15.7,24.5,69.7,31.6,False
B002,B002_M2,2025-02-21 14:00:00,171.88,,8.0,14.7,21.3,44.1,36.8,False
B002,B002_M2,2025-02-21 15:00:00,174.78,10.78,10.4,15.9,22.0,75.1,23.6,False
B002,B002_M3,2025-02-21 16:00:00,113.57,11.72,7.4,14.7,23.3,62.9,22.5,False
B002,B002_M1,2025-02-21 17:00:00,96.77,11.84,7.2,13.2,16.3,70.6,48.7,False
B002,B002_M4,2025-02-21 18:00:00,73.54,,8.4,16.5,27.6,52.2,48.0,False
B002,B002_M4,2025-02-21 19:00:00,73.6,7.65,7.2,14.0,17.3,58.1,24.7,False
B002,B002_M1,2025-02-21 20:00:00,75.97,,7.2,15.9,16.7,56.3,46.7,False
B002,B002_M3,2025-02-21 21:00:00,169.96,11.97,9.5,17.4,20.6,66.8,21.6,True
B003,B003_M3,2025-02-21 08:00:00,281.75,,11.7,13.0,25.2,64.3,27.9,False
B003,B003_M1,2025-02-21 09:00:00,411.08,,8.8,12.6,19.4,67.4,25.1,False
B003,B003_M4,2025-02-21 10:00:00,501.37,,8.5,13.1,24.6,62.8,45.2,False
B003,B003_M2,2025-02-21 11:00:00,416.42,11.78,8.8,17.8,21.7,72.5,19.4,False
B003,B003_M1,2025-02-21 12:00:00,575.74,10.29,8.6,13.4,18.7,66.1,30.4,False
B003,B003_M3,2025-02-21 13:00:00,343.99,14.68,9.4,14.4,17.2,67.0,17.8,False
B003,B003_M1,2025-02-21 14:00:00,502.0,10.02,10.3,12.7,26.1,51.7,49.9,False
B003,B003_M2,2025-02-21 15:00:00,406.78,,9.9,17.4,15.2,51.0,45.1,False
B003,B003_M2,2025-02-21 16:00:00,600.24,,9.7,14.5,22.9,65.6,34.9,False
B003,B003_M1,2025-02-21 17:00:00,544.03,,11.7,12.1,26.0,59.6,38.1,False
B003,B003_M3,2025-02-21 18:00:00,248.85,,8.4,12.1,19.0,67.2,11.4,False
B003,B003_M3,2025-02-21 19:00:00,545.3,16.15,9.3,17.3,23.7,78.6,27.2,True
B003,B003_M2,2025-02-21 20:00:00,273.66,7.8,9.1,15.1,15.8,41.6,23.7,False
B003,B003_M5,2025-02-21 21:00:00,259.92,11.96,7.8,12.8,20.2,74.0,48.8,False
B004,B004_M1,2025-02-21 08:00:00,168.42,11.88,7.4,14.9,27.3,41.2,43.2,False
B004,B004_M2,2025-02-21 09:00:00,679.69,10.63,8.8,16.1,15.4,66.2,16.8,True
B004,B004_M3,2025-02-21 10:00:00,269.79,8.47,11.3,15.8,28.7,52.6,36.5,False
B004,B004_M1,2025-02-21 11:00:00,767.58,8.47,7.3,15.4,20.7,42.0,10.9,True
B004,B004_M3,2025-02-21 12:00:00,300.43,12.02,11.0,16.5,24.3,44.3,21.9,False
B004,B004_M3,2025-02-21 13:00:00,352.35,12.13,8.7,15.6,20.3,72.1,34.1,False
B004,B004_M4,2025-02-21 14:00:00,349.95,16.17,9.8,13.6,21.4,65.2,32.0,False
B004,B004_M1,2025-02-21 15:00:00,305.7,,10.3,13.8,16.4,50.6,21.0,False
B004,B004_M2,2025-02-21 16:00:00,331.74,12.74,7.8,17.2,22.8,42.9,21.5,False
B004,B004_M5,2025-02-21 17:00:00,280.56,,11.1,17.6,20.5,67.9,46.7,False
B004,B004_M4,2025-02-21 18:00:00,176.53,,10.6,15.8,28.4,64.2,22.4,False
B004,B004_M4,2025-02-21 19:00:00,233.72,,9.1,12.4,17.9,54.9,20.4,False
B004,B004_M1,2025-02-21 20:00:00,178.22,8.8,8.7,17.6,24.8,70.9,43.1,False
B004,B004_M4,2025-02-21 21:00:00,154.35,16.63,10.2,13.5,19.3,42.3,46.4,False
B005,B005_M2,2025-02-21 08:00:00,37.42,18.84,10.3,15.1,23.8,76.6,43.8,False
B005,B005_M5,2025-02-21 09:00:00,74.8,18.24,7.9,14.7,27.7,41.5,47.5,False
B005,B005_M2,2025-02-21 10:00:00,73.05,,10.7,14.7,23.8,51.9,27.4,False
B005,B005_M2,2025-02-21 11:00:00,65.7,,9.1,12.2,16.0,66.2,41.9,False
B005,B005_M1,2025-02-21 12:00:00,55.05,19.35,8.0,15.2,18.4,63.4,18.6,False
B005,B005_M5,2025-02-21 13:00:00,93.91,13.21,10.0,17.1,26.4,68.5,33.1,False
B005,B005_M1,2025-02-21 14:00:00,59.98,5.95,8.7,17.7,25.7,41.0,46.5,False
B005,B005_M5,2025-02-21 15:00:00,54.82,,11.9,16.4,28.2,56.6,32.2,False
B005,B005_M4,2025-02-21 16:00:00,82.22,15.79,11.3,16.1,25.8,66.3,17.4,False
B005,B005_M3,2025-02-21 17:00:00,85.23,,11.1,14.4,19.5,40.5,13.0,False
B005,B005_M5,2025-02-21 18:00:00,33.72,7.01,8.1,14.2,21.0,44.1,35.5,False
B005,B005_M2,2025-02-21 19:00:00,44.35,5.08,11.9,13.8,19.9,59.4,25.2,False
B005,B005_M1,2025-02-21 20:00:00,33.93,,10.5,13.5,16.4,44.7,23.4,False
B005,B005_M2,2025-02-21 21:00:00,38.2,,9.5,12.1,23.8,77.6,46.9,False
B001,B001_M3,2025-02-22 08:00:00,96.01,10.41,8.2,13.2,27.7,53.5,30.0,False
B001,B001_M2,2025-02-22 09:00:00,165.13,14.26,10.3,17.3,29.3,51.1,45.7,True
B001,B001_M1,2025-02-22 10:00:00,91.24,14.12,11.1,17.1,18.2,50.5,31.2,False
B001,B001_M2,2025-02-22 11:00:00,98.71,,9.2,15.4,20.5,69.8,40.8,False
B001,B001_M3,2025-02-22 12:00:00,88.97,14.57,10.6,12.4,15.3,60.7,41.0,False
B001,B001_M2,2025-02-22 13:00:00,70.45,,7.5,15.9,17.9,43.1,47.6,False
B001,B001_M3,2025-02-22 14:00:00,69.14,,11.1,16.2,29.2,78.2,25.5,False
B001,B001_M1,2025-02-22 15:00:00,97.0,11.88,11.4,17.6,17.3,78.5,29.9,False
B001,B001_M2,2025-02-22 16:00:00,107.4,,11.6,16.2,29.3,66.4,39.1,False
B001,B001_M1,2025-02-22 17:00:00,88.95,8.36,10.2,15.1,17.0,67.8,44.8,False
B001,B001_M3,2025-02-22 18:00:00,62.63,15.11,9.5,15.8,23.2,74.0,37.2,False
B001,B001_M3,2025-02-22 19:00:00,185.16,,11.6,12.3,19.1,71.9,48.8,True
B001,B001_M3,2025-02-22 20:00:00,78.71,13.2,9.1,15.8,28.4,48.2,17.4,False
B001,B001_M1,2025-02-22 21:00:00,117.97,18.82,9.1,13.8,21.7,52.9,25.7,False
B002,B002_M2,2025-02-22 08:00:00,71.76,16.35,9.4,16.2,18.6,64.9,12.9,False
B002,B002_M4,2025-02-22 09:00:00,69.07,7.23,9.6,17.6,21.3,54.6,27.4,False
B002,B002_M3,2025-02-22 10:00:00,54.09,17.95,9.4,16.7,17.9,43.5,41.6,False
B002,B002_M4,2025-02-22 11:00:00,69.56,,11.3,14.2,25.0,72.7,29.2,False
B002,B002_M3,2025-02-22 12:00:00,64.1,,9.0,16.7,25.8,59.3,44.2,False
B002,B002_M2,2025-02-22 13:00:00,50.95,,8.9,17.1,29.4,44.9,10.6,False
B002,B002_M3,2025-02-22 14:00:00,49.54,15.73,9.1,17.7,15.7,56.3,38.7,False
B002,B002_M4,2025-02-22 15:00:00,70.1,,11.0,17.7,24.6,56.2,11.8,False
B002,B002_M2,2025-02-22 16:00:00,64.22,13.27,10.0,14.4,28.1,69.4,30.0,False
B002,B002_M4,2025-02-22 17:00:00,61.87,,8.3,13.2,29.4,63.3,45.4,False
B002,B002_M3,2025-02-22 18:00:00,41.13,16.46,9.4,15.7,25.4,58.7,30.3,False
B002,B002_M1,2025-02-22 19:00:00,74.88,7.75,9.8,17.8,30.0,68.5,35.4,False
B002,B002_M1,2025-02-22 20:00:00,52.17,,12.0,12.7,25.6,42.7,15.7,False
B002,B002_M4,2025-02-22 21:00:00,50.75,10.83,8.1,16.9,16.1,56.6,42.8,False
B003,B003_M2,2025-02-22 08:00:00,164.88,,10.2,12.6,20.8,50.4,35.9,False
B003,B003_M4,2025-02-22 09:00:00,241.27,10.29,8.7,16.2,20.8,76.5,25.2,False
B003,B003_M4,2025-02-22 10:00:00,232.53,,8.8,15.3,19.1,52.0,21.3,False
B003,B003_M5,2025-02-22 11:00:00,201.8,19.88,8.9,14.1,23.9,72.0,13.9,False
B003,B003_M1,2025-02-22 12:00:00,230.39,11.07,10.6,12.1,24.8,69.5,33.0,False
B003,B003_M5,2025-02-22 13:00:00,178.98,17.07,10.4,14.1,16.2,72.4,36.2,False
B003,B003_M5,2025-02-22 14:00:00,195.58,,11.6,12.3,15.5,45.9,46.1,False
B003,B003_M5,2025-02-22 15:00:00,455.76,,7.3,17.1,24.2,68.4,31.4,True
B003,B003_M1,2025-02-22 16:00:00,182.41,,11.6,13.0,16.0,43.2,37.7,False
B003,B003_M5,2025-02-22 17:00:00,175.29,,7.7,13.2,28.9,53.4,45.0,False
B003,B003_M3,2025-02-22 18:00:00,198.62,,11.0,15.4,15.4,77.9,32.3,False
B003,B003_M2,2025-02-22 19:00:00,199.95,9.17,7.5,17.9,24.3,48.4,22.5,False
B003,B003_M4,2025-02-22 20:00:00,206.74,,9.6,15.7,17.2,75.1,11.5,False
B003,B003_M4,2025-02-22 21:00:00,220.66,,8.2,13.2,19.9,42.6,48.9,False
B004,B004_M3,2025-02-22 08:00:00,106.53,17.74,9.8,15.9,26.0,72.9,48.3,False
B004,B004_M3,2025-02-22 09:00:00,173.26,5.61,10.5,12.4,19.0,55.4,22.7,False
B004,B004_M5,2025-02-22 10:00:00,93.79,13.61,11.0,15.0,20.3,59.9,34.3,False
B004,B004_M5,2025-02-22 11:00:00,201.39,19.43,8.4,12.2,27.6,59.2,19.6,False
B004,B004_M3,2025-02-22 12:00:00,98.81,,10.0,15.3,17.8,50.5,38.8,False
B004,B004_M5,2025-02-22 13:00:00,157.62,17.84,9.8,15.7,27.6,76.6,16.5,False
B004,B004_M4,2025-02-22 14:00:00,176.71,,9.0,12.6,25.2,79.3,16.9,False
B004,B004_M2,2025-02-22 15:00:00,157.63,12.31,10.9,15.4,29.8,78.4,16.1,False
B004,B004_M5,2025-02-22 16:00:00,153.83,,10.7,14.3,19.7,53.7,22.0,False
B004,B004_M4,2025-02-22 17:00:00,103.07,19.34,11.0,16.2,25.7,55.9,30.2,False
B004,B004_M4,2025-02-22 18:00:00,121.12,19.6,7.8,16.3,18.3,43.0,42.7,False
B004,B004_M3,2025-02-22 19:00:00,243.21,15.69,9.9,12.6,23.0,70.9,37.8,True
B004,B004_M3,2025-02-22 20:00:00,130.02,9.65,11.8,16.2,27.2,49.8,20.5,False
B004,B004_M1,2025-02-22 21:00:00,170.62,19.79,10.2,12.8,23.9,75.5,11.1,False
B005,B005_M3,2025-02-22 08:00:00,35.85,,8.4,15.8,15.6,78.9,41.2,False
B005,B005_M4,2025-02-22 09:00:00,31.7,15.21,10.1,16.5,18.9,72.2,49.0,False
B005,B005_M2,2025-02-22 10:00:00,26.25,,9.7,12.3,21.2,47.2,44.9,False
B005,B005_M3,2025-02-22 11:00:00,29.73,,7.7,13.4,18.1,73.5,16.8,True
B005,B005_M2,2025-02-22 12:00:00,28.27,,9.2,12.3,17.6,50.8,33.7,False
B005,B005_M3,2025-02-22 13:00:00,27.8,9.66,9.4,14.4,24.0,52.6,11.4,False
B005,B005_M5,2025-02-22 14:00:00,20.15,6.44,10.7,16.5,18.4,78.8,28.2,False
B005,B005_M4,2025-02-22 15:00:00,17.65,,7.8,14.8,16.7,42.4,13.8,False
B005,B005_M5,2025-02-22 16:00:00,31.72,12.27,7.6,17.2,20.4,60.1,11.3,False
B005,B005_M2,2025-02-22 17:00:00,43.41,16.62,10.5,12.8,19.4,78.7,26.5,False
B005,B005_M4,2025-02-22 18:00:00,35.65,16.32,8.3,12.4,21.8,60.9,14.1,False
B005,B005_M5,2025-02-22 19:00:00,26.57,,10.9,15.4,26.2,56.0,24.3,False
B005,B005_M3,2025-02-22 20:00:00,61.3,17.06,8.4,14.7,21.3,59.1,17.5,True
B005,B005_M2,2025-02-22 21:00:00,46.42,8.47,7.5,15.6,23.1,56.2,31.4,False
B001,B001_M3,2025-02-23 08:00:00,108.04,10.12,10.7,13.3,16.2,58.9,18.1,False
B001,B001_M3,2025-02-23 09:00:00,55.79,13.98,11.4,15.3,27.5,43.3,46.3,False
B001,B001_M1,2025-02-23 10:00:00,99.98,15.37,7.4,14.2,21.0,74.0,23.2,False
B001,B001_M1,2025-02-23 11:00:00,97.55,10.75,7.2,13.2,17.4,56.2,26.7,False
B001,B001_M1,2025-02-23 12:00:00,70.94,8.97,11.5,12.9,18.8,77.7,19.4,False
B001,B001_M1,2025-02-23 13:00:00,72.35,19.19,9.9,12.2,20.9,74.3,32.1,False
B001,B001_M3,2025-02-23 14:00:00,92.12,7.54,12.0,15.2,18.0,59.1,37.8,False
B001,B001_M2,2025-02-23 15:00:00,79.01,9.94,8.4,12.4,24.5,48.8,29.2,False
B001,B001_M3,2025-02-23 16:00:00,131.07,7.88,11.4,17.6,18.7,54.9,18.2,False
B001,B001_M3,2025-02-23 17:00:00,107.65,,11.7,15.5,17.2,51.5,44.6,False
B001,B001_M1,2025-02-23 18:00:00,84.63,7.99,8.9,14.3,22.0,67.9,33.9,False
B001,B001_M3,2025-02-23 19:00:00,99.11,,7.6,14.0,24.6,58.3,35.9,False
B001,B001_M2,2025-02-23 20:00:00,113.13,,10.8,14.2,15.2,68.3,31.8,False
B001,B001_M2,2025-02-23 21:00:00,106.24,7.63,11.7,16.0,16.0,50.9,15.1,False
B002,B002_M2,2025-02-23 08:00:00,80.52,7.46,10.2,15.1,23.9,62.1,19.6,False
B002,B002_M2,2025-02-23 09:00:00,71.25,,7.2,15.4,21.7,67.4,16.8,False
B002,B002_M2,2025-02-23 10:00:00,43.87,,11.4,14.1,23.4,78.8,46.3,False
B002,B002_M2,2025-02-23 11:00:00,52.45,14.61,10.9,14.8,15.0,73.1,30.2,False
B002,B002_M1,2025-02-23 12:00:00,55.13,,9.0,13.4,24.8,43.3,12.7,False
B002,B002_M1,2025-02-23 13:00:00,64.71,7.33,7.2,14.5,25.9,50.0,24.6,False
B002,B002_M2,2025-02-23 14:00:00,51.96,,12.0,12.3,17.4,68.8,19.9,False
B002,B002_M3,2025-02-23 15:00:00,55.65,9.42,11.4,17.9,27.8,64.8,42.1,False
B002,B002_M1,2025-02-23 16:00:00,48.72,6.44,11.9,18.0,19.3,41.0,19.3,False
B002,B002_M2,2025-02-23 17:00:00,63.95,,11.4,14.6,15.7,66.7,37.1,False
B002,B002_M4,2025-02-23 18:00:00,64.16,5.81,7.7,13.0,22.4,68.7,31.4,False
B002,B002_M4,2025-02-23 19:00:00,53.82,,11.3,15.1,21.4,67.2,15.5,False
B002,B002_M3,2025-02-23 20:00:00,55.01,13.81,8.4,15.6,23.9,78.3,35.1,False
B002,B002_M2,2025-02-23 21:00:00,70.13,,11.6,15.0,16.8,62.1,15.8,False
B003,B003_M3,2025-02-23 08:00:00,156.57,13.21,9.8,15.5,22.8,51.5,39.3,False
B003,B003_M3,2025-02-23 09:00:00,298.88,19.91,11.3,17.8,16.7,52.5,12.4,False
B003,B003_M2,2025-02-23 10:00:00,163.42,,8.3,16.3,19.3,46.8,13.9,False
B003,B003_M5,2025-02-23 11:00:00,166.19,11.43,7.7,16.9,18.5,55.4,12.3,False
B003,B003_M2,2025-02-23 12:00:00,156.82,,11.7,16.2,19.1,49.9,44.4,False
B003,B003_M3,2025-02-23 13:00:00,181.24,15.82,9.8,17.1,27.2,47.1,44.5,False
B003,B003_M2,2025-02-23 14:00:00,202.07,,9.7,12.2,19.4,56.3,24.1,False
B003,B003_M2,2025-02-23 15:00:00,180.66,7.51,9.0,13.6,27.6,66.5,10.1,False
B003,B003_M4,2025-02-23 16:00:00,229.5,,9.0,17.2,15.9,63.4,48.3,False
B003,B003_M1,2025-02-23 17:00:00,164.35,18.31,10.0,12.6,29.3,45.3,44.3,False
B003,B003_M2,2025-02-23 18:00:00,188.17,9.76,8.9,17.0,28.9,67.1,33.8,False
B003,B003_M1,2025-02-23 19:00:00,221.41,11.5,11.4,15.5,20.0,49.8,17.0,False
B003,B003_M2,2025-02-23 20:00:00,147.87,11.96,10.7,17.3,20.4,46.0,48.2,False
B003,B003_M5,2025-02-23 21:00:00,207.4,,9.5,15.5,19.3,57.4,10.8,False
B004,B004_M1,2025-02-23 08:00:00,147.4,12.04,10.7,16.1,28.7,68.4,34.1,False
B004,B004_M3,2025-02-23 09:00:00,153.99,11.16,10.1,13.5,20.6,61.3,19.8,False
B004,B004_M4,2025-02-23 10:00:00,125.26,14.62,8.2,14.9,29.6,40.3,15.2,False
B004,B004_M1,2025-02-23 11:00:00,150.03,,9.2,15.5,25.3,63.3,12.0,False
B004,B004_M1,2025-02-23 12:00:00,123.29,6.42,11.1,17.5,26.1,46.1,24.2,False
B004,B004_M5,2025-02-23 13:00:00,150.82,,9.6,17.5,29.9,74.4,36.5,False
B004,B004_M3,2025-02-23 14:00:00,180.89,14.14,8.6,12.5,15.5,54.7,35.2,False
B004,B004_M2,2025-02-23 15:00:00,107.47,19.87,7.3,16.6,25.4,50.3,23.1,False
B004,B004_M5,2025-02-23 16:00:00,174.62,,7.6,12.3,15.5,44.3,42.8,False
B004,B004_M2,2025-02-23 17:00:00,105.88,12.2,11.7,16.1,27.9,71.2,47.0,False
B004,B004_M4,2025-02-23 18:00:00,157.06,5.73,9.7,12.0,16.7,41.5,45.2,False
B004,B004_M5,2025-02-23 19:00:00,149.04,7.18,9.6,16.6,19.9,49.9,21.8,False
B004,B004_M3,2025-02-23 20:00:00,133.0,14.16,8.5,16.1,21.3,75.0,23.0,False
B004,B004_M2,2025-02-23 21:00:00,144.48,16.83,10.2,14.5,16.3,63.7,29.6,False
B005,B005_M4,2025-02-23 08:00:00,31.72,10.12,8.4,16.5,25.9,51.3,14.8,False
B005,B005_M1,2025-02-23 09:00:00,26.27,,8.3,14.2,22.8,57.7,47.0,False
B005,B005_M5,2025-02-23 10:00:00,30.17,,9.7,12.3,24.9,42.1,40.0,False
B005,B005_M4,2025-02-23 11:00:00,36.06,16.95,8.0,17.9,16.7,44.5,36.4,False
B005,B005_M4,2025-02-23 12:00:00,19.94,12.12,7.1,13.2,28.4,70.9,41.0,False
B005,B005_M5,2025-02-23 13:00:00,41.65,7.84,8.8,16.5,28.0,66.5,16.8,False
B005,B005_M3,2025-02-23 14:00:00,24.18,18.88,11.7,15.1,28.4,44.8,15.8,False
B005,B005_M1,2025-02-23 15:00:00,35.48,6.62,11.9,13.6,16.9,57.7,19.9,False
B005,B005_M3,2025-02-23 16:00:00,25.33,6.34,7.3,13.0,17.9,74.2,20.0,False
B005,B005_M3,2025-02-23 17:00:00,21.86,5.77,11.4,15.3,26.1,41.0,41.5,False
B005,B005_M5,2025-02-23 18:00:00,26.87,14.11,7.0,15.2,22.7,52.6,13.2,False
B005,B005_M4,2025-02-23 19:00:00,33.54,,9.4,13.2,20.8,77.2,31.6,False
B005,B005_M2,2025-02-23 20:00:00,25.63,,11.2,15.7,15.3,77.3,40.8,False
B005,B005_M2,2025-02-23 21:00:00,34.54,13.39,8.3,16.2,15.2,49.4,17.0,False
B001,B001_M2,2025-02-24 08:00:00,108.05,17.89,10.0,18.0,28.4,56.4,41.3,False
B001,B001_M3,2025-02-24 09:00:00,174.7,9.74,8.3,13.9,16.6,57.5,36.1,False
B001,B001_M2,2025-02-24 10:00:00,245.33,12.73,9.3,14.2,28.6,51.9,17.3,False
B001,B001_M3,2025-02-24 11:00:00,153.34,11.35,11.0,15.2,16.3,45.3,39.4,False
B001,B001_M1,2025-02-24 12:00:00,264.75,15.01,9.7,16.8,26.7,72.4,40.2,False
B001,B001_M3,2025-02-24 13:00:00,192.88,9.8,11.2,13.5,15.0,55.7,34.2,False
B001,B001_M2,2025-02-24 14:00:00,225.93,16.16,8.5,17.9,29.9,72.8,23.0,False
B001,B001_M3,2025-02-24 15:00:00,200.19,,7.1,16.2,24.7,70.8,28.5,False
B001,B001_M2,2025-02-24 16:00:00,364.36,,7.2,13.6,19.0,54.1,23.8,True
B001,B001_M2,2025-02-24 17:00:00,256.25,,9.5,12.2,16.4,50.1,33.8,False
B001,B001_M2,2025-02-24 18:00:00,86.61,,7.3,15.1,19.5,58.9,40.5,False
B001,B001_M3,2025-02-24 19:00:00,111.23,5.6,8.1,16.6,24.9,76.7,43.6,False
B001,B001_M2,2025-02-24 20:00:00,82.65,8.93,11.6,15.3,17.0,76.6,23.5,False
B001,B001_M2,2025-02-24 21:00:00,141.54,,7.2,17.4,17.9,40.9,29.9,False
B002,B002_M2,2025-02-24 08:00:00,96.27,7.77,9.3,17.2,16.4,47.5,13.3,False
B002,B002_M2,2025-02-24 09:00:00,123.25,,10.7,14.3,21.6,73.3,36.7,False
B002,B002_M3,2025-02-24 10:00:00,158.04,7.06,7.7,16.4,25.9,79.0,30.0,False
B002,B002_M1,2025-02-24 11:00:00,115.37,,9.9,15.6,22.7,69.8,38.4,False
B002,B002_M1,2025-02-24 12:00:00,139.26,15.1,7.3,12.2,29.2,45.2,34.7,False
B002,B002_M1,2025-02-24 13:00:00,139.47,6.25,8.7,12.7,26.8,48.3,34.5,False
B002,B002_M3,2025-02-24 14:00:00,125.05,19.29,7.4,13.8,17.6,67.4,47.2,False
B002,B002_M4,2025-02-24 15:00:00,101.52,8.37,8.3,14.1,24.9,75.8,48.5,False
B002,B002_M1,2025-02-24 16:00:00,106.5,5.61,7.7,17.2,22.1,46.4,14.7,False
B002,B002_M4,2025-02-24 17:00:00,125.86,7.19,7.3,16.4,19.1,60.8,11.3,False
B002,B002_M1,2025-02-24 18:00:00,55.39,,8.8,12.8,20.3,54.8,14.9,False
B002,B002_M3,2025-02-24 19:00:00,86.36,8.27,9.7,12.4,24.1,45.0,13.0,False
B002,B002_M3,2025-02-24 20:00:00,71.98,,7.2,16.4,24.9,65.7,22.7,False
B002,B002_M4,2025-02-24 21:00:00,97.21,5.44,8.5,17.6,24.7,65.8,27.6,False
B003,B003_M3,2025-02-24 08:00:00,215.84,,10.7,13.2,26.2,71.2,12.7,False
B003,B003_M3,2025-02-24 09:00:00,478.06,,8.1,18.0,19.3,77.7,37.4,False
B003,B003_M2,2025-02-24 10:00:00,521.25,,7.1,16.1,17.6,45.8,30.7,False
B003,B003_M3,2025-02-24 11:00:00,560.6,6.02,9.1,12.4,20.4,44.6,14.9,False
B003,B003_M1,2025-02-24 12:00:00,383.47,,8.2,17.0,21.4,69.8,15.1,False
B003,B003_M1,2025-02-24 13:00:00,457.06,,8.1,13.7,15.9,48.5,27.9,False
B003,B003_M1,2025-02-24 14:00:00,546.67,,8.7,12.8,17.5,60.9,30.9,False
B003,B003_M4,2025-02-24 15:00:00,343.05,18.58,8.7,17.1,26.2,74.8,26.3,False
B003,B003_M1,2025-02-24 16:00:00,516.62,,11.7,14.0,23.1,46.9,50.0,False
B003,B003_M5,2025-02-24 17:00:00,561.93,6.0,8.9,14.8,22.5,59.6,10.9,False
B003,B003_M3,2025-02-24 18:00:00,199.95,16.32,8.3,17.9,17.3,71.6,48.6,False
B003,B003_M3,2025-02-24 19:00:00,247.82,,11.8,17.9,21.3,43.2,31.8,False
B003,B003_M5,2025-02-24 20:00:00,254.17,11.12,10.5,13.8,27.8,64.9,43.1,False
B003,B003_M4,2025-02-24 21:00:00,304.58,,10.1,14.0,26.0,42.9,29.8,False
B004,B004_M4,2025-02-24 08:00:00,191.92,,7.2,13.8,22.6,49.4,41.4,False
B004,B004_M5,2025-02-24 09:00:00,670.08,11.25,7.7,14.7,26.6,51.4,36.2,True
B004,B004_M2,2025-02-24 10:00:00,323.62,16.47,9.0,16.7,16.4,44.0,24.7,False
B004,B004_M3,2025-02-24 11:00:00,391.63,19.52,11.2,14.6,17.3,76.4,33.4,False
B004,B004_M4,2025-02-24 12:00:00,882.47,18.48,11.7,15.2,25.4,59.7,14.8,True
B004,B004_M3,2025-02-24 13:00:00,357.73,5.86,7.0,16.8,16.2,62.0,40.7,False
B004,B004_M4,2025-02-24 14:00:00,348.1,8.17,11.4,15.3,20.0,77.6,36.6,False
B004,B004_M5,2025-02-24 15:00:00,295.47,10.49,8.2,14.3,23.3,61.1,47.8,False
B004,B004_M3,2025-02-24 16:00:00,306.66,16.25,10.0,13.3,25.8,65.3,47.2,False
B004,B004_M1,2025-02-24 17:00:00,251.0,11.86,9.0,17.1,20.5,40.6,36.7,False
B004,B004_M4,2025-02-24 18:00:00,413.89,17.79,10.7,12.7,21.7,68.5,42.0,True
B004,B004_M2,2025-02-24 19:00:00,220.35,8.07,7.9,13.4,16.7,45.1,16.6,False
B004,B004_M2,2025-02-24 20:00:00,175.45,16.63,11.9,13.3,26.5,60.7,12.0,False
B004,B004_M3,2025-02-24 21:00:00,170.94,10.39,8.4,13.8,25.5,41.4,26.0,False
B005,B005_M1,2025-02-24 08:00:00,25.22,6.73,9.4,15.1,29.2,45.7,20.9,False
B005,B005_M4,2025-02-24 09:00:00,51.31,5.01,11.4,17.5,17.4,51.2,11.6,False
B005,B005_M3,2025-02-24 10:00:00,53.66,14.82,11.3,12.2,22.3,42.1,10.1,False
B005,B005_M2,2025-02-24 11:00:00,64.61,,9.1,17.3,26.4,51.7,42.6,False
B005,B005_M3,2025-02-24 12:00:00,64.4,17.38,7.8,12.4,22.7,53.8,15.5,False
B005,B005_M2,2025-02-24 13:00:00,77.31,18.09,11.3,15.9,29.1,40.3,49.2,False
B005,B005_M2,2025-02-24 14:00:00,50.26,14.9,8.0,13.7,26.6,44.0,10.3,False
B005,B005_M1,2025-02-24 15:00:00,68.9,16.12,9.2,15.0,28.9,57.6,15.7,False
B005,B005_M1,2025-02-24 16:00:00,62.2,18.49,8.9,13.1,25.1,56.5,18.6,False
B005,B005_M4,2025-02-24 17:00:00,77.95,15.33,12.0,12.4,28.5,52.9,15.3,False
B005,B005_M2,2025-02-24 18:00:00,38.74,5.85,8.7,15.9,24.9,45.8,34.6,False
B005,B005_M2,2025-02-24 19:00:00,56.53,10.06,9.2,15.1,18.1,50.1,30.7,False
B005,B005_M5,2025-02-24 20:00:00,27.94,15.57,8.8,17.4,18.3,58.9,20.5,False
B005,B005_M3,2025-02-24 21:00:00,46.08,,7.9,15.1,17.3,50.2,24.6,False
B001,B001_M2,2025-02-25 08:00:00,131.1,12.47,12.0,14.6,21.1,51.8,13.4,False
B001,B001_M3,2025-02-25 09:00:00,200.63,15.86,10.0,16.8,27.3,59.0,17.4,False
B001,B001_M1,2025-02-25 10:00:00,200.18,9.94,11.6,12.7,28.4,45.9,10.3,False
B001,B001_M2,2025-02-25 11:00:00,387.8,,10.5,14.6,18.0,45.3,30.5,True
B001,B001_M2,2025-02-25 12:00:00,277.08,,10.5,15.3,26.9,71.7,40.1,False
B001,B001_M1,2025-02-25 13:00:00,215.33,,11.7,16.8,23.0,41.7,33.5,False
B001,B001_M2,2025-02-25 14:00:00,282.63,11.03,9.3,15.0,29.1,70.5,20.3,False
B001,B001_M3,2025-02-25 15:00:00,176.76,,11.1,16.4,18.6,63.1,43.0,False
B001,B001_M1,2025-02-25 16:00:00,295.62,6.53,9.3,13.9,21.3,42.4,12.5,False
B001,B001_M1,2025-02-25 17:00:00,162.37,16.93,10.0,17.9,26.0,57.5,48.9,False
B001,B001_M2,2025-02-25 18:00:00,141.33,19.35,9.6,12.9,18.8,77.8,15.0,False
B001,B001_M2,2025-02-25 19:00:00,114.49,7.95,9.7,13.5,25.1,67.2,47.2,False
B001,B001_M3,2025-02-25 20:00:00,115.59,16.38,8.9,15.6,26.5,54.4,42.6,False
B001,B001_M2,2025-02-25 21:00:00,148.94,19.86,11.1,14.0,19.1,55.2,42.1,False
B002,B002_M1,2025-02-25 08:00:00,95.11,,7.4,15.9,15.3,42.4,23.2,False
B002,B002_M2,2025-02-25 09:00:00,281.72,10.16,9.9,12.4,29.0,66.5,17.6,True
B002,B002_M4,2025-02-25 10:00:00,179.57,16.27,8.5,12.9,19.5,66.5,37.0,False
B002,B002_M1,2025-02-25 11:00:00,129.8,,11.9,12.4,28.2,42.9,16.0,False
B002,B002_M2,2025-02-25 12:00:00,275.19,14.34,7.8,14.8,19.0,79.0,44.0,True
B002,B002_M2,2025-02-25 13:00:00,112.16,13.8,7.0,17.2,16.2,79.1,18.8,False
B002,B002_M1,2025-02-25 14:00:00,353.65,,10.1,16.8,25.8,76.6,46.1,True
B002,B002_M1,2025-02-25 15:00:00,100.52,,11.4,17.2,23.7,66.7,33.5,False
B002,B002_M1,2025-02-25 16:00:00,177.44,16.94,11.4,16.5,17.5,67.0,16.0,False
B002,B002_M3,2025-02-25 17:00:00,177.66,11.19,10.7,16.2,28.3,60.0,28.3,False
B002,B002_M3,2025-02-25 18:00:00,82.07,,10.2,12.1,23.7,47.1,23.6,False
B002,B002_M1,2025-02-25 19:00:00,62.53,6.35,10.0,13.6,27.7,47.1,14.0,False
B002,B002_M2,2025-02-25 20:00:00,104.71,10.3,11.4,13.3,29.8,78.2,32.2,False
B002,B002_M1,2025-02-25 21:00:00,56.44,,12.0,16.8,20.0,78.2,46.9,False
B003,B003_M4,2025-02-25 08:00:00,323.25,,11.2,16.7,28.9,61.6,24.4,False
B003,B003_M4,2025-02-25 09:00:00,450.79,,9.0,13.4,18.3,73.5,24.6,False
B003,B003_M3,2025-02-25 10:00:00,416.39,8.87,11.2,16.9,23.8,52.9,20.3,False
B003,B003_M2,2025-02-25 11:00:00,1038.87,12.28,11.2,14.1,19.6,62.2,39.4,True
B003,B003_M4,2025-02-25 12:00:00,376.2,5.16,7.5,15.7,28.0,52.8,13.4,False
B003,B003_M5,2025-02-25 13:00:00,378.14,16.3,11.3,15.7,19.3,47.2,24.1,False
B003,B003_M3,2025-02-25 14:00:00,464.4,,7.7,16.2,17.5,46.2,49.3,False
B003,B003_M2,2025-02-25 15:00:00,540.29,7.01,11.5,13.1,17.7,44.0,11.6,False
B003,B003_M2,2025-02-25 16:00:00,518.08,8.22,8.9,16.5,21.6,67.1,10.6,False
B003,B003_M3,2025-02-25 17:00:00,593.89,,8.4,15.4,25.7,54.8,39.5,False
B003,B003_M4,2025-02-25 18:00:00,306.15,,8.1,15.9,26.8,52.5,11.7,False
B003,B003_M1,2025-02-25 19:00:00,256.58,11.47,10.4,17.9,19.4,49.0,48.4,False
B003,B003_M3,2025-02-25 20:00:00,296.36,,10.7,16.6,28.5,59.9,33.4,False
B003,B003_M2,2025-02-25 21:00:00,274.31,13.0,9.4,12.7,29.3,50.9,32.5,False
B004,B004_M2,2025-02-25 08:00:00,135.73,6.9,9.7,16.2,18.9,72.7,26.9,False
B004,B004_M4,2025-02-25 09:00:00,332.71,8.29,9.5,12.9,18.3,78.2,13.2,False
B004,B004_M3,2025-02-25 10:00:00,323.44,12.46,10.2,15.3,19.0,48.9,44.0,False
B004,B004_M3,2025-02-25 11:00:00,562.05,11.7,9.2,12.5,19.8,53.4,22.1,True
B004,B004_M3,2025-02-25 12:00:00,339.92,17.79,10.0,15.8,26.9,52.4,44.3,False
B004,B004_M5,2025-02-25 13:00:00,376.97,,7.0,17.1,19.8,70.8,45.7,False
B004,B004_M1,2025-02-25 14:00:00,455.41,18.8,8.0,12.8,25.3,55.9,40.7,False
B004,B004_M3,2025-02-25 15:00:00,1020.37,,7.2,12.3,19.7,64.2,41.7,True
B004,B004_M4,2025-02-25 16:00:00,360.34,6.19,7.2,14.4,22.2,65.8,28.1,False
B004,B004_M5,2025-02-25 17:00:00,357.31,17.52,10.9,15.7,22.7,61.7,14.4,False
B004,B004_M4,2025-02-25 18:00:00,149.09,,11.5,12.3,17.2,50.1,28.2,False
B004,B004_M2,2025-02-25 19:00:00,141.97,,9.8,17.8,19.4,59.4,26.1,False
B004,B004_M2,2025-02-25 20:00:00,148.56,8.78,10.0,12.4,19.6,48.3,29.9,False
B004,B004_M1,2025-02-25 21:00:00,228.41,5.24,9.8,13.5,22.7,46.3,18.3,False
B005,B005_M3,2025-02-25 08:00:00,28.55,14.8,9.3,13.1,29.2,53.1,49.8,False
B005,B005_M5,2025-02-25 09:00:00,65.27,,11.7,15.6,26.0,47.8,15.1,False
B005,B005_M1,2025-02-25 10:00:00,69.25,12.65,10.8,17.3,22.2,63.1,48.5,False
B005,B005_M2,2025-02-25 11:00:00,71.34,13.81,8.1,12.4,19.5,68.1,45.4,False
B005,B005_M4,2025-02-25 12:00:00,62.61,9.18,10.2,15.4,18.9,61.8,44.2,False
B005,B005_M4,2025-02-25 13:00:00,73.72,,8.6,17.5,22.3,54.6,13.3,False
B005,B005_M2,2025-02-25 14:00:00,46.3,12.43,9.5,12.6,21.9,44.0,47.4,False
B005,B005_M2,2025-02-25 15:00:00,51.37,18.01,7.2,15.5,19.3,75.6,24.9,False
B005,B005_M2,2025-02-25 16:00:00,189.09,13.04,8.6,17.5,26.6,64.9,25.0,True
B005,B005_M2,2025-02-25 17:00:00,118.55,,10.2,16.1,17.7,41.4,49.2,True
B005,B005_M5,2025-02-25 18:00:00,31.64,,12.0,14.6,20.8,76.0,34.3,False
B005,B005_M4,2025-02-25 19:00:00,37.31,10.55,11.8,13.5,27.5,50.4,28.3,False
B005,B005_M3,2025-02-25 20:00:00,38.64,13.93,11.4,16.7,22.7,52.3,42.8,False
B005,B005_M4,2025-02-25 21:00:00,34.48,19.82,8.7,12.4,17.9,63.6,25.0,False
B001,B001_M2,2025-02-26 08:00:00,133.96,8.21,9.3,15.8,17.7,74.5,21.8,False
B001,B001_M2,2025-02-26 09:00:00,232.29,9.97,7.7,14.3,25.6,65.5,38.0,False
B001,B001_M2,2025-02-26 10:00:00,189.2,,10.6,14.4,17.2,42.8,38.2,False
B001,B001_M2,2025-02-26 11:00:00,565.96,17.49,10.2,14.3,29.0,51.5,30.7,True
B001,B001_M1,2025-02-26 12:00:00,201.36,10.55,7.1,13.0,24.6,61.8,44.8,False
B001,B001_M3,2025-02-26 13:00:00,190.75,19.93,11.1,16.0,25.9,71.2,44.6,False
B001,B001_M3,2025-02-26 14:00:00,235.43,,11.5,16.7,24.0,45.3,38.5,False
B001,B001_M1,2025-02-26 15:00:00,203.2,,10.4,17.0,26.7,55.8,25.2,False
B001,B001_M3,2025-02-26 16:00:00,232.35,14.95,8.1,15.8,23.4,66.3,43.3,False
B001,B001_M1,2025-02-26 17:00:00,192.07,,7.8,17.9,25.2,47.8,25.7,False
B001,B001_M3,2025-02-26 18:00:00,134.12,,11.4,13.3,18.6,79.2,17.9,False
B001,B001_M3,2025-02-26 19:00:00,118.13,18.75,8.5,15.8,20.7,61.1,12.0,False
B001,B001_M3,2025-02-26 20:00:00,98.69,12.06,8.0,15.0,22.7,72.4,32.9,False
B001,B001_M1,2025-02-26 21:00:00,88.46,16.46,11.2,12.7,28.6,54.0,19.5,False
B002,B002_M1,2025-02-26 08:00:00,53.88,15.05,9.8,17.9,17.7,51.3,40.8,False
B002,B002_M1,2025-02-26 09:00:00,117.32,,10.2,13.5,21.8,54.3,49.3,False
B002,B002_M2,2025-02-26 10:00:00,115.43,,9.4,14.0,21.3,76.2,39.9,False
B002,B002_M2,2025-02-26 11:00:00,114.9,10.36,8.3,16.7,21.1,65.7,35.9,False
B002,B002_M1,2025-02-26 12:00:00,103.08,,10.6,12.0,18.0,60.0,40.6,False
B002,B002_M1,2025-02-26 13:00:00,188.16,6.7,9.2,14.9,28.5,45.9,36.2,False
B002,B002_M1,2025-02-26 14:00:00,106.98,,7.7,15.0,16.7,48.8,19.3,False
B002,B002_M3,2025-02-26 15:00:00,103.08,,7.2,12.0,29.6,49.3,49.8,False
B002,B002_M1,2025-02-26 16:00:00,191.68,16.25,8.1,13.3,26.6,61.8,34.0,False
B002,B002_M2,2025-02-26 17:00:00,109.33,14.64,8.7,12.8,27.8,49.4,49.7,False
B002,B002_M3,2025-02-26 18:00:00,61.93,,11.2,12.6,28.9,41.7,31.4,False
B002,B002_M3,2025-02-26 19:00:00,106.0,7.07,7.7,12.4,18.8,43.5,44.4,False
B002,B002_M3,2025-02-26 20:00:00,76.07,14.31,7.4,16.2,19.9,70.7,31.5,False
B002,B002_M2,2025-02-26 21:00:00,75.45,12.44,9.8,12.3,25.1,74.8,26.0,False
B003,B003_M1,2025-02-26 08:00:00,256.72,,8.8,15.6,20.5,67.4,13.3,False
B003,B003_M4,2025-02-26 09:00:00,599.41,15.02,7.6,12.4,15.4,53.7,50.0,False
B003,B003_M4,2025-02-26 10:00:00,377.65,9.77,11.3,16.2,18.1,69.1,24.6,False
B003,B003_M3,2025-02-26 11:00:00,319.08,10.47,7.1,16.8,26.2,41.9,34.7,False
B003,B003_M3,2025-02-26 12:00:00,437.9,,9.9,17.0,27.2,67.8,26.6,False
B003,B003_M1,2025-02-26 13:00:00,516.36,,8.6,13.9,17.2,62.2,46.6,False
B003,B003_M2,2025-02-26 14:00:00,477.18,14.95,8.0,17.5,17.4,56.2,20.6,False
B003,B003_M4,2025-02-26 15:00:00,354.56,,7.4,16.9,15.2,64.5,44.4,False
B003,B003_M5,2025-02-26 16:00:00,532.14,9.42,7.6,17.0,15.3,75.1,18.9,False
B003,B003_M1,2025-02-26 17:00:00,365.4,,8.1,17.1,24.6,79.6,15.2,False
B003,B003_M2,2025-02-26 18:00:00,225.14,,10.7,14.7,18.9,71.0,32.6,False
B003,B003_M4,2025-02-26 19:00:00,261.54,13.12,7.0,12.7,18.3,64.7,23.4,False
B003,B003_M3,2025-02-26 20:00:00,228.38,,10.1,15.1,26.4,78.2,37.9,False
B003,B003_M3,2025-02-26 21:00:00,209.61,6.87,8.7,15.0,23.6,62.8,11.2,False
B004,B004_M3,2025-02-26 08:00:00,175.47,17.04,10.5,12.4,25.3,58.4,43.5,False
B004,B004_M4,2025-02-26 09:00:00,390.59,,10.2,14.7,28.6,57.6,20.6,False
B004,B004_M1,2025-02-26 10:00:00,453.51,6.72,9.8,17.5,16.8,66.8,46.7,False
B004,B004_M1,2025-02-26 11:00:00,294.64,6.03,11.5,17.4,27.3,58.4,20.5,False
B004,B004_M1,2025-02-26 12:00:00,363.74,15.2,10.5,14.2,17.8,68.3,22.9,False
B004,B004_M3,2025-02-26 13:00:00,358.62,,8.7,16.4,24.5,79.0,44.0,False
B004,B004_M2,2025-02-26 14:00:00,304.17,,7.1,15.3,28.3,75.4,15.9,False
B004,B004_M1,2025-02-26 15:00:00,300.26,18.89,7.6,13.5,28.2,42.2,23.9,False
B004,B004_M5,2025-02-26 16:00:00,309.7,16.58,7.4,14.9,28.8,50.8,20.2,False
B004,B004_M1,2025-02-26 17:00:00,408.93,7.12,11.3,15.6,27.0,69.4,48.7,False
B004,B004_M4,2025-02-26 18:00:00,223.37,,8.4,14.0,17.5,78.1,18.1,False
B004,B004_M4,2025-02-26 19:00:00,247.16,8.87,11.1,12.5,27.8,59.7,11.3,False
B004,B004_M1,2025-02-26 20:00:00,163.0,19.39,8.0,16.3,17.9,64.9,15.1,False
B004,B004_M1,2025-02-26 21:00:00,186.5,,9.1,17.6,16.3,75.2,18.6,False
B005,B005_M3,2025-02-26 08:00:00,46.04,,9.2,15.4,25.3,58.3,24.8,False
B005,B005_M4,2025-02-26 09:00:00,40.17,8.25,10.9,13.4,16.2,77.4,23.4,False
B005,B005_M1,2025-02-26 10:00:00,91.22,17.12,11.0,17.0,15.7,43.3,46.5,False
B005,B005_M1,2025-02-26 11:00:00,41.81,18.85,10.0,13.8,21.4,78.4,40.6,False
B005,B005_M3,2025-02-26 12:00:00,76.44,,11.0,17.2,28.6,40.6,31.7,False
B005,B005_M3,2025-02-26 13:00:00,77.48,5.27,11.5,16.2,15.0,73.2,26.5,False
B005,B005_M2,2025-02-26 14:00:00,103.88,,7.5,16.7,27.8,50.3,17.3,False
B005,B005_M1,2025-02-26 15:00:00,77.68,12.0,11.6,15.5,25.0,61.8,46.4,False
B005,B005_M5,2025-02-26 16:00:00,82.6,,11.9,17.0,18.3,63.8,25.4,False
B005,B005_M1,2025-02-26 17:00:00,76.78,,11.7,15.2,16.2,59.1,12.0,False
B005,B005_M3,2025-02-26 18:00:00,44.0,11.09,10.4,17.9,22.8,58.1,37.0,False
B005,B005_M4,2025-02-26 19:00:00,44.62,12.79,9.3,14.8,22.8,40.4,39.7,False
B005,B005_M1,2025-02-26 20:00:00,35.36,16.96,9.4,17.6,15.5,66.5,40.5,False
B005,B005_M3,2025-02-26 21:00:00,41.28,14.5,9.1,14.1,29.0,45.1,24.2,False
B001,B001_M3,2025-02-27 08:00:00,157.29,11.64,7.5,17.9,16.9,73.6,48.2,False
B001,B001_M3,2025-02-27 09:00:00,185.0,18.35,7.2,14.4,17.2,48.7,11.0,False
B001,B001_M1,2025-02-27 10:00:00,259.51,9.19,10.2,14.8,23.1,50.8,47.6,False
B001,B001_M1,2025-02-27 11:00:00,252.21,,11.7,16.0,21.5,62.4,25.2,False
B001,B001_M3,2025-02-27 12:00:00,168.89,12.53,7.8,17.0,23.2,42.5,36.3,False
B001,B001_M3,2025-02-27 13:00:00,215.41,12.53,11.0,14.0,27.8,59.2,47.2,False
B001,B001_M2,2025-02-27 14:00:00,177.53,,9.0,13.9,22.7,64.2,36.1,False
B001,B001_M2,2025-02-27 15:00:00,218.74,17.52,8.0,15.0,20.2,56.9,13.3,False
B001,B001_M2,2025-02-27 16:00:00,179.44,,7.7,14.6,23.0,71.2,28.2,False
B001,B001_M2,2025-02-27 17:00:00,129.17,11.94,11.4,15.1,25.1,54.2,36.0,False
B001,B001_M2,2025-02-27 18:00:00,136.11,17.62,9.7,14.8,17.3,68.9,24.1,False
B001,B001_M1,2025-02-27 19:00:00,90.27,,10.0,16.8,25.7,55.2,11.0,False
B001,B001_M3,2025-02-27 20:00:00,137.91,14.82,11.0,15.6,16.7,58.3,40.6,False
B001,B001_M3,2025-02-27 21:00:00,140.65,8.87,10.1,16.4,22.6,76.7,32.8,False
B002,B002_M4,2025-02-27 08:00:00,89.62,8.0,9.6,15.4,16.0,48.9,19.2,False
B002,B002_M1,2025-02-27 09:00:00,138.23,,10.1,14.4,24.6,46.8,32.7,False
B002,B002_M2,2025-02-27 10:00:00,123.31,6.78,7.6,16.9,23.4,67.1,38.6,False
B002,B002_M4,2025-02-27 11:00:00,142.55,,10.6,16.4,18.7,43.3,49.3,False
B002,B002_M1,2025-02-27 12:00:00,266.6,14.35,12.0,14.1,28.4,74.3,11.0,True
B002,B002_M1,2025-02-27 13:00:00,126.36,15.03,9.5,14.7,29.1,63.0,47.1,False
B002,B002_M4,2025-02-27 14:00:00,127.2,8.45,7.0,16.2,17.2,54.4,41.5,False
B002,B002_M1,2025-02-27 15:00:00,93.0,12.76,7.2,12.7,18.1,57.1,46.3,False
B002,B002_M2,2025-02-27 16:00:00,99.53,6.47,7.7,17.7,25.3,64.2,12.6,False
B002,B002_M1,2025-02-27 17:00:00,92.53,6.98,9.2,13.3,23.6,44.0,35.7,False
B002,B002_M1,2025-02-27 18:00:00,79.0,6.12,9.0,17.5,29.2,67.5,45.7,False
B002,B002_M2,2025-02-27 19:00:00,63.86,14.58,9.4,15.9,19.4,75.0,24.2,False
B002,B002_M4,2025-02-27 20:00:00,72.98,,11.8,13.5,17.0,41.5,28.6,False
B002,B002_M1,2025-02-27 21:00:00,73.48,13.16,8.0,15.5,25.6,40.1,15.5,False
B003,B003_M2,2025-02-27 08:00:00,314.97,19.26,10.3,12.6,15.7,54.4,32.3,False
B003,B003_M2,2025-02-27 09:00:00,527.06,5.13,10.8,17.6,17.5,70.5,46.2,False
B003,B003_M1,2025-02-27 10:00:00,530.79,,9.7,17.8,25.8,65.4,13.7,False
B003,B003_M1,2025-02-27 11:00:00,495.49,6.72,9.7,15.4,16.2,79.7,32.3,False
B003,B003_M4,2025-02-27 12:00:00,535.12,12.6,8.5,15.2,23.6,42.9,30.7,False
B003,B003_M5,2025-02-27 13:00:00,484.9,10.07,8.7,12.0,22.0,66.9,11.4,False
B003,B003_M4,2025-02-27 14:00:00,430.02,,11.8,12.5,26.5,79.2,35.9,False
B003,B003_M4,2025-02-27 15:00:00,562.45,14.24,11.0,12.5,29.1,79.2,16.9,False
B003,B003_M5,2025-02-27 16:00:00,435.49,,10.9,12.9,28.3,62.2,34.2,False
B003,B003_M3,2025-02-27 17:00:00,524.58,8.79,8.2,16.8,18.6,79.1,10.6,False
B003,B003_M5,2025-02-27 18:00:00,243.06,13.58,7.4,16.2,28.2,65.0,31.2,False
B003,B003_M2,2025-02-27 19:00:00,292.25,11.21,9.7,14.5,25.7,76.4,23.0,False
B003,B003_M5,2025-02-27 20:00:00,325.19,9.61,7.1,13.6,21.9,51.5,32.3,False
B003,B003_M3,2025-02-27 21:00:00,272.99,19.9,9.0,13.1,21.9,70.1,12.6,False
B004,B004_M3,2025-02-27 08:00:00,196.81,7.13,10.0,15.8,20.7,46.5,29.4,False
B004,B004_M4,2025-02-27 09:00:00,368.32,,10.2,12.9,29.2,67.3,15.3,False
B004,B004_M2,2025-02-27 10:00:00,355.33,18.2,9.5,12.6,26.5,42.3,28.2,False
B004,B004_M2,2025-02-27 11:00:00,354.21,10.05,7.7,15.4,25.6,72.0,31.2,False
B004,B004_M4,2025-02-27 12:00:00,338.75,14.02,9.4,13.4,27.4,45.8,17.5,False
B004,B004_M3,2025-02-27 13:00:00,437.7,10.92,10.5,14.1,21.8,68.1,16.0,False
B004,B004_M1,2025-02-27 14:00:00,327.58,13.55,9.9,17.1,26.8,70.2,25.6,False
B004,B004_M5,2025-02-27 15:00:00,259.92,5.9,7.6,17.0,18.0,46.7,28.7,False
B004,B004_M2,2025-02-27 16:00:00,352.7,6.18,11.7,15.7,28.1,61.5,12.2,False
B004,B004_M4,2025-02-27 17:00:00,318.7,,11.6,12.2,18.9,66.7,23.3,False
B004,B004_M3,2025-02-27 18:00:00,194.15,6.21,9.8,16.9,25.6,51.9,48.1,False
B004,B004_M3,2025-02-27 19:00:00,230.68,5.26,11.2,14.3,25.5,79.8,26.5,False
B004,B004_M4,2025-02-27 20:00:00,166.08,,9.9,16.2,19.4,40.7,41.6,False
B004,B004_M3,2025-02-27 21:00:00,171.69,,9.7,16.1,18.8,54.0,42.4,False
B005,B005_M3,2025-02-27 08:00:00,40.2,15.12,9.5,12.4,26.9,53.1,27.4,False
B005,B005_M2,2025-02-27 09:00:00,63.49,15.31,7.2,14.1,19.6,76.7,21.6,False
B005,B005_M3,2025-02-27 10:00:00,56.78,6.95,10.2,12.4,25.9,44.3,17.6,False
B005,B005_M3,2025-02-27 11:00:00,121.16,8.18,7.7,17.9,19.3,72.5,13.3,True
B005,B005_M2,2025-02-27 12:00:00,57.29,,9.1,15.5,26.2,69.4,19.4,False
B005,B005_M5,2025-02-27 13:00:00,79.1,14.91,7.8,17.9,16.4,44.4,49.1,False
B005,B005_M5,2025-02-27 14:00:00,77.38,12.47,11.4,15.2,21.8,75.4,46.4,False
B005,B005_M4,2025-02-27 15:00:00,75.31,,10.1,17.0,28.3,59.7,19.6,False
B005,B005_M2,2025-02-27 16:00:00,62.8,13.07,10.2,18.0,18.8,46.8,39.9,False
B005,B005_M5,2025-02-27 17:00:00,57.85,10.82,8.3,13.3,27.5,44.2,25.7,False
B005,B005_M3,2025-02-27 18:00:00,41.78,13.04,10.2,15.0,15.7,48.3,10.5,False
B005,B005_M2,2025-02-27 19:00:00,48.9,9.69,10.0,12.7,18.7,46.7,48.4,False
B005,B005_M3,2025-02-27 20:00:00,25.67,10.47,11.8,16.8,15.0,52.2,29.9,False
B005,B005_M1,2025-02-27 21:00:00,50.76,12.69,8.7,17.0,15.4,71.2,39.6,False
B001,B001_M2,2025-02-28 08:00:00,155.9,10.36,8.6,17.2,24.2,75.2,28.3,False
B001,B001_M2,2025-02-28 09:00:00,159.6,11.4,10.8,13.7,15.3,78.9,48.7,False
B001,B001_M2,2025-02-28 10:00:00,224.23,,8.6,17.3,28.2,56.4,16.7,False
B001,B001_M3,2025-02-28 11:00:00,251.43,11.46,7.1,16.8,27.8,76.7,16.3,False
B001,B001_M2,2025-02-28 12:00:00,195.81,11.87,9.0,12.5,20.9,50.4,27.1,False
B001,B001_M3,2025-02-28 13:00:00,179.23,12.98,10.8,16.9,20.3,62.7,33.5,False
B001,B001_M2,2025-02-28 14:00:00,219.3,10.29,9.2,17.5,20.7,53.6,16.0,False
B001,B001_M2,2025-02-28 15:00:00,222.21,10.95,9.5,17.1,21.4,79.9,14.6,False
B001,B001_M1,2025-02-28 16:00:00,258.56,15.98,9.6,12.2,16.7,50.2,37.1,False
B001,B001_M2,2025-02-28 17:00:00,193.34,19.15,9.5,14.4,25.5,78.7,40.9,False
B001,B001_M2,2025-02-28 18:00:00,154.28,,10.5,13.6,27.8,58.8,32.0,False
B001,B001_M3,2025-02-28 19:00:00,370.45,16.36,9.0,14.6,29.9,64.6,13.1,True
B001,B001_M1,2025-02-28 20:00:00,119.97,,8.1,17.2,22.9,66.0,32.5,False
B001,B001_M1,2025-02-28 21:00:00,121.76,10.81,7.8,14.7,28.5,50.1,16.3,False
B002,B002_M1,2025-02-28 08:00:00,64.77,16.04,11.4,17.0,16.3,69.1,46.2,False
B002,B002_M4,2025-02-28 09:00:00,137.62,12.35,11.7,17.3,16.3,51.0,41.7,False
B002,B002_M3,2025-02-28 10:00:00,196.4,10.68,8.9,12.2,27.8,59.9,38.6,True
B002,B002_M1,2025-02-28 11:00:00,116.07,16.78,7.1,15.5,18.1,68.8,36.7,False
B002,B002_M2,2025-02-28 12:00:00,94.38,,8.6,16.7,16.4,58.1,38.9,False
B002,B002_M2,2025-02-28 13:00:00,125.13,,7.3,15.8,27.1,64.5,40.0,False
B002,B002_M1,2025-02-28 14:00:00,146.06,12.15,11.9,16.4,22.8,74.5,46.4,False
B002,B002_M1,2025-02-28 15:00:00,121.96,13.18,10.6,15.6,28.2,52.1,21.1,False
B002,B002_M2,2025-02-28 16:00:00,190.97,6.22,9.2,15.2,17.2,65.8,39.9,False
B002,B002_M4,2025-02-28 17:00:00,160.68,6.94,8.5,14.3,15.7,52.7,36.7,False
B002,B002_M3,2025-02-28 18:00:00,49.81,14.34,9.2,15.1,19.1,44.4,36.9,False
B002,B002_M1,2025-02-28 19:00:00,67.3,,11.3,14.6,28.0,62.0,48.4,False
B002,B002_M1,2025-02-28 20:00:00,74.6,9.5,9.3,15.4,28.6,52.7,35.5,False
B002,B002_M1,2025-02-28 21:00:00,71.7,18.55,11.5,17.6,16.4,45.1,44.6,False
B003,B003_M3,2025-02-28 08:00:00,297.55,8.43,7.7,16.6,18.1,64.9,35.3,False
B003,B003_M5,2025-02-28 09:00:00,444.41,7.0,10.9,17.4,21.1,71.0,42.1,False
B003,B003_M5,2025-02-28 10:00:00,1027.49,,10.9,16.1,27.9,68.2,31.0,True
B003,B003_M3,2025-02-28 11:00:00,371.81,,9.4,12.1,23.8,46.1,18.5,False
B003,B003_M5,2025-02-28 12:00:00,597.52,14.25,9.6,15.7,21.7,79.9,12.1,False
B003,B003_M1,2025-02-28 13:00:00,554.32,18.14,11.7,14.6,29.5,43.4,13.2,False
B003,B003_M2,2025-02-28 14:00:00,434.45,,10.1,16.0,17.6,55.1,19.4,False
B003,B003_M4,2025-02-28 15:00:00,988.67,16.49,11.8,15.6,19.5,77.3,48.2,True
B003,B003_M1,2025-02-28 16:00:00,564.18,,9.6,14.8,26.9,40.2,23.7,False
B003,B003_M1,2025-02-28 17:00:00,447.51,17.97,10.2,12.7,26.4,79.5,22.1,False
B003,B003_M5,2025-02-28 18:00:00,284.72,,8.3,12.7,27.3,41.4,15.8,False
B003,B003_M3,2025-02-28 19:00:00,296.13,6.88,10.8,13.5,16.3,47.2,14.0,False
B003,B003_M1,2025-02-28 20:00:00,215.41,,11.0,12.9,29.6,76.4,45.3,False
B003,B003_M1,2025-02-28 21:00:00,316.65,13.0,9.3,16.3,21.7,68.9,27.8,False
B004,B004_M3,2025-02-28 08:00:00,191.13,,7.2,12.4,20.9,68.1,10.5,False
B004,B004_M5,2025-02-28 09:00:00,343.38,8.41,10.2,15.9,22.8,41.6,45.9,False
B004,B004_M5,2025-02-28 10:00:00,301.85,18.87,8.4,14.6,22.0,59.9,17.3,False
B004,B004_M3,2025-02-28 11:00:00,278.49,,10.2,15.9,21.9,72.9,21.4,False
B004,B004_M4,2025-02-28 12:00:00,740.91,,8.8,12.9,19.4,73.1,19.3,True
B004,B004_M5,2025-02-28 13:00:00,292.29,17.01,11.2,17.8,15.3,57.9,49.2,False
B004,B004_M2,2025-02-28 14:00:00,260.06,9.23,7.2,14.3,18.4,52.7,40.1,False
B004,B004_M5,2025-02-28 15:00:00,263.17,14.27,9.9,12.2,23.4,66.8,25.1,False
B004,B004_M4,2025-02-28 16:00:00,451.98,10.68,11.8,17.9,18.2,41.1,17.3,False
B004,B004_M1,2025-02-28 17:00:00,260.16,14.96,7.2,15.2,18.8,62.5,26.7,False
B004,B004_M3,2025-02-28 18:00:00,314.24,17.22,11.5,16.9,27.4,56.9,47.6,True
B004,B004_M3,2025-02-28 19:00:00,168.47,15.72,8.2,12.5,24.6,79.9,38.6,False
B004,B004_M2,2025-02-28 20:00:00,191.07,10.04,9.3,13.5,26.1,42.2,43.4,False
B004,B004_M3,2025-02-28 21:00:00,194.59,13.95,10.2,18.0,23.1,42.5,45.6,False
B005,B005_M4,2025-02-28 08:00:00,33.86,9.41,10.5,12.9,20.3,44.0,42.5,False
B005,B005_M3,2025-02-28 09:00:00,79.68,,7.2,16.4,18.5,60.7,46.5,False
B005,B005_M2,2025-02-28 10:00:00,54.87,5.34,8.0,12.5,19.6,64.3,19.0,False
B005,B005_M1,2025-02-28 11:00:00,48.24,17.52,7.4,12.3,20.7,64.4,15.8,False
B005,B005_M5,2025-02-28 12:00:00,54.28,12.12,8.1,16.3,27.7,76.4,25.9,False
B005,B005_M5,2025-02-28 13:00:00,81.91,,10.2,12.1,15.0,51.0,32.2,False
B005,B005_M3,2025-02-28 14:00:00,57.76,,8.1,15.2,21.4,48.4,22.4,False
B005,B005_M2,2025-02-28 15:00:00,79.48,,9.1,16.9,15.9,53.7,18.5,False
B005,B005_M4,2025-02-28 16:00:00,74.48,,10.9,13.0,20.8,71.6,41.2,False
B005,B005_M3,2025-02-28 17:00:00,55.65,7.07,11.8,12.7,27.1,53.2,21.2,False
B005,B005_M5,2025-02-28 18:00:00,39.91,8.95,10.7,15.4,21.4,44.6,12.0,False
B005,B005_M3,2025-02-28 19:00:00,43.94,8.56,8.3,17.8,16.6,77.3,40.5,False
B005,B005_M5,2025-02-28 20:00:00,104.77,16.87,9.1,12.3,26.2,57.5,25.6,True
B005,B005_M3,2025-02-28 21:00:00,44.66,19.35,7.3,13.0,29.1,50.7,35.4,False
B001,B001_M1,2025-03-01 08:00:00,101.47,12.84,7.1,15.3,18.8,59.7,30.7,False
B001,B001_M3,2025-03-01 09:00:00,73.03,,8.9,15.3,19.0,55.8,16.3,False
B001,B001_M3,2025-03-01 10:00:00,103.41,,7.9,13.4,26.2,42.9,26.6,False
B001,B001_M1,2025-03-01 11:00:00,87.82,13.36,9.9,15.8,19.0,45.1,31.0,False
B001,B001_M2,2025-03-01 12:00:00,77.32,5.96,8.5,15.1,15.4,49.4,46.8,False
B001,B001_M1,2025-03-01 13:00:00,77.09,6.08,10.3,15.3,22.3,75.0,30.6,False
B001,B001_M3,2025-03-01 14:00:00,52.86,,10.3,12.5,19.0,77.0,10.9,False
B001,B001_M3,2025-03-01 15:00:00,91.36,11.66,7.7,14.0,25.0,46.1,33.1,False
B001,B001_M3,2025-03-01 16:00:00,61.83,11.88,10.2,16.5,18.9,66.4,48.0,False
B001,B001_M3,2025-03-01 17:00:00,122.24,17.02,10.0,15.9,24.8,66.1,35.0,False
B001,B001_M2,2025-03-01 18:00:00,84.73,13.04,7.4,15.3,15.4,42.3,12.8,False
B001,B001_M3,2025-03-01 19:00:00,92.75,,9.9,13.8,23.9,70.7,16.0,False
B001,B001_M2,2025-03-01 20:00:00,84.12,15.62,10.0,17.4,21.0,57.1,13.8,False
B001,B001_M2,2025-03-01 21:00:00,133.26,17.13,10.8,12.3,18.5,74.3,24.3,True
B002,B002_M3,2025-03-01 08:00:00,59.69,15.2,8.8,15.7,18.6,58.1,48.7,False
B002,B002_M1,2025-03-01 09:00:00,56.52,14.3,9.2,14.4,29.4,51.3,29.7,False
B002,B002_M4,2025-03-01 10:00:00,68.29,,11.7,17.1,17.7,59.7,36.6,False
B002,B002_M1,2025-03-01 11:00:00,67.84,16.07,9.7,17.1,18.3,69.6,45.1,False
B002,B002_M2,2025-03-01 12:00:00,71.67,,7.9,14.6,22.8,47.6,34.2,False
B002,B002_M3,2025-03-01 13:00:00,47.72,8.24,9.8,12.6,27.6,64.2,33.2,False
B002,B002_M4,2025-03-01 14:00:00,72.12,,11.3,18.0,24.4,56.8,34.4,False
B002,B002_M4,2025-03-01 15:00:00,80.48,,8.6,12.9,22.4,71.7,35.3,False
B002,B002_M2,2025-03-01 16:00:00,55.21,11.03,7.9,12.0,27.1,69.6,30.7,False
B002,B002_M1,2025-03-01 17:00:00,51.58,18.95,7.5,14.4,27.9,45.5,24.9,False
B002,B002_M1,2025-03-01 18:00:00,68.93,14.65,8.5,15.6,16.7,79.9,44.5,False
B002,B002_M2,2025-03-01 19:00:00,84.79,16.44,8.7,13.4,29.0,67.2,36.9,False
B002,B002_M2,2025-03-01 20:00:00,74.17,,7.7,15.4,27.0,76.5,44.5,False
B002,B002_M3,2025-03-01 21:00:00,45.58,,7.7,17.2,15.7,65.5,12.1,False
B003,B003_M5,2025-03-01 08:00:00,158.02,12.9,10.1,16.0,24.2,41.2,39.3,False
B003,B003_M2,2025-03-01 09:00:00,181.43,,10.6,14.3,17.9,57.4,38.1,False
B003,B003_M2,2025-03-01 10:00:00,218.98,15.29,7.9,13.6,19.5,43.8,25.5,False
B003,B003_M2,2025-03-01 11:00:00,270.71,11.43,11.2,16.1,22.0,78.7,29.0,False
B003,B003_M5,2025-03-01 12:00:00,201.71,16.99,11.2,17.0,22.3,51.2,41.5,False
B003,B003_M3,2025-03-01 13:00:00,141.8,,8.4,16.2,18.7,68.1,35.0,False
B003,B003_M3,2025-03-01 14:00:00,159.39,5.22,9.2,16.8,24.3,61.7,48.9,False
B003,B003_M3,2025-03-01 15:00:00,222.99,18.17,10.3,12.7,17.7,65.9,24.9,False
B003,B003_M1,2025-03-01 16:00:00,198.28,,8.6,17.9,15.5,41.0,14.9,False
B003,B003_M1,2025-03-01 17:00:00,181.4,10.07,7.6,16.8,15.7,74.5,48.6,False
B003,B003_M3,2025-03-01 18:00:00,167.67,5.75,9.4,17.9,15.4,77.9,27.8,False
B003,B003_M3,2025-03-01 19:00:00,244.21,,11.5,12.7,20.5,76.0,32.5,False
B003,B003_M2,2025-03-01 20:00:00,256.18,10.41,11.4,12.5,18.0,70.8,23.4,False
B003,B003_M1,2025-03-01 21:00:00,180.86,,10.8,16.1,29.5,48.4,34.7,False
B004,B004_M3,2025-03-01 08:00:00,128.99,,7.0,15.8,20.4,57.4,35.3,False
B004,B004_M2,2025-03-01 09:00:00,196.93,14.75,9.9,13.0,24.0,75.9,44.0,False
B004,B004_M1,2025-03-01 10:00:00,159.55,9.97,11.7,13.4,19.9,71.4,12.6,False
B004,B004_M3,2025-03-01 11:00:00,158.94,13.4,10.8,13.5,22.1,55.3,26.2,False
B004,B004_M1,2025-03-01 12:00:00,191.23,,9.9,13.3,26.5,45.4,28.7,False
B004,B004_M1,2025-03-01 13:00:00,124.79,,9.7,12.2,16.4,77.3,24.6,False
B004,B004_M5,2025-03-01 14:00:00,148.66,,8.8,15.9,29.9,48.1,45.6,False
B004,B004_M2,2025-03-01 15:00:00,157.71,8.86,8.9,14.3,26.0,47.2,23.2,False
B004,B004_M2,2025-03-01 16:00:00,163.33,,9.2,13.0,26.1,54.3,44.3,False
B004,B004_M5,2025-03-01 17:00:00,158.64,,10.1,15.5,29.1,60.5,14.1,False
B004,B004_M2,2025-03-01 18:00:00,141.49,17.76,8.6,15.8,25.8,58.6,33.9,False
B004,B004_M3,2025-03-01 19:00:00,119.1,,10.8,16.9,15.0,43.1,45.4,False
B004,B004_M3,2025-03-01 20:00:00,312.62,13.08,8.2,16.3,29.8,75.6,45.7,True
B004,B004_M1,2025-03-01 21:00:00,164.84,11.24,9.2,16.6,19.2,75.4,46.5,False
B005,B005_M5,2025-03-01 08:00:00,36.71,8.17,9.6,13.6,16.6,65.2,25.2,False
B005,B005_M3,2025-03-01 09:00:00,22.5,,10.9,17.8,20.4,75.8,23.1,False
B005,B005_M4,2025-03-01 10:00:00,38.21,10.92,7.5,17.1,19.8,48.5,26.1,False
B005,B005_M4,2025-03-01 11:00:00,34.76,15.59,8.4,15.1,29.5,52.1,18.4,False
B005,B005_M5,2025-03-01 12:00:00,32.54,16.95,11.7,13.0,27.7,72.9,37.4,False
B005,B005_M5,2025-03-01 13:00:00,27.92,12.16,7.9,12.9,29.5,71.8,14.8,False
B005,B005_M3,2025-03-01 14:00:00,38.04,18.5,8.1,14.1,15.8,79.5,34.9,False
B005,B005_M2,2025-03-01 15:00:00,36.04,,7.2,12.2,17.5,45.5,38.9,False
B005,B005_M5,2025-03-01 16:00:00,28.65,,8.8,14.6,20.7,46.1,35.9,False
B005,B005_M5,2025-03-01 17:00:00,27.59,,8.3,16.3,30.0,47.7,30.5,False
B005,B005_M4,2025-03-01 18:00:00,35.35,17.56,9.4,17.5,29.6,50.2,23.5,False
B005,B005_M3,2025-03-01 19:00:00,28.68,8.89,9.0,17.7,15.7,77.8,43.2,False
B005,B005_M5,2025-03-01 20:00:00,23.19,5.4,7.9,13.0,17.7,71.9,29.5,False
B005,B005_M2,2025-03-01 21:00:00,40.52,,10.9,13.2,23.6,50.8,39.3,False
