建筑编号,建筑类型,监测时间,电力能耗_kWh,水耗_m3,空调系统能耗_kWh,空调出水温度_℃,空调回水温度_℃,环境温度_℃,湿度_%RH,人员密度_人/100㎡,设备编号,运行状态
OFF-01,办公楼,2026-07-01 00:00,17.27,1.36,0.0,7.0,11.6,25.0,59.4,4.9,OFF-01_METER,正常
OFF-02,办公楼,2026-07-01 00:00,23.62,1.04,0.0,8.6,11.9,25.0,62.3,1.8,OFF-02_METER,正常
OFF-03,办公楼,2026-07-01 00:00,18.81,1.24,0.0,6.0,10.5,25.0,67.5,0.6,OFF-03_METER,正常
OFF-04,办公楼,2026-07-01 00:00,24.24,1.1,0.0,9.2,13.9,25.0,68.2,2.8,OFF-04_METER,正常
OFF-05,办公楼,2026-07-01 00:00,17.82,0.93,0.0,6.5,11.5,25.0,59.3,4.7,OFF-05_METER,正常
TEACH-01,教学楼,2026-07-01 00:00,19.57,2.13,0.0,5.2,10.0,25.0,66.4,0.1,TEACH-01_METER,正常
TEACH-02,教学楼,2026-07-01 00:00,12.21,1.94,0.0,6.9,11.7,25.2,75.0,1.2,TEACH-02_METER,正常
TEACH-03,教学楼,2026-07-01 00:00,22.12,2.22,0.0,7.3,11.5,25.0,50.0,0.5,TEACH-03_METER,正常
LIB-01,公共机构,2026-07-01 00:00,35.89,1.53,0.0,6.6,11.3,25.0,64.2,3.8,LIB-01_METER,正常
GYM-01,公共机构,2026-07-01 00:00,21.45,1.57,0.0,7.7,12.4,25.0,68.7,3.7,GYM-01_METER,正常
OFF-01,办公楼,2026-07-01 01:00,24.85,1.09,0.0,5.9,11.1,25.0,68.5,4.7,OFF-01_METER,正常
OFF-02,办公楼,2026-07-01 01:00,27.71,0.95,0.5,6.9,11.0,26.9,69.9,2.4,OFF-02_METER,正常
OFF-03,办公楼,2026-07-01 01:00,21.41,1.36,0.0,6.0,11.6,25.0,68.4,3.6,OFF-03_METER,正常
OFF-04,办公楼,2026-07-01 01:00,27.58,1.01,0.0,7.8,11.5,25.0,65.0,3.5,OFF-04_METER,正常
OFF-05,办公楼,2026-07-01 01:00,21.35,0.95,0.0,7.3,12.5,25.0,64.0,4.3,OFF-05_METER,正常
TEACH-01,教学楼,2026-07-01 01:00,20.33,2.83,0.0,6.8,10.6,25.0,71.2,1.5,TEACH-01_METER,正常
TEACH-02,教学楼,2026-07-01 01:00,12.57,2.44,0.0,7.9,12.0,25.0,72.3,1.7,TEACH-02_METER,正常
TEACH-03,教学楼,2026-07-01 01:00,14.51,2.28,0.0,6.6,10.8,25.0,68.3,1.9,TEACH-03_METER,正常
LIB-01,公共机构,2026-07-01 01:00,20.43,1.51,0.0,7.5,11.6,25.0,68.7,1.0,LIB-01_METER,正常
GYM-01,公共机构,2026-07-01 01:00,22.1,2.11,0.0,7.4,11.5,25.0,70.2,0.6,GYM-01_METER,正常
OFF-01,办公楼,2026-07-01 02:00,18.8,1.0,0.72,6.3,10.3,27.3,77.4,2.9,OFF-01_METER,正常
OFF-02,办公楼,2026-07-01 02:00,24.4,1.3,0.0,6.7,10.4,25.0,67.9,3.9,OFF-02_METER,正常
OFF-03,办公楼,2026-07-01 02:00,18.28,1.1,0.86,6.0,10.3,27.6,80.0,3.7,OFF-03_METER,正常
OFF-04,办公楼,2026-07-01 02:00,18.93,1.02,0.0,8.5,14.0,25.0,76.6,3.2,OFF-04_METER,正常
OFF-05,办公楼,2026-07-01 02:00,27.24,1.02,0.37,6.5,11.5,26.7,65.3,0.8,OFF-05_METER,正常
TEACH-01,教学楼,2026-07-01 02:00,21.43,1.81,0.0,6.7,11.8,25.7,73.8,0.8,TEACH-01_METER,正常
TEACH-02,教学楼,2026-07-01 02:00,18.82,2.02,0.0,8.0,11.7,25.5,56.7,0.8,TEACH-02_METER,正常
TEACH-03,教学楼,2026-07-01 02:00,14.85,1.91,0.0,6.8,10.8,25.3,60.0,1.2,TEACH-03_METER,正常
LIB-01,公共机构,2026-07-01 02:00,30.79,1.8,0.0,7.2,11.6,25.0,66.6,1.2,LIB-01_METER,正常
GYM-01,公共机构,2026-07-01 02:00,37.79,1.92,0.0,7.3,12.3,25.7,73.7,4.5,GYM-01_METER,正常
OFF-01,办公楼,2026-07-01 03:00,24.64,0.96,0.0,6.2,11.0,25.0,71.9,4.3,OFF-01_METER,正常
OFF-02,办公楼,2026-07-01 03:00,16.27,1.08,0.0,7.1,11.4,25.0,71.8,4.3,OFF-02_METER,正常
OFF-03,办公楼,2026-07-01 03:00,24.2,1.39,0.39,7.3,11.8,26.7,74.5,3.6,OFF-03_METER,正常
OFF-04,办公楼,2026-07-01 03:00,25.26,1.04,0.68,7.1,12.0,27.2,68.1,0.5,OFF-04_METER,正常
OFF-05,办公楼,2026-07-01 03:00,14.15,1.28,0.0,5.9,10.0,25.0,64.2,4.5,OFF-05_METER,正常
TEACH-01,教学楼,2026-07-01 03:00,19.13,1.95,2.42,6.1,10.0,29.6,78.3,0.6,TEACH-01_METER,正常
TEACH-02,教学楼,2026-07-01 03:00,24.42,2.53,0.0,8.0,12.1,25.3,61.2,0.7,TEACH-02_METER,正常
TEACH-03,教学楼,2026-07-01 03:00,12.03,1.88,0.0,7.0,12.4,25.9,71.1,0.9,TEACH-03_METER,异常
LIB-01,公共机构,2026-07-01 03:00,35.39,1.54,0.66,7.9,14.0,27.3,65.9,4.8,LIB-01_METER,正常
GYM-01,公共机构,2026-07-01 03:00,39.48,2.31,0.75,8.0,12.9,27.3,59.3,4.5,GYM-01_METER,正常
OFF-01,办公楼,2026-07-01 04:00,21.54,1.38,0.0,6.6,11.0,25.9,68.0,1.5,OFF-01_METER,正常
OFF-02,办公楼,2026-07-01 04:00,33.66,1.06,0.28,6.9,11.2,26.5,76.6,0.7,OFF-02_METER,正常
OFF-03,办公楼,2026-07-01 04:00,20.94,0.91,0.02,5.5,10.0,26.0,65.4,0.6,OFF-03_METER,正常
OFF-04,办公楼,2026-07-01 04:00,28.67,1.16,0.25,8.1,12.6,26.5,77.3,1.5,OFF-04_METER,正常
OFF-05,办公楼,2026-07-01 04:00,18.9,1.21,0.35,7.6,12.1,26.6,71.4,1.6,OFF-05_METER,正常
TEACH-01,教学楼,2026-07-01 04:00,10.01,1.96,0.0,6.5,10.0,25.0,72.8,1.3,TEACH-01_METER,正常
TEACH-02,教学楼,2026-07-01 04:00,12.29,2.44,0.0,7.4,11.9,26.0,63.9,0.7,TEACH-02_METER,正常
TEACH-03,教学楼,2026-07-01 04:00,9.01,1.98,0.99,7.5,11.4,27.4,70.7,0.9,TEACH-03_METER,正常
LIB-01,公共机构,2026-07-01 04:00,32.53,1.52,0.72,6.5,11.3,27.4,72.8,4.8,LIB-01_METER,正常
GYM-01,公共机构,2026-07-01 04:00,37.92,1.57,0.37,7.0,11.2,26.7,71.4,3.7,GYM-01_METER,正常
OFF-01,办公楼,2026-07-01 05:00,27.69,1.2,1.97,6.4,11.6,29.7,77.5,4.5,OFF-01_METER,正常
OFF-02,办公楼,2026-07-01 05:00,20.73,1.11,0.43,7.4,12.9,26.8,68.7,4.7,OFF-02_METER,正常
OFF-03,办公楼,2026-07-01 05:00,20.13,1.3,1.21,6.3,11.4,28.3,77.4,2.4,OFF-03_METER,正常
OFF-04,办公楼,2026-07-01 05:00,24.74,2.85,0.0,5.9,10.6,25.0,69.1,4.3,OFF-04_METER,正常
OFF-05,办公楼,2026-07-01 05:00,22.46,1.41,0.0,5.7,10.4,25.7,67.7,1.1,OFF-05_METER,正常
TEACH-01,教学楼,2026-07-01 05:00,27.05,2.68,1.49,7.6,13.5,28.0,79.8,0.1,TEACH-01_METER,正常
TEACH-02,教学楼,2026-07-01 05:00,15.32,1.95,0.0,7.6,11.9,25.7,68.1,1.1,TEACH-02_METER,正常
TEACH-03,教学楼,2026-07-01 05:00,10.95,2.02,0.0,8.0,11.9,25.0,66.3,0.6,TEACH-03_METER,正常
LIB-01,公共机构,2026-07-01 05:00,30.04,2.02,1.19,6.7,10.5,28.2,68.0,3.2,LIB-01_METER,正常
GYM-01,公共机构,2026-07-01 05:00,38.61,2.04,0.86,7.0,11.5,27.6,74.0,2.1,GYM-01_METER,正常
OFF-01,办公楼,2026-07-01 06:00,17.73,1.4,0.64,6.6,10.7,27.2,62.7,1.1,OFF-01_METER,正常
OFF-02,办公楼,2026-07-01 06:00,25.36,1.11,1.38,8.3,12.1,28.6,73.7,4.9,OFF-02_METER,异常
OFF-03,办公楼,2026-07-01 06:00,19.4,1.44,1.93,6.8,10.1,29.6,72.7,1.2,OFF-03_METER,正常
OFF-04,办公楼,2026-07-01 06:00,22.56,1.05,2.26,8.1,12.2,30.1,66.5,4.2,OFF-04_METER,正常
OFF-05,办公楼,2026-07-01 06:00,34.68,1.03,0.83,7.1,11.3,27.6,80.9,2.2,OFF-05_METER,正常
TEACH-01,教学楼,2026-07-01 06:00,14.36,2.77,0.36,6.7,10.9,26.5,73.0,2.0,TEACH-01_METER,正常
TEACH-02,教学楼,2026-07-01 06:00,12.13,2.54,0.62,7.4,12.0,26.8,70.0,1.8,TEACH-02_METER,正常
TEACH-03,教学楼,2026-07-01 06:00,10.17,1.96,3.84,5.6,10.0,31.4,73.6,0.7,TEACH-03_METER,正常
LIB-01,公共机构,2026-07-01 06:00,31.34,1.59,0.98,6.8,11.2,27.8,61.7,0.9,LIB-01_METER,正常
GYM-01,公共机构,2026-07-01 06:00,39.08,1.62,0.91,7.7,12.0,27.7,71.3,0.9,GYM-01_METER,正常
OFF-01,办公楼,2026-07-01 07:00,24.09,1.13,2.71,5.5,10.0,31.0,86.1,4.2,OFF-01_METER,正常
OFF-02,办公楼,2026-07-01 07:00,26.68,1.48,1.45,5.3,10.1,28.7,77.2,3.3,OFF-02_METER,正常
OFF-03,办公楼,2026-07-01 07:00,26.37,1.16,1.82,7.4,12.0,29.3,74.6,1.5,OFF-03_METER,正常
OFF-04,办公楼,2026-07-01 07:00,31.69,1.08,3.54,6.8,11.7,32.3,71.4,2.2,OFF-04_METER,正常
OFF-05,办公楼,2026-07-01 07:00,29.62,1.13,1.78,7.6,12.5,29.1,71.0,0.7,OFF-05_METER,正常
TEACH-01,教学楼,2026-07-01 07:00,16.77,1.93,4.97,7.1,11.0,32.9,76.8,1.4,TEACH-01_METER,正常
TEACH-02,教学楼,2026-07-01 07:00,20.9,2.27,3.94,7.5,10.7,31.6,71.1,0.6,TEACH-02_METER,正常
TEACH-03,教学楼,2026-07-01 07:00,24.37,2.23,4.52,6.9,10.6,32.0,80.3,1.7,TEACH-03_METER,正常
LIB-01,公共机构,2026-07-01 07:00,35.74,1.65,2.28,7.8,13.1,30.2,76.1,3.1,LIB-01_METER,正常
GYM-01,公共机构,2026-07-01 07:00,37.13,1.83,2.52,7.1,11.8,30.6,74.6,2.8,GYM-01_METER,正常
OFF-01,办公楼,2026-07-01 08:00,59.81,3.81,2.52,8.1,12.0,30.9,78.1,18.2,OFF-01_METER,正常
OFF-02,办公楼,2026-07-01 08:00,93.14,2.97,1.01,7.1,10.7,28.0,70.5,16.4,OFF-02_METER,正常
OFF-03,办公楼,2026-07-01 08:00,63.51,2.9,1.66,6.4,12.1,29.0,74.2,20.4,OFF-03_METER,正常
OFF-04,办公楼,2026-07-01 08:00,99.16,2.73,1.0,5.5,10.0,27.8,73.8,19.2,OFF-04_METER,正常
OFF-05,办公楼,2026-07-01 08:00,92.33,2.98,1.39,6.1,10.0,28.6,70.4,15.6,OFF-05_METER,正常
TEACH-01,教学楼,2026-07-01 08:00,120.36,5.49,2.47,6.9,10.9,29.4,70.2,26.0,TEACH-01_METER,正常
TEACH-02,教学楼,2026-07-01 08:00,99.81,5.81,2.96,7.3,12.9,30.3,73.4,29.9,TEACH-02_METER,正常
TEACH-03,教学楼,2026-07-01 08:00,137.28,5.44,2.06,7.8,11.9,28.9,71.5,33.4,TEACH-03_METER,正常
LIB-01,公共机构,2026-07-01 08:00,38.7,5.02,1.72,6.6,11.8,29.1,76.2,16.9,LIB-01_METER,正常
GYM-01,公共机构,2026-07-01 08:00,34.07,4.68,1.01,8.2,12.7,27.9,74.4,18.4,GYM-01_METER,正常
OFF-01,办公楼,2026-07-01 09:00,92.91,3.75,2.38,5.5,10.3,29.5,76.8,18.5,OFF-01_METER,异常
OFF-02,办公楼,2026-07-01 09:00,89.94,3.29,2.6,6.9,11.3,29.5,66.3,24.5,OFF-02_METER,正常
OFF-03,办公楼,2026-07-01 09:00,84.69,2.98,1.67,6.1,10.9,28.4,64.8,19.5,OFF-03_METER,正常
OFF-04,办公楼,2026-07-01 09:00,101.46,3.39,3.14,6.5,10.9,30.6,73.5,23.8,OFF-04_METER,正常
OFF-05,办公楼,2026-07-01 09:00,79.98,2.71,3.35,8.7,12.9,30.6,68.0,24.5,OFF-05_METER,正常
TEACH-01,教学楼,2026-07-01 09:00,104.45,6.47,4.01,8.6,12.8,30.5,75.6,27.8,TEACH-01_METER,正常
TEACH-02,教学楼,2026-07-01 09:00,114.96,5.47,4.73,6.7,10.8,31.3,80.0,29.7,TEACH-02_METER,正常
TEACH-03,教学楼,2026-07-01 09:00,126.22,5.53,3.66,5.8,10.0,29.8,73.4,30.9,TEACH-03_METER,正常
LIB-01,公共机构,2026-07-01 09:00,95.0,5.45,1.95,8.1,10.9,28.8,69.6,16.2,LIB-01_METER,正常
GYM-01,公共机构,2026-07-01 09:00,96.73,4.62,0.38,8.0,13.0,26.5,77.9,15.3,GYM-01_METER,正常
OFF-01,办公楼,2026-07-01 10:00,64.28,3.89,3.56,6.8,11.9,30.8,73.7,22.3,OFF-01_METER,正常
OFF-02,办公楼,2026-07-01 10:00,78.38,2.73,4.71,7.3,11.9,32.4,74.7,22.6,OFF-02_METER,正常
OFF-03,办公楼,2026-07-01 10:00,97.4,3.02,3.86,6.8,12.3,31.3,79.2,16.6,OFF-03_METER,正常
OFF-04,办公楼,2026-07-01 10:00,102.22,3.14,5.8,6.0,12.0,34.7,69.9,17.4,OFF-04_METER,正常
OFF-05,办公楼,2026-07-01 10:00,94.82,2.95,4.47,7.0,10.7,32.2,70.1,24.7,OFF-05_METER,正常
TEACH-01,教学楼,2026-07-01 10:00,115.82,5.82,5.04,8.1,13.3,31.2,74.3,27.8,TEACH-01_METER,正常
TEACH-02,教学楼,2026-07-01 10:00,92.38,6.0,4.96,7.4,11.4,31.2,79.0,37.3,TEACH-02_METER,正常
TEACH-03,教学楼,2026-07-01 10:00,116.13,5.55,4.98,6.8,11.9,31.3,67.3,38.9,TEACH-03_METER,正常
LIB-01,公共机构,2026-07-01 10:00,89.75,4.65,2.75,5.9,10.3,30.0,64.7,16.2,LIB-01_METER,正常
GYM-01,公共机构,2026-07-01 10:00,73.17,4.78,3.91,5.9,10.4,31.5,69.4,17.7,GYM-01_METER,正常
OFF-01,办公楼,2026-07-01 11:00,98.73,2.86,5.67,7.3,11.2,34.5,69.9,24.6,OFF-01_METER,正常
OFF-02,办公楼,2026-07-01 11:00,88.97,2.73,4.84,7.5,12.8,32.9,81.0,18.2,OFF-02_METER,正常
OFF-03,办公楼,2026-07-01 11:00,92.53,2.9,4.02,7.0,11.2,31.9,76.4,16.3,OFF-03_METER,正常
OFF-04,办公楼,2026-07-01 11:00,93.22,3.09,5.66,5.9,12.2,34.5,83.9,23.4,OFF-04_METER,正常
OFF-05,办公楼,2026-07-01 11:00,93.3,3.09,1.9,5.6,10.4,28.8,70.9,23.5,OFF-05_METER,正常
TEACH-01,教学楼,2026-07-01 11:00,113.08,5.5,6.84,8.5,13.3,33.2,82.7,39.5,TEACH-01_METER,正常
TEACH-02,教学楼,2026-07-01 11:00,116.72,5.58,6.24,8.1,11.9,32.4,71.7,28.6,TEACH-02_METER,正常
TEACH-03,教学楼,2026-07-01 11:00,115.31,6.83,1.35,6.7,11.2,27.5,67.4,31.1,TEACH-03_METER,正常
LIB-01,公共机构,2026-07-01 11:00,66.48,4.78,4.36,7.5,12.5,32.4,63.0,19.9,LIB-01_METER,正常
GYM-01,公共机构,2026-07-01 11:00,71.63,4.52,3.42,7.9,12.3,30.7,72.6,15.8,GYM-01_METER,正常
OFF-01,办公楼,2026-07-01 12:00,74.15,3.74,2.14,8.4,12.8,29.0,68.4,21.2,OFF-01_METER,正常
OFF-02,办公楼,2026-07-01 12:00,79.04,2.86,3.36,6.3,10.3,30.7,77.3,19.6,OFF-02_METER,正常
OFF-03,办公楼,2026-07-01 12:00,65.01,2.91,4.79,7.4,12.2,32.5,79.0,17.6,OFF-03_METER,正常
OFF-04,办公楼,2026-07-01 12:00,86.75,2.74,4.51,6.8,12.0,32.6,92.7,22.3,OFF-04_METER,正常
OFF-05,办公楼,2026-07-01 12:00,76.48,2.84,3.85,6.5,11.9,31.5,71.2,17.7,OFF-05_METER,正常
TEACH-01,教学楼,2026-07-01 12:00,112.53,6.73,6.06,7.9,12.7,32.4,68.5,34.9,TEACH-01_METER,正常
TEACH-02,教学楼,2026-07-01 12:00,101.45,5.44,5.42,7.2,10.9,31.7,80.9,35.8,TEACH-02_METER,正常
TEACH-03,教学楼,2026-07-01 12:00,89.79,5.4,6.01,7.6,12.7,32.3,74.7,39.1,TEACH-03_METER,正常
LIB-01,公共机构,2026-07-01 12:00,59.22,4.55,1.47,5.6,10.1,28.2,74.6,10.9,LIB-01_METER,正常
GYM-01,公共机构,2026-07-01 12:00,78.4,5.14,4.12,7.6,12.2,31.7,70.9,20.0,GYM-01_METER,正常
OFF-01,办公楼,2026-07-01 13:00,84.99,2.73,5.82,6.8,12.7,33.9,79.9,20.2,OFF-01_METER,正常
OFF-02,办公楼,2026-07-01 13:00,93.57,3.72,5.44,6.3,12.5,33.7,78.1,17.1,OFF-02_METER,正常
OFF-03,办公楼,2026-07-01 13:00,102.68,3.81,5.42,7.6,12.8,33.3,81.7,16.1,OFF-03_METER,正常
OFF-04,办公楼,2026-07-01 13:00,73.22,2.88,5.19,6.5,11.9,33.2,66.3,21.7,OFF-04_METER,正常
OFF-05,办公楼,2026-07-01 13:00,96.8,3.0,2.56,7.4,11.4,29.6,70.2,16.6,OFF-05_METER,正常
TEACH-01,教学楼,2026-07-01 13:00,148.01,5.54,7.1,6.1,10.7,33.3,76.3,37.9,TEACH-01_METER,正常
TEACH-02,教学楼,2026-07-01 13:00,134.98,5.58,6.46,7.2,11.7,33.0,72.7,25.7,TEACH-02_METER,正常
TEACH-03,教学楼,2026-07-01 13:00,123.14,5.46,5.52,7.3,13.0,31.8,77.0,39.3,TEACH-03_METER,正常
LIB-01,公共机构,2026-07-01 13:00,96.64,4.59,5.17,7.5,10.9,33.0,80.0,12.9,LIB-01_METER,正常
GYM-01,公共机构,2026-07-01 13:00,83.23,4.53,4.59,6.1,11.1,32.7,69.8,12.4,GYM-01_METER,正常
OFF-01,办公楼,2026-07-01 14:00,88.13,2.87,5.01,5.1,10.0,32.9,76.3,24.1,OFF-01_METER,正常
OFF-02,办公楼,2026-07-01 14:00,64.98,2.89,4.97,7.2,10.9,32.8,79.0,23.5,OFF-02_METER,正常
OFF-03,办公楼,2026-07-01 14:00,79.8,2.86,5.57,6.6,11.5,33.7,75.1,17.0,OFF-03_METER,正常
OFF-04,办公楼,2026-07-01 14:00,84.46,2.75,5.12,5.9,10.0,33.2,83.7,18.0,OFF-04_METER,正常
OFF-05,办公楼,2026-07-01 14:00,92.31,2.71,4.28,5.5,10.9,31.9,69.0,16.9,OFF-05_METER,正常
TEACH-01,教学楼,2026-07-01 14:00,115.35,5.51,7.54,7.4,10.4,33.8,74.5,27.7,TEACH-01_METER,正常
TEACH-02,教学楼,2026-07-01 14:00,137.03,6.2,6.06,6.7,10.9,32.7,67.8,28.5,TEACH-02_METER,正常
TEACH-03,教学楼,2026-07-01 14:00,117.92,5.46,8.11,8.1,12.1,34.6,71.8,31.1,TEACH-03_METER,正常
LIB-01,公共机构,2026-07-01 14:00,110.56,4.51,5.76,7.9,12.7,34.1,84.8,18.0,LIB-01_METER,正常
GYM-01,公共机构,2026-07-01 14:00,104.89,5.17,7.12,6.1,12.0,36.0,81.8,10.7,GYM-01_METER,正常
OFF-01,办公楼,2026-07-01 15:00,89.95,3.1,4.92,6.2,10.8,33.1,75.5,23.9,OFF-01_METER,正常
OFF-02,办公楼,2026-07-01 15:00,90.03,2.74,5.97,6.2,11.2,34.2,82.6,17.0,OFF-02_METER,正常
OFF-03,办公楼,2026-07-01 15:00,70.83,2.7,5.55,8.2,13.4,33.7,74.8,23.5,OFF-03_METER,正常
OFF-04,办公楼,2026-07-01 15:00,71.17,2.88,4.08,7.5,13.8,32.0,71.6,19.9,OFF-04_METER,正常
OFF-05,办公楼,2026-07-01 15:00,79.66,2.95,4.45,5.0,10.0,32.5,65.6,20.5,OFF-05_METER,正常
TEACH-01,教学楼,2026-07-01 15:00,96.81,5.46,6.54,7.5,12.3,32.9,77.5,39.9,TEACH-01_METER,正常
TEACH-02,教学楼,2026-07-01 15:00,97.57,5.62,6.14,8.1,12.9,32.6,76.7,34.8,TEACH-02_METER,正常
TEACH-03,教学楼,2026-07-01 15:00,118.44,5.98,6.65,6.3,10.2,33.0,89.7,34.5,TEACH-03_METER,正常
LIB-01,公共机构,2026-07-01 15:00,101.68,4.95,6.29,7.4,12.6,35.5,71.3,14.0,LIB-01_METER,正常
GYM-01,公共机构,2026-07-01 15:00,97.68,4.84,4.46,6.8,11.0,32.0,77.6,17.8,GYM-01_METER,正常
OFF-01,办公楼,2026-07-01 16:00,75.55,2.86,4.65,8.6,13.1,32.8,77.4,22.9,OFF-01_METER,正常
OFF-02,办公楼,2026-07-01 16:00,70.94,2.73,5.51,7.0,11.2,33.8,80.2,19.1,OFF-02_METER,正常
OFF-03,办公楼,2026-07-01 16:00,99.99,2.73,3.13,7.5,12.5,30.4,71.4,21.9,OFF-03_METER,正常
OFF-04,办公楼,2026-07-01 16:00,89.17,3.01,6.82,7.8,12.6,36.0,76.1,19.8,OFF-04_METER,正常
OFF-05,办公楼,2026-07-01 16:00,108.92,2.76,5.88,7.0,11.5,34.1,75.1,22.8,OFF-05_METER,正常
TEACH-01,教学楼,2026-07-01 16:00,126.71,5.41,9.8,7.0,10.6,36.0,89.4,37.7,TEACH-01_METER,正常
TEACH-02,教学楼,2026-07-01 16:00,121.36,6.08,7.83,5.5,10.0,34.1,79.8,31.3,TEACH-02_METER,正常
TEACH-03,教学楼,2026-07-01 16:00,102.86,6.45,9.04,5.9,10.0,36.0,74.9,27.3,TEACH-03_METER,正常
LIB-01,公共机构,2026-07-01 16:00,108.41,4.86,6.31,6.9,11.8,35.1,86.8,17.0,LIB-01_METER,正常
GYM-01,公共机构,2026-07-01 16:00,72.04,4.54,4.02,6.9,11.9,31.7,75.7,17.7,GYM-01_METER,正常
OFF-01,办公楼,2026-07-01 17:00,102.79,2.87,7.27,6.4,11.4,36.0,82.1,23.3,OFF-01_METER,正常
OFF-02,办公楼,2026-07-01 17:00,104.38,2.79,5.63,6.8,11.3,34.4,82.7,20.3,OFF-02_METER,正常
OFF-03,办公楼,2026-07-01 17:00,85.37,2.82,5.43,8.4,12.2,33.5,70.8,24.4,OFF-03_METER,正常
OFF-04,办公楼,2026-07-01 17:00,88.37,3.53,6.14,5.5,10.0,34.4,80.2,19.0,OFF-04_METER,正常
OFF-05,办公楼,2026-07-01 17:00,100.88,3.37,5.37,6.3,10.2,33.4,76.8,18.3,OFF-05_METER,正常
TEACH-01,教学楼,2026-07-01 17:00,139.82,5.56,9.26,6.5,12.0,35.4,77.3,27.6,TEACH-01_METER,正常
TEACH-02,教学楼,2026-07-01 17:00,101.19,5.43,6.77,6.0,10.9,33.6,82.6,34.5,TEACH-02_METER,正常
TEACH-03,教学楼,2026-07-01 17:00,144.91,5.52,6.87,7.6,13.0,33.4,87.4,35.0,TEACH-03_METER,正常
LIB-01,公共机构,2026-07-01 17:00,104.07,4.6,5.48,7.4,12.3,33.4,84.3,11.7,LIB-01_METER,正常
GYM-01,公共机构,2026-07-01 17:00,66.27,4.54,5.56,5.4,10.0,33.8,80.6,10.3,GYM-01_METER,正常
OFF-01,办公楼,2026-07-01 18:00,67.15,3.13,3.95,6.1,11.7,33.0,80.2,20.3,OFF-01_METER,正常
OFF-02,办公楼,2026-07-01 18:00,77.53,2.84,3.74,6.7,12.3,32.7,72.8,19.2,OFF-02_METER,正常
OFF-03,办公楼,2026-07-01 18:00,79.07,3.26,4.96,6.4,11.6,35.1,68.2,21.5,OFF-03_METER,正常
OFF-04,办公楼,2026-07-01 18:00,84.16,3.41,4.7,7.5,12.0,34.4,74.5,23.8,OFF-04_METER,正常
OFF-05,办公楼,2026-07-01 18:00,87.78,2.89,4.41,6.9,11.2,34.0,77.4,15.6,OFF-05_METER,正常
TEACH-01,教学楼,2026-07-01 18:00,87.75,5.5,6.55,9.5,13.8,34.8,87.7,35.1,TEACH-01_METER,正常
TEACH-02,教学楼,2026-07-01 18:00,128.94,5.6,5.03,7.0,12.7,33.4,75.1,33.7,TEACH-02_METER,正常
TEACH-03,教学楼,2026-07-01 18:00,111.85,5.49,6.95,6.4,11.0,36.0,89.3,39.0,TEACH-03_METER,正常
LIB-01,公共机构,2026-07-01 18:00,66.59,4.58,4.45,6.6,11.9,34.7,79.2,15.9,LIB-01_METER,正常
GYM-01,公共机构,2026-07-01 18:00,69.78,4.55,4.36,7.2,12.8,34.0,78.4,16.6,GYM-01_METER,正常
OFF-01,办公楼,2026-07-01 19:00,31.99,0.92,3.92,6.0,10.0,33.4,75.1,1.2,OFF-01_METER,正常
OFF-02,办公楼,2026-07-01 19:00,21.8,0.92,3.7,6.3,12.1,33.0,80.9,4.7,OFF-02_METER,正常
OFF-03,办公楼,2026-07-01 19:00,28.69,0.94,3.67,6.9,11.8,33.1,74.9,4.6,OFF-03_METER,正常
OFF-04,办公楼,2026-07-01 19:00,28.24,1.08,3.68,7.1,11.4,32.8,78.2,1.8,OFF-04_METER,正常
OFF-05,办公楼,2026-07-01 19:00,18.59,0.9,3.14,7.8,13.0,32.0,69.6,1.5,OFF-05_METER,正常
TEACH-01,教学楼,2026-07-01 19:00,21.43,2.13,4.42,8.4,13.4,32.4,69.1,0.3,TEACH-01_METER,正常
TEACH-02,教学楼,2026-07-01 19:00,17.51,2.02,5.61,6.8,11.9,34.2,75.0,0.7,TEACH-02_METER,正常
TEACH-03,教学楼,2026-07-01 19:00,8.07,1.91,5.4,8.0,12.0,33.3,78.7,1.5,TEACH-03_METER,正常
LIB-01,公共机构,2026-07-01 19:00,58.63,1.58,4.44,7.8,13.1,34.4,81.1,1.5,LIB-01_METER,正常
GYM-01,公共机构,2026-07-01 19:00,122.31,1.57,5.14,7.9,12.1,35.4,89.6,0.9,GYM-01_METER,正常
OFF-01,办公楼,2026-07-01 20:00,26.8,1.09,3.84,5.5,11.0,33.5,69.5,3.6,OFF-01_METER,正常
OFF-02,办公楼,2026-07-01 20:00,32.05,1.05,4.72,5.1,10.0,34.6,78.6,1.8,OFF-02_METER,正常
OFF-03,办公楼,2026-07-01 20:00,30.39,1.63,3.63,6.0,10.6,33.1,73.4,1.1,OFF-03_METER,正常
OFF-04,办公楼,2026-07-01 20:00,33.93,3.15,5.49,6.9,10.9,35.8,71.5,0.8,OFF-04_METER,正常
OFF-05,办公楼,2026-07-01 20:00,28.36,1.14,4.85,6.6,10.2,35.0,78.7,4.4,OFF-05_METER,正常
TEACH-01,教学楼,2026-07-01 20:00,32.72,2.07,5.82,7.6,12.3,34.5,81.8,1.0,TEACH-01_METER,正常
TEACH-02,教学楼,2026-07-01 20:00,22.82,2.75,4.07,7.0,12.0,31.5,80.3,0.1,TEACH-02_METER,正常
TEACH-03,教学楼,2026-07-01 20:00,16.67,1.84,6.0,6.3,10.5,34.0,69.2,1.3,TEACH-03_METER,正常
LIB-01,公共机构,2026-07-01 20:00,86.73,1.6,4.01,7.8,12.0,33.8,82.4,1.3,LIB-01_METER,正常
GYM-01,公共机构,2026-07-01 20:00,112.82,2.28,4.08,7.1,12.6,33.2,77.9,3.4,GYM-01_METER,正常
OFF-01,办公楼,2026-07-01 21:00,22.46,1.11,4.52,8.1,11.2,34.8,79.5,0.9,OFF-01_METER,正常
OFF-02,办公楼,2026-07-01 21:00,27.32,0.99,3.82,8.0,12.6,33.1,84.5,3.9,OFF-02_METER,正常
OFF-03,办公楼,2026-07-01 21:00,16.89,0.93,2.62,6.8,11.2,30.7,82.8,1.9,OFF-03_METER,正常
OFF-04,办公楼,2026-07-01 21:00,26.76,0.95,5.12,6.2,10.4,36.0,83.7,1.0,OFF-04_METER,正常
OFF-05,办公楼,2026-07-01 21:00,27.28,1.03,3.9,7.2,11.7,33.3,72.4,1.0,OFF-05_METER,正常
TEACH-01,教学楼,2026-07-01 21:00,33.51,1.82,4.64,6.0,10.6,32.3,70.3,2.0,TEACH-01_METER,正常
TEACH-02,教学楼,2026-07-01 21:00,22.38,1.95,4.0,7.2,11.9,31.7,71.3,1.7,TEACH-02_METER,正常
TEACH-03,教学楼,2026-07-01 21:00,17.57,1.95,5.97,5.4,10.5,34.6,73.5,0.4,TEACH-03_METER,正常
LIB-01,公共机构,2026-07-01 21:00,52.46,2.1,4.17,5.9,11.0,33.4,73.7,4.1,LIB-01_METER,正常
GYM-01,公共机构,2026-07-01 21:00,97.09,1.53,4.06,7.6,13.3,33.2,78.9,1.0,GYM-01_METER,正常
OFF-01,办公楼,2026-07-01 22:00,33.02,1.28,5.36,5.6,10.5,35.8,75.5,1.9,OFF-01_METER,正常
OFF-02,办公楼,2026-07-01 22:00,21.58,1.56,2.49,7.1,12.6,30.9,76.0,2.3,OFF-02_METER,正常
OFF-03,办公楼,2026-07-01 22:00,29.23,1.03,4.39,7.0,11.0,33.8,78.2,4.1,OFF-03_METER,正常
OFF-04,办公楼,2026-07-01 22:00,17.36,1.36,3.34,7.4,12.7,32.0,81.9,1.3,OFF-04_METER,正常
OFF-05,办公楼,2026-07-01 22:00,16.94,1.69,4.48,8.5,12.6,34.1,80.6,3.9,OFF-05_METER,正常
TEACH-01,教学楼,2026-07-01 22:00,23.34,2.29,5.61,5.3,10.4,34.1,75.2,1.6,TEACH-01_METER,正常
TEACH-02,教学楼,2026-07-01 22:00,17.09,2.34,4.99,6.2,11.3,32.9,71.9,0.9,TEACH-02_METER,正常
TEACH-03,教学楼,2026-07-01 22:00,17.95,2.99,5.04,7.8,11.5,33.2,77.3,1.5,TEACH-03_METER,正常
LIB-01,公共机构,2026-07-01 22:00,29.81,2.13,2.56,5.9,10.2,30.5,80.1,4.3,LIB-01_METER,正常
GYM-01,公共机构,2026-07-01 22:00,43.03,1.7,5.17,8.1,11.4,35.3,79.3,1.2,GYM-01_METER,正常
OFF-01,办公楼,2026-07-01 23:00,22.09,1.0,3.88,6.9,10.8,32.9,68.3,3.6,OFF-01_METER,正常
OFF-02,办公楼,2026-07-01 23:00,14.95,1.1,3.48,6.0,10.3,32.4,78.4,2.6,OFF-02_METER,正常
OFF-03,办公楼,2026-07-01 23:00,23.74,1.13,3.35,6.9,11.5,32.5,73.9,4.0,OFF-03_METER,正常
OFF-04,办公楼,2026-07-01 23:00,27.88,1.18,4.13,7.8,12.8,33.5,77.6,4.8,OFF-04_METER,正常
OFF-05,办公楼,2026-07-01 23:00,25.23,1.24,4.45,6.2,10.5,34.0,85.1,2.6,OFF-05_METER,正常
TEACH-01,教学楼,2026-07-01 23:00,18.47,1.83,3.7,7.3,12.1,30.9,71.0,1.4,TEACH-01_METER,正常
TEACH-02,教学楼,2026-07-01 23:00,13.69,2.27,2.95,7.2,11.2,30.0,71.7,1.6,TEACH-02_METER,正常
TEACH-03,教学楼,2026-07-01 23:00,23.7,2.14,5.16,7.3,13.1,33.1,72.9,0.8,TEACH-03_METER,正常
LIB-01,公共机构,2026-07-01 23:00,35.29,2.51,3.82,8.8,13.7,33.0,80.6,3.2,LIB-01_METER,正常
GYM-01,公共机构,2026-07-01 23:00,41.11,1.77,1.56,6.2,11.6,28.9,67.7,0.8,GYM-01_METER,正常
OFF-01,办公楼,2026-07-02 00:00,23.9,0.9,0.0,7.0,11.1,25.6,66.7,3.2,OFF-01_METER,正常
OFF-02,办公楼,2026-07-02 00:00,15.48,1.07,0.0,6.3,10.7,25.0,70.6,2.1,OFF-02_METER,正常
OFF-03,办公楼,2026-07-02 00:00,19.66,1.46,0.0,7.9,13.2,25.0,65.1,2.0,OFF-03_METER,正常
OFF-04,办公楼,2026-07-02 00:00,24.72,1.9,0.17,5.8,10.9,26.3,62.5,5.0,OFF-04_METER,正常
OFF-05,办公楼,2026-07-02 00:00,19.17,1.34,0.44,7.2,10.9,26.8,65.4,3.0,OFF-05_METER,正常
TEACH-01,教学楼,2026-07-02 00:00,16.31,1.93,0.0,7.0,11.6,25.0,66.0,0.1,TEACH-01_METER,正常
TEACH-02,教学楼,2026-07-02 00:00,15.67,2.65,0.0,6.8,12.5,25.0,77.4,1.3,TEACH-02_METER,正常
TEACH-03,教学楼,2026-07-02 00:00,17.75,2.0,0.0,6.3,10.3,25.0,65.8,0.6,TEACH-03_METER,正常
LIB-01,公共机构,2026-07-02 00:00,33.9,1.53,0.0,7.6,12.0,25.0,72.3,2.5,LIB-01_METER,正常
GYM-01,公共机构,2026-07-02 00:00,34.6,1.57,0.0,8.8,12.6,25.4,70.0,4.9,GYM-01_METER,正常
OFF-01,办公楼,2026-07-02 01:00,24.02,0.93,0.0,7.7,12.7,25.0,74.2,3.9,OFF-01_METER,正常
OFF-02,办公楼,2026-07-02 01:00,23.46,1.02,0.0,6.4,12.8,25.0,64.2,3.3,OFF-02_METER,正常
OFF-03,办公楼,2026-07-02 01:00,25.57,1.3,0.58,6.9,11.0,27.1,76.3,1.7,OFF-03_METER,正常
OFF-04,办公楼,2026-07-02 01:00,15.83,1.11,0.0,8.9,12.3,25.0,67.6,0.6,OFF-04_METER,正常
OFF-05,办公楼,2026-07-02 01:00,24.44,1.16,0.23,7.4,12.8,26.4,66.6,1.2,OFF-05_METER,正常
TEACH-01,教学楼,2026-07-02 01:00,17.74,1.9,0.0,6.1,10.4,25.9,71.5,0.5,TEACH-01_METER,正常
TEACH-02,教学楼,2026-07-02 01:00,16.49,2.34,0.0,6.6,12.0,25.0,73.5,0.3,TEACH-02_METER,正常
TEACH-03,教学楼,2026-07-02 01:00,16.85,2.19,0.0,5.9,11.6,25.0,66.2,1.7,TEACH-03_METER,正常
LIB-01,公共机构,2026-07-02 01:00,35.5,2.03,0.0,6.3,11.0,25.6,59.9,3.8,LIB-01_METER,正常
GYM-01,公共机构,2026-07-02 01:00,33.09,1.51,0.0,8.7,12.3,25.0,66.2,3.6,GYM-01_METER,正常
OFF-01,办公楼,2026-07-02 02:00,24.59,1.46,0.0,7.2,11.4,25.8,66.6,3.7,OFF-01_METER,正常
OFF-02,办公楼,2026-07-02 02:00,26.86,0.93,0.0,6.7,12.7,25.5,67.6,1.2,OFF-02_METER,正常
OFF-03,办公楼,2026-07-02 02:00,25.87,0.96,1.04,7.1,10.0,28.0,71.0,2.2,OFF-03_METER,正常
OFF-04,办公楼,2026-07-02 02:00,17.44,1.34,0.0,6.5,10.4,25.5,55.4,3.4,OFF-04_METER,正常
OFF-05,办公楼,2026-07-02 02:00,27.81,1.45,0.0,9.6,14.1,25.0,66.4,3.0,OFF-05_METER,正常
TEACH-01,教学楼,2026-07-02 02:00,12.03,2.3,0.0,7.7,12.7,25.3,71.8,1.8,TEACH-01_METER,正常
TEACH-02,教学楼,2026-07-02 02:00,14.95,1.87,0.0,6.6,10.0,25.0,59.9,0.6,TEACH-02_METER,正常
TEACH-03,教学楼,2026-07-02 02:00,17.07,2.33,0.0,6.8,10.0,25.0,56.6,1.4,TEACH-03_METER,正常
LIB-01,公共机构,2026-07-02 02:00,24.72,1.92,0.0,8.0,12.0,25.0,63.6,1.8,LIB-01_METER,正常
GYM-01,公共机构,2026-07-02 02:00,24.86,1.63,0.0,6.1,10.3,25.0,64.4,1.1,GYM-01_METER,正常
OFF-01,办公楼,2026-07-02 03:00,24.68,1.13,0.4,6.6,10.5,26.7,64.6,3.8,OFF-01_METER,正常
OFF-02,办公楼,2026-07-02 03:00,28.53,1.05,0.0,6.6,12.5,25.0,66.5,3.9,OFF-02_METER,正常
OFF-03,办公楼,2026-07-02 03:00,23.81,1.48,0.0,7.0,12.8,25.0,63.6,2.4,OFF-03_METER,正常
OFF-04,办公楼,2026-07-02 03:00,14.47,0.98,0.37,6.4,10.0,26.7,66.3,1.8,OFF-04_METER,正常
OFF-05,办公楼,2026-07-02 03:00,18.97,1.63,0.0,6.5,12.1,25.0,66.9,3.5,OFF-05_METER,正常
TEACH-01,教学楼,2026-07-02 03:00,15.04,1.97,0.25,6.8,10.5,26.4,70.6,1.7,TEACH-01_METER,正常
TEACH-02,教学楼,2026-07-02 03:00,14.16,1.97,0.59,6.3,10.8,26.8,67.9,1.8,TEACH-02_METER,正常
TEACH-03,教学楼,2026-07-02 03:00,22.66,1.8,0.07,7.4,10.9,26.1,79.9,0.3,TEACH-03_METER,正常
LIB-01,公共机构,2026-07-02 03:00,29.59,1.57,0.0,9.3,14.6,25.5,70.5,1.3,LIB-01_METER,正常
GYM-01,公共机构,2026-07-02 03:00,35.82,1.79,0.0,7.2,12.4,25.0,73.7,2.6,GYM-01_METER,正常
OFF-01,办公楼,2026-07-02 04:00,25.52,1.23,0.0,6.6,12.2,25.0,73.6,0.6,OFF-01_METER,正常
OFF-02,办公楼,2026-07-02 04:00,21.65,1.28,0.17,6.4,12.4,26.3,62.5,3.7,OFF-02_METER,正常
OFF-03,办公楼,2026-07-02 04:00,30.62,1.28,0.0,5.0,10.0,25.0,69.0,0.6,OFF-03_METER,正常
OFF-04,办公楼,2026-07-02 04:00,31.22,1.01,0.71,6.3,10.9,27.4,71.2,2.3,OFF-04_METER,正常
OFF-05,办公楼,2026-07-02 04:00,25.08,1.3,0.0,6.9,12.0,25.6,72.2,2.3,OFF-05_METER,正常
TEACH-01,教学楼,2026-07-02 04:00,9.55,1.9,0.0,6.9,11.4,25.4,62.4,0.5,TEACH-01_METER,正常
TEACH-02,教学楼,2026-07-02 04:00,18.17,1.92,0.0,6.4,11.0,25.0,69.8,1.5,TEACH-02_METER,正常
TEACH-03,教学楼,2026-07-02 04:00,25.33,2.42,0.96,6.8,11.9,27.4,73.8,0.2,TEACH-03_METER,正常
LIB-01,公共机构,2026-07-02 04:00,32.75,1.55,0.0,6.5,10.7,25.7,75.6,2.7,LIB-01_METER,正常
GYM-01,公共机构,2026-07-02 04:00,25.8,1.67,0.2,6.5,10.4,26.4,69.8,2.9,GYM-01_METER,正常
OFF-01,办公楼,2026-07-02 05:00,19.56,1.13,1.28,7.3,11.1,28.4,69.1,4.1,OFF-01_METER,正常
OFF-02,办公楼,2026-07-02 05:00,31.69,1.02,0.06,6.9,11.9,26.1,68.4,2.4,OFF-02_METER,正常
OFF-03,办公楼,2026-07-02 05:00,22.56,1.75,0.88,8.0,13.1,27.7,74.8,3.0,OFF-03_METER,正常
OFF-04,办公楼,2026-07-02 05:00,25.21,1.46,0.88,7.1,11.7,27.7,72.3,2.3,OFF-04_METER,正常
OFF-05,办公楼,2026-07-02 05:00,26.86,1.78,0.58,5.2,10.4,27.1,77.1,0.9,OFF-05_METER,正常
TEACH-01,教学楼,2026-07-02 05:00,23.2,2.22,1.88,5.8,10.0,28.7,64.6,1.1,TEACH-01_METER,正常
TEACH-02,教学楼,2026-07-02 05:00,16.23,2.07,1.41,8.3,12.5,27.9,64.0,2.0,TEACH-02_METER,正常
TEACH-03,教学楼,2026-07-02 05:00,26.64,1.99,1.47,7.3,11.2,28.0,61.0,0.9,TEACH-03_METER,正常
LIB-01,公共机构,2026-07-02 05:00,23.8,1.85,0.26,6.9,11.9,26.5,64.9,4.2,LIB-01_METER,正常
GYM-01,公共机构,2026-07-02 05:00,23.47,2.9,0.22,7.2,11.4,26.4,72.1,4.6,GYM-01_METER,正常
OFF-01,办公楼,2026-07-02 06:00,27.11,1.74,1.4,8.4,13.5,28.7,62.4,2.4,OFF-01_METER,正常
OFF-02,办公楼,2026-07-02 06:00,23.15,1.19,0.65,7.8,12.7,27.2,61.2,3.8,OFF-02_METER,正常
OFF-03,办公楼,2026-07-02 06:00,20.93,1.0,3.05,6.5,11.3,31.4,75.8,3.9,OFF-03_METER,正常
OFF-04,办公楼,2026-07-02 06:00,27.05,1.03,1.78,7.6,10.2,29.2,72.5,1.2,OFF-04_METER,正常
OFF-05,办公楼,2026-07-02 06:00,27.7,1.08,0.48,7.5,12.5,26.9,73.3,4.8,OFF-05_METER,正常
TEACH-01,教学楼,2026-07-02 06:00,9.96,1.81,0.78,8.0,13.6,27.1,66.4,1.9,TEACH-01_METER,正常
TEACH-02,教学楼,2026-07-02 06:00,17.08,2.25,1.93,7.4,12.2,28.7,62.8,0.7,TEACH-02_METER,正常
TEACH-03,教学楼,2026-07-02 06:00,24.85,2.03,3.24,7.0,12.2,30.3,68.9,1.8,TEACH-03_METER,正常
LIB-01,公共机构,2026-07-02 06:00,15.87,1.73,2.61,8.1,12.5,30.6,71.7,3.8,LIB-01_METER,正常
GYM-01,公共机构,2026-07-02 06:00,21.14,1.62,0.49,7.8,11.2,26.9,73.7,4.0,GYM-01_METER,正常
OFF-01,办公楼,2026-07-02 07:00,21.71,1.32,2.29,7.4,11.8,30.3,73.4,0.6,OFF-01_METER,正常
OFF-02,办公楼,2026-07-02 07:00,27.06,0.98,2.15,8.1,12.5,29.9,72.6,1.8,OFF-02_METER,正常
OFF-03,办公楼,2026-07-02 07:00,14.17,1.62,1.6,5.7,10.0,28.9,76.4,1.9,OFF-03_METER,正常
OFF-04,办公楼,2026-07-02 07:00,22.27,1.33,2.86,5.8,12.0,31.5,71.9,3.8,OFF-04_METER,正常
OFF-05,办公楼,2026-07-02 07:00,18.42,1.59,0.94,6.4,10.3,27.7,69.7,0.7,OFF-05_METER,正常
TEACH-01,教学楼,2026-07-02 07:00,15.75,2.52,2.71,7.3,11.5,29.7,76.7,1.8,TEACH-01_METER,正常
TEACH-02,教学楼,2026-07-02 07:00,24.26,1.83,2.45,6.0,10.0,29.4,76.6,1.2,TEACH-02_METER,正常
TEACH-03,教学楼,2026-07-02 07:00,23.96,2.42,0.83,8.1,12.8,27.2,75.2,1.1,TEACH-03_METER,正常
LIB-01,公共机构,2026-07-02 07:00,29.95,1.71,1.32,8.4,12.4,28.3,67.5,1.9,LIB-01_METER,正常
GYM-01,公共机构,2026-07-02 07:00,35.0,1.83,0.54,9.2,13.9,27.0,74.5,4.0,GYM-01_METER,正常
OFF-01,办公楼,2026-07-02 08:00,96.87,3.1,1.07,6.4,11.2,28.0,67.2,15.2,OFF-01_METER,正常
OFF-02,办公楼,2026-07-02 08:00,75.37,2.78,1.79,7.7,12.4,29.4,65.5,16.8,OFF-02_METER,正常
OFF-03,办公楼,2026-07-02 08:00,92.4,2.94,1.63,6.5,10.1,28.9,66.9,22.6,OFF-03_METER,正常
OFF-04,办公楼,2026-07-02 08:00,101.93,3.99,3.86,6.8,11.2,32.9,68.9,16.0,OFF-04_METER,正常
OFF-05,办公楼,2026-07-02 08:00,76.21,2.92,2.0,7.2,11.6,29.8,74.8,19.9,OFF-05_METER,正常
TEACH-01,教学楼,2026-07-02 08:00,96.19,6.99,3.35,8.1,12.7,30.7,72.6,35.4,TEACH-01_METER,正常
TEACH-02,教学楼,2026-07-02 08:00,114.93,5.76,1.77,7.1,11.0,28.6,77.3,28.3,TEACH-02_METER,正常
TEACH-03,教学楼,2026-07-02 08:00,119.28,5.49,2.4,7.7,12.4,29.5,78.2,32.3,TEACH-03_METER,正常
LIB-01,公共机构,2026-07-02 08:00,42.36,4.5,2.43,6.3,12.0,30.3,79.0,10.6,LIB-01_METER,正常
GYM-01,公共机构,2026-07-02 08:00,24.37,5.16,3.1,7.9,11.9,31.5,72.2,14.0,GYM-01_METER,正常
OFF-01,办公楼,2026-07-02 09:00,89.11,3.99,3.38,6.9,11.2,30.9,72.2,22.1,OFF-01_METER,正常
OFF-02,办公楼,2026-07-02 09:00,86.92,3.23,1.62,8.3,10.8,28.2,76.8,24.9,OFF-02_METER,正常
OFF-03,办公楼,2026-07-02 09:00,77.11,3.3,2.47,5.8,10.3,29.5,65.2,22.5,OFF-03_METER,正常
OFF-04,办公楼,2026-07-02 09:00,95.4,3.24,3.18,6.2,11.5,30.7,68.0,19.5,OFF-04_METER,正常
OFF-05,办公楼,2026-07-02 09:00,79.03,2.97,2.45,5.4,10.0,29.4,76.9,19.9,OFF-05_METER,正常
TEACH-01,教学楼,2026-07-02 09:00,118.96,5.49,4.15,7.6,12.4,30.3,74.9,29.1,TEACH-01_METER,正常
TEACH-02,教学楼,2026-07-02 09:00,80.56,7.67,2.47,7.1,12.6,28.7,67.1,39.3,TEACH-02_METER,正常
TEACH-03,教学楼,2026-07-02 09:00,126.39,5.93,5.95,6.0,10.0,32.5,73.1,31.9,TEACH-03_METER,正常
LIB-01,公共机构,2026-07-02 09:00,58.55,5.01,2.62,6.2,11.3,29.5,70.4,16.8,LIB-01_METER,正常
GYM-01,公共机构,2026-07-02 09:00,74.92,4.75,3.75,8.1,12.3,31.1,69.6,13.2,GYM-01_METER,正常
OFF-01,办公楼,2026-07-02 10:00,87.05,3.01,6.13,7.2,11.9,34.3,82.6,21.5,OFF-01_METER,正常
OFF-02,办公楼,2026-07-02 10:00,72.05,2.82,2.2,6.3,11.0,29.2,70.8,16.2,OFF-02_METER,正常
OFF-03,办公楼,2026-07-02 10:00,84.63,3.13,4.48,6.3,10.5,32.2,74.8,17.1,OFF-03_METER,正常
OFF-04,办公楼,2026-07-02 10:00,66.32,3.15,4.45,6.5,10.7,32.4,80.1,20.2,OFF-04_METER,正常
OFF-05,办公楼,2026-07-02 10:00,67.02,3.03,4.29,7.7,13.2,32.1,76.2,17.7,OFF-05_METER,正常
TEACH-01,教学楼,2026-07-02 10:00,98.13,5.5,5.62,6.8,11.7,31.9,72.7,30.3,TEACH-01_METER,正常
TEACH-02,教学楼,2026-07-02 10:00,90.53,5.51,5.31,7.0,11.7,31.6,76.0,30.4,TEACH-02_METER,正常
TEACH-03,教学楼,2026-07-02 10:00,138.79,6.38,5.28,6.7,10.1,31.8,74.0,31.9,TEACH-03_METER,正常
LIB-01,公共机构,2026-07-02 10:00,83.13,4.72,1.75,7.0,10.6,28.5,71.5,14.0,LIB-01_METER,正常
GYM-01,公共机构,2026-07-02 10:00,110.35,4.86,4.45,8.6,12.9,32.5,74.7,10.9,GYM-01_METER,正常
OFF-01,办公楼,2026-07-02 11:00,96.22,3.03,3.66,6.6,10.7,31.2,76.1,24.7,OFF-01_METER,正常
OFF-02,办公楼,2026-07-02 11:00,103.31,3.19,2.65,6.4,10.0,29.9,68.1,16.6,OFF-02_METER,正常
OFF-03,办公楼,2026-07-02 11:00,94.7,2.73,3.55,7.3,12.2,30.9,75.3,24.7,OFF-03_METER,正常
OFF-04,办公楼,2026-07-02 11:00,106.24,2.72,4.78,7.9,12.9,33.1,77.6,15.8,OFF-04_METER,正常
OFF-05,办公楼,2026-07-02 11:00,80.1,3.02,5.46,7.4,13.3,33.9,85.9,21.6,OFF-05_METER,正常
TEACH-01,教学楼,2026-07-02 11:00,119.51,5.86,6.86,6.9,11.3,33.2,79.4,36.3,TEACH-01_METER,正常
TEACH-02,教学楼,2026-07-02 11:00,134.43,5.44,5.47,7.4,12.6,32.0,86.3,28.3,TEACH-02_METER,正常
TEACH-03,教学楼,2026-07-02 11:00,129.96,5.94,4.19,6.0,10.0,30.4,69.4,40.0,TEACH-03_METER,正常
LIB-01,公共机构,2026-07-02 11:00,67.18,5.61,5.42,5.4,10.0,33.7,74.2,16.1,LIB-01_METER,正常
GYM-01,公共机构,2026-07-02 11:00,56.74,5.12,4.61,6.6,10.1,32.9,72.2,18.4,GYM-01_METER,正常
OFF-01,办公楼,2026-07-02 12:00,102.23,2.8,4.56,7.3,12.5,32.2,70.5,18.0,OFF-01_METER,正常
OFF-02,办公楼,2026-07-02 12:00,70.27,2.88,4.34,7.8,12.3,32.4,76.8,24.8,OFF-02_METER,正常
OFF-03,办公楼,2026-07-02 12:00,71.97,2.76,6.18,7.4,11.6,35.1,75.6,20.8,OFF-03_METER,正常
OFF-04,办公楼,2026-07-02 12:00,66.01,3.17,5.6,6.2,10.0,34.1,71.2,21.7,OFF-04_METER,正常
OFF-05,办公楼,2026-07-02 12:00,71.17,2.83,4.22,6.2,11.4,32.0,83.1,24.9,OFF-05_METER,正常
TEACH-01,教学楼,2026-07-02 12:00,126.92,5.85,6.51,6.7,12.4,33.2,75.5,38.0,TEACH-01_METER,正常
TEACH-02,教学楼,2026-07-02 12:00,93.22,5.59,5.87,6.8,12.8,32.3,72.9,30.6,TEACH-02_METER,正常
TEACH-03,教学楼,2026-07-02 12:00,133.74,5.54,5.49,7.1,12.4,31.7,83.4,31.3,TEACH-03_METER,正常
LIB-01,公共机构,2026-07-02 12:00,85.78,4.53,6.44,8.3,13.8,34.8,77.0,10.5,LIB-01_METER,正常
GYM-01,公共机构,2026-07-02 12:00,58.53,4.9,3.52,6.2,12.0,31.2,87.0,14.0,GYM-01_METER,正常
OFF-01,办公楼,2026-07-02 13:00,90.03,3.39,4.09,6.2,11.6,32.2,81.1,20.1,OFF-01_METER,正常
OFF-02,办公楼,2026-07-02 13:00,108.8,2.81,4.91,7.8,11.4,33.0,77.0,16.4,OFF-02_METER,正常
OFF-03,办公楼,2026-07-02 13:00,67.67,2.74,4.75,5.5,10.0,33.0,66.8,15.8,OFF-03_METER,正常
OFF-04,办公楼,2026-07-02 13:00,78.29,3.76,4.6,6.2,10.0,32.6,78.6,21.4,OFF-04_METER,正常
OFF-05,办公楼,2026-07-02 13:00,96.94,2.74,5.85,6.9,11.5,34.2,79.9,19.1,OFF-05_METER,正常
TEACH-01,教学楼,2026-07-02 13:00,143.04,5.47,8.23,6.7,11.1,34.7,82.7,34.8,TEACH-01_METER,正常
TEACH-02,教学楼,2026-07-02 13:00,113.62,5.74,4.32,6.8,10.9,30.7,67.9,26.2,TEACH-02_METER,正常
TEACH-03,教学楼,2026-07-02 13:00,125.14,5.74,7.05,6.9,11.4,33.9,69.4,29.8,TEACH-03_METER,正常
LIB-01,公共机构,2026-07-02 13:00,71.39,4.7,4.85,7.4,11.0,32.7,82.7,16.2,LIB-01_METER,正常
GYM-01,公共机构,2026-07-02 13:00,111.35,4.7,3.45,7.3,10.8,31.0,71.5,14.6,GYM-01_METER,正常
OFF-01,办公楼,2026-07-02 14:00,92.73,2.93,5.92,7.5,12.0,34.1,72.9,15.9,OFF-01_METER,正常
OFF-02,办公楼,2026-07-02 14:00,101.17,3.96,3.18,5.6,10.0,30.8,72.9,16.2,OFF-02_METER,正常
OFF-03,办公楼,2026-07-02 14:00,96.82,2.73,3.2,8.1,12.4,30.4,73.3,20.3,OFF-03_METER,正常
OFF-04,办公楼,2026-07-02 14:00,98.83,2.75,4.63,7.3,10.4,33.0,75.5,22.7,OFF-04_METER,正常
OFF-05,办公楼,2026-07-02 14:00,80.2,2.71,3.54,7.2,11.2,31.1,78.8,18.3,OFF-05_METER,正常
TEACH-01,教学楼,2026-07-02 14:00,101.18,5.95,5.24,5.4,10.3,31.7,72.7,38.9,TEACH-01_METER,正常
TEACH-02,教学楼,2026-07-02 14:00,126.79,5.87,4.13,6.9,11.0,30.3,66.0,30.8,TEACH-02_METER,正常
TEACH-03,教学楼,2026-07-02 14:00,113.9,5.61,6.73,7.7,12.5,33.0,72.4,26.4,TEACH-03_METER,正常
LIB-01,公共机构,2026-07-02 14:00,75.88,4.53,5.47,7.7,12.8,34.2,76.1,13.3,LIB-01_METER,正常
GYM-01,公共机构,2026-07-02 14:00,77.49,4.53,6.32,6.2,10.6,34.9,78.4,16.7,GYM-01_METER,正常
OFF-01,办公楼,2026-07-02 15:00,86.08,2.75,3.76,6.5,11.2,31.2,75.2,21.0,OFF-01_METER,正常
OFF-02,办公楼,2026-07-02 15:00,68.1,2.8,5.97,5.6,10.0,34.1,79.6,24.7,OFF-02_METER,正常
OFF-03,办公楼,2026-07-02 15:00,82.28,3.3,5.74,6.4,11.4,33.9,75.4,15.1,OFF-03_METER,正常
OFF-04,办公楼,2026-07-02 15:00,73.65,2.71,6.9,6.5,11.5,36.0,78.1,22.1,OFF-04_METER,正常
OFF-05,办公楼,2026-07-02 15:00,73.14,2.89,4.19,7.3,12.4,32.2,68.3,24.2,OFF-05_METER,正常
TEACH-01,教学楼,2026-07-02 15:00,127.43,6.18,7.52,7.6,12.1,34.2,74.2,34.9,TEACH-01_METER,正常
TEACH-02,教学楼,2026-07-02 15:00,96.69,5.46,4.0,6.8,11.8,30.3,79.8,37.6,TEACH-02_METER,正常
TEACH-03,教学楼,2026-07-02 15:00,121.97,5.69,7.75,8.4,12.1,34.6,82.8,35.3,TEACH-03_METER,正常
LIB-01,公共机构,2026-07-02 15:00,98.83,4.67,6.54,6.8,10.0,35.0,73.8,11.7,LIB-01_METER,正常
GYM-01,公共机构,2026-07-02 15:00,86.68,4.58,3.6,7.0,11.6,31.2,76.6,16.7,GYM-01_METER,正常
OFF-01,办公楼,2026-07-02 16:00,91.11,2.75,5.3,6.3,10.6,33.2,75.7,19.7,OFF-01_METER,正常
OFF-02,办公楼,2026-07-02 16:00,87.74,2.8,5.62,7.4,11.7,33.9,76.0,21.0,OFF-02_METER,正常
OFF-03,办公楼,2026-07-02 16:00,95.98,3.06,6.08,7.2,11.5,34.3,77.6,16.2,OFF-03_METER,正常
OFF-04,办公楼,2026-07-02 16:00,84.17,2.73,5.53,5.0,10.0,33.6,80.1,15.1,OFF-04_METER,正常
OFF-05,办公楼,2026-07-02 16:00,96.49,2.74,3.95,7.6,11.0,31.9,71.4,24.3,OFF-05_METER,正常
TEACH-01,教学楼,2026-07-02 16:00,100.04,5.62,6.19,6.8,12.0,32.7,73.5,37.4,TEACH-01_METER,正常
TEACH-02,教学楼,2026-07-02 16:00,137.37,5.49,8.96,7.4,12.5,36.0,83.1,38.8,TEACH-02_METER,正常
TEACH-03,教学楼,2026-07-02 16:00,127.75,5.83,6.46,6.2,10.0,33.3,75.6,32.6,TEACH-03_METER,正常
LIB-01,公共机构,2026-07-02 16:00,65.27,4.89,5.74,8.1,12.3,33.8,75.2,17.2,LIB-01_METER,正常
GYM-01,公共机构,2026-07-02 16:00,61.56,4.62,5.18,8.3,13.7,33.1,74.5,11.9,GYM-01_METER,正常
OFF-01,办公楼,2026-07-02 17:00,84.55,2.79,6.43,6.8,11.4,34.7,70.9,16.9,OFF-01_METER,正常
OFF-02,办公楼,2026-07-02 17:00,79.38,2.8,7.04,5.6,10.9,35.9,76.4,15.6,OFF-02_METER,正常
OFF-03,办公楼,2026-07-02 17:00,99.4,2.74,5.6,8.6,13.3,33.9,79.9,22.9,OFF-03_METER,正常
OFF-04,办公楼,2026-07-02 17:00,99.07,2.97,6.12,5.6,11.0,34.7,78.6,24.5,OFF-04_METER,正常
OFF-05,办公楼,2026-07-02 17:00,74.68,2.76,6.36,6.4,10.6,35.0,75.3,23.7,OFF-05_METER,正常
TEACH-01,教学楼,2026-07-02 17:00,131.38,5.54,7.9,6.7,10.6,34.1,76.8,29.4,TEACH-01_METER,正常
TEACH-02,教学楼,2026-07-02 17:00,120.74,5.61,7.4,6.9,10.8,34.3,84.0,35.7,TEACH-02_METER,正常
TEACH-03,教学楼,2026-07-02 17:00,142.69,5.58,6.26,6.6,11.5,32.8,74.9,32.2,TEACH-03_METER,正常
LIB-01,公共机构,2026-07-02 17:00,102.96,4.6,6.71,8.4,12.3,35.6,82.2,16.0,LIB-01_METER,正常
GYM-01,公共机构,2026-07-02 17:00,75.55,5.24,6.24,7.0,11.0,34.5,68.9,16.6,GYM-01_METER,正常
OFF-01,办公楼,2026-07-02 18:00,69.01,3.28,3.05,6.9,11.9,31.4,73.2,22.2,OFF-01_METER,正常
OFF-02,办公楼,2026-07-02 18:00,71.76,3.14,4.04,7.0,11.3,33.7,76.9,23.1,OFF-02_METER,正常
OFF-03,办公楼,2026-07-02 18:00,67.95,3.14,3.59,7.8,11.9,32.6,77.9,22.5,OFF-03_METER,正常
OFF-04,办公楼,2026-07-02 18:00,73.63,3.12,3.77,8.3,13.3,33.1,77.6,19.0,OFF-04_METER,正常
OFF-05,办公楼,2026-07-02 18:00,98.77,3.06,4.92,6.0,10.8,34.8,69.6,19.5,OFF-05_METER,正常
TEACH-01,教学楼,2026-07-02 18:00,104.68,5.49,4.31,5.7,10.0,32.1,80.3,35.8,TEACH-01_METER,正常
TEACH-02,教学楼,2026-07-02 18:00,139.44,5.59,6.05,7.3,11.5,34.2,70.2,31.9,TEACH-02_METER,正常
TEACH-03,教学楼,2026-07-02 18:00,131.33,5.45,3.63,7.1,10.8,30.8,73.8,35.9,TEACH-03_METER,正常
LIB-01,公共机构,2026-07-02 18:00,74.13,5.32,5.19,7.0,11.9,35.8,81.8,18.2,LIB-01_METER,正常
GYM-01,公共机构,2026-07-02 18:00,51.6,4.56,2.97,7.2,11.8,31.7,74.7,12.4,GYM-01_METER,正常
OFF-01,办公楼,2026-07-02 19:00,18.99,1.56,4.01,7.0,11.9,33.1,76.5,4.3,OFF-01_METER,正常
OFF-02,办公楼,2026-07-02 19:00,23.0,1.7,4.86,6.4,10.3,35.2,79.8,4.2,OFF-02_METER,正常
OFF-03,办公楼,2026-07-02 19:00,33.53,0.93,4.54,6.3,10.7,34.5,68.2,2.2,OFF-03_METER,正常
OFF-04,办公楼,2026-07-02 19:00,31.66,1.06,2.96,8.8,13.2,31.5,73.2,0.6,OFF-04_METER,正常
OFF-05,办公楼,2026-07-02 19:00,34.65,0.97,5.02,7.0,11.5,34.9,71.8,1.9,OFF-05_METER,正常
TEACH-01,教学楼,2026-07-02 19:00,25.68,1.86,5.96,6.6,10.6,34.3,79.9,0.6,TEACH-01_METER,正常
TEACH-02,教学楼,2026-07-02 19:00,24.71,1.87,7.18,6.6,10.9,36.0,81.6,0.8,TEACH-02_METER,正常
TEACH-03,教学楼,2026-07-02 19:00,15.17,2.56,2.42,7.0,13.0,29.4,83.3,1.2,TEACH-03_METER,正常
LIB-01,公共机构,2026-07-02 19:00,79.8,1.59,3.13,7.1,11.1,32.0,69.5,2.5,LIB-01_METER,正常
GYM-01,公共机构,2026-07-02 19:00,73.74,1.53,4.18,7.2,12.3,33.3,79.2,3.6,GYM-01_METER,正常
OFF-01,办公楼,2026-07-02 20:00,28.37,1.28,3.79,6.9,12.1,33.1,78.6,2.2,OFF-01_METER,正常
OFF-02,办公楼,2026-07-02 20:00,31.85,1.06,5.38,7.6,12.6,36.0,77.7,4.5,OFF-02_METER,正常
OFF-03,办公楼,2026-07-02 20:00,26.39,1.02,5.6,6.8,10.5,36.0,83.2,0.7,OFF-03_METER,正常
OFF-04,办公楼,2026-07-02 20:00,18.92,1.29,3.6,6.4,10.0,32.7,78.7,3.7,OFF-04_METER,正常
OFF-05,办公楼,2026-07-02 20:00,27.81,1.3,5.39,6.6,12.5,35.6,88.0,0.6,OFF-05_METER,正常
TEACH-01,教学楼,2026-07-02 20:00,31.09,2.22,5.86,6.1,11.6,33.9,75.5,0.5,TEACH-01_METER,正常
TEACH-02,教学楼,2026-07-02 20:00,24.69,2.0,6.18,8.0,11.4,34.5,90.0,1.5,TEACH-02_METER,正常
TEACH-03,教学楼,2026-07-02 20:00,26.32,2.09,6.42,7.9,11.6,35.0,79.3,0.7,TEACH-03_METER,正常
LIB-01,公共机构,2026-07-02 20:00,67.21,1.9,3.75,6.8,11.2,33.2,85.4,4.5,LIB-01_METER,正常
GYM-01,公共机构,2026-07-02 20:00,78.75,1.74,3.64,7.1,12.5,32.8,80.4,2.4,GYM-01_METER,正常
OFF-01,办公楼,2026-07-02 21:00,27.13,1.03,2.42,7.7,12.1,30.6,82.4,1.0,OFF-01_METER,正常
OFF-02,办公楼,2026-07-02 21:00,23.25,0.96,3.41,7.5,11.5,32.3,64.5,3.8,OFF-02_METER,正常
OFF-03,办公楼,2026-07-02 21:00,23.36,1.05,3.92,7.9,13.5,33.1,77.9,4.8,OFF-03_METER,正常
OFF-04,办公楼,2026-07-02 21:00,28.97,1.14,4.61,6.4,11.2,34.2,76.9,3.2,OFF-04_METER,正常
OFF-05,办公楼,2026-07-02 21:00,24.21,1.12,3.38,7.8,11.6,32.3,81.9,0.8,OFF-05_METER,正常
TEACH-01,教学楼,2026-07-02 21:00,24.91,2.2,5.9,6.3,10.9,34.4,77.1,0.3,TEACH-01_METER,正常
TEACH-02,教学楼,2026-07-02 21:00,29.6,2.35,5.04,7.7,12.5,33.3,72.8,0.7,TEACH-02_METER,正常
TEACH-03,教学楼,2026-07-02 21:00,26.91,1.95,7.03,6.4,10.0,35.4,82.7,1.2,TEACH-03_METER,正常
LIB-01,公共机构,2026-07-02 21:00,98.51,1.55,3.05,8.7,13.4,31.9,76.3,2.0,LIB-01_METER,正常
GYM-01,公共机构,2026-07-02 21:00,69.23,1.96,4.91,5.4,10.1,35.1,87.6,1.3,GYM-01_METER,正常
OFF-01,办公楼,2026-07-02 22:00,24.87,1.13,4.45,6.7,10.2,33.9,70.4,4.2,OFF-01_METER,正常
OFF-02,办公楼,2026-07-02 22:00,15.94,1.14,3.97,7.7,12.5,33.1,77.7,0.5,OFF-02_METER,正常
OFF-03,办公楼,2026-07-02 22:00,31.25,1.1,5.46,7.3,12.6,36.0,80.9,3.0,OFF-03_METER,正常
OFF-04,办公楼,2026-07-02 22:00,23.61,1.94,2.92,6.9,11.5,31.6,76.1,1.9,OFF-04_METER,正常
OFF-05,办公楼,2026-07-02 22:00,26.53,1.33,4.26,6.1,10.7,33.6,74.9,0.7,OFF-05_METER,正常
TEACH-01,教学楼,2026-07-02 22:00,30.23,2.74,3.65,6.9,12.9,31.4,77.4,0.5,TEACH-01_METER,正常
TEACH-02,教学楼,2026-07-02 22:00,31.42,2.51,7.11,7.1,12.2,36.0,80.8,1.2,TEACH-02_METER,正常
TEACH-03,教学楼,2026-07-02 22:00,23.65,1.83,4.95,5.7,10.7,32.8,84.1,1.0,TEACH-03_METER,正常
LIB-01,公共机构,2026-07-02 22:00,35.52,2.04,3.74,8.2,13.5,33.1,81.2,2.8,LIB-01_METER,正常
GYM-01,公共机构,2026-07-02 22:00,42.74,1.82,3.57,6.6,12.7,32.4,69.3,2.7,GYM-01_METER,正常
OFF-01,办公楼,2026-07-02 23:00,30.89,1.2,2.51,7.2,11.2,30.5,69.9,2.0,OFF-01_METER,正常
OFF-02,办公楼,2026-07-02 23:00,22.74,1.42,3.12,7.9,11.8,32.0,70.7,1.2,OFF-02_METER,正常
OFF-03,办公楼,2026-07-02 23:00,35.49,0.95,5.26,7.3,10.7,35.4,78.3,2.7,OFF-03_METER,正常
OFF-04,办公楼,2026-07-02 23:00,16.21,1.2,2.8,6.2,11.9,31.2,64.6,0.9,OFF-04_METER,正常
OFF-05,办公楼,2026-07-02 23:00,25.59,1.13,3.77,6.0,10.6,33.0,79.3,1.5,OFF-05_METER,正常
TEACH-01,教学楼,2026-07-02 23:00,25.19,1.81,5.75,7.6,11.5,33.6,70.3,1.8,TEACH-01_METER,正常
TEACH-02,教学楼,2026-07-02 23:00,22.08,1.91,5.23,7.4,12.2,33.1,73.3,1.7,TEACH-02_METER,正常
TEACH-03,教学楼,2026-07-02 23:00,20.71,1.82,6.38,7.8,12.0,34.6,78.5,1.0,TEACH-03_METER,正常
LIB-01,公共机构,2026-07-02 23:00,25.64,1.56,3.68,8.4,11.7,33.2,83.8,1.6,LIB-01_METER,正常
GYM-01,公共机构,2026-07-02 23:00,23.61,1.64,2.83,7.6,10.8,31.1,72.1,1.5,GYM-01_METER,正常
OFF-01,办公楼,2026-07-03 00:00,22.19,1.27,0.0,6.7,11.0,25.0,70.1,1.7,OFF-01_METER,正常
OFF-02,办公楼,2026-07-03 00:00,22.18,1.11,0.0,7.0,11.1,25.0,67.0,3.8,OFF-02_METER,正常
OFF-03,办公楼,2026-07-03 00:00,27.9,0.98,0.0,5.5,10.2,25.0,50.7,2.0,OFF-03_METER,正常
OFF-04,办公楼,2026-07-03 00:00,34.97,0.92,0.0,7.5,12.0,25.0,61.9,1.0,OFF-04_METER,正常
OFF-05,办公楼,2026-07-03 00:00,33.03,1.33,0.0,7.0,10.5,25.0,65.1,3.9,OFF-05_METER,正常
TEACH-01,教学楼,2026-07-03 00:00,16.51,1.82,0.0,7.3,12.1,25.0,66.8,1.7,TEACH-01_METER,正常
TEACH-02,教学楼,2026-07-03 00:00,17.36,1.85,0.0,8.0,10.7,25.0,62.7,0.7,TEACH-02_METER,正常
TEACH-03,教学楼,2026-07-03 00:00,15.96,2.06,0.0,7.2,11.7,25.0,71.4,0.0,TEACH-03_METER,正常
LIB-01,公共机构,2026-07-03 00:00,22.08,1.66,0.0,6.1,10.0,25.0,72.4,3.5,LIB-01_METER,正常
GYM-01,公共机构,2026-07-03 00:00,27.79,2.84,0.0,7.2,11.9,25.0,68.0,3.0,GYM-01_METER,正常
OFF-01,办公楼,2026-07-03 01:00,15.51,1.03,0.0,6.8,11.7,25.7,60.8,4.1,OFF-01_METER,正常
OFF-02,办公楼,2026-07-03 01:00,35.52,1.06,0.0,6.9,11.7,25.0,71.2,1.7,OFF-02_METER,正常
OFF-03,办公楼,2026-07-03 01:00,18.36,1.13,0.0,7.3,11.7,25.0,61.1,3.5,OFF-03_METER,正常
OFF-04,办公楼,2026-07-03 01:00,19.74,0.92,0.0,7.3,12.9,25.0,73.8,2.9,OFF-04_METER,正常
OFF-05,办公楼,2026-07-03 01:00,29.88,1.22,0.0,7.2,11.8,25.0,76.3,0.7,OFF-05_METER,正常
TEACH-01,教学楼,2026-07-03 01:00,17.14,2.19,0.0,8.9,13.5,25.0,72.2,1.6,TEACH-01_METER,正常
TEACH-02,教学楼,2026-07-03 01:00,10.82,3.21,0.0,7.3,11.0,25.3,60.2,1.7,TEACH-02_METER,正常
TEACH-03,教学楼,2026-07-03 01:00,17.62,2.13,0.0,8.4,11.8,25.3,66.8,0.4,TEACH-03_METER,正常
LIB-01,公共机构,2026-07-03 01:00,22.76,1.57,1.16,6.2,11.0,28.1,71.2,4.7,LIB-01_METER,正常
GYM-01,公共机构,2026-07-03 01:00,21.09,1.65,0.0,5.4,10.0,25.0,60.6,4.9,GYM-01_METER,正常
OFF-01,办公楼,2026-07-03 02:00,17.54,1.32,0.66,7.1,11.3,27.2,66.0,3.2,OFF-01_METER,正常
OFF-02,办公楼,2026-07-03 02:00,26.17,1.0,1.48,6.6,10.9,28.7,74.6,3.1,OFF-02_METER,正常
OFF-03,办公楼,2026-07-03 02:00,20.76,1.14,0.8,7.1,12.1,27.5,66.5,4.0,OFF-03_METER,正常
OFF-04,办公楼,2026-07-03 02:00,29.22,1.4,0.47,6.3,10.9,26.9,63.2,2.0,OFF-04_METER,正常
OFF-05,办公楼,2026-07-03 02:00,23.23,1.07,0.0,7.3,13.1,25.0,69.9,3.7,OFF-05_METER,正常
TEACH-01,教学楼,2026-07-03 02:00,20.41,2.61,0.0,7.2,10.6,25.0,65.4,1.2,TEACH-01_METER,正常
TEACH-02,教学楼,2026-07-03 02:00,14.89,1.85,0.0,7.4,10.6,25.0,68.1,1.5,TEACH-02_METER,正常
TEACH-03,教学楼,2026-07-03 02:00,15.76,2.35,0.0,6.4,11.5,25.0,57.8,1.1,TEACH-03_METER,正常
LIB-01,公共机构,2026-07-03 02:00,40.14,1.56,0.0,5.8,10.0,25.0,61.6,1.1,LIB-01_METER,正常
GYM-01,公共机构,2026-07-03 02:00,41.16,1.75,0.41,7.8,13.8,26.8,71.0,4.3,GYM-01_METER,正常
OFF-01,办公楼,2026-07-03 03:00,15.55,1.03,0.43,8.4,12.3,26.8,66.7,4.3,OFF-01_METER,正常
OFF-02,办公楼,2026-07-03 03:00,23.67,0.92,0.0,7.6,12.4,26.0,72.7,0.7,OFF-02_METER,正常
OFF-03,办公楼,2026-07-03 03:00,29.74,1.01,0.0,6.2,10.5,25.9,62.9,4.0,OFF-03_METER,正常
OFF-04,办公楼,2026-07-03 03:00,21.54,0.93,0.56,7.4,11.9,27.1,67.5,1.6,OFF-04_METER,正常
OFF-05,办公楼,2026-07-03 03:00,10.89,0.99,0.0,7.6,12.3,25.3,70.9,4.4,OFF-05_METER,正常
TEACH-01,教学楼,2026-07-03 03:00,15.47,1.99,0.0,6.4,11.7,25.7,71.9,0.6,TEACH-01_METER,正常
TEACH-02,教学楼,2026-07-03 03:00,20.31,1.9,0.0,7.2,12.2,25.0,67.5,0.0,TEACH-02_METER,正常
TEACH-03,教学楼,2026-07-03 03:00,19.92,2.73,1.08,5.0,10.0,27.5,69.4,0.3,TEACH-03_METER,正常
LIB-01,公共机构,2026-07-03 03:00,23.54,1.9,0.0,9.3,13.2,25.0,71.7,1.0,LIB-01_METER,正常
GYM-01,公共机构,2026-07-03 03:00,37.5,1.84,0.0,7.6,12.3,25.0,67.5,2.9,GYM-01_METER,正常
OFF-01,办公楼,2026-07-03 04:00,26.13,1.17,0.0,6.9,10.9,25.3,64.6,1.3,OFF-01_METER,正常
OFF-02,办公楼,2026-07-03 04:00,29.24,0.97,0.97,5.2,11.5,27.8,73.1,0.9,OFF-02_METER,正常
OFF-03,办公楼,2026-07-03 04:00,28.03,1.1,0.0,6.8,11.3,25.4,72.0,3.0,OFF-03_METER,正常
OFF-04,办公楼,2026-07-03 04:00,28.98,1.83,1.4,6.5,11.1,28.6,77.7,3.0,OFF-04_METER,正常
OFF-05,办公楼,2026-07-03 04:00,14.76,0.93,0.0,7.4,11.2,25.9,70.4,3.5,OFF-05_METER,正常
TEACH-01,教学楼,2026-07-03 04:00,26.1,2.16,0.0,7.6,11.7,25.0,72.9,0.0,TEACH-01_METER,正常
TEACH-02,教学楼,2026-07-03 04:00,26.08,1.83,2.4,7.6,13.1,29.2,75.6,0.2,TEACH-02_METER,正常
TEACH-03,教学楼,2026-07-03 04:00,15.58,2.02,2.01,6.3,11.2,28.8,71.6,1.1,TEACH-03_METER,正常
LIB-01,公共机构,2026-07-03 04:00,31.26,1.83,0.0,5.4,10.0,25.0,73.2,1.8,LIB-01_METER,正常
GYM-01,公共机构,2026-07-03 04:00,33.12,1.54,0.48,7.7,12.0,26.8,68.0,2.0,GYM-01_METER,正常
OFF-01,办公楼,2026-07-03 05:00,25.82,0.95,0.0,8.1,12.0,25.0,56.3,3.2,OFF-01_METER,正常
OFF-02,办公楼,2026-07-03 05:00,24.32,1.13,0.0,6.1,10.5,25.0,65.0,4.3,OFF-02_METER,正常
OFF-03,办公楼,2026-07-03 05:00,25.15,1.62,3.19,6.5,11.0,31.7,77.4,1.2,OFF-03_METER,正常
OFF-04,办公楼,2026-07-03 05:00,20.57,0.94,0.1,5.0,10.2,26.2,66.5,1.6,OFF-04_METER,正常
OFF-05,办公楼,2026-07-03 05:00,24.31,1.02,2.01,6.9,11.3,29.8,71.7,0.9,OFF-05_METER,正常
TEACH-01,教学楼,2026-07-03 05:00,17.07,2.66,1.43,7.0,11.5,27.9,69.3,1.6,TEACH-01_METER,正常
TEACH-02,教学楼,2026-07-03 05:00,26.77,1.94,0.54,7.1,11.9,26.8,73.9,2.0,TEACH-02_METER,正常
TEACH-03,教学楼,2026-07-03 05:00,11.99,1.89,1.84,7.3,12.3,28.5,69.6,1.3,TEACH-03_METER,正常
LIB-01,公共机构,2026-07-03 05:00,30.76,1.79,0.0,6.7,10.1,25.9,65.9,3.1,LIB-01_METER,正常
GYM-01,公共机构,2026-07-03 05:00,41.79,1.9,2.24,7.5,12.1,30.1,74.2,1.6,GYM-01_METER,正常
OFF-01,办公楼,2026-07-03 06:00,25.62,0.92,0.61,7.0,11.3,27.1,69.3,3.3,OFF-01_METER,正常
OFF-02,办公楼,2026-07-03 06:00,34.24,1.16,1.25,6.1,10.5,28.4,73.1,2.9,OFF-02_METER,正常
OFF-03,办公楼,2026-07-03 06:00,23.58,1.4,1.46,5.6,11.6,28.7,71.1,2.4,OFF-03_METER,正常
OFF-04,办公楼,2026-07-03 06:00,27.93,0.94,1.04,7.2,11.0,27.9,68.0,0.8,OFF-04_METER,正常
OFF-05,办公楼,2026-07-03 06:00,32.93,0.97,1.13,8.3,12.0,28.2,68.8,2.4,OFF-05_METER,正常
TEACH-01,教学楼,2026-07-03 06:00,19.2,2.2,2.31,6.4,10.5,29.3,67.8,1.1,TEACH-01_METER,正常
TEACH-02,教学楼,2026-07-03 06:00,20.39,1.85,1.8,8.1,13.3,28.5,72.7,1.9,TEACH-02_METER,异常
TEACH-03,教学楼,2026-07-03 06:00,25.51,1.95,1.41,7.2,11.9,27.9,70.8,1.7,TEACH-03_METER,正常
LIB-01,公共机构,2026-07-03 06:00,22.98,1.65,1.07,6.5,11.9,28.0,76.2,0.5,LIB-01_METER,正常
GYM-01,公共机构,2026-07-03 06:00,22.09,1.52,1.74,7.4,13.1,29.2,67.3,3.5,GYM-01_METER,正常
OFF-01,办公楼,2026-07-03 07:00,28.58,1.31,2.0,7.7,12.5,29.9,76.1,3.9,OFF-01_METER,正常
OFF-02,办公楼,2026-07-03 07:00,22.35,1.39,1.04,7.9,12.5,28.0,63.8,1.0,OFF-02_METER,正常
OFF-03,办公楼,2026-07-03 07:00,17.43,1.22,1.62,6.8,11.1,29.0,71.5,2.6,OFF-03_METER,正常
OFF-04,办公楼,2026-07-03 07:00,17.46,0.93,0.76,6.6,10.0,27.4,68.8,2.2,OFF-04_METER,正常
OFF-05,办公楼,2026-07-03 07:00,20.04,1.1,1.55,6.6,10.9,29.0,75.8,2.3,OFF-05_METER,正常
TEACH-01,教学楼,2026-07-03 07:00,17.81,2.12,3.59,6.6,11.6,30.8,73.1,1.3,TEACH-01_METER,正常
TEACH-02,教学楼,2026-07-03 07:00,26.27,2.05,1.09,7.3,11.8,27.6,71.2,0.2,TEACH-02_METER,正常
TEACH-03,教学楼,2026-07-03 07:00,7.12,3.57,0.44,6.4,10.5,26.6,67.8,1.1,TEACH-03_METER,正常
LIB-01,公共机构,2026-07-03 07:00,35.79,1.74,0.57,6.5,10.5,27.0,69.8,2.7,LIB-01_METER,正常
GYM-01,公共机构,2026-07-03 07:00,35.5,1.81,1.26,8.0,12.9,28.4,64.3,1.4,GYM-01_METER,正常
OFF-01,办公楼,2026-07-03 08:00,77.94,3.66,1.14,7.4,11.7,28.0,68.5,17.1,OFF-01_METER,正常
OFF-02,办公楼,2026-07-03 08:00,85.06,3.11,0.7,7.3,12.1,27.3,66.6,22.2,OFF-02_METER,正常
OFF-03,办公楼,2026-07-03 08:00,95.67,2.75,2.21,9.8,14.3,30.2,67.3,22.0,OFF-03_METER,正常
OFF-04,办公楼,2026-07-03 08:00,94.59,2.72,3.36,6.2,10.4,31.9,73.7,23.7,OFF-04_METER,正常
OFF-05,办公楼,2026-07-03 08:00,93.34,2.71,1.21,7.3,11.9,28.4,58.5,15.3,OFF-05_METER,正常
TEACH-01,教学楼,2026-07-03 08:00,87.3,5.76,0.28,8.0,11.6,26.4,71.8,29.7,TEACH-01_METER,正常
TEACH-02,教学楼,2026-07-03 08:00,122.11,5.89,1.93,7.3,11.2,28.8,73.1,29.5,TEACH-02_METER,正常
TEACH-03,教学楼,2026-07-03 08:00,128.51,5.55,2.17,7.7,12.3,29.0,78.2,32.6,TEACH-03_METER,正常
LIB-01,公共机构,2026-07-03 08:00,32.06,4.62,1.91,6.1,12.0,29.4,71.5,18.0,LIB-01_METER,正常
GYM-01,公共机构,2026-07-03 08:00,26.07,5.03,3.0,6.7,10.2,31.4,69.5,14.4,GYM-01_METER,正常
OFF-01,办公楼,2026-07-03 09:00,77.26,2.71,3.38,6.8,10.8,31.0,83.1,19.7,OFF-01_METER,正常
OFF-02,办公楼,2026-07-03 09:00,74.27,2.8,3.91,7.4,12.0,31.5,79.4,15.3,OFF-02_METER,正常
OFF-03,办公楼,2026-07-03 09:00,73.26,2.82,1.28,7.0,11.6,27.8,73.8,21.6,OFF-03_METER,正常
OFF-04,办公楼,2026-07-03 09:00,100.57,2.73,2.26,7.4,13.0,29.3,62.3,17.9,OFF-04_METER,正常
OFF-05,办公楼,2026-07-03 09:00,91.14,2.86,1.9,5.7,12.0,28.7,71.2,21.2,OFF-05_METER,正常
TEACH-01,教学楼,2026-07-03 09:00,141.67,5.61,3.21,7.7,12.5,29.6,65.3,30.8,TEACH-01_METER,正常
TEACH-02,教学楼,2026-07-03 09:00,117.81,5.54,5.25,7.0,10.2,31.8,79.8,39.5,TEACH-02_METER,正常
TEACH-03,教学楼,2026-07-03 09:00,94.91,5.45,3.18,5.9,10.1,29.4,69.3,29.2,TEACH-03_METER,正常
LIB-01,公共机构,2026-07-03 09:00,81.62,4.59,3.8,6.1,10.3,31.7,68.8,10.3,LIB-01_METER,正常
GYM-01,公共机构,2026-07-03 09:00,92.27,4.61,3.78,8.0,12.8,31.4,79.5,16.0,GYM-01_METER,正常
OFF-01,办公楼,2026-07-03 10:00,82.06,2.72,1.78,6.5,11.0,28.7,66.0,15.0,OFF-01_METER,正常
OFF-02,办公楼,2026-07-03 10:00,69.86,2.77,1.7,6.4,10.8,28.4,62.3,20.6,OFF-02_METER,正常
OFF-03,办公楼,2026-07-03 10:00,105.57,2.74,3.97,7.7,12.6,31.6,53.6,22.5,OFF-03_METER,正常
OFF-04,办公楼,2026-07-03 10:00,97.74,3.72,2.21,6.9,11.3,29.2,63.3,21.4,OFF-04_METER,正常
OFF-05,办公楼,2026-07-03 10:00,97.93,3.02,2.96,6.8,11.0,30.3,71.9,19.5,OFF-05_METER,正常
TEACH-01,教学楼,2026-07-03 10:00,99.41,5.83,5.43,5.9,11.1,32.1,79.9,26.1,TEACH-01_METER,正常
TEACH-02,教学楼,2026-07-03 10:00,93.98,6.03,3.78,6.0,11.8,29.9,69.4,36.1,TEACH-02_METER,正常
TEACH-03,教学楼,2026-07-03 10:00,87.05,5.52,4.04,7.6,13.0,30.2,67.2,36.4,TEACH-03_METER,正常
LIB-01,公共机构,2026-07-03 10:00,70.18,4.65,4.54,8.7,14.2,32.4,66.1,11.4,LIB-01_METER,正常
GYM-01,公共机构,2026-07-03 10:00,102.01,4.53,3.97,7.2,10.5,31.5,74.7,15.5,GYM-01_METER,正常
OFF-01,办公楼,2026-07-03 11:00,84.77,3.12,2.94,7.6,11.1,30.0,66.6,20.8,OFF-01_METER,正常
OFF-02,办公楼,2026-07-03 11:00,66.21,2.93,3.92,7.1,11.8,31.6,73.9,24.3,OFF-02_METER,正常
OFF-03,办公楼,2026-07-03 11:00,92.44,3.15,3.0,7.2,10.8,30.1,70.6,17.3,OFF-03_METER,正常
OFF-04,办公楼,2026-07-03 11:00,97.08,2.7,2.54,7.9,12.5,29.7,75.1,18.6,OFF-04_METER,正常
OFF-05,办公楼,2026-07-03 11:00,100.9,3.19,6.36,6.0,10.0,34.7,81.2,22.7,OFF-05_METER,正常
TEACH-01,教学楼,2026-07-03 11:00,149.75,5.41,7.29,6.9,11.1,34.1,69.8,38.4,TEACH-01_METER,正常
TEACH-02,教学楼,2026-07-03 11:00,141.92,5.87,2.53,6.6,11.0,28.8,69.0,29.4,TEACH-02_METER,正常
TEACH-03,教学楼,2026-07-03 11:00,128.79,5.45,3.71,7.1,12.1,30.0,70.2,37.2,TEACH-03_METER,正常
LIB-01,公共机构,2026-07-03 11:00,73.07,4.76,4.35,7.5,12.4,32.2,72.0,12.6,LIB-01_METER,正常
GYM-01,公共机构,2026-07-03 11:00,60.36,4.53,3.75,7.7,12.4,31.2,71.4,10.8,GYM-01_METER,正常
OFF-01,办公楼,2026-07-03 12:00,66.5,2.88,5.35,7.5,13.1,33.9,80.9,17.6,OFF-01_METER,正常
OFF-02,办公楼,2026-07-03 12:00,85.37,3.08,2.84,5.5,10.1,30.2,71.3,16.6,OFF-02_METER,正常
OFF-03,办公楼,2026-07-03 12:00,76.32,2.73,5.11,7.3,10.0,33.1,66.0,20.6,OFF-03_METER,正常
OFF-04,办公楼,2026-07-03 12:00,83.85,2.91,5.69,6.8,12.1,33.7,84.3,20.6,OFF-04_METER,正常
OFF-05,办公楼,2026-07-03 12:00,90.55,2.85,3.83,6.4,10.9,31.7,73.9,17.1,OFF-05_METER,正常
TEACH-01,教学楼,2026-07-03 12:00,118.39,6.64,6.09,6.1,10.4,32.4,80.1,34.4,TEACH-01_METER,正常
TEACH-02,教学楼,2026-07-03 12:00,109.37,6.2,3.56,7.1,10.7,29.8,69.2,26.5,TEACH-02_METER,正常
TEACH-03,教学楼,2026-07-03 12:00,130.23,6.2,4.64,6.7,11.0,31.2,72.3,31.6,TEACH-03_METER,正常
LIB-01,公共机构,2026-07-03 12:00,57.93,4.86,4.98,7.9,12.4,32.8,71.7,18.0,LIB-01_METER,正常
GYM-01,公共机构,2026-07-03 12:00,71.33,4.86,4.17,5.9,10.0,32.0,76.2,12.8,GYM-01_METER,正常
OFF-01,办公楼,2026-07-03 13:00,73.94,2.83,4.67,6.8,10.9,32.7,81.1,17.2,OFF-01_METER,正常
OFF-02,办公楼,2026-07-03 13:00,93.49,2.86,5.64,5.6,10.0,33.7,73.7,17.3,OFF-02_METER,正常
OFF-03,办公楼,2026-07-03 13:00,97.9,2.74,3.91,7.3,11.7,31.4,79.0,24.1,OFF-03_METER,正常
OFF-04,办公楼,2026-07-03 13:00,71.12,2.78,4.9,7.6,11.8,32.8,75.7,16.8,OFF-04_METER,正常
OFF-05,办公楼,2026-07-03 13:00,90.67,3.83,5.16,7.4,12.0,33.0,77.9,19.8,OFF-05_METER,正常
TEACH-01,教学楼,2026-07-03 13:00,132.21,5.65,7.04,7.5,12.1,33.6,77.1,39.3,TEACH-01_METER,正常
TEACH-02,教学楼,2026-07-03 13:00,90.78,5.52,5.56,6.8,11.0,32.2,81.0,33.2,TEACH-02_METER,正常
TEACH-03,教学楼,2026-07-03 13:00,113.82,6.81,4.65,8.8,11.8,31.0,73.3,28.0,TEACH-03_METER,正常
LIB-01,公共机构,2026-07-03 13:00,106.0,4.82,7.33,7.8,11.2,36.0,73.9,10.5,LIB-01_METER,正常
GYM-01,公共机构,2026-07-03 13:00,94.28,4.54,5.34,6.1,11.1,33.9,80.2,18.8,GYM-01_METER,正常
OFF-01,办公楼,2026-07-03 14:00,94.08,3.36,4.84,6.5,10.2,32.6,76.5,17.8,OFF-01_METER,正常
OFF-02,办公楼,2026-07-03 14:00,90.63,3.04,6.14,7.2,11.8,34.8,84.9,19.7,OFF-02_METER,正常
OFF-03,办公楼,2026-07-03 14:00,93.42,3.07,5.17,8.1,12.1,33.0,78.5,19.8,OFF-03_METER,正常
OFF-04,办公楼,2026-07-03 14:00,73.63,3.55,5.52,7.2,10.5,34.3,83.5,22.9,OFF-04_METER,正常
OFF-05,办公楼,2026-07-03 14:00,76.48,3.4,4.9,5.0,10.4,32.8,73.4,20.0,OFF-05_METER,正常
TEACH-01,教学楼,2026-07-03 14:00,132.68,5.71,6.69,5.2,10.3,33.3,72.4,34.6,TEACH-01_METER,正常
TEACH-02,教学楼,2026-07-03 14:00,137.89,5.48,4.24,6.6,11.3,30.5,64.4,32.0,TEACH-02_METER,正常
TEACH-03,教学楼,2026-07-03 14:00,127.87,6.04,4.47,7.1,12.1,30.8,69.7,26.4,TEACH-03_METER,正常
LIB-01,公共机构,2026-07-03 14:00,82.24,4.7,3.67,8.2,12.8,31.3,75.1,18.8,LIB-01_METER,正常
GYM-01,公共机构,2026-07-03 14:00,75.15,5.17,4.21,6.8,11.4,32.1,69.5,17.7,GYM-01_METER,正常
OFF-01,办公楼,2026-07-03 15:00,99.92,2.99,5.72,6.3,11.4,33.9,79.7,16.0,OFF-01_METER,正常
OFF-02,办公楼,2026-07-03 15:00,68.86,2.89,4.39,6.6,10.4,32.1,76.3,18.4,OFF-02_METER,正常
OFF-03,办公楼,2026-07-03 15:00,85.36,3.14,6.22,6.3,11.1,35.3,85.4,22.8,OFF-03_METER,正常
OFF-04,办公楼,2026-07-03 15:00,87.6,2.75,5.07,6.7,11.2,33.6,77.4,17.2,OFF-04_METER,正常
OFF-05,办公楼,2026-07-03 15:00,102.31,2.74,5.42,7.6,12.5,33.5,73.5,24.3,OFF-05_METER,正常
TEACH-01,教学楼,2026-07-03 15:00,142.59,5.52,7.24,5.8,10.5,33.7,82.2,28.0,TEACH-01_METER,正常
TEACH-02,教学楼,2026-07-03 15:00,142.25,6.5,5.07,7.4,10.2,31.6,66.4,28.1,TEACH-02_METER,正常
TEACH-03,教学楼,2026-07-03 15:00,106.62,5.74,7.11,6.3,10.2,33.4,72.9,29.2,TEACH-03_METER,正常
LIB-01,公共机构,2026-07-03 15:00,89.08,4.59,3.93,5.9,10.3,31.6,86.7,14.0,LIB-01_METER,正常
GYM-01,公共机构,2026-07-03 15:00,92.51,4.61,6.39,7.9,12.3,35.4,74.9,14.2,GYM-01_METER,正常
OFF-01,办公楼,2026-07-03 16:00,105.24,2.96,5.13,7.3,11.8,33.2,78.5,24.7,OFF-01_METER,正常
OFF-02,办公楼,2026-07-03 16:00,85.09,3.1,4.06,9.3,13.6,31.8,72.0,16.6,OFF-02_METER,正常
OFF-03,办公楼,2026-07-03 16:00,80.86,2.8,4.11,8.0,13.5,32.0,71.5,23.1,OFF-03_METER,正常
OFF-04,办公楼,2026-07-03 16:00,73.5,3.89,3.87,7.4,12.1,31.7,72.4,18.4,OFF-04_METER,正常
OFF-05,办公楼,2026-07-03 16:00,92.14,2.7,3.77,7.4,11.2,31.6,70.8,17.4,OFF-05_METER,正常
TEACH-01,教学楼,2026-07-03 16:00,94.6,5.54,7.26,6.0,10.5,33.5,78.1,36.3,TEACH-01_METER,正常
TEACH-02,教学楼,2026-07-03 16:00,105.99,5.51,7.84,7.9,11.4,34.1,70.1,29.7,TEACH-02_METER,正常
TEACH-03,教学楼,2026-07-03 16:00,116.78,5.47,8.43,5.8,11.2,35.1,81.9,27.1,TEACH-03_METER,正常
LIB-01,公共机构,2026-07-03 16:00,81.07,4.67,7.28,7.5,12.1,36.0,77.7,17.4,LIB-01_METER,正常
GYM-01,公共机构,2026-07-03 16:00,64.47,4.51,4.18,5.5,10.0,31.7,74.8,16.2,GYM-01_METER,正常
OFF-01,办公楼,2026-07-03 17:00,92.06,2.77,5.31,6.9,12.6,33.6,67.4,17.9,OFF-01_METER,正常
OFF-02,办公楼,2026-07-03 17:00,69.17,2.9,5.77,8.1,12.3,34.1,72.7,16.4,OFF-02_METER,正常
OFF-03,办公楼,2026-07-03 17:00,101.31,2.81,5.82,6.1,10.3,34.3,79.9,22.1,OFF-03_METER,正常
OFF-04,办公楼,2026-07-03 17:00,93.04,3.45,7.1,7.9,13.1,36.0,88.7,20.4,OFF-04_METER,正常
OFF-05,办公楼,2026-07-03 17:00,85.09,3.39,3.98,7.7,11.2,31.5,71.9,15.5,OFF-05_METER,正常
TEACH-01,教学楼,2026-07-03 17:00,142.68,5.46,8.39,7.5,10.9,34.9,73.2,30.5,TEACH-01_METER,正常
TEACH-02,教学楼,2026-07-03 17:00,82.96,5.87,5.47,7.1,12.0,31.6,73.8,32.0,TEACH-02_METER,正常
TEACH-03,教学楼,2026-07-03 17:00,142.25,6.47,7.75,6.8,10.8,34.1,78.2,30.9,TEACH-03_METER,正常
LIB-01,公共机构,2026-07-03 17:00,63.06,4.67,4.96,7.3,12.1,33.4,80.5,19.5,LIB-01_METER,正常
GYM-01,公共机构,2026-07-03 17:00,99.11,4.6,3.79,5.3,10.0,31.6,69.5,14.1,GYM-01_METER,正常
OFF-01,办公楼,2026-07-03 18:00,77.43,2.88,5.64,6.3,11.2,36.0,87.4,15.2,OFF-01_METER,正常
OFF-02,办公楼,2026-07-03 18:00,74.71,2.74,3.65,7.9,13.3,32.6,78.4,17.4,OFF-02_METER,正常
OFF-03,办公楼,2026-07-03 18:00,70.58,2.83,4.81,5.5,10.0,35.1,75.6,20.8,OFF-03_METER,正常
OFF-04,办公楼,2026-07-03 18:00,83.75,2.75,5.06,6.2,10.7,35.0,81.3,16.5,OFF-04_METER,正常
OFF-05,办公楼,2026-07-03 18:00,89.24,3.54,4.48,5.4,10.0,34.4,72.9,16.3,OFF-05_METER,正常
TEACH-01,教学楼,2026-07-03 18:00,125.23,5.68,5.48,6.9,12.0,33.4,75.5,29.9,TEACH-01_METER,正常
TEACH-02,教学楼,2026-07-03 18:00,131.25,6.04,5.86,6.5,11.9,33.9,73.6,25.4,TEACH-02_METER,正常
TEACH-03,教学楼,2026-07-03 18:00,142.99,6.06,7.59,7.6,12.1,36.0,72.6,26.1,TEACH-03_METER,正常
LIB-01,公共机构,2026-07-03 18:00,97.93,4.79,4.94,5.9,10.2,35.5,71.6,14.1,LIB-01_METER,正常
GYM-01,公共机构,2026-07-03 18:00,111.97,4.94,4.27,7.5,11.8,33.6,75.9,10.8,GYM-01_METER,正常
OFF-01,办公楼,2026-07-03 19:00,21.95,1.11,5.0,7.8,11.6,35.2,79.3,2.6,OFF-01_METER,正常
OFF-02,办公楼,2026-07-03 19:00,38.37,1.04,4.35,6.7,11.7,33.8,67.0,1.0,OFF-02_METER,正常
OFF-03,办公楼,2026-07-03 19:00,24.06,1.03,4.42,7.3,12.5,34.6,84.9,1.3,OFF-03_METER,正常
OFF-04,办公楼,2026-07-03 19:00,44.18,0.99,5.1,7.5,12.7,35.7,77.2,4.7,OFF-04_METER,正常
OFF-05,办公楼,2026-07-03 19:00,18.92,1.15,2.96,8.4,14.0,31.7,79.6,0.5,OFF-05_METER,正常
TEACH-01,教学楼,2026-07-03 19:00,30.82,1.83,5.76,6.8,11.2,34.3,69.4,0.6,TEACH-01_METER,正常
TEACH-02,教学楼,2026-07-03 19:00,25.01,1.98,7.18,7.9,12.9,36.0,77.5,0.8,TEACH-02_METER,正常
TEACH-03,教学楼,2026-07-03 19:00,24.65,2.25,4.78,6.7,10.0,32.6,63.3,0.0,TEACH-03_METER,正常
LIB-01,公共机构,2026-07-03 19:00,71.41,1.52,5.16,5.9,10.0,35.2,71.1,4.5,LIB-01_METER,正常
GYM-01,公共机构,2026-07-03 19:00,91.91,1.54,3.97,6.1,10.7,33.6,68.9,2.4,GYM-01_METER,正常
OFF-01,办公楼,2026-07-03 20:00,32.55,1.06,4.87,6.5,11.8,34.6,68.9,1.7,OFF-01_METER,正常
OFF-02,办公楼,2026-07-03 20:00,29.31,0.92,5.34,6.2,11.0,36.0,70.8,2.9,OFF-02_METER,正常
OFF-03,办公楼,2026-07-03 20:00,27.96,1.38,3.29,8.2,12.0,32.2,85.3,1.3,OFF-03_METER,正常
OFF-04,办公楼,2026-07-03 20:00,30.46,0.91,3.76,7.5,12.3,33.3,86.6,1.4,OFF-04_METER,正常
OFF-05,办公楼,2026-07-03 20:00,19.25,1.23,3.11,6.4,12.2,31.9,69.8,2.1,OFF-05_METER,正常
TEACH-01,教学楼,2026-07-03 20:00,22.66,2.78,4.67,6.3,11.6,32.3,72.1,1.3,TEACH-01_METER,正常
TEACH-02,教学楼,2026-07-03 20:00,20.47,1.83,5.34,6.9,11.4,33.5,82.9,1.7,TEACH-02_METER,正常
TEACH-03,教学楼,2026-07-03 20:00,24.38,3.02,5.58,6.1,11.2,34.1,80.0,1.9,TEACH-03_METER,正常
LIB-01,公共机构,2026-07-03 20:00,67.31,1.74,4.51,7.4,12.7,34.5,78.4,3.4,LIB-01_METER,正常
GYM-01,公共机构,2026-07-03 20:00,60.46,1.53,3.23,6.9,11.8,32.0,70.4,2.7,GYM-01_METER,正常
OFF-01,办公楼,2026-07-03 21:00,34.37,1.04,5.38,7.1,12.1,36.0,70.4,3.1,OFF-01_METER,正常
OFF-02,办公楼,2026-07-03 21:00,35.67,1.45,2.71,8.0,11.8,30.8,70.8,3.3,OFF-02_METER,正常
OFF-03,办公楼,2026-07-03 21:00,24.87,1.9,3.14,7.0,10.9,31.7,69.2,4.2,OFF-03_METER,正常
OFF-04,办公楼,2026-07-03 21:00,31.99,1.26,3.84,7.6,12.5,33.4,86.9,3.9,OFF-04_METER,正常
OFF-05,办公楼,2026-07-03 21:00,32.76,0.95,4.72,5.6,10.0,34.8,78.7,2.8,OFF-05_METER,正常
TEACH-01,教学楼,2026-07-03 21:00,21.36,1.81,6.5,7.4,12.3,34.7,80.1,0.4,TEACH-01_METER,正常
TEACH-02,教学楼,2026-07-03 21:00,19.91,2.0,4.32,6.4,10.2,32.0,81.5,0.1,TEACH-02_METER,正常
TEACH-03,教学楼,2026-07-03 21:00,21.89,1.87,6.14,6.9,10.2,34.6,78.0,1.9,TEACH-03_METER,正常
LIB-01,公共机构,2026-07-03 21:00,113.43,1.94,4.68,7.2,12.6,35.2,77.5,4.9,LIB-01_METER,正常
GYM-01,公共机构,2026-07-03 21:00,112.16,2.44,4.67,6.7,10.6,34.9,83.0,0.8,GYM-01_METER,正常
OFF-01,办公楼,2026-07-03 22:00,21.17,1.12,4.04,6.5,10.1,33.2,83.5,3.6,OFF-01_METER,正常
OFF-02,办公楼,2026-07-03 22:00,19.43,1.97,3.58,6.3,11.2,32.8,64.5,4.1,OFF-02_METER,正常
OFF-03,办公楼,2026-07-03 22:00,26.53,1.0,3.99,7.2,11.4,33.7,79.9,3.4,OFF-03_METER,正常
OFF-04,办公楼,2026-07-03 22:00,16.01,1.24,3.84,6.6,11.8,33.2,73.7,3.4,OFF-04_METER,正常
OFF-05,办公楼,2026-07-03 22:00,33.79,1.08,4.41,7.0,10.9,33.9,79.5,3.0,OFF-05_METER,正常
TEACH-01,教学楼,2026-07-03 22:00,22.17,1.94,3.67,7.1,10.9,31.0,73.6,0.1,TEACH-01_METER,正常
TEACH-02,教学楼,2026-07-03 22:00,21.13,1.84,3.5,6.2,11.5,31.0,70.2,1.6,TEACH-02_METER,正常
TEACH-03,教学楼,2026-07-03 22:00,22.53,2.12,4.4,8.0,11.9,32.2,74.8,1.7,TEACH-03_METER,正常
LIB-01,公共机构,2026-07-03 22:00,33.3,2.25,3.28,6.4,11.4,32.4,80.8,2.6,LIB-01_METER,正常
GYM-01,公共机构,2026-07-03 22:00,23.21,1.76,4.86,7.8,12.1,35.1,74.6,4.7,GYM-01_METER,正常
OFF-01,办公楼,2026-07-03 23:00,30.7,1.09,4.31,6.9,11.6,33.8,74.9,1.3,OFF-01_METER,正常
OFF-02,办公楼,2026-07-03 23:00,29.2,0.94,4.35,7.6,11.9,34.2,78.8,1.0,OFF-02_METER,正常
OFF-03,办公楼,2026-07-03 23:00,31.0,1.42,4.08,8.7,13.1,33.9,69.7,4.7,OFF-03_METER,正常
OFF-04,办公楼,2026-07-03 23:00,27.36,0.93,4.98,6.7,10.5,35.0,78.3,1.0,OFF-04_METER,正常
OFF-05,办公楼,2026-07-03 23:00,21.86,1.57,2.73,6.3,10.0,31.3,82.3,3.0,OFF-05_METER,正常
TEACH-01,教学楼,2026-07-03 23:00,20.14,1.91,7.56,6.1,10.0,36.0,75.9,0.5,TEACH-01_METER,正常
TEACH-02,教学楼,2026-07-03 23:00,23.06,1.88,4.62,5.6,10.3,32.4,71.8,1.3,TEACH-02_METER,正常
TEACH-03,教学楼,2026-07-03 23:00,22.87,1.84,5.71,7.9,13.3,34.3,68.6,0.4,TEACH-03_METER,正常
LIB-01,公共机构,2026-07-03 23:00,35.53,2.61,3.7,7.9,13.2,32.6,73.7,3.7,LIB-01_METER,正常
GYM-01,公共机构,2026-07-03 23:00,37.26,1.98,3.43,6.7,11.6,32.5,76.8,2.1,GYM-01_METER,正常
OFF-01,办公楼,2026-07-04 00:00,17.72,1.33,0.0,6.2,10.0,25.0,61.1,2.1,OFF-01_METER,正常
OFF-02,办公楼,2026-07-04 00:00,20.44,1.49,0.0,6.5,11.0,25.0,64.6,3.0,OFF-02_METER,正常
OFF-03,办公楼,2026-07-04 00:00,18.66,0.9,0.0,8.3,13.2,25.0,61.5,1.3,OFF-03_METER,正常
OFF-04,办公楼,2026-07-04 00:00,25.54,1.07,0.0,7.7,12.6,25.0,64.9,4.3,OFF-04_METER,正常
OFF-05,办公楼,2026-07-04 00:00,17.24,1.02,0.16,7.0,11.4,26.3,60.3,3.4,OFF-05_METER,正常
TEACH-01,教学楼,2026-07-04 00:00,9.27,1.93,0.0,7.5,12.1,25.0,63.0,2.0,TEACH-01_METER,正常
TEACH-02,教学楼,2026-07-04 00:00,16.59,2.02,0.0,7.6,11.1,25.0,69.0,1.4,TEACH-02_METER,正常
TEACH-03,教学楼,2026-07-04 00:00,14.23,2.14,0.0,7.2,10.9,25.0,70.4,0.6,TEACH-03_METER,正常
LIB-01,公共机构,2026-07-04 00:00,29.45,1.73,0.0,7.8,12.5,25.0,65.0,3.0,LIB-01_METER,正常
GYM-01,公共机构,2026-07-04 00:00,27.07,1.7,0.0,6.2,10.3,25.0,69.2,2.3,GYM-01_METER,正常
OFF-01,办公楼,2026-07-04 01:00,20.43,1.38,0.0,6.7,11.1,25.0,69.3,2.0,OFF-01_METER,正常
OFF-02,办公楼,2026-07-04 01:00,26.13,1.3,0.0,6.7,11.6,25.0,67.7,2.1,OFF-02_METER,正常
OFF-03,办公楼,2026-07-04 01:00,25.8,1.08,0.0,6.8,11.2,25.0,71.3,4.2,OFF-03_METER,正常
OFF-04,办公楼,2026-07-04 01:00,23.46,1.39,0.0,7.2,12.0,25.0,65.3,1.9,OFF-04_METER,正常
OFF-05,办公楼,2026-07-04 01:00,23.89,0.91,0.0,6.9,11.4,25.2,61.7,2.4,OFF-05_METER,正常
TEACH-01,教学楼,2026-07-04 01:00,6.26,1.88,0.0,5.9,10.0,25.0,67.1,1.1,TEACH-01_METER,正常
TEACH-02,教学楼,2026-07-04 01:00,25.37,1.99,0.0,8.2,12.1,25.0,64.6,0.6,TEACH-02_METER,正常
TEACH-03,教学楼,2026-07-04 01:00,22.57,1.86,0.0,6.3,11.1,25.0,69.0,0.3,TEACH-03_METER,正常
LIB-01,公共机构,2026-07-04 01:00,35.27,1.58,0.03,6.1,10.0,26.0,74.5,2.5,LIB-01_METER,正常
GYM-01,公共机构,2026-07-04 01:00,28.02,2.02,0.0,8.0,12.7,25.0,61.9,0.5,GYM-01_METER,正常
OFF-01,办公楼,2026-07-04 02:00,21.82,0.96,0.0,8.1,11.8,25.5,74.1,5.0,OFF-01_METER,正常
OFF-02,办公楼,2026-07-04 02:00,17.38,0.98,0.65,7.1,11.2,27.2,68.3,4.1,OFF-02_METER,正常
OFF-03,办公楼,2026-07-04 02:00,14.73,1.3,0.0,7.2,11.6,25.0,68.8,3.0,OFF-03_METER,正常
OFF-04,办公楼,2026-07-04 02:00,20.91,1.14,0.46,7.5,11.9,26.9,65.1,3.9,OFF-04_METER,正常
OFF-05,办公楼,2026-07-04 02:00,34.58,1.0,0.03,6.8,12.3,26.1,69.2,4.6,OFF-05_METER,正常
TEACH-01,教学楼,2026-07-04 02:00,17.18,1.88,0.0,5.8,10.1,25.0,70.5,0.4,TEACH-01_METER,正常
TEACH-02,教学楼,2026-07-04 02:00,16.83,1.98,0.0,6.9,10.7,25.0,67.7,0.3,TEACH-02_METER,正常
TEACH-03,教学楼,2026-07-04 02:00,19.11,1.82,0.0,6.4,11.9,25.0,62.5,1.2,TEACH-03_METER,正常
LIB-01,公共机构,2026-07-04 02:00,20.27,2.3,0.0,6.6,10.5,25.0,64.9,3.1,LIB-01_METER,正常
GYM-01,公共机构,2026-07-04 02:00,28.14,1.56,0.0,7.1,11.5,25.6,57.9,1.4,GYM-01_METER,正常
OFF-01,办公楼,2026-07-04 03:00,22.37,1.04,0.12,7.2,11.1,26.2,73.7,4.5,OFF-01_METER,正常
OFF-02,办公楼,2026-07-04 03:00,19.38,2.01,0.0,7.5,12.3,25.5,65.9,4.5,OFF-02_METER,正常
OFF-03,办公楼,2026-07-04 03:00,31.81,0.91,0.27,7.5,11.6,26.5,74.8,0.7,OFF-03_METER,正常
OFF-04,办公楼,2026-07-04 03:00,21.3,1.61,0.0,7.5,11.2,25.9,68.5,2.8,OFF-04_METER,正常
OFF-05,办公楼,2026-07-04 03:00,17.91,1.09,0.0,6.5,11.7,25.7,61.6,1.4,OFF-05_METER,正常
TEACH-01,教学楼,2026-07-04 03:00,7.51,1.99,0.64,5.7,10.6,26.9,57.0,1.9,TEACH-01_METER,正常
TEACH-02,教学楼,2026-07-04 03:00,13.64,1.96,0.0,7.7,12.0,25.2,68.9,0.3,TEACH-02_METER,正常
TEACH-03,教学楼,2026-07-04 03:00,19.13,1.85,0.0,6.9,11.4,25.5,64.2,1.5,TEACH-03_METER,正常
LIB-01,公共机构,2026-07-04 03:00,19.13,1.51,0.13,6.3,11.7,26.2,73.1,5.0,LIB-01_METER,正常
GYM-01,公共机构,2026-07-04 03:00,29.92,1.5,0.82,6.3,11.8,27.5,70.0,3.5,GYM-01_METER,正常
OFF-01,办公楼,2026-07-04 04:00,20.47,1.2,0.67,6.7,11.0,27.2,73.3,1.3,OFF-01_METER,正常
OFF-02,办公楼,2026-07-04 04:00,29.32,1.61,1.15,6.3,10.7,28.2,72.5,2.3,OFF-02_METER,正常
OFF-03,办公楼,2026-07-04 04:00,20.25,0.97,0.0,7.5,12.2,25.0,70.3,2.1,OFF-03_METER,正常
OFF-04,办公楼,2026-07-04 04:00,24.32,0.98,0.0,6.5,10.6,25.7,67.7,4.8,OFF-04_METER,正常
OFF-05,办公楼,2026-07-04 04:00,16.67,1.15,0.62,5.8,10.0,27.2,77.7,3.2,OFF-05_METER,正常
TEACH-01,教学楼,2026-07-04 04:00,21.91,2.23,0.0,5.0,10.0,25.3,61.6,0.5,TEACH-01_METER,正常
TEACH-02,教学楼,2026-07-04 04:00,18.11,1.98,0.27,6.4,10.8,26.4,67.4,0.6,TEACH-02_METER,正常
TEACH-03,教学楼,2026-07-04 04:00,24.45,1.95,3.01,7.3,12.2,30.4,76.0,0.7,TEACH-03_METER,正常
LIB-01,公共机构,2026-07-04 04:00,28.46,2.36,0.0,7.8,12.2,25.0,63.9,4.8,LIB-01_METER,正常
GYM-01,公共机构,2026-07-04 04:00,29.34,1.71,1.04,6.2,11.2,27.9,72.6,1.1,GYM-01_METER,正常
OFF-01,办公楼,2026-07-04 05:00,31.36,0.93,1.13,7.4,12.1,28.1,78.9,4.2,OFF-01_METER,正常
OFF-02,办公楼,2026-07-04 05:00,24.94,1.27,0.42,7.2,10.4,26.7,69.7,3.6,OFF-02_METER,正常
OFF-03,办公楼,2026-07-04 05:00,31.67,1.2,0.49,6.8,11.4,26.9,63.6,2.4,OFF-03_METER,正常
OFF-04,办公楼,2026-07-04 05:00,27.35,1.65,1.1,5.4,10.6,28.1,64.6,1.3,OFF-04_METER,正常
OFF-05,办公楼,2026-07-04 05:00,21.49,0.94,0.62,5.9,11.0,27.2,66.9,0.6,OFF-05_METER,正常
TEACH-01,教学楼,2026-07-04 05:00,14.48,2.35,1.57,7.1,12.7,28.1,72.1,0.5,TEACH-01_METER,正常
TEACH-02,教学楼,2026-07-04 05:00,14.38,1.95,0.01,7.0,11.6,26.0,70.6,1.2,TEACH-02_METER,正常
TEACH-03,教学楼,2026-07-04 05:00,21.81,2.66,2.29,7.2,11.5,29.2,75.9,1.4,TEACH-03_METER,正常
LIB-01,公共机构,2026-07-04 05:00,24.43,1.58,0.24,5.4,10.1,26.4,74.1,1.1,LIB-01_METER,正常
GYM-01,公共机构,2026-07-04 05:00,34.66,2.87,0.38,6.4,10.7,26.7,77.1,2.8,GYM-01_METER,正常
OFF-01,办公楼,2026-07-04 06:00,22.13,1.08,1.16,7.2,12.0,28.2,71.2,2.8,OFF-01_METER,正常
OFF-02,办公楼,2026-07-04 06:00,14.18,0.92,0.78,7.4,12.8,27.4,68.8,4.6,OFF-02_METER,正常
OFF-03,办公楼,2026-07-04 06:00,14.64,1.09,0.44,7.5,12.0,26.8,67.2,2.1,OFF-03_METER,正常
OFF-04,办公楼,2026-07-04 06:00,22.31,1.15,0.0,7.3,12.0,26.0,66.1,1.5,OFF-04_METER,正常
OFF-05,办公楼,2026-07-04 06:00,19.04,0.96,0.79,6.6,12.0,27.4,63.7,1.8,OFF-05_METER,正常
TEACH-01,教学楼,2026-07-04 06:00,25.17,1.86,1.88,6.9,10.7,28.6,72.9,0.2,TEACH-01_METER,正常
TEACH-02,教学楼,2026-07-04 06:00,16.33,2.0,0.0,5.0,10.0,25.6,81.2,0.8,TEACH-02_METER,正常
TEACH-03,教学楼,2026-07-04 06:00,19.11,2.02,1.86,8.1,12.7,28.7,66.7,1.3,TEACH-03_METER,正常
LIB-01,公共机构,2026-07-04 06:00,20.92,2.02,1.08,6.5,11.8,28.0,70.6,3.0,LIB-01_METER,正常
GYM-01,公共机构,2026-07-04 06:00,23.15,1.84,1.57,5.5,10.0,29.0,72.1,3.9,GYM-01_METER,正常
OFF-01,办公楼,2026-07-04 07:00,17.77,2.12,1.27,8.0,12.7,28.4,68.9,3.4,OFF-01_METER,正常
OFF-02,办公楼,2026-07-04 07:00,20.57,1.19,1.28,6.2,10.0,28.2,65.4,0.6,OFF-02_METER,正常
OFF-03,办公楼,2026-07-04 07:00,28.77,1.29,1.17,7.6,12.4,28.1,66.4,1.4,OFF-03_METER,正常
OFF-04,办公楼,2026-07-04 07:00,28.45,1.11,0.28,6.5,12.0,26.5,62.5,1.9,OFF-04_METER,正常
OFF-05,办公楼,2026-07-04 07:00,17.85,1.36,1.64,5.4,10.0,29.0,67.0,4.0,OFF-05_METER,正常
TEACH-01,教学楼,2026-07-04 07:00,24.66,1.83,1.8,7.9,13.2,28.5,67.7,1.5,TEACH-01_METER,正常
TEACH-02,教学楼,2026-07-04 07:00,24.89,1.94,2.72,6.2,11.2,29.9,79.5,1.8,TEACH-02_METER,正常
TEACH-03,教学楼,2026-07-04 07:00,19.61,2.29,0.47,6.5,11.0,26.6,69.7,2.0,TEACH-03_METER,正常
LIB-01,公共机构,2026-07-04 07:00,33.15,1.59,2.46,6.7,10.8,30.7,72.4,2.2,LIB-01_METER,正常
GYM-01,公共机构,2026-07-04 07:00,33.36,1.75,1.1,6.4,10.0,28.1,61.5,3.2,GYM-01_METER,正常
OFF-01,办公楼,2026-07-04 08:00,22.21,1.22,1.69,6.5,11.8,29.0,62.0,1.9,OFF-01_METER,正常
OFF-02,办公楼,2026-07-04 08:00,22.2,0.96,1.94,7.0,10.6,29.8,71.7,4.3,OFF-02_METER,正常
OFF-03,办公楼,2026-07-04 08:00,10.86,0.96,0.6,7.5,11.4,27.1,74.4,0.6,OFF-03_METER,正常
OFF-04,办公楼,2026-07-04 08:00,25.39,0.98,1.78,7.0,11.3,29.3,63.8,3.2,OFF-04_METER,正常
OFF-05,办公楼,2026-07-04 08:00,26.02,1.47,2.45,5.5,10.0,30.6,75.2,1.4,OFF-05_METER,正常
TEACH-01,教学楼,2026-07-04 08:00,7.66,2.09,1.29,6.1,11.3,27.7,69.4,0.4,TEACH-01_METER,正常
TEACH-02,教学楼,2026-07-04 08:00,16.51,2.11,2.47,6.9,12.3,29.6,67.8,1.3,TEACH-02_METER,正常
TEACH-03,教学楼,2026-07-04 08:00,15.99,2.15,3.9,7.9,13.3,31.6,82.5,1.4,TEACH-03_METER,正常
LIB-01,公共机构,2026-07-04 08:00,36.43,1.69,2.47,7.0,12.0,30.5,68.2,2.8,LIB-01_METER,正常
GYM-01,公共机构,2026-07-04 08:00,32.61,1.85,0.86,7.4,12.1,27.5,73.6,4.0,GYM-01_METER,正常
OFF-01,办公楼,2026-07-04 09:00,17.09,1.51,2.06,6.6,11.1,29.8,67.5,4.9,OFF-01_METER,正常
OFF-02,办公楼,2026-07-04 09:00,23.51,0.96,2.05,7.4,12.6,29.8,71.3,3.8,OFF-02_METER,正常
OFF-03,办公楼,2026-07-04 09:00,22.51,0.92,1.99,7.8,12.2,29.9,70.1,3.8,OFF-03_METER,正常
OFF-04,办公楼,2026-07-04 09:00,26.0,1.11,2.76,6.7,10.3,30.9,68.8,2.0,OFF-04_METER,正常
OFF-05,办公楼,2026-07-04 09:00,26.76,1.3,3.62,6.2,12.6,33.1,69.3,4.4,OFF-05_METER,正常
TEACH-01,教学楼,2026-07-04 09:00,23.3,1.91,2.48,8.1,12.3,29.4,68.3,0.7,TEACH-01_METER,正常
TEACH-02,教学楼,2026-07-04 09:00,15.81,1.88,3.37,8.2,12.5,30.5,84.7,0.1,TEACH-02_METER,正常
TEACH-03,教学楼,2026-07-04 09:00,23.26,2.3,2.72,6.2,10.5,29.7,68.6,1.6,TEACH-03_METER,正常
LIB-01,公共机构,2026-07-04 09:00,65.25,1.57,3.3,7.2,11.9,31.9,67.9,2.5,LIB-01_METER,正常
GYM-01,公共机构,2026-07-04 09:00,64.65,1.6,2.61,6.0,10.0,31.0,73.4,0.9,GYM-01_METER,正常
OFF-01,办公楼,2026-07-04 10:00,22.35,1.0,1.7,7.8,11.2,29.0,71.9,4.1,OFF-01_METER,正常
OFF-02,办公楼,2026-07-04 10:00,26.52,1.63,2.43,8.0,12.6,30.6,60.9,3.9,OFF-02_METER,正常
OFF-03,办公楼,2026-07-04 10:00,34.23,1.24,2.27,7.4,11.7,30.4,69.4,2.5,OFF-03_METER,正常
OFF-04,办公楼,2026-07-04 10:00,30.11,1.11,1.42,6.5,10.6,28.7,80.3,4.4,OFF-04_METER,正常
OFF-05,办公楼,2026-07-04 10:00,35.05,2.08,2.01,6.0,10.0,29.9,81.5,1.0,OFF-05_METER,正常
TEACH-01,教学楼,2026-07-04 10:00,29.86,1.92,5.47,7.8,11.7,33.5,78.4,0.0,TEACH-01_METER,正常
TEACH-02,教学楼,2026-07-04 10:00,29.93,2.38,5.59,8.2,13.4,33.5,80.1,0.2,TEACH-02_METER,正常
TEACH-03,教学楼,2026-07-04 10:00,25.65,2.04,3.11,7.1,11.4,30.3,76.7,0.9,TEACH-03_METER,正常
LIB-01,公共机构,2026-07-04 10:00,80.21,1.58,2.87,5.8,10.1,31.1,73.4,4.2,LIB-01_METER,正常
GYM-01,公共机构,2026-07-04 10:00,109.36,1.75,2.15,7.1,12.1,30.1,67.0,3.0,GYM-01_METER,正常
OFF-01,办公楼,2026-07-04 11:00,23.28,1.47,4.39,5.6,10.0,34.0,77.1,3.2,OFF-01_METER,正常
OFF-02,办公楼,2026-07-04 11:00,30.12,0.91,2.1,6.8,12.1,29.9,66.7,4.3,OFF-02_METER,正常
OFF-03,办公楼,2026-07-04 11:00,23.74,1.47,3.11,8.4,13.1,32.1,72.7,3.1,OFF-03_METER,正常
OFF-04,办公楼,2026-07-04 11:00,18.45,1.12,3.42,6.2,10.5,32.3,78.6,2.1,OFF-04_METER,正常
OFF-05,办公楼,2026-07-04 11:00,29.9,0.92,3.11,7.4,11.8,31.6,80.2,4.1,OFF-05_METER,正常
TEACH-01,教学楼,2026-07-04 11:00,18.88,2.2,4.1,7.4,11.0,31.5,73.0,0.3,TEACH-01_METER,正常
TEACH-02,教学楼,2026-07-04 11:00,17.88,1.9,2.94,6.4,10.7,30.2,69.9,1.3,TEACH-02_METER,正常
TEACH-03,教学楼,2026-07-04 11:00,22.88,2.17,3.27,5.0,10.6,30.7,77.8,0.1,TEACH-03_METER,正常
LIB-01,公共机构,2026-07-04 11:00,94.58,1.87,2.09,7.6,12.9,29.7,75.4,1.6,LIB-01_METER,正常
GYM-01,公共机构,2026-07-04 11:00,106.2,1.77,3.47,6.5,10.0,32.7,81.5,3.9,GYM-01_METER,正常
OFF-01,办公楼,2026-07-04 12:00,34.67,0.95,3.59,8.0,12.4,33.0,75.1,4.9,OFF-01_METER,正常
OFF-02,办公楼,2026-07-04 12:00,34.64,0.96,4.47,7.6,12.0,34.7,76.2,2.9,OFF-02_METER,正常
OFF-03,办公楼,2026-07-04 12:00,22.08,1.24,4.41,7.0,12.0,33.8,81.6,2.6,OFF-03_METER,正常
OFF-04,办公楼,2026-07-04 12:00,29.45,1.21,4.12,6.0,10.8,33.9,73.1,3.3,OFF-04_METER,正常
OFF-05,办公楼,2026-07-04 12:00,21.09,1.67,4.32,7.1,11.2,34.2,90.2,0.7,OFF-05_METER,正常
TEACH-01,教学楼,2026-07-04 12:00,28.36,2.31,5.82,8.8,12.9,34.1,77.0,0.4,TEACH-01_METER,正常
TEACH-02,教学楼,2026-07-04 12:00,31.82,2.35,2.82,7.8,12.0,30.0,73.5,0.0,TEACH-02_METER,正常
TEACH-03,教学楼,2026-07-04 12:00,19.69,1.81,4.33,7.2,12.3,32.0,80.8,2.0,TEACH-03_METER,正常
LIB-01,公共机构,2026-07-04 12:00,62.26,1.53,4.54,6.3,10.3,34.2,75.6,3.3,LIB-01_METER,正常
GYM-01,公共机构,2026-07-04 12:00,85.45,1.69,4.14,7.3,11.4,33.3,79.7,2.4,GYM-01_METER,正常
OFF-01,办公楼,2026-07-04 13:00,30.07,0.94,4.15,5.8,10.3,33.5,73.2,0.6,OFF-01_METER,正常
OFF-02,办公楼,2026-07-04 13:00,25.29,0.98,3.56,6.6,10.8,32.3,66.8,0.9,OFF-02_METER,正常
OFF-03,办公楼,2026-07-04 13:00,31.87,1.8,2.93,7.8,14.1,31.4,77.7,1.6,OFF-03_METER,正常
OFF-04,办公楼,2026-07-04 13:00,17.59,1.15,5.04,5.4,10.0,35.1,74.3,0.8,OFF-04_METER,正常
OFF-05,办公楼,2026-07-04 13:00,30.49,1.23,4.32,7.6,10.7,34.3,70.9,1.8,OFF-05_METER,正常
TEACH-01,教学楼,2026-07-04 13:00,23.62,1.87,5.17,5.5,10.2,33.2,80.0,0.4,TEACH-01_METER,正常
TEACH-02,教学楼,2026-07-04 13:00,26.14,1.96,4.96,8.3,13.7,33.0,78.2,1.5,TEACH-02_METER,异常
TEACH-03,教学楼,2026-07-04 13:00,31.75,1.84,5.37,8.6,14.0,33.4,76.4,1.3,TEACH-03_METER,正常
LIB-01,公共机构,2026-07-04 13:00,78.83,2.08,4.14,7.8,11.5,33.6,87.9,3.5,LIB-01_METER,正常
GYM-01,公共机构,2026-07-04 13:00,70.39,1.74,4.08,5.6,10.8,33.2,92.4,2.8,GYM-01_METER,正常
OFF-01,办公楼,2026-07-04 14:00,25.23,1.18,3.01,6.8,11.2,31.6,66.3,4.1,OFF-01_METER,正常
OFF-02,办公楼,2026-07-04 14:00,31.04,1.53,4.84,6.9,10.9,34.8,74.5,1.1,OFF-02_METER,正常
OFF-03,办公楼,2026-07-04 14:00,17.77,0.97,3.86,7.0,12.5,33.3,82.4,3.2,OFF-03_METER,正常
OFF-04,办公楼,2026-07-04 14:00,23.18,1.49,3.32,7.1,10.8,32.0,72.6,1.5,OFF-04_METER,正常
OFF-05,办公楼,2026-07-04 14:00,33.62,1.54,5.44,5.0,10.0,35.8,86.0,1.1,OFF-05_METER,正常
TEACH-01,教学楼,2026-07-04 14:00,18.68,1.81,5.54,5.8,10.3,33.5,69.2,1.6,TEACH-01_METER,正常
TEACH-02,教学楼,2026-07-04 14:00,24.09,1.88,4.83,6.7,11.4,32.4,75.1,1.4,TEACH-02_METER,正常
TEACH-03,教学楼,2026-07-04 14:00,17.9,3.69,4.67,7.5,12.7,32.3,82.6,1.3,TEACH-03_METER,正常
LIB-01,公共机构,2026-07-04 14:00,117.77,1.78,5.04,5.0,10.0,35.8,74.7,2.8,LIB-01_METER,正常
GYM-01,公共机构,2026-07-04 14:00,69.02,1.63,4.94,7.0,11.5,34.7,71.2,1.0,GYM-01_METER,正常
OFF-01,办公楼,2026-07-04 15:00,26.12,1.15,4.58,5.6,10.2,34.1,74.3,4.4,OFF-01_METER,正常
OFF-02,办公楼,2026-07-04 15:00,24.93,1.12,3.46,6.3,10.4,32.5,72.9,1.3,OFF-02_METER,正常
OFF-03,办公楼,2026-07-04 15:00,21.98,1.37,4.72,7.3,12.4,35.0,81.5,3.6,OFF-03_METER,正常
OFF-04,办公楼,2026-07-04 15:00,33.55,2.05,4.39,8.0,13.3,33.8,88.2,2.0,OFF-04_METER,正常
OFF-05,办公楼,2026-07-04 15:00,29.06,1.07,4.59,7.4,12.3,34.5,76.0,3.5,OFF-05_METER,正常
TEACH-01,教学楼,2026-07-04 15:00,26.36,1.84,5.16,7.9,12.7,33.4,73.0,0.2,TEACH-01_METER,正常
TEACH-02,教学楼,2026-07-04 15:00,17.97,2.36,5.47,6.2,10.0,34.0,77.5,0.9,TEACH-02_METER,正常
TEACH-03,教学楼,2026-07-04 15:00,24.67,1.83,5.54,7.1,13.1,33.8,72.8,1.4,TEACH-03_METER,正常
LIB-01,公共机构,2026-07-04 15:00,106.41,2.16,3.58,6.3,10.4,32.6,65.6,2.8,LIB-01_METER,正常
GYM-01,公共机构,2026-07-04 15:00,75.86,1.64,2.99,6.8,11.9,31.7,69.6,1.3,GYM-01_METER,正常
OFF-01,办公楼,2026-07-04 16:00,32.39,0.99,4.49,6.9,11.6,34.4,64.5,1.2,OFF-01_METER,正常
OFF-02,办公楼,2026-07-04 16:00,30.46,1.18,3.05,7.0,11.4,31.9,69.2,0.5,OFF-02_METER,正常
OFF-03,办公楼,2026-07-04 16:00,27.53,1.54,4.77,5.6,10.8,34.9,69.4,2.6,OFF-03_METER,正常
OFF-04,办公楼,2026-07-04 16:00,30.85,1.23,5.46,7.7,12.5,36.0,85.9,1.1,OFF-04_METER,正常
OFF-05,办公楼,2026-07-04 16:00,31.14,1.14,5.42,6.8,12.4,36.0,89.1,2.4,OFF-05_METER,正常
TEACH-01,教学楼,2026-07-04 16:00,19.51,2.69,4.54,6.5,10.1,32.6,76.2,1.4,TEACH-01_METER,正常
TEACH-02,教学楼,2026-07-04 16:00,18.01,2.49,6.72,7.5,11.0,35.3,75.1,1.9,TEACH-02_METER,正常
TEACH-03,教学楼,2026-07-04 16:00,29.89,1.92,4.31,6.5,11.3,32.3,82.5,0.4,TEACH-03_METER,正常
LIB-01,公共机构,2026-07-04 16:00,52.17,2.13,3.7,7.4,11.7,32.9,73.8,3.7,LIB-01_METER,正常
GYM-01,公共机构,2026-07-04 16:00,96.06,1.62,3.96,6.9,10.6,33.3,78.4,1.0,GYM-01_METER,正常
OFF-01,办公楼,2026-07-04 17:00,25.7,1.18,5.69,7.3,13.1,36.0,77.5,3.1,OFF-01_METER,正常
OFF-02,办公楼,2026-07-04 17:00,30.29,1.28,3.76,6.4,10.7,32.6,71.5,2.8,OFF-02_METER,正常
OFF-03,办公楼,2026-07-04 17:00,35.39,0.96,4.75,7.4,12.7,34.7,81.5,4.2,OFF-03_METER,正常
OFF-04,办公楼,2026-07-04 17:00,22.65,1.01,5.11,6.7,11.6,36.0,78.5,1.6,OFF-04_METER,正常
OFF-05,办公楼,2026-07-04 17:00,28.67,0.95,3.63,6.5,10.9,32.8,75.8,2.3,OFF-05_METER,正常
TEACH-01,教学楼,2026-07-04 17:00,23.26,2.11,6.83,8.4,13.3,35.1,73.4,0.1,TEACH-01_METER,正常
TEACH-02,教学楼,2026-07-04 17:00,32.88,1.91,7.15,6.6,11.3,36.0,73.7,1.7,TEACH-02_METER,正常
TEACH-03,教学楼,2026-07-04 17:00,24.95,1.99,6.87,7.4,12.9,35.7,79.4,1.1,TEACH-03_METER,正常
LIB-01,公共机构,2026-07-04 17:00,72.61,1.56,4.38,7.5,13.1,33.7,73.9,2.3,LIB-01_METER,正常
GYM-01,公共机构,2026-07-04 17:00,69.42,1.57,4.03,7.3,10.9,33.6,82.9,1.9,GYM-01_METER,正常
OFF-01,办公楼,2026-07-04 18:00,23.38,0.93,4.64,8.3,12.1,35.0,91.5,1.5,OFF-01_METER,正常
OFF-02,办公楼,2026-07-04 18:00,17.73,0.91,3.04,8.3,12.5,31.7,70.0,0.6,OFF-02_METER,正常
OFF-03,办公楼,2026-07-04 18:00,30.46,0.98,4.29,7.7,12.6,33.7,77.7,4.0,OFF-03_METER,正常
OFF-04,办公楼,2026-07-04 18:00,18.16,1.24,2.65,5.8,10.0,30.8,69.4,3.4,OFF-04_METER,正常
OFF-05,办公楼,2026-07-04 18:00,30.26,0.92,4.34,6.6,11.0,34.1,63.5,4.3,OFF-05_METER,正常
TEACH-01,教学楼,2026-07-04 18:00,19.14,2.23,5.38,6.6,11.3,33.7,80.3,1.6,TEACH-01_METER,正常
TEACH-02,教学楼,2026-07-04 18:00,18.98,1.89,7.26,8.7,14.7,35.8,85.0,0.9,TEACH-02_METER,正常
TEACH-03,教学楼,2026-07-04 18:00,19.28,2.74,5.12,5.7,10.0,32.7,84.5,1.9,TEACH-03_METER,正常
LIB-01,公共机构,2026-07-04 18:00,114.52,1.61,5.68,8.4,11.9,36.0,82.5,4.4,LIB-01_METER,正常
GYM-01,公共机构,2026-07-04 18:00,101.29,1.53,5.11,6.6,10.7,36.0,78.8,4.3,GYM-01_METER,正常
OFF-01,办公楼,2026-07-04 19:00,32.81,0.94,3.9,7.0,11.7,33.4,78.8,0.6,OFF-01_METER,正常
OFF-02,办公楼,2026-07-04 19:00,25.43,1.09,5.18,7.9,11.5,35.3,81.3,4.9,OFF-02_METER,正常
OFF-03,办公楼,2026-07-04 19:00,35.08,0.95,4.36,7.5,12.6,34.4,75.0,1.6,OFF-03_METER,正常
OFF-04,办公楼,2026-07-04 19:00,24.63,0.99,4.4,5.3,10.0,34.4,77.1,2.8,OFF-04_METER,正常
OFF-05,办公楼,2026-07-04 19:00,29.97,1.24,4.01,6.5,11.1,33.4,66.1,2.6,OFF-05_METER,正常
TEACH-01,教学楼,2026-07-04 19:00,31.48,2.23,4.93,6.6,11.0,32.9,71.7,1.8,TEACH-01_METER,正常
TEACH-02,教学楼,2026-07-04 19:00,27.33,1.88,6.24,7.0,11.5,34.6,74.3,1.0,TEACH-02_METER,正常
TEACH-03,教学楼,2026-07-04 19:00,36.21,2.56,4.87,5.0,10.4,33.1,75.3,0.7,TEACH-03_METER,正常
LIB-01,公共机构,2026-07-04 19:00,88.89,1.52,5.27,5.9,11.9,36.0,82.9,4.8,LIB-01_METER,正常
GYM-01,公共机构,2026-07-04 19:00,60.86,1.62,5.03,7.2,10.9,35.0,80.6,2.5,GYM-01_METER,正常
OFF-01,办公楼,2026-07-04 20:00,25.36,0.93,3.79,6.5,11.7,33.0,72.5,2.3,OFF-01_METER,正常
OFF-02,办公楼,2026-07-04 20:00,27.67,1.46,2.67,6.6,11.3,31.2,72.5,1.3,OFF-02_METER,正常
OFF-03,办公楼,2026-07-04 20:00,32.25,0.97,4.21,5.8,10.8,33.8,81.9,1.4,OFF-03_METER,正常
OFF-04,办公楼,2026-07-04 20:00,30.68,1.61,4.53,6.8,12.4,34.5,81.2,3.6,OFF-04_METER,正常
OFF-05,办公楼,2026-07-04 20:00,21.48,1.38,4.66,6.5,10.7,34.2,71.1,2.7,OFF-05_METER,正常
TEACH-01,教学楼,2026-07-04 20:00,22.45,1.8,5.91,7.0,11.4,33.9,72.4,1.4,TEACH-01_METER,正常
TEACH-02,教学楼,2026-07-04 20:00,31.79,2.44,7.08,7.5,12.4,35.8,69.0,2.0,TEACH-02_METER,正常
TEACH-03,教学楼,2026-07-04 20:00,25.6,2.24,5.15,7.4,11.9,33.1,77.0,1.5,TEACH-03_METER,正常
LIB-01,公共机构,2026-07-04 20:00,88.64,1.72,4.09,7.3,11.9,33.7,77.4,0.8,LIB-01_METER,正常
GYM-01,公共机构,2026-07-04 20:00,72.56,1.51,3.92,6.8,11.2,33.5,88.0,3.7,GYM-01_METER,正常
OFF-01,办公楼,2026-07-04 21:00,30.53,1.49,3.92,6.8,10.0,33.0,73.3,3.3,OFF-01_METER,正常
OFF-02,办公楼,2026-07-04 21:00,32.8,1.34,4.59,6.3,12.4,34.5,81.7,3.4,OFF-02_METER,正常
OFF-03,办公楼,2026-07-04 21:00,21.57,1.06,2.66,7.5,12.1,31.2,72.7,1.9,OFF-03_METER,正常
OFF-04,办公楼,2026-07-04 21:00,26.84,1.52,4.92,7.7,12.2,34.8,75.7,2.3,OFF-04_METER,正常
OFF-05,办公楼,2026-07-04 21:00,18.88,1.73,3.2,7.3,10.9,32.0,85.6,1.4,OFF-05_METER,异常
TEACH-01,教学楼,2026-07-04 21:00,23.36,1.97,6.0,7.3,11.0,34.4,72.5,1.4,TEACH-01_METER,正常
TEACH-02,教学楼,2026-07-04 21:00,21.57,1.99,5.19,6.6,11.9,33.1,74.7,1.4,TEACH-02_METER,正常
TEACH-03,教学楼,2026-07-04 21:00,21.83,1.92,4.95,7.8,12.7,33.1,78.6,0.2,TEACH-03_METER,正常
LIB-01,公共机构,2026-07-04 21:00,72.03,1.63,4.6,7.2,11.8,34.5,76.0,4.6,LIB-01_METER,正常
GYM-01,公共机构,2026-07-04 21:00,67.81,1.94,5.41,7.9,12.1,35.7,77.8,1.2,GYM-01_METER,正常
OFF-01,办公楼,2026-07-04 22:00,26.11,1.41,2.73,7.8,12.6,30.9,78.7,4.5,OFF-01_METER,正常
OFF-02,办公楼,2026-07-04 22:00,21.85,1.6,4.62,6.2,11.0,34.4,85.0,4.9,OFF-02_METER,正常
OFF-03,办公楼,2026-07-04 22:00,27.86,1.04,4.26,5.0,10.0,34.3,71.4,4.5,OFF-03_METER,正常
OFF-04,办公楼,2026-07-04 22:00,26.05,1.19,4.03,7.2,11.4,33.2,73.1,2.2,OFF-04_METER,正常
OFF-05,办公楼,2026-07-04 22:00,25.14,1.21,3.85,6.6,11.0,32.9,64.5,4.5,OFF-05_METER,正常
TEACH-01,教学楼,2026-07-04 22:00,28.53,2.37,4.12,8.3,12.3,31.9,61.7,1.8,TEACH-01_METER,正常
TEACH-02,教学楼,2026-07-04 22:00,23.59,2.09,5.26,6.5,10.8,33.2,77.3,0.8,TEACH-02_METER,正常
TEACH-03,教学楼,2026-07-04 22:00,24.56,1.99,3.56,6.2,10.0,31.2,78.4,1.7,TEACH-03_METER,正常
LIB-01,公共机构,2026-07-04 22:00,33.82,2.03,3.47,7.2,12.1,32.1,79.9,1.6,LIB-01_METER,正常
GYM-01,公共机构,2026-07-04 22:00,27.4,2.67,2.83,7.3,11.1,31.5,78.0,1.3,GYM-01_METER,正常
OFF-01,办公楼,2026-07-04 23:00,31.61,0.97,3.4,7.5,11.9,32.3,70.3,1.9,OFF-01_METER,正常
OFF-02,办公楼,2026-07-04 23:00,22.81,1.47,3.92,8.2,12.6,33.5,80.6,2.8,OFF-02_METER,正常
OFF-03,办公楼,2026-07-04 23:00,29.9,1.29,3.71,7.7,12.4,33.3,64.3,2.8,OFF-03_METER,正常
OFF-04,办公楼,2026-07-04 23:00,23.75,1.01,4.76,6.1,10.3,34.7,79.3,4.3,OFF-04_METER,正常
OFF-05,办公楼,2026-07-04 23:00,27.74,1.47,3.66,7.8,12.6,32.9,76.3,1.2,OFF-05_METER,正常
TEACH-01,教学楼,2026-07-04 23:00,19.68,1.91,4.89,8.0,12.5,32.5,72.5,0.9,TEACH-01_METER,正常
TEACH-02,教学楼,2026-07-04 23:00,28.55,2.93,5.33,6.2,11.2,33.6,71.0,0.7,TEACH-02_METER,正常
TEACH-03,教学楼,2026-07-04 23:00,26.48,1.83,5.59,7.2,11.2,34.1,90.3,1.3,TEACH-03_METER,正常
LIB-01,公共机构,2026-07-04 23:00,34.56,1.79,4.82,7.4,11.8,34.7,83.5,2.6,LIB-01_METER,正常
GYM-01,公共机构,2026-07-04 23:00,29.0,1.71,3.21,7.4,12.4,31.7,63.6,3.0,GYM-01_METER,正常
OFF-01,办公楼,2026-07-05 00:00,20.04,1.1,0.0,6.2,10.6,25.0,71.1,4.2,OFF-01_METER,正常
OFF-02,办公楼,2026-07-05 00:00,16.03,1.24,0.0,6.2,10.6,25.0,57.1,0.7,OFF-02_METER,正常
OFF-03,办公楼,2026-07-05 00:00,20.0,1.62,0.0,7.2,13.2,25.0,72.1,1.4,OFF-03_METER,正常
OFF-04,办公楼,2026-07-05 00:00,19.89,0.91,0.0,7.2,13.1,25.0,64.5,3.3,OFF-04_METER,正常
OFF-05,办公楼,2026-07-05 00:00,18.7,1.06,0.0,7.7,11.4,25.9,73.8,3.7,OFF-05_METER,正常
TEACH-01,教学楼,2026-07-05 00:00,16.27,1.85,0.0,5.7,10.5,25.0,60.9,0.3,TEACH-01_METER,正常
TEACH-02,教学楼,2026-07-05 00:00,22.1,2.33,0.0,7.3,11.7,25.0,65.2,1.8,TEACH-02_METER,正常
TEACH-03,教学楼,2026-07-05 00:00,27.07,2.15,0.0,7.8,11.8,25.0,61.0,0.1,TEACH-03_METER,正常
LIB-01,公共机构,2026-07-05 00:00,28.1,1.54,0.0,6.7,11.2,25.0,64.0,5.0,LIB-01_METER,正常
GYM-01,公共机构,2026-07-05 00:00,27.31,1.61,0.0,7.9,13.0,25.0,72.5,4.9,GYM-01_METER,正常
OFF-01,办公楼,2026-07-05 01:00,16.39,1.18,0.0,7.2,11.1,25.0,63.5,1.5,OFF-01_METER,正常
OFF-02,办公楼,2026-07-05 01:00,16.78,1.07,0.0,6.1,11.2,25.0,60.6,2.7,OFF-02_METER,正常
OFF-03,办公楼,2026-07-05 01:00,25.06,1.08,0.0,8.1,13.4,25.4,68.7,2.2,OFF-03_METER,正常
OFF-04,办公楼,2026-07-05 01:00,18.61,1.18,0.0,6.9,12.8,25.0,52.6,4.2,OFF-04_METER,正常
OFF-05,办公楼,2026-07-05 01:00,19.49,0.98,0.0,8.4,12.5,25.4,65.4,0.5,OFF-05_METER,正常
TEACH-01,教学楼,2026-07-05 01:00,22.23,2.21,0.0,6.3,11.2,25.0,64.9,0.0,TEACH-01_METER,正常
TEACH-02,教学楼,2026-07-05 01:00,10.59,2.11,0.0,5.1,10.0,25.0,73.4,0.8,TEACH-02_METER,正常
TEACH-03,教学楼,2026-07-05 01:00,10.92,1.89,0.0,8.3,12.6,25.0,65.2,0.1,TEACH-03_METER,正常
LIB-01,公共机构,2026-07-05 01:00,18.59,1.63,0.35,8.1,13.7,26.6,69.4,0.6,LIB-01_METER,正常
GYM-01,公共机构,2026-07-05 01:00,18.6,1.76,0.0,7.8,12.7,25.0,73.3,1.6,GYM-01_METER,正常
OFF-01,办公楼,2026-07-05 02:00,28.47,1.0,0.0,8.0,12.7,25.6,71.3,1.4,OFF-01_METER,正常
OFF-02,办公楼,2026-07-05 02:00,22.35,1.15,0.0,5.9,11.2,25.0,60.1,1.9,OFF-02_METER,正常
OFF-03,办公楼,2026-07-05 02:00,27.86,0.97,0.01,7.5,10.3,26.0,67.6,1.6,OFF-03_METER,正常
OFF-04,办公楼,2026-07-05 02:00,24.29,1.13,0.0,6.2,11.6,25.3,67.9,4.2,OFF-04_METER,正常
OFF-05,办公楼,2026-07-05 02:00,15.38,1.45,0.0,5.6,10.8,25.7,68.4,3.3,OFF-05_METER,正常
TEACH-01,教学楼,2026-07-05 02:00,20.28,2.27,0.0,6.2,10.5,25.0,65.7,1.2,TEACH-01_METER,正常
TEACH-02,教学楼,2026-07-05 02:00,19.44,1.83,0.47,7.5,11.9,26.6,66.0,1.3,TEACH-02_METER,正常
TEACH-03,教学楼,2026-07-05 02:00,25.25,2.31,0.0,7.1,10.8,25.0,66.6,0.7,TEACH-03_METER,正常
LIB-01,公共机构,2026-07-05 02:00,28.84,2.0,0.0,5.4,10.0,25.0,62.6,0.6,LIB-01_METER,正常
GYM-01,公共机构,2026-07-05 02:00,21.24,2.09,0.0,6.7,10.3,25.0,59.6,4.5,GYM-01_METER,正常
OFF-01,办公楼,2026-07-05 03:00,22.62,1.02,0.0,7.1,12.0,25.0,59.0,2.9,OFF-01_METER,正常
OFF-02,办公楼,2026-07-05 03:00,15.86,1.37,0.06,7.3,12.2,26.1,66.8,4.5,OFF-02_METER,正常
OFF-03,办公楼,2026-07-05 03:00,29.04,1.0,0.0,6.0,10.0,25.0,71.9,2.8,OFF-03_METER,正常
OFF-04,办公楼,2026-07-05 03:00,9.35,1.08,0.0,6.5,10.9,25.0,62.1,3.0,OFF-04_METER,正常
OFF-05,办公楼,2026-07-05 03:00,22.68,1.01,0.0,6.5,10.3,25.6,63.2,4.1,OFF-05_METER,正常
TEACH-01,教学楼,2026-07-05 03:00,16.3,2.07,0.3,7.8,12.9,26.4,69.5,1.1,TEACH-01_METER,正常
TEACH-02,教学楼,2026-07-05 03:00,13.9,1.83,0.0,6.2,10.0,25.9,66.4,1.1,TEACH-02_METER,正常
TEACH-03,教学楼,2026-07-05 03:00,13.64,1.86,0.0,6.8,11.9,25.0,66.5,0.2,TEACH-03_METER,正常
LIB-01,公共机构,2026-07-05 03:00,38.15,1.94,0.0,7.9,12.1,25.0,64.4,3.6,LIB-01_METER,正常
GYM-01,公共机构,2026-07-05 03:00,26.86,1.64,0.0,7.7,11.2,25.0,65.7,1.8,GYM-01_METER,正常
OFF-01,办公楼,2026-07-05 04:00,20.7,1.24,0.0,6.8,12.2,26.0,72.3,3.9,OFF-01_METER,正常
OFF-02,办公楼,2026-07-05 04:00,29.81,1.01,1.12,7.2,11.7,28.0,72.2,1.9,OFF-02_METER,正常
OFF-03,办公楼,2026-07-05 04:00,27.51,1.27,0.0,7.2,11.1,25.0,68.1,4.4,OFF-03_METER,正常
OFF-04,办公楼,2026-07-05 04:00,23.76,1.01,0.0,7.6,12.2,25.0,62.1,1.7,OFF-04_METER,正常
OFF-05,办公楼,2026-07-05 04:00,23.78,0.96,0.0,7.0,10.0,25.8,72.7,1.7,OFF-05_METER,正常
TEACH-01,教学楼,2026-07-05 04:00,14.6,2.03,0.0,7.5,12.3,25.0,65.8,1.9,TEACH-01_METER,正常
TEACH-02,教学楼,2026-07-05 04:00,14.05,1.81,0.0,6.4,10.2,25.0,61.2,1.2,TEACH-02_METER,正常
TEACH-03,教学楼,2026-07-05 04:00,25.83,2.25,0.0,6.9,11.1,25.7,71.7,0.4,TEACH-03_METER,正常
LIB-01,公共机构,2026-07-05 04:00,42.97,1.85,0.32,8.8,13.2,26.6,66.7,2.0,LIB-01_METER,正常
GYM-01,公共机构,2026-07-05 04:00,38.19,1.67,1.07,6.4,11.7,28.0,68.2,2.3,GYM-01_METER,正常
OFF-01,办公楼,2026-07-05 05:00,20.82,1.05,0.37,6.2,11.0,26.6,71.6,3.9,OFF-01_METER,正常
OFF-02,办公楼,2026-07-05 05:00,28.23,0.99,0.46,7.2,12.3,26.8,66.1,4.3,OFF-02_METER,正常
OFF-03,办公楼,2026-07-05 05:00,26.66,0.93,0.25,7.3,11.4,26.5,65.6,2.6,OFF-03_METER,正常
OFF-04,办公楼,2026-07-05 05:00,29.63,0.93,0.0,7.7,11.7,25.9,72.4,4.5,OFF-04_METER,正常
OFF-05,办公楼,2026-07-05 05:00,26.59,0.93,0.18,7.7,12.0,26.3,69.9,3.6,OFF-05_METER,正常
TEACH-01,教学楼,2026-07-05 05:00,24.46,2.13,1.31,8.0,12.0,27.8,68.9,1.9,TEACH-01_METER,正常
TEACH-02,教学楼,2026-07-05 05:00,21.01,1.95,1.42,7.3,11.9,28.0,62.8,1.8,TEACH-02_METER,正常
TEACH-03,教学楼,2026-07-05 05:00,25.09,2.39,0.02,6.9,12.5,26.0,71.4,1.7,TEACH-03_METER,正常
LIB-01,公共机构,2026-07-05 05:00,38.12,1.85,0.3,6.3,10.5,26.6,77.9,3.2,LIB-01_METER,正常
GYM-01,公共机构,2026-07-05 05:00,34.17,1.84,0.72,8.6,12.9,27.4,67.9,5.0,GYM-01_METER,正常
OFF-01,办公楼,2026-07-05 06:00,23.57,1.1,1.34,8.0,12.9,28.4,72.4,4.7,OFF-01_METER,正常
OFF-02,办公楼,2026-07-05 06:00,20.13,1.17,0.0,6.0,10.3,25.0,67.5,3.8,OFF-02_METER,正常
OFF-03,办公楼,2026-07-05 06:00,21.62,0.95,0.49,7.1,13.2,26.9,70.7,0.5,OFF-03_METER,正常
OFF-04,办公楼,2026-07-05 06:00,24.6,0.99,0.45,6.5,10.9,26.8,67.1,2.8,OFF-04_METER,正常
OFF-05,办公楼,2026-07-05 06:00,34.02,1.07,1.83,8.4,12.7,29.3,71.7,3.5,OFF-05_METER,正常
TEACH-01,教学楼,2026-07-05 06:00,19.17,3.09,1.26,6.8,10.7,27.8,74.1,0.7,TEACH-01_METER,正常
TEACH-02,教学楼,2026-07-05 06:00,18.89,1.95,2.75,6.2,10.3,29.7,72.0,0.4,TEACH-02_METER,正常
TEACH-03,教学楼,2026-07-05 06:00,22.48,1.85,1.99,7.4,12.8,28.7,67.7,1.5,TEACH-03_METER,正常
LIB-01,公共机构,2026-07-05 06:00,28.17,1.86,1.6,6.5,10.2,29.1,68.7,3.7,LIB-01_METER,正常
GYM-01,公共机构,2026-07-05 06:00,29.43,1.56,0.0,5.5,10.0,25.7,60.4,2.5,GYM-01_METER,正常
OFF-01,办公楼,2026-07-05 07:00,16.1,1.16,1.74,6.4,10.8,29.1,73.0,1.0,OFF-01_METER,正常
OFF-02,办公楼,2026-07-05 07:00,35.6,1.22,1.48,7.4,11.0,28.7,72.9,0.5,OFF-02_METER,正常
OFF-03,办公楼,2026-07-05 07:00,28.87,1.05,3.26,7.6,11.9,31.9,78.1,4.1,OFF-03_METER,正常
OFF-04,办公楼,2026-07-05 07:00,18.31,1.14,2.01,6.6,11.5,29.8,70.4,3.0,OFF-04_METER,正常
OFF-05,办公楼,2026-07-05 07:00,20.14,2.09,2.59,7.6,13.1,30.8,70.4,3.1,OFF-05_METER,正常
TEACH-01,教学楼,2026-07-05 07:00,25.33,3.02,2.72,5.8,10.5,29.8,75.4,0.1,TEACH-01_METER,正常
TEACH-02,教学楼,2026-07-05 07:00,18.29,2.26,3.07,6.4,11.0,30.4,72.9,0.7,TEACH-02_METER,正常
TEACH-03,教学楼,2026-07-05 07:00,24.41,2.09,2.68,6.7,11.6,29.8,79.3,1.1,TEACH-03_METER,正常
LIB-01,公共机构,2026-07-05 07:00,28.56,1.69,1.66,8.4,14.0,29.0,74.2,3.3,LIB-01_METER,正常
GYM-01,公共机构,2026-07-05 07:00,30.01,1.86,0.89,6.9,11.1,27.7,61.0,1.7,GYM-01_METER,正常
OFF-01,办公楼,2026-07-05 08:00,29.39,1.83,1.17,7.5,13.1,28.2,68.0,4.1,OFF-01_METER,正常
OFF-02,办公楼,2026-07-05 08:00,27.72,1.17,1.6,6.7,11.0,29.1,70.9,2.0,OFF-02_METER,正常
OFF-03,办公楼,2026-07-05 08:00,32.0,0.96,1.65,7.4,11.6,29.0,65.9,0.6,OFF-03_METER,正常
OFF-04,办公楼,2026-07-05 08:00,25.78,0.97,3.05,7.3,11.6,31.8,64.7,1.0,OFF-04_METER,正常
OFF-05,办公楼,2026-07-05 08:00,25.41,1.16,1.5,8.2,13.1,28.8,72.5,2.6,OFF-05_METER,正常
TEACH-01,教学楼,2026-07-05 08:00,16.05,1.95,2.67,7.6,12.2,29.8,73.4,1.8,TEACH-01_METER,正常
TEACH-02,教学楼,2026-07-05 08:00,19.67,2.27,2.69,7.3,11.1,29.7,68.2,0.6,TEACH-02_METER,正常
TEACH-03,教学楼,2026-07-05 08:00,21.92,2.46,1.63,8.2,13.1,28.3,70.1,1.2,TEACH-03_METER,正常
LIB-01,公共机构,2026-07-05 08:00,39.53,2.03,3.15,7.4,11.4,31.8,81.0,4.4,LIB-01_METER,正常
GYM-01,公共机构,2026-07-05 08:00,34.0,1.58,1.13,7.5,11.8,28.2,72.1,0.6,GYM-01_METER,正常
OFF-01,办公楼,2026-07-05 09:00,24.25,0.97,3.04,6.1,11.2,31.6,77.1,4.0,OFF-01_METER,正常
OFF-02,办公楼,2026-07-05 09:00,22.47,1.19,2.76,7.1,11.9,31.2,81.7,1.7,OFF-02_METER,正常
OFF-03,办公楼,2026-07-05 09:00,24.73,1.18,2.79,5.4,10.0,30.9,64.1,3.5,OFF-03_METER,正常
OFF-04,办公楼,2026-07-05 09:00,27.12,1.07,1.88,7.8,14.8,29.5,70.7,1.2,OFF-04_METER,正常
OFF-05,办公楼,2026-07-05 09:00,27.76,1.04,1.74,7.2,12.0,29.1,81.0,4.1,OFF-05_METER,正常
TEACH-01,教学楼,2026-07-05 09:00,18.72,1.83,3.95,5.8,10.5,31.7,72.0,1.3,TEACH-01_METER,正常
TEACH-02,教学楼,2026-07-05 09:00,22.55,1.94,2.45,6.6,10.9,29.6,78.5,1.9,TEACH-02_METER,正常
TEACH-03,教学楼,2026-07-05 09:00,26.2,2.75,3.54,8.0,13.5,30.8,80.6,1.8,TEACH-03_METER,正常
LIB-01,公共机构,2026-07-05 09:00,77.46,1.51,2.27,8.7,15.0,30.4,64.5,2.3,LIB-01_METER,正常
GYM-01,公共机构,2026-07-05 09:00,76.81,1.64,2.76,6.1,10.7,31.0,72.3,1.8,GYM-01_METER,正常
OFF-01,办公楼,2026-07-05 10:00,25.65,1.09,2.86,6.8,11.7,31.6,74.1,2.4,OFF-01_METER,正常
OFF-02,办公楼,2026-07-05 10:00,34.12,1.32,2.59,6.8,11.8,30.9,86.8,3.1,OFF-02_METER,正常
OFF-03,办公楼,2026-07-05 10:00,32.17,0.9,1.7,6.5,11.1,29.3,77.4,0.7,OFF-03_METER,正常
OFF-04,办公楼,2026-07-05 10:00,16.95,0.93,2.27,7.8,12.0,30.4,77.3,2.8,OFF-04_METER,正常
OFF-05,办公楼,2026-07-05 10:00,29.56,0.94,3.36,7.5,13.5,32.4,75.5,4.8,OFF-05_METER,正常
TEACH-01,教学楼,2026-07-05 10:00,8.52,2.0,2.25,7.7,13.3,29.1,76.1,0.2,TEACH-01_METER,正常
TEACH-02,教学楼,2026-07-05 10:00,25.21,1.85,4.2,5.7,10.7,31.8,78.8,1.0,TEACH-02_METER,正常
TEACH-03,教学楼,2026-07-05 10:00,16.21,2.07,2.3,6.7,12.4,29.1,68.5,1.4,TEACH-03_METER,正常
LIB-01,公共机构,2026-07-05 10:00,56.93,1.54,3.91,6.6,10.8,33.0,77.7,2.2,LIB-01_METER,正常
GYM-01,公共机构,2026-07-05 10:00,100.98,2.12,2.83,7.4,11.7,31.2,70.0,3.0,GYM-01_METER,正常
OFF-01,办公楼,2026-07-05 11:00,27.2,1.02,3.12,6.7,10.0,31.6,76.3,0.8,OFF-01_METER,正常
OFF-02,办公楼,2026-07-05 11:00,39.35,1.2,4.03,6.9,11.2,33.8,78.1,2.7,OFF-02_METER,正常
OFF-03,办公楼,2026-07-05 11:00,27.03,0.99,2.74,6.6,10.5,30.8,73.5,0.5,OFF-03_METER,正常
OFF-04,办公楼,2026-07-05 11:00,19.98,0.91,3.23,8.2,11.5,32.0,72.5,1.3,OFF-04_METER,正常
OFF-05,办公楼,2026-07-05 11:00,31.13,0.99,2.98,7.8,12.9,31.6,75.8,3.4,OFF-05_METER,正常
TEACH-01,教学楼,2026-07-05 11:00,23.65,2.12,3.42,6.4,10.0,30.7,76.5,1.3,TEACH-01_METER,正常
TEACH-02,教学楼,2026-07-05 11:00,14.55,1.94,4.04,7.3,10.7,31.4,71.0,0.5,TEACH-02_METER,正常
TEACH-03,教学楼,2026-07-05 11:00,15.66,1.98,5.05,7.3,11.4,32.7,83.8,0.9,TEACH-03_METER,正常
LIB-01,公共机构,2026-07-05 11:00,66.71,1.56,2.66,6.9,11.5,30.9,76.3,1.0,LIB-01_METER,异常
GYM-01,公共机构,2026-07-05 11:00,89.37,1.64,2.63,7.4,12.3,31.0,78.2,0.9,GYM-01_METER,正常
OFF-01,办公楼,2026-07-05 12:00,27.51,1.06,2.67,6.2,10.4,31.1,67.1,1.4,OFF-01_METER,正常
OFF-02,办公楼,2026-07-05 12:00,35.95,1.31,4.22,6.4,10.2,33.5,68.4,0.7,OFF-02_METER,正常
OFF-03,办公楼,2026-07-05 12:00,22.19,0.93,5.25,5.8,10.0,35.4,86.1,0.9,OFF-03_METER,正常
OFF-04,办公楼,2026-07-05 12:00,29.9,1.8,4.48,6.8,10.9,33.9,72.7,0.7,OFF-04_METER,正常
OFF-05,办公楼,2026-07-05 12:00,25.76,1.05,2.08,7.1,11.3,29.9,77.3,1.2,OFF-05_METER,正常
TEACH-01,教学楼,2026-07-05 12:00,30.26,1.91,4.81,5.6,10.0,32.7,84.4,1.7,TEACH-01_METER,正常
TEACH-02,教学楼,2026-07-05 12:00,35.67,2.06,6.18,8.7,12.1,34.9,72.3,1.8,TEACH-02_METER,正常
TEACH-03,教学楼,2026-07-05 12:00,16.58,2.7,4.29,7.0,12.2,31.7,75.2,1.1,TEACH-03_METER,正常
LIB-01,公共机构,2026-07-05 12:00,57.88,1.74,3.74,7.6,12.2,32.8,77.8,1.9,LIB-01_METER,正常
GYM-01,公共机构,2026-07-05 12:00,58.11,1.71,4.3,7.3,10.0,33.9,74.6,3.1,GYM-01_METER,正常
OFF-01,办公楼,2026-07-05 13:00,22.74,1.02,2.25,7.6,13.4,30.1,68.3,4.2,OFF-01_METER,正常
OFF-02,办公楼,2026-07-05 13:00,36.97,0.93,4.89,6.8,12.6,34.9,76.2,2.1,OFF-02_METER,正常
OFF-03,办公楼,2026-07-05 13:00,21.36,0.9,3.72,8.4,12.8,32.7,80.7,0.8,OFF-03_METER,正常
OFF-04,办公楼,2026-07-05 13:00,23.74,1.06,4.72,7.2,11.1,35.0,84.2,2.9,OFF-04_METER,正常
OFF-05,办公楼,2026-07-05 13:00,30.76,1.57,4.02,8.1,13.0,33.8,72.4,4.0,OFF-05_METER,正常
TEACH-01,教学楼,2026-07-05 13:00,14.33,2.36,4.52,8.0,12.8,32.3,70.4,0.7,TEACH-01_METER,正常
TEACH-02,教学楼,2026-07-05 13:00,29.67,1.81,3.01,6.1,10.7,30.0,74.3,0.7,TEACH-02_METER,正常
TEACH-03,教学楼,2026-07-05 13:00,17.58,1.88,4.19,8.1,12.9,31.8,72.3,1.5,TEACH-03_METER,正常
LIB-01,公共机构,2026-07-05 13:00,104.28,1.61,2.34,7.6,13.0,30.4,75.2,1.3,LIB-01_METER,正常
GYM-01,公共机构,2026-07-05 13:00,97.87,1.51,2.5,7.2,11.3,30.5,66.2,3.3,GYM-01_METER,正常
OFF-01,办公楼,2026-07-05 14:00,25.34,0.97,2.82,6.7,11.3,31.4,71.5,2.7,OFF-01_METER,正常
OFF-02,办公楼,2026-07-05 14:00,25.22,1.21,3.61,7.9,13.2,32.6,81.2,0.7,OFF-02_METER,正常
OFF-03,办公楼,2026-07-05 14:00,28.2,1.31,3.43,8.5,13.4,32.6,84.4,2.8,OFF-03_METER,正常
OFF-04,办公楼,2026-07-05 14:00,29.94,1.46,3.09,6.8,11.6,31.6,71.6,0.8,OFF-04_METER,正常
OFF-05,办公楼,2026-07-05 14:00,28.62,1.52,3.79,6.5,11.1,33.1,84.0,1.7,OFF-05_METER,正常
TEACH-01,教学楼,2026-07-05 14:00,26.81,1.88,3.34,5.9,11.2,30.8,75.0,0.8,TEACH-01_METER,正常
TEACH-02,教学楼,2026-07-05 14:00,23.73,2.02,6.58,7.2,11.6,35.0,78.4,0.8,TEACH-02_METER,正常
TEACH-03,教学楼,2026-07-05 14:00,30.57,1.87,7.06,5.7,10.0,35.7,69.5,0.4,TEACH-03_METER,正常
LIB-01,公共机构,2026-07-05 14:00,82.07,1.74,5.1,6.8,11.6,35.4,84.7,3.8,LIB-01_METER,正常
GYM-01,公共机构,2026-07-05 14:00,90.12,2.11,4.22,6.4,10.5,33.9,89.4,2.6,GYM-01_METER,正常
OFF-01,办公楼,2026-07-05 15:00,32.86,1.19,3.37,5.6,10.0,32.3,72.3,2.4,OFF-01_METER,正常
OFF-02,办公楼,2026-07-05 15:00,24.17,1.07,5.66,7.7,11.5,36.0,78.9,3.7,OFF-02_METER,正常
OFF-03,办公楼,2026-07-05 15:00,20.53,0.9,4.1,7.3,11.5,33.4,85.9,0.7,OFF-03_METER,正常
OFF-04,办公楼,2026-07-05 15:00,37.34,1.43,5.61,5.3,10.0,36.0,81.7,1.9,OFF-04_METER,正常
OFF-05,办公楼,2026-07-05 15:00,21.26,2.07,4.99,7.3,11.5,35.2,84.7,2.3,OFF-05_METER,正常
TEACH-01,教学楼,2026-07-05 15:00,29.61,2.02,4.84,7.4,12.3,32.9,75.0,1.1,TEACH-01_METER,正常
TEACH-02,教学楼,2026-07-05 15:00,23.75,2.11,5.2,8.0,12.1,33.2,72.9,1.4,TEACH-02_METER,正常
TEACH-03,教学楼,2026-07-05 15:00,29.9,1.81,5.05,5.3,10.0,32.9,82.7,1.9,TEACH-03_METER,正常
LIB-01,公共机构,2026-07-05 15:00,109.05,1.66,4.32,8.1,12.7,34.0,65.4,2.8,LIB-01_METER,正常
GYM-01,公共机构,2026-07-05 15:00,104.16,1.57,4.99,6.7,11.6,35.7,76.9,1.7,GYM-01_METER,正常
OFF-01,办公楼,2026-07-05 16:00,35.78,0.96,4.4,7.6,11.7,34.2,71.0,2.4,OFF-01_METER,正常
OFF-02,办公楼,2026-07-05 16:00,22.86,1.09,2.62,5.8,10.0,31.1,80.2,1.6,OFF-02_METER,正常
OFF-03,办公楼,2026-07-05 16:00,24.7,0.94,4.01,7.1,10.9,33.4,72.3,4.1,OFF-03_METER,正常
OFF-04,办公楼,2026-07-05 16:00,29.75,1.04,3.31,7.3,11.8,32.2,76.1,2.7,OFF-04_METER,正常
OFF-05,办公楼,2026-07-05 16:00,29.26,1.08,4.22,6.1,10.1,33.7,80.4,4.3,OFF-05_METER,正常
TEACH-01,教学楼,2026-07-05 16:00,20.51,2.11,6.22,7.6,12.3,34.7,86.6,0.6,TEACH-01_METER,正常
TEACH-02,教学楼,2026-07-05 16:00,32.84,2.21,4.97,8.0,11.5,32.6,74.0,1.5,TEACH-02_METER,正常
TEACH-03,教学楼,2026-07-05 16:00,19.02,1.99,7.25,7.0,10.2,36.0,81.4,0.7,TEACH-03_METER,正常
LIB-01,公共机构,2026-07-05 16:00,92.64,1.54,4.28,7.9,12.1,34.2,79.5,1.0,LIB-01_METER,正常
GYM-01,公共机构,2026-07-05 16:00,66.63,1.7,3.89,7.8,11.9,33.1,73.7,3.6,GYM-01_METER,正常
OFF-01,办公楼,2026-07-05 17:00,26.88,1.41,3.79,6.6,12.8,32.9,78.4,2.4,OFF-01_METER,正常
OFF-02,办公楼,2026-07-05 17:00,24.65,1.69,4.89,7.0,12.1,34.7,76.8,2.8,OFF-02_METER,正常
OFF-03,办公楼,2026-07-05 17:00,24.16,0.9,3.91,7.6,12.7,32.9,78.9,3.8,OFF-03_METER,正常
OFF-04,办公楼,2026-07-05 17:00,16.7,0.93,2.69,7.3,11.5,31.0,74.7,4.5,OFF-04_METER,正常
OFF-05,办公楼,2026-07-05 17:00,25.47,0.98,4.36,6.4,10.0,34.0,74.1,3.2,OFF-05_METER,正常
TEACH-01,教学楼,2026-07-05 17:00,31.75,2.12,5.68,5.6,10.4,33.7,76.0,0.5,TEACH-01_METER,正常
TEACH-02,教学楼,2026-07-05 17:00,22.68,2.72,5.59,9.3,14.9,33.9,72.1,1.5,TEACH-02_METER,正常
TEACH-03,教学楼,2026-07-05 17:00,20.33,1.93,4.99,6.3,10.8,32.9,73.4,1.4,TEACH-03_METER,正常
LIB-01,公共机构,2026-07-05 17:00,78.04,1.51,4.25,7.6,12.4,33.7,80.6,2.0,LIB-01_METER,正常
GYM-01,公共机构,2026-07-05 17:00,112.81,2.04,5.31,7.3,11.9,36.0,80.1,2.1,GYM-01_METER,正常
OFF-01,办公楼,2026-07-05 18:00,25.02,1.68,3.16,6.9,10.7,32.0,80.6,3.9,OFF-01_METER,正常
OFF-02,办公楼,2026-07-05 18:00,22.63,1.0,4.81,8.1,11.8,34.9,75.6,4.2,OFF-02_METER,正常
OFF-03,办公楼,2026-07-05 18:00,23.44,1.26,3.84,6.5,12.0,33.0,85.8,2.5,OFF-03_METER,正常
OFF-04,办公楼,2026-07-05 18:00,34.87,1.07,4.5,5.8,11.4,34.4,81.3,4.6,OFF-04_METER,正常
OFF-05,办公楼,2026-07-05 18:00,18.44,1.47,2.97,7.2,12.6,31.3,72.1,1.9,OFF-05_METER,正常
TEACH-01,教学楼,2026-07-05 18:00,17.06,2.05,2.81,6.3,10.8,30.0,69.5,0.6,TEACH-01_METER,正常
TEACH-02,教学楼,2026-07-05 18:00,23.96,1.98,6.6,8.1,12.3,35.7,74.0,0.1,TEACH-02_METER,正常
TEACH-03,教学楼,2026-07-05 18:00,34.13,1.94,6.53,6.6,11.2,35.6,81.0,2.0,TEACH-03_METER,正常
LIB-01,公共机构,2026-07-05 18:00,67.44,1.58,4.17,8.4,13.6,33.5,80.1,4.1,LIB-01_METER,正常
GYM-01,公共机构,2026-07-05 18:00,105.19,1.6,4.96,6.4,10.8,35.2,79.6,4.9,GYM-01_METER,正常
OFF-01,办公楼,2026-07-05 19:00,21.95,1.31,3.74,7.0,10.9,32.6,76.8,2.3,OFF-01_METER,正常
OFF-02,办公楼,2026-07-05 19:00,28.03,1.29,4.11,7.3,13.4,33.4,75.5,3.7,OFF-02_METER,正常
OFF-03,办公楼,2026-07-05 19:00,29.04,1.24,3.47,6.8,11.2,32.7,74.6,0.9,OFF-03_METER,正常
OFF-04,办公楼,2026-07-05 19:00,28.12,1.49,3.61,8.0,12.8,32.6,81.2,1.6,OFF-04_METER,正常
OFF-05,办公楼,2026-07-05 19:00,27.34,0.94,4.43,7.0,11.8,34.4,78.6,2.5,OFF-05_METER,正常
TEACH-01,教学楼,2026-07-05 19:00,27.12,1.84,6.83,6.3,10.9,35.0,83.0,1.4,TEACH-01_METER,正常
TEACH-02,教学楼,2026-07-05 19:00,15.25,1.8,5.33,7.0,11.6,33.7,74.4,1.3,TEACH-02_METER,正常
TEACH-03,教学楼,2026-07-05 19:00,28.92,1.8,3.82,8.3,13.2,31.5,73.8,0.1,TEACH-03_METER,正常
LIB-01,公共机构,2026-07-05 19:00,78.54,1.54,3.79,7.3,11.5,33.4,78.7,2.6,LIB-01_METER,正常
GYM-01,公共机构,2026-07-05 19:00,98.87,1.58,5.29,6.3,11.2,36.0,75.9,4.8,GYM-01_METER,正常
OFF-01,办公楼,2026-07-05 20:00,27.3,0.91,4.63,6.9,12.8,34.8,79.2,2.9,OFF-01_METER,正常
OFF-02,办公楼,2026-07-05 20:00,22.39,1.19,3.53,7.1,10.9,32.4,82.7,0.6,OFF-02_METER,正常
OFF-03,办公楼,2026-07-05 20:00,20.71,0.91,4.44,7.4,13.1,34.7,76.5,2.1,OFF-03_METER,正常
OFF-04,办公楼,2026-07-05 20:00,27.02,0.91,5.13,8.5,12.7,35.6,81.3,4.9,OFF-04_METER,正常
OFF-05,办公楼,2026-07-05 20:00,30.02,1.41,4.98,7.9,13.6,35.0,81.2,2.7,OFF-05_METER,正常
TEACH-01,教学楼,2026-07-05 20:00,17.98,1.8,4.83,7.9,13.6,33.0,75.2,0.5,TEACH-01_METER,正常
TEACH-02,教学楼,2026-07-05 20:00,25.55,2.32,4.81,6.8,11.6,33.1,77.2,0.1,TEACH-02_METER,正常
TEACH-03,教学楼,2026-07-05 20:00,21.05,2.77,5.22,7.9,12.2,33.2,79.5,1.7,TEACH-03_METER,正常
LIB-01,公共机构,2026-07-05 20:00,111.19,1.68,4.36,7.1,11.2,33.9,77.9,4.6,LIB-01_METER,正常
GYM-01,公共机构,2026-07-05 20:00,81.03,1.62,4.57,6.1,10.2,34.6,73.4,4.4,GYM-01_METER,正常
OFF-01,办公楼,2026-07-05 21:00,21.81,1.17,3.72,6.9,12.4,33.2,69.7,3.3,OFF-01_METER,正常
OFF-02,办公楼,2026-07-05 21:00,25.11,1.13,5.29,6.3,10.1,35.7,85.2,3.2,OFF-02_METER,正常
OFF-03,办公楼,2026-07-05 21:00,30.15,0.91,3.85,6.6,10.1,32.9,80.7,2.5,OFF-03_METER,正常
OFF-04,办公楼,2026-07-05 21:00,21.67,0.92,4.6,7.2,11.9,34.3,78.5,3.8,OFF-04_METER,正常
OFF-05,办公楼,2026-07-05 21:00,32.21,1.42,4.06,6.6,11.5,33.9,66.8,3.9,OFF-05_METER,正常
TEACH-01,教学楼,2026-07-05 21:00,29.71,1.87,5.37,6.4,11.4,33.1,74.5,0.9,TEACH-01_METER,正常
TEACH-02,教学楼,2026-07-05 21:00,32.03,1.95,5.2,6.8,12.0,32.9,72.5,0.1,TEACH-02_METER,正常
TEACH-03,教学楼,2026-07-05 21:00,20.87,2.13,6.38,6.6,10.4,34.9,78.3,0.5,TEACH-03_METER,正常
LIB-01,公共机构,2026-07-05 21:00,76.88,2.06,4.09,6.7,11.9,33.6,84.4,2.9,LIB-01_METER,正常
GYM-01,公共机构,2026-07-05 21:00,85.94,1.86,4.33,6.6,10.6,33.9,73.1,1.2,GYM-01_METER,正常
OFF-01,办公楼,2026-07-05 22:00,21.89,1.0,4.02,7.2,11.1,33.4,80.1,2.3,OFF-01_METER,正常
OFF-02,办公楼,2026-07-05 22:00,29.49,0.91,4.4,7.6,12.5,34.3,77.9,4.3,OFF-02_METER,正常
OFF-03,办公楼,2026-07-05 22:00,28.41,1.59,3.59,7.4,11.9,33.0,69.9,2.9,OFF-03_METER,正常
OFF-04,办公楼,2026-07-05 22:00,20.83,1.0,2.63,7.2,12.2,31.0,80.8,3.2,OFF-04_METER,正常
OFF-05,办公楼,2026-07-05 22:00,28.39,0.97,1.97,7.3,12.4,29.8,75.7,3.0,OFF-05_METER,正常
TEACH-01,教学楼,2026-07-05 22:00,18.05,1.86,5.75,5.8,10.2,34.1,71.7,1.5,TEACH-01_METER,正常
TEACH-02,教学楼,2026-07-05 22:00,27.0,1.82,6.72,8.0,12.1,35.3,76.0,0.5,TEACH-02_METER,正常
TEACH-03,教学楼,2026-07-05 22:00,26.71,2.08,5.95,7.3,11.9,33.9,86.2,1.1,TEACH-03_METER,正常
LIB-01,公共机构,2026-07-05 22:00,34.38,1.71,4.18,7.9,12.4,33.5,61.4,2.0,LIB-01_METER,正常
GYM-01,公共机构,2026-07-05 22:00,36.75,1.88,3.35,7.5,12.7,32.1,70.1,1.8,GYM-01_METER,正常
OFF-01,办公楼,2026-07-05 23:00,28.21,0.97,3.64,8.2,14.2,32.5,78.1,2.1,OFF-01_METER,正常
OFF-02,办公楼,2026-07-05 23:00,21.26,1.3,4.7,6.8,11.1,34.7,81.8,2.0,OFF-02_METER,正常
OFF-03,办公楼,2026-07-05 23:00,30.33,1.1,3.94,7.3,12.2,33.3,75.1,3.9,OFF-03_METER,正常
OFF-04,办公楼,2026-07-05 23:00,28.17,1.03,5.11,6.8,11.0,36.0,81.9,1.2,OFF-04_METER,正常
OFF-05,办公楼,2026-07-05 23:00,23.91,1.44,2.99,7.5,11.7,31.4,79.2,1.5,OFF-05_METER,正常
TEACH-01,教学楼,2026-07-05 23:00,18.38,1.82,6.13,6.7,12.1,34.6,79.1,1.6,TEACH-01_METER,正常
TEACH-02,教学楼,2026-07-05 23:00,17.57,2.51,5.2,6.5,10.2,33.3,75.6,0.1,TEACH-02_METER,正常
TEACH-03,教学楼,2026-07-05 23:00,16.85,2.08,6.36,7.0,11.1,34.6,88.1,0.3,TEACH-03_METER,正常
LIB-01,公共机构,2026-07-05 23:00,31.33,1.69,3.84,9.0,14.4,33.0,75.1,3.7,LIB-01_METER,正常
GYM-01,公共机构,2026-07-05 23:00,38.08,1.5,2.95,7.0,11.4,31.5,75.2,0.9,GYM-01_METER,正常
OFF-01,办公楼,2026-07-06 00:00,24.43,1.41,0.0,6.8,10.5,25.0,70.5,0.7,OFF-01_METER,正常
OFF-02,办公楼,2026-07-06 00:00,23.59,1.15,0.0,6.9,11.8,25.0,66.5,3.8,OFF-02_METER,正常
OFF-03,办公楼,2026-07-06 00:00,23.28,1.11,0.0,6.3,10.6,25.8,58.9,2.5,OFF-03_METER,正常
OFF-04,办公楼,2026-07-06 00:00,21.29,0.93,0.0,7.8,12.9,25.0,61.3,0.9,OFF-04_METER,正常
OFF-05,办公楼,2026-07-06 00:00,18.27,1.39,0.0,5.7,10.0,25.0,63.7,3.5,OFF-05_METER,正常
TEACH-01,教学楼,2026-07-06 00:00,9.24,2.01,0.0,7.9,13.1,25.0,64.9,1.0,TEACH-01_METER,正常
TEACH-02,教学楼,2026-07-06 00:00,18.88,2.37,0.0,6.3,10.6,25.0,65.3,1.8,TEACH-02_METER,正常
TEACH-03,教学楼,2026-07-06 00:00,20.17,2.04,0.0,8.1,12.8,25.0,63.7,1.0,TEACH-03_METER,正常
LIB-01,公共机构,2026-07-06 00:00,21.28,1.89,0.0,6.8,11.8,25.0,67.1,1.9,LIB-01_METER,异常
GYM-01,公共机构,2026-07-06 00:00,35.22,1.76,0.0,8.0,12.1,25.0,67.9,1.0,GYM-01_METER,正常
OFF-01,办公楼,2026-07-06 01:00,15.0,1.5,0.0,6.0,10.4,25.0,62.2,4.8,OFF-01_METER,正常
OFF-02,办公楼,2026-07-06 01:00,25.68,1.46,0.86,6.9,11.2,27.5,70.2,3.7,OFF-02_METER,正常
OFF-03,办公楼,2026-07-06 01:00,21.6,0.97,0.0,7.0,11.7,25.0,64.9,1.6,OFF-03_METER,正常
OFF-04,办公楼,2026-07-06 01:00,11.77,0.93,0.0,7.1,11.8,25.0,59.4,1.4,OFF-04_METER,正常
OFF-05,办公楼,2026-07-06 01:00,24.68,0.94,0.0,6.3,10.6,25.0,64.8,4.6,OFF-05_METER,正常
TEACH-01,教学楼,2026-07-06 01:00,20.53,1.84,0.0,7.2,11.9,25.0,60.7,0.6,TEACH-01_METER,正常
TEACH-02,教学楼,2026-07-06 01:00,12.5,1.99,0.03,6.7,12.5,26.0,72.7,0.9,TEACH-02_METER,正常
TEACH-03,教学楼,2026-07-06 01:00,23.85,2.03,0.0,7.2,12.3,25.0,69.2,0.4,TEACH-03_METER,正常
LIB-01,公共机构,2026-07-06 01:00,19.28,2.0,0.1,7.5,11.8,26.2,70.2,3.7,LIB-01_METER,正常
GYM-01,公共机构,2026-07-06 01:00,28.1,1.98,0.0,7.4,11.8,25.0,60.1,2.3,GYM-01_METER,正常
OFF-01,办公楼,2026-07-06 02:00,27.84,1.14,0.0,7.1,11.5,25.0,69.1,3.5,OFF-01_METER,正常
OFF-02,办公楼,2026-07-06 02:00,20.36,1.04,0.0,6.9,11.5,25.0,75.0,4.2,OFF-02_METER,正常
OFF-03,办公楼,2026-07-06 02:00,29.76,0.92,0.34,7.1,12.8,26.7,70.2,3.8,OFF-03_METER,正常
OFF-04,办公楼,2026-07-06 02:00,23.99,1.03,1.36,6.6,11.4,28.5,72.5,4.9,OFF-04_METER,正常
OFF-05,办公楼,2026-07-06 02:00,16.68,0.92,0.0,7.2,10.8,25.0,65.8,2.1,OFF-05_METER,正常
TEACH-01,教学楼,2026-07-06 02:00,21.66,1.96,0.0,7.1,10.5,25.6,69.2,1.7,TEACH-01_METER,正常
TEACH-02,教学楼,2026-07-06 02:00,20.49,1.84,0.65,5.2,10.0,26.9,68.9,0.4,TEACH-02_METER,正常
TEACH-03,教学楼,2026-07-06 02:00,27.6,1.94,0.0,7.3,11.2,25.0,66.9,2.0,TEACH-03_METER,正常
LIB-01,公共机构,2026-07-06 02:00,31.56,1.61,0.0,7.4,12.8,25.4,72.4,1.7,LIB-01_METER,正常
GYM-01,公共机构,2026-07-06 02:00,18.63,1.99,0.0,8.2,11.8,25.0,60.1,1.8,GYM-01_METER,正常
OFF-01,办公楼,2026-07-06 03:00,13.07,1.09,0.0,6.3,11.3,25.0,64.0,4.7,OFF-01_METER,正常
OFF-02,办公楼,2026-07-06 03:00,18.64,0.97,0.0,7.0,11.5,25.7,73.5,3.6,OFF-02_METER,正常
OFF-03,办公楼,2026-07-06 03:00,29.37,1.26,0.3,6.2,11.7,26.6,65.5,1.9,OFF-03_METER,正常
OFF-04,办公楼,2026-07-06 03:00,20.97,0.96,0.53,5.3,10.0,27.0,60.9,4.1,OFF-04_METER,正常
OFF-05,办公楼,2026-07-06 03:00,18.02,1.27,0.0,6.1,10.0,26.0,64.7,1.1,OFF-05_METER,正常
TEACH-01,教学楼,2026-07-06 03:00,20.58,1.87,0.0,7.7,12.2,25.7,62.9,0.3,TEACH-01_METER,正常
TEACH-02,教学楼,2026-07-06 03:00,16.93,2.04,0.11,6.9,11.3,26.1,73.4,0.8,TEACH-02_METER,正常
TEACH-03,教学楼,2026-07-06 03:00,24.13,1.94,1.95,5.3,10.0,28.8,76.4,1.1,TEACH-03_METER,正常
LIB-01,公共机构,2026-07-06 03:00,37.74,1.58,0.0,7.7,13.0,25.0,63.8,1.1,LIB-01_METER,正常
GYM-01,公共机构,2026-07-06 03:00,37.87,2.19,0.0,8.2,12.6,25.7,67.2,4.6,GYM-01_METER,正常
OFF-01,办公楼,2026-07-06 04:00,26.03,1.05,0.0,7.6,11.2,25.3,63.7,4.4,OFF-01_METER,正常
OFF-02,办公楼,2026-07-06 04:00,25.13,1.17,0.0,7.8,12.3,25.8,59.7,2.7,OFF-02_METER,正常
OFF-03,办公楼,2026-07-06 04:00,21.33,0.98,0.89,7.5,11.6,27.7,67.9,4.5,OFF-03_METER,正常
OFF-04,办公楼,2026-07-06 04:00,19.64,1.24,0.0,6.2,10.5,25.0,69.9,2.6,OFF-04_METER,正常
OFF-05,办公楼,2026-07-06 04:00,18.2,1.34,0.0,5.9,11.4,25.4,59.7,2.2,OFF-05_METER,正常
TEACH-01,教学楼,2026-07-06 04:00,10.18,2.16,0.17,5.5,10.0,26.2,71.9,1.1,TEACH-01_METER,正常
TEACH-02,教学楼,2026-07-06 04:00,22.94,1.83,0.18,5.7,10.0,26.2,67.2,1.7,TEACH-02_METER,正常
TEACH-03,教学楼,2026-07-06 04:00,21.94,1.83,0.0,8.0,12.4,25.4,71.3,0.1,TEACH-03_METER,正常
LIB-01,公共机构,2026-07-06 04:00,41.24,1.57,1.4,6.9,11.4,28.6,72.3,4.9,LIB-01_METER,正常
GYM-01,公共机构,2026-07-06 04:00,28.11,2.02,0.03,6.7,12.0,26.1,78.3,1.0,GYM-01_METER,正常
OFF-01,办公楼,2026-07-06 05:00,16.36,0.93,0.76,6.1,10.0,27.3,71.6,0.9,OFF-01_METER,正常
OFF-02,办公楼,2026-07-06 05:00,25.45,0.97,1.35,6.7,11.6,28.6,76.3,2.0,OFF-02_METER,正常
OFF-03,办公楼,2026-07-06 05:00,21.54,1.1,0.39,6.5,11.1,26.7,72.1,5.0,OFF-03_METER,正常
OFF-04,办公楼,2026-07-06 05:00,15.07,1.05,0.21,6.3,10.4,26.4,71.9,1.1,OFF-04_METER,正常
OFF-05,办公楼,2026-07-06 05:00,25.92,1.16,1.45,6.5,10.0,28.6,70.0,5.0,OFF-05_METER,正常
TEACH-01,教学楼,2026-07-06 05:00,27.3,2.66,1.83,6.6,11.6,28.6,70.2,0.8,TEACH-01_METER,正常
TEACH-02,教学楼,2026-07-06 05:00,14.07,2.09,2.55,6.8,10.0,29.5,70.7,0.9,TEACH-02_METER,正常
TEACH-03,教学楼,2026-07-06 05:00,19.43,1.83,1.46,6.4,11.3,28.1,73.9,0.3,TEACH-03_METER,正常
LIB-01,公共机构,2026-07-06 05:00,27.57,1.66,1.24,7.7,11.3,28.4,73.8,4.4,LIB-01_METER,正常
GYM-01,公共机构,2026-07-06 05:00,34.49,1.54,0.17,6.7,10.0,26.3,63.2,3.6,GYM-01_METER,正常
OFF-01,办公楼,2026-07-06 06:00,19.64,0.93,0.49,7.4,10.2,27.0,72.3,1.8,OFF-01_METER,正常
OFF-02,办公楼,2026-07-06 06:00,23.18,1.68,0.7,6.2,11.9,27.3,65.8,4.2,OFF-02_METER,正常
OFF-03,办公楼,2026-07-06 06:00,24.67,1.32,1.16,6.5,11.6,28.1,72.3,3.1,OFF-03_METER,正常
OFF-04,办公楼,2026-07-06 06:00,21.98,1.04,1.21,7.2,12.1,28.2,75.8,3.5,OFF-04_METER,正常
OFF-05,办公楼,2026-07-06 06:00,28.38,1.05,1.48,6.7,10.5,28.6,73.4,4.3,OFF-05_METER,正常
TEACH-01,教学楼,2026-07-06 06:00,23.16,2.78,1.18,7.1,12.5,27.7,70.2,0.1,TEACH-01_METER,正常
TEACH-02,教学楼,2026-07-06 06:00,20.07,2.08,4.22,7.3,10.8,31.8,73.1,1.6,TEACH-02_METER,正常
TEACH-03,教学楼,2026-07-06 06:00,16.49,2.2,1.45,8.5,11.9,28.0,66.9,1.4,TEACH-03_METER,正常
LIB-01,公共机构,2026-07-06 06:00,36.43,1.69,1.59,7.2,11.4,29.1,67.3,2.7,LIB-01_METER,正常
GYM-01,公共机构,2026-07-06 06:00,26.06,2.03,1.3,8.2,13.2,28.4,70.0,0.8,GYM-01_METER,正常
OFF-01,办公楼,2026-07-06 07:00,18.11,1.55,1.61,7.8,11.9,29.0,76.2,0.6,OFF-01_METER,正常
OFF-02,办公楼,2026-07-06 07:00,26.87,1.13,0.85,7.5,11.9,27.5,73.4,4.8,OFF-02_METER,正常
OFF-03,办公楼,2026-07-06 07:00,28.35,0.97,0.47,6.8,12.6,26.9,60.4,1.0,OFF-03_METER,正常
OFF-04,办公楼,2026-07-06 07:00,21.78,1.6,1.65,7.5,12.4,29.0,64.7,3.6,OFF-04_METER,正常
OFF-05,办公楼,2026-07-06 07:00,29.97,1.11,1.92,5.6,10.0,29.6,72.5,1.5,OFF-05_METER,正常
TEACH-01,教学楼,2026-07-06 07:00,9.1,1.98,1.72,5.7,10.0,28.5,69.3,1.2,TEACH-01_METER,正常
TEACH-02,教学楼,2026-07-06 07:00,26.36,2.34,1.76,7.8,12.1,28.4,66.9,1.1,TEACH-02_METER,正常
TEACH-03,教学楼,2026-07-06 07:00,12.41,1.87,2.76,8.2,11.5,29.7,74.6,0.4,TEACH-03_METER,正常
LIB-01,公共机构,2026-07-06 07:00,42.57,1.53,1.48,8.4,11.5,28.7,70.1,4.6,LIB-01_METER,正常
GYM-01,公共机构,2026-07-06 07:00,27.21,2.19,2.39,7.4,11.7,30.5,71.3,4.5,GYM-01_METER,正常
OFF-01,办公楼,2026-07-06 08:00,72.46,2.76,2.04,6.2,11.1,29.7,80.9,18.6,OFF-01_METER,正常
OFF-02,办公楼,2026-07-06 08:00,99.16,2.73,1.53,5.2,10.1,28.9,67.6,22.3,OFF-02_METER,正常
OFF-03,办公楼,2026-07-06 08:00,95.36,3.22,3.36,6.9,10.3,32.0,69.8,24.4,OFF-03_METER,正常
OFF-04,办公楼,2026-07-06 08:00,86.03,3.06,2.9,7.2,12.6,31.4,76.0,15.1,OFF-04_METER,正常
OFF-05,办公楼,2026-07-06 08:00,102.02,2.81,1.42,8.2,13.7,28.7,68.4,15.4,OFF-05_METER,正常
TEACH-01,教学楼,2026-07-06 08:00,136.56,5.43,2.4,7.5,12.0,29.2,67.2,31.9,TEACH-01_METER,正常
TEACH-02,教学楼,2026-07-06 08:00,117.3,6.75,4.0,7.8,11.8,31.3,71.9,35.5,TEACH-02_METER,正常
TEACH-03,教学楼,2026-07-06 08:00,108.43,5.41,3.4,7.7,13.2,30.9,77.6,28.3,TEACH-03_METER,正常
LIB-01,公共机构,2026-07-06 08:00,38.23,4.5,1.69,8.0,13.5,29.0,70.0,15.9,LIB-01_METER,正常
GYM-01,公共机构,2026-07-06 08:00,31.09,5.19,1.75,7.4,12.7,29.3,71.1,11.7,GYM-01_METER,正常
OFF-01,办公楼,2026-07-06 09:00,96.88,2.74,3.16,5.7,10.7,30.5,73.9,23.4,OFF-01_METER,正常
OFF-02,办公楼,2026-07-06 09:00,85.34,2.83,3.02,6.2,10.0,30.3,76.0,23.9,OFF-02_METER,正常
OFF-03,办公楼,2026-07-06 09:00,98.39,3.17,4.56,6.5,11.2,32.2,74.4,18.0,OFF-03_METER,正常
OFF-04,办公楼,2026-07-06 09:00,87.05,2.96,1.97,7.0,10.7,28.8,76.1,16.5,OFF-04_METER,正常
OFF-05,办公楼,2026-07-06 09:00,91.9,2.96,4.45,7.3,12.5,32.3,78.2,16.1,OFF-05_METER,正常
TEACH-01,教学楼,2026-07-06 09:00,145.66,5.47,3.62,7.3,12.1,29.8,80.8,31.8,TEACH-01_METER,正常
TEACH-02,教学楼,2026-07-06 09:00,133.21,5.77,5.73,7.0,10.3,32.1,78.1,39.7,TEACH-02_METER,正常
TEACH-03,教学楼,2026-07-06 09:00,120.31,5.57,4.9,6.8,10.9,31.1,73.2,35.0,TEACH-03_METER,正常
LIB-01,公共机构,2026-07-06 09:00,88.39,5.05,4.07,6.1,10.0,31.9,67.8,16.1,LIB-01_METER,正常
GYM-01,公共机构,2026-07-06 09:00,56.05,5.45,3.75,6.5,11.2,31.1,77.6,14.2,GYM-01_METER,正常
OFF-01,办公楼,2026-07-06 10:00,92.86,3.24,3.13,7.1,11.6,30.4,77.4,17.6,OFF-01_METER,正常
OFF-02,办公楼,2026-07-06 10:00,90.72,3.2,4.36,5.8,10.5,32.4,72.5,23.4,OFF-02_METER,正常
OFF-03,办公楼,2026-07-06 10:00,92.83,3.13,3.38,7.8,13.1,31.0,74.6,22.5,OFF-03_METER,正常
OFF-04,办公楼,2026-07-06 10:00,96.1,3.12,3.1,6.8,10.8,30.5,75.2,19.2,OFF-04_METER,正常
OFF-05,办公楼,2026-07-06 10:00,96.81,2.94,1.0,8.0,12.4,27.5,69.8,22.4,OFF-05_METER,正常
TEACH-01,教学楼,2026-07-06 10:00,125.34,5.43,3.17,6.5,10.6,29.5,73.4,27.5,TEACH-01_METER,正常
TEACH-02,教学楼,2026-07-06 10:00,117.26,5.52,6.5,7.9,12.2,33.0,75.3,30.6,TEACH-02_METER,正常
TEACH-03,教学楼,2026-07-06 10:00,103.94,5.43,7.26,6.0,10.7,34.2,77.9,38.6,TEACH-03_METER,正常
LIB-01,公共机构,2026-07-06 10:00,75.53,4.52,4.34,6.6,10.8,32.2,80.3,15.7,LIB-01_METER,正常
GYM-01,公共机构,2026-07-06 10:00,82.11,4.8,2.62,6.6,11.0,29.7,65.8,12.3,GYM-01_METER,正常
OFF-01,办公楼,2026-07-06 11:00,82.97,3.35,3.74,5.6,10.0,31.4,69.2,18.8,OFF-01_METER,正常
OFF-02,办公楼,2026-07-06 11:00,78.73,2.93,4.37,8.3,14.0,32.1,59.9,22.6,OFF-02_METER,正常
OFF-03,办公楼,2026-07-06 11:00,97.71,2.96,4.61,6.5,10.0,32.5,78.4,20.5,OFF-03_METER,正常
OFF-04,办公楼,2026-07-06 11:00,84.57,2.84,4.77,6.5,11.4,32.6,70.1,22.0,OFF-04_METER,正常
OFF-05,办公楼,2026-07-06 11:00,80.75,2.77,4.23,7.6,10.9,32.0,72.5,19.4,OFF-05_METER,正常
TEACH-01,教学楼,2026-07-06 11:00,106.29,5.44,5.32,6.1,10.0,31.8,76.3,40.0,TEACH-01_METER,正常
TEACH-02,教学楼,2026-07-06 11:00,124.24,5.89,6.08,6.4,11.6,32.3,77.8,27.4,TEACH-02_METER,正常
TEACH-03,教学楼,2026-07-06 11:00,143.93,5.42,4.49,6.2,10.7,31.0,70.8,34.0,TEACH-03_METER,正常
LIB-01,公共机构,2026-07-06 11:00,96.71,4.56,5.72,6.3,11.0,34.2,75.4,10.6,LIB-01_METER,正常
GYM-01,公共机构,2026-07-06 11:00,90.78,4.79,3.69,7.7,12.3,31.1,83.1,17.8,GYM-01_METER,正常
OFF-01,办公楼,2026-07-06 12:00,98.06,3.12,3.26,6.7,10.1,30.6,71.6,15.1,OFF-01_METER,正常
OFF-02,办公楼,2026-07-06 12:00,69.36,2.98,2.81,6.4,10.0,29.9,78.8,24.0,OFF-02_METER,正常
OFF-03,办公楼,2026-07-06 12:00,104.01,3.27,5.47,5.3,10.0,34.1,78.1,17.3,OFF-03_METER,正常
OFF-04,办公楼,2026-07-06 12:00,94.03,2.97,4.67,7.9,10.9,32.4,87.0,18.3,OFF-04_METER,正常
OFF-05,办公楼,2026-07-06 12:00,84.0,2.87,3.96,6.8,11.8,31.6,73.3,16.9,OFF-05_METER,正常
TEACH-01,教学楼,2026-07-06 12:00,87.9,5.46,6.48,7.2,12.5,33.0,72.8,26.7,TEACH-01_METER,正常
TEACH-02,教学楼,2026-07-06 12:00,106.68,5.66,5.35,8.4,12.1,31.6,74.2,38.8,TEACH-02_METER,正常
TEACH-03,教学楼,2026-07-06 12:00,107.82,6.02,7.09,8.7,12.6,33.9,75.9,35.9,TEACH-03_METER,正常
LIB-01,公共机构,2026-07-06 12:00,67.06,5.04,3.2,7.1,11.4,30.8,60.7,11.9,LIB-01_METER,正常
GYM-01,公共机构,2026-07-06 12:00,112.15,4.6,4.67,7.4,12.1,32.6,80.5,11.1,GYM-01_METER,正常
OFF-01,办公楼,2026-07-06 13:00,64.0,3.09,4.85,5.5,10.0,33.2,70.2,19.8,OFF-01_METER,正常
OFF-02,办公楼,2026-07-06 13:00,105.76,2.83,4.24,7.5,11.4,32.4,80.3,18.8,OFF-02_METER,正常
OFF-03,办公楼,2026-07-06 13:00,89.54,2.73,4.94,7.3,12.5,33.1,72.9,21.2,OFF-03_METER,正常
OFF-04,办公楼,2026-07-06 13:00,76.2,2.71,4.27,6.5,10.8,32.4,77.1,19.4,OFF-04_METER,正常
OFF-05,办公楼,2026-07-06 13:00,84.7,2.86,4.04,7.9,12.8,31.5,79.0,24.9,OFF-05_METER,正常
TEACH-01,教学楼,2026-07-06 13:00,98.14,5.76,5.33,8.6,13.5,31.5,78.9,26.7,TEACH-01_METER,正常
TEACH-02,教学楼,2026-07-06 13:00,90.86,6.79,4.53,8.1,12.7,30.9,70.9,30.4,TEACH-02_METER,正常
TEACH-03,教学楼,2026-07-06 13:00,98.63,5.67,5.81,8.3,12.3,32.1,76.4,26.1,TEACH-03_METER,正常
LIB-01,公共机构,2026-07-06 13:00,63.55,4.54,5.44,7.6,11.5,33.9,80.3,18.7,LIB-01_METER,正常
GYM-01,公共机构,2026-07-06 13:00,90.83,4.52,3.69,7.0,11.6,31.0,69.6,11.5,GYM-01_METER,正常
OFF-01,办公楼,2026-07-06 14:00,89.86,2.79,4.93,7.1,11.7,33.4,73.7,19.6,OFF-01_METER,正常
OFF-02,办公楼,2026-07-06 14:00,69.24,2.93,4.22,6.3,10.8,32.1,65.7,17.7,OFF-02_METER,正常
OFF-03,办公楼,2026-07-06 14:00,84.64,2.82,4.09,6.9,11.7,32.1,74.5,25.0,OFF-03_METER,正常
OFF-04,办公楼,2026-07-06 14:00,58.84,3.1,4.67,6.2,11.4,32.7,70.2,20.3,OFF-04_METER,正常
OFF-05,办公楼,2026-07-06 14:00,81.46,3.46,6.08,5.9,10.0,35.2,81.2,18.7,OFF-05_METER,正常
TEACH-01,教学楼,2026-07-06 14:00,136.02,5.57,7.39,5.8,10.6,33.6,80.2,25.8,TEACH-01_METER,正常
TEACH-02,教学楼,2026-07-06 14:00,111.32,5.88,7.38,7.6,11.7,33.8,78.7,37.4,TEACH-02_METER,正常
TEACH-03,教学楼,2026-07-06 14:00,117.31,5.41,7.38,6.2,10.4,34.0,77.6,30.3,TEACH-03_METER,正常
LIB-01,公共机构,2026-07-06 14:00,93.86,4.78,5.32,6.2,11.0,33.6,75.0,11.1,LIB-01_METER,正常
GYM-01,公共机构,2026-07-06 14:00,77.47,4.73,4.91,6.7,13.1,32.9,62.6,16.8,GYM-01_METER,正常
OFF-01,办公楼,2026-07-06 15:00,68.76,2.85,5.45,6.3,11.1,33.4,68.9,24.1,OFF-01_METER,正常
OFF-02,办公楼,2026-07-06 15:00,68.18,2.79,6.49,6.8,11.3,34.9,76.3,15.1,OFF-02_METER,正常
OFF-03,办公楼,2026-07-06 15:00,81.21,2.8,5.67,7.4,12.1,34.1,71.4,21.3,OFF-03_METER,正常
OFF-04,办公楼,2026-07-06 15:00,108.38,2.94,4.66,7.1,11.1,32.7,77.8,19.4,OFF-04_METER,正常
OFF-05,办公楼,2026-07-06 15:00,66.53,3.57,7.18,6.1,11.7,36.0,85.1,24.7,OFF-05_METER,正常
TEACH-01,教学楼,2026-07-06 15:00,101.89,5.76,9.07,5.9,10.4,36.0,82.4,39.8,TEACH-01_METER,正常
TEACH-02,教学楼,2026-07-06 15:00,105.69,5.45,7.52,6.7,10.7,34.2,78.2,39.2,TEACH-02_METER,正常
TEACH-03,教学楼,2026-07-06 15:00,142.35,5.6,4.42,6.9,11.5,30.8,66.8,32.7,TEACH-03_METER,正常
LIB-01,公共机构,2026-07-06 15:00,70.37,4.6,4.63,6.3,10.0,32.8,79.4,14.6,LIB-01_METER,正常
GYM-01,公共机构,2026-07-06 15:00,101.07,5.1,4.45,7.2,10.0,32.5,82.2,18.8,GYM-01_METER,正常
OFF-01,办公楼,2026-07-06 16:00,88.45,2.75,7.06,7.2,11.7,36.0,85.1,20.7,OFF-01_METER,正常
OFF-02,办公楼,2026-07-06 16:00,103.54,2.96,6.97,7.6,12.5,36.0,78.1,22.6,OFF-02_METER,正常
OFF-03,办公楼,2026-07-06 16:00,95.34,2.88,6.6,7.5,10.0,35.3,72.0,24.4,OFF-03_METER,正常
OFF-04,办公楼,2026-07-06 16:00,89.84,2.75,6.07,6.7,11.0,35.1,79.3,18.8,OFF-04_METER,正常
OFF-05,办公楼,2026-07-06 16:00,68.78,3.39,4.04,7.9,12.8,31.8,75.5,15.5,OFF-05_METER,正常
TEACH-01,教学楼,2026-07-06 16:00,119.72,5.91,6.8,6.0,10.0,33.5,77.2,32.8,TEACH-01_METER,正常
TEACH-02,教学楼,2026-07-06 16:00,98.14,5.47,6.96,6.3,11.1,33.4,71.7,39.0,TEACH-02_METER,正常
TEACH-03,教学楼,2026-07-06 16:00,127.07,5.45,5.38,6.3,10.5,31.8,78.9,30.0,TEACH-03_METER,正常
LIB-01,公共机构,2026-07-06 16:00,86.66,4.94,4.9,7.7,12.8,33.3,76.3,18.3,LIB-01_METER,正常
GYM-01,公共机构,2026-07-06 16:00,83.13,4.69,4.88,7.5,11.4,32.7,73.5,19.9,GYM-01_METER,正常
OFF-01,办公楼,2026-07-06 17:00,80.11,3.25,6.64,7.1,11.9,36.0,83.5,20.2,OFF-01_METER,正常
OFF-02,办公楼,2026-07-06 17:00,91.39,2.84,4.22,7.5,12.3,32.3,71.0,22.1,OFF-02_METER,正常
OFF-03,办公楼,2026-07-06 17:00,71.87,2.96,3.48,6.5,11.1,31.1,75.7,23.7,OFF-03_METER,正常
OFF-04,办公楼,2026-07-06 17:00,85.12,2.88,6.6,6.6,10.5,35.2,80.2,23.2,OFF-04_METER,正常
OFF-05,办公楼,2026-07-06 17:00,98.66,2.73,6.23,6.8,11.0,34.9,75.7,17.5,OFF-05_METER,正常
TEACH-01,教学楼,2026-07-06 17:00,108.03,5.47,8.95,7.8,11.9,35.8,77.4,27.1,TEACH-01_METER,正常
TEACH-02,教学楼,2026-07-06 17:00,127.69,5.8,7.19,7.5,11.7,33.5,77.6,35.3,TEACH-02_METER,正常
TEACH-03,教学楼,2026-07-06 17:00,107.86,5.49,6.67,6.4,10.7,32.9,81.9,31.1,TEACH-03_METER,正常
LIB-01,公共机构,2026-07-06 17:00,81.48,4.78,6.66,7.4,12.5,35.4,76.1,12.4,LIB-01_METER,正常
GYM-01,公共机构,2026-07-06 17:00,85.3,4.84,4.6,5.9,10.9,32.8,77.5,19.4,GYM-01_METER,正常
OFF-01,办公楼,2026-07-06 18:00,104.72,3.02,4.14,7.9,12.6,33.5,78.3,17.9,OFF-01_METER,正常
OFF-02,办公楼,2026-07-06 18:00,83.12,3.75,4.41,7.2,12.2,34.3,81.1,22.5,OFF-02_METER,正常
OFF-03,办公楼,2026-07-06 18:00,94.73,2.77,4.72,7.8,12.0,34.7,77.5,18.7,OFF-03_METER,正常
OFF-04,办公楼,2026-07-06 18:00,97.44,2.86,5.14,7.0,11.4,35.1,74.8,24.4,OFF-04_METER,正常
OFF-05,办公楼,2026-07-06 18:00,68.8,2.74,3.73,8.2,12.8,33.1,81.3,21.1,OFF-05_METER,正常
TEACH-01,教学楼,2026-07-06 18:00,90.1,5.48,3.75,8.2,13.6,31.1,72.6,38.2,TEACH-01_METER,正常
TEACH-02,教学楼,2026-07-06 18:00,134.36,5.45,5.43,6.1,11.0,33.8,84.5,37.4,TEACH-02_METER,正常
TEACH-03,教学楼,2026-07-06 18:00,109.91,5.49,6.28,6.2,12.6,34.7,76.4,32.7,TEACH-03_METER,正常
LIB-01,公共机构,2026-07-06 18:00,103.56,4.77,4.66,6.1,10.3,35.0,78.2,13.3,LIB-01_METER,正常
GYM-01,公共机构,2026-07-06 18:00,79.4,4.76,4.41,6.6,11.6,34.3,70.6,20.0,GYM-01_METER,正常
OFF-01,办公楼,2026-07-06 19:00,36.31,1.24,5.11,7.7,12.5,36.0,78.1,3.4,OFF-01_METER,正常
OFF-02,办公楼,2026-07-06 19:00,29.19,1.21,4.05,5.7,10.0,33.5,88.5,2.9,OFF-02_METER,正常
OFF-03,办公楼,2026-07-06 19:00,28.85,0.96,4.14,6.2,11.7,33.5,75.2,0.5,OFF-03_METER,正常
OFF-04,办公楼,2026-07-06 19:00,28.5,0.93,4.18,5.5,11.0,33.6,82.1,3.4,OFF-04_METER,正常
OFF-05,办公楼,2026-07-06 19:00,32.48,1.31,4.24,7.5,13.1,33.7,82.9,4.2,OFF-05_METER,正常
TEACH-01,教学楼,2026-07-06 19:00,21.72,1.88,4.47,7.1,13.5,32.4,79.0,0.5,TEACH-01_METER,正常
TEACH-02,教学楼,2026-07-06 19:00,26.67,1.94,5.16,8.1,13.8,33.3,74.1,1.7,TEACH-02_METER,正常
TEACH-03,教学楼,2026-07-06 19:00,20.33,2.37,5.93,6.5,10.8,34.6,73.6,0.1,TEACH-03_METER,正常
LIB-01,公共机构,2026-07-06 19:00,109.67,1.99,4.95,7.7,12.0,34.8,81.8,2.2,LIB-01_METER,正常
GYM-01,公共机构,2026-07-06 19:00,68.65,1.52,4.44,6.0,11.7,34.0,74.7,1.8,GYM-01_METER,正常
OFF-01,办公楼,2026-07-06 20:00,21.53,1.27,5.6,6.9,12.6,36.0,82.7,1.0,OFF-01_METER,正常
OFF-02,办公楼,2026-07-06 20:00,34.24,1.36,4.37,7.1,11.4,34.2,80.3,2.5,OFF-02_METER,正常
OFF-03,办公楼,2026-07-06 20:00,27.5,1.55,4.51,5.8,10.0,34.3,77.6,3.8,OFF-03_METER,正常
OFF-04,办公楼,2026-07-06 20:00,30.22,0.91,5.39,6.5,10.3,36.0,82.0,2.9,OFF-04_METER,正常
OFF-05,办公楼,2026-07-06 20:00,34.24,1.17,4.75,6.2,10.8,35.1,88.2,1.6,OFF-05_METER,正常
TEACH-01,教学楼,2026-07-06 20:00,23.47,1.83,4.36,8.1,13.1,32.3,73.6,1.1,TEACH-01_METER,正常
TEACH-02,教学楼,2026-07-06 20:00,30.46,1.82,6.65,6.4,11.3,34.8,81.7,1.8,TEACH-02_METER,正常
TEACH-03,教学楼,2026-07-06 20:00,19.38,2.33,5.25,6.7,12.0,33.3,75.6,1.8,TEACH-03_METER,正常
LIB-01,公共机构,2026-07-06 20:00,76.39,1.77,4.97,7.0,11.9,35.0,80.3,4.4,LIB-01_METER,正常
GYM-01,公共机构,2026-07-06 20:00,51.64,1.9,5.19,6.4,11.8,35.4,82.9,1.1,GYM-01_METER,正常
OFF-01,办公楼,2026-07-06 21:00,32.25,1.85,4.86,7.1,11.3,34.6,84.0,1.7,OFF-01_METER,正常
OFF-02,办公楼,2026-07-06 21:00,27.51,1.01,4.8,8.4,12.8,34.9,79.9,2.1,OFF-02_METER,正常
OFF-03,办公楼,2026-07-06 21:00,31.01,2.49,4.7,5.6,10.9,34.8,76.5,4.1,OFF-03_METER,正常
OFF-04,办公楼,2026-07-06 21:00,29.76,0.98,3.65,7.1,11.4,33.0,81.8,1.0,OFF-04_METER,正常
OFF-05,办公楼,2026-07-06 21:00,26.4,1.03,3.39,6.6,11.2,32.5,74.8,4.0,OFF-05_METER,正常
TEACH-01,教学楼,2026-07-06 21:00,30.24,2.77,5.84,8.6,12.6,34.5,72.5,0.3,TEACH-01_METER,正常
TEACH-02,教学楼,2026-07-06 21:00,25.32,2.51,5.15,7.2,10.5,33.0,67.0,0.1,TEACH-02_METER,正常
TEACH-03,教学楼,2026-07-06 21:00,23.44,2.65,5.31,5.1,10.0,33.7,72.3,1.7,TEACH-03_METER,正常
LIB-01,公共机构,2026-07-06 21:00,100.36,1.88,5.34,7.3,11.8,36.0,82.0,3.5,LIB-01_METER,正常
GYM-01,公共机构,2026-07-06 21:00,75.11,1.58,4.48,7.9,12.6,34.5,83.6,2.5,GYM-01_METER,正常
OFF-01,办公楼,2026-07-06 22:00,22.46,1.18,4.33,8.0,12.1,34.2,85.3,3.4,OFF-01_METER,正常
OFF-02,办公楼,2026-07-06 22:00,29.52,1.13,2.81,7.9,11.3,31.1,64.9,3.1,OFF-02_METER,正常
OFF-03,办公楼,2026-07-06 22:00,27.71,1.17,3.52,7.5,12.8,32.5,70.4,2.8,OFF-03_METER,正常
OFF-04,办公楼,2026-07-06 22:00,26.33,1.1,2.43,6.8,11.3,30.5,84.9,0.6,OFF-04_METER,正常
OFF-05,办公楼,2026-07-06 22:00,22.4,0.98,4.05,6.9,11.2,33.5,73.4,1.5,OFF-05_METER,正常
TEACH-01,教学楼,2026-07-06 22:00,24.95,2.0,6.31,7.4,12.0,34.9,71.5,0.3,TEACH-01_METER,正常
TEACH-02,教学楼,2026-07-06 22:00,14.0,2.42,4.02,7.2,11.8,31.4,66.9,1.4,TEACH-02_METER,正常
TEACH-03,教学楼,2026-07-06 22:00,18.1,1.87,4.29,5.8,10.5,31.9,67.6,0.1,TEACH-03_METER,正常
LIB-01,公共机构,2026-07-06 22:00,43.92,1.8,3.04,6.1,10.0,31.4,73.7,4.6,LIB-01_METER,正常
GYM-01,公共机构,2026-07-06 22:00,30.31,1.65,4.71,7.5,11.1,34.7,79.5,2.2,GYM-01_METER,正常
OFF-01,办公楼,2026-07-06 23:00,28.11,1.08,3.41,7.3,11.9,32.1,74.7,2.1,OFF-01_METER,正常
OFF-02,办公楼,2026-07-06 23:00,29.66,0.92,3.64,6.8,10.5,32.6,71.0,1.0,OFF-02_METER,正常
OFF-03,办公楼,2026-07-06 23:00,20.16,1.32,3.65,6.4,10.3,32.5,80.6,0.7,OFF-03_METER,正常
OFF-04,办公楼,2026-07-06 23:00,21.81,1.22,4.94,6.9,11.3,35.6,68.9,2.6,OFF-04_METER,正常
OFF-05,办公楼,2026-07-06 23:00,30.62,1.48,3.66,8.0,12.5,33.1,69.5,1.1,OFF-05_METER,正常
TEACH-01,教学楼,2026-07-06 23:00,14.99,1.88,5.09,7.2,12.6,33.1,64.4,0.8,TEACH-01_METER,正常
TEACH-02,教学楼,2026-07-06 23:00,32.15,2.32,6.98,7.5,11.9,35.3,80.6,1.6,TEACH-02_METER,正常
TEACH-03,教学楼,2026-07-06 23:00,27.22,2.3,3.28,6.9,12.1,30.4,78.7,0.8,TEACH-03_METER,正常
LIB-01,公共机构,2026-07-06 23:00,30.26,1.57,3.53,6.5,11.2,32.8,80.0,3.7,LIB-01_METER,正常
GYM-01,公共机构,2026-07-06 23:00,35.15,2.24,4.27,8.2,13.4,33.9,76.2,3.6,GYM-01_METER,正常
OFF-01,办公楼,2026-07-07 00:00,27.27,1.62,0.0,8.0,12.4,25.0,61.9,0.9,OFF-01_METER,正常
OFF-02,办公楼,2026-07-07 00:00,25.79,1.07,0.0,8.2,12.6,25.0,61.4,3.2,OFF-02_METER,正常
OFF-03,办公楼,2026-07-07 00:00,25.64,0.93,0.0,6.4,11.0,25.0,66.9,1.8,OFF-03_METER,正常
OFF-04,办公楼,2026-07-07 00:00,23.4,0.99,0.0,5.6,10.0,25.0,59.9,4.5,OFF-04_METER,正常
OFF-05,办公楼,2026-07-07 00:00,20.23,1.61,0.25,5.9,11.5,26.5,69.8,1.3,OFF-05_METER,正常
TEACH-01,教学楼,2026-07-07 00:00,25.71,2.11,0.0,5.0,10.0,25.0,67.0,0.5,TEACH-01_METER,正常
TEACH-02,教学楼,2026-07-07 00:00,12.6,1.95,0.86,7.0,12.7,27.2,60.0,0.4,TEACH-02_METER,正常
TEACH-03,教学楼,2026-07-07 00:00,13.41,1.94,0.0,6.6,11.5,25.0,65.2,1.6,TEACH-03_METER,正常
LIB-01,公共机构,2026-07-07 00:00,19.06,1.69,0.0,7.8,12.0,25.0,70.3,1.2,LIB-01_METER,正常
GYM-01,公共机构,2026-07-07 00:00,21.29,1.55,0.24,6.7,10.9,26.4,55.1,4.1,GYM-01_METER,正常
OFF-01,办公楼,2026-07-07 01:00,25.62,1.1,0.0,9.0,12.5,25.0,59.7,4.1,OFF-01_METER,正常
OFF-02,办公楼,2026-07-07 01:00,26.26,1.32,0.0,8.1,13.1,25.0,68.9,3.8,OFF-02_METER,正常
OFF-03,办公楼,2026-07-07 01:00,20.55,1.62,0.0,9.7,14.5,25.0,67.3,4.1,OFF-03_METER,正常
OFF-04,办公楼,2026-07-07 01:00,24.26,1.06,0.05,7.1,12.2,26.1,57.3,3.1,OFF-04_METER,正常
OFF-05,办公楼,2026-07-07 01:00,25.36,1.13,0.0,8.9,13.5,25.7,71.1,4.9,OFF-05_METER,正常
TEACH-01,教学楼,2026-07-07 01:00,14.58,1.99,0.0,6.2,12.3,25.0,64.7,0.6,TEACH-01_METER,正常
TEACH-02,教学楼,2026-07-07 01:00,10.03,2.29,0.15,6.3,10.8,26.2,63.4,1.0,TEACH-02_METER,正常
TEACH-03,教学楼,2026-07-07 01:00,11.33,1.81,0.0,8.6,12.4,25.0,68.9,1.0,TEACH-03_METER,正常
LIB-01,公共机构,2026-07-07 01:00,24.2,1.56,0.0,7.0,10.9,25.0,70.2,4.7,LIB-01_METER,正常
GYM-01,公共机构,2026-07-07 01:00,24.41,1.51,0.27,6.8,11.7,26.5,69.5,0.5,GYM-01_METER,正常
OFF-01,办公楼,2026-07-07 02:00,27.94,1.05,0.0,8.4,13.1,25.0,69.1,0.8,OFF-01_METER,正常
OFF-02,办公楼,2026-07-07 02:00,13.64,1.04,0.0,6.6,12.0,25.0,62.2,4.4,OFF-02_METER,正常
OFF-03,办公楼,2026-07-07 02:00,19.14,1.09,0.0,8.1,13.5,25.0,63.8,1.8,OFF-03_METER,正常
OFF-04,办公楼,2026-07-07 02:00,20.01,1.29,0.0,7.1,11.3,25.0,60.3,2.4,OFF-04_METER,正常
OFF-05,办公楼,2026-07-07 02:00,17.04,1.4,0.66,6.2,11.7,27.3,57.1,1.4,OFF-05_METER,正常
TEACH-01,教学楼,2026-07-07 02:00,14.55,2.48,0.0,9.1,13.3,25.0,63.6,1.1,TEACH-01_METER,正常
TEACH-02,教学楼,2026-07-07 02:00,10.91,2.42,0.0,7.6,11.5,25.0,70.2,0.8,TEACH-02_METER,正常
TEACH-03,教学楼,2026-07-07 02:00,24.82,1.86,0.0,6.1,10.9,25.0,68.1,0.8,TEACH-03_METER,正常
LIB-01,公共机构,2026-07-07 02:00,36.03,1.56,0.0,7.7,11.3,25.0,64.6,2.0,LIB-01_METER,正常
GYM-01,公共机构,2026-07-07 02:00,36.3,1.62,0.0,7.6,12.7,25.0,70.2,2.8,GYM-01_METER,正常
OFF-01,办公楼,2026-07-07 03:00,21.02,0.94,0.17,7.3,12.4,26.3,65.1,3.2,OFF-01_METER,正常
OFF-02,办公楼,2026-07-07 03:00,20.56,0.99,0.16,7.0,10.8,26.3,67.6,4.1,OFF-02_METER,正常
OFF-03,办公楼,2026-07-07 03:00,26.61,1.24,0.0,5.4,10.0,25.0,57.1,0.5,OFF-03_METER,正常
OFF-04,办公楼,2026-07-07 03:00,24.31,1.04,0.0,7.6,12.7,25.8,73.1,1.7,OFF-04_METER,正常
OFF-05,办公楼,2026-07-07 03:00,23.53,1.01,0.53,6.8,12.0,27.0,71.5,2.5,OFF-05_METER,正常
TEACH-01,教学楼,2026-07-07 03:00,12.75,2.0,0.26,6.5,11.2,26.4,61.0,0.1,TEACH-01_METER,正常
TEACH-02,教学楼,2026-07-07 03:00,18.48,2.0,0.0,7.3,11.9,25.8,66.9,1.0,TEACH-02_METER,正常
TEACH-03,教学楼,2026-07-07 03:00,29.11,2.43,0.0,7.4,12.2,25.6,66.7,2.0,TEACH-03_METER,正常
LIB-01,公共机构,2026-07-07 03:00,19.27,2.05,0.58,5.9,11.3,27.1,72.3,4.2,LIB-01_METER,正常
GYM-01,公共机构,2026-07-07 03:00,26.87,1.82,0.48,6.7,10.9,26.9,61.4,3.3,GYM-01_METER,正常
OFF-01,办公楼,2026-07-07 04:00,25.72,0.96,0.6,7.0,12.0,27.1,71.6,3.8,OFF-01_METER,异常
OFF-02,办公楼,2026-07-07 04:00,22.76,1.08,0.0,8.2,13.1,25.0,70.5,1.8,OFF-02_METER,正常
OFF-03,办公楼,2026-07-07 04:00,27.86,0.95,0.0,7.7,11.5,25.3,67.8,4.5,OFF-03_METER,正常
OFF-04,办公楼,2026-07-07 04:00,19.32,1.21,0.0,8.1,13.1,25.0,60.4,4.4,OFF-04_METER,正常
OFF-05,办公楼,2026-07-07 04:00,33.23,1.27,0.0,6.3,11.1,25.0,69.7,4.4,OFF-05_METER,正常
TEACH-01,教学楼,2026-07-07 04:00,13.57,2.65,0.0,8.2,12.1,26.0,66.4,1.8,TEACH-01_METER,正常
TEACH-02,教学楼,2026-07-07 04:00,27.2,2.01,0.0,7.8,12.0,25.9,71.8,0.7,TEACH-02_METER,正常
TEACH-03,教学楼,2026-07-07 04:00,13.08,2.12,1.67,7.1,12.6,28.3,73.4,0.0,TEACH-03_METER,正常
LIB-01,公共机构,2026-07-07 04:00,26.67,1.6,1.13,7.0,11.9,28.1,71.8,3.6,LIB-01_METER,正常
GYM-01,公共机构,2026-07-07 04:00,31.71,1.64,2.19,7.8,11.7,29.9,73.7,4.6,GYM-01_METER,正常
OFF-01,办公楼,2026-07-07 05:00,13.46,1.01,0.0,6.6,11.9,25.7,64.5,4.1,OFF-01_METER,正常
OFF-02,办公楼,2026-07-07 05:00,21.3,1.12,0.89,7.1,12.0,27.7,58.7,0.6,OFF-02_METER,正常
OFF-03,办公楼,2026-07-07 05:00,15.03,1.19,0.71,7.4,11.7,27.3,70.1,3.8,OFF-03_METER,正常
OFF-04,办公楼,2026-07-07 05:00,27.59,1.35,0.09,6.8,12.4,26.2,61.8,2.3,OFF-04_METER,正常
OFF-05,办公楼,2026-07-07 05:00,18.7,1.05,0.73,6.8,10.7,27.3,68.1,4.7,OFF-05_METER,正常
TEACH-01,教学楼,2026-07-07 05:00,13.72,1.96,0.0,6.9,13.2,25.0,65.3,0.9,TEACH-01_METER,正常
TEACH-02,教学楼,2026-07-07 05:00,15.72,2.56,0.81,5.6,10.7,27.2,67.9,0.6,TEACH-02_METER,正常
TEACH-03,教学楼,2026-07-07 05:00,25.06,2.76,1.46,7.6,11.2,28.1,78.6,0.3,TEACH-03_METER,异常
LIB-01,公共机构,2026-07-07 05:00,24.37,1.89,0.62,7.9,12.2,27.1,66.1,4.4,LIB-01_METER,正常
GYM-01,公共机构,2026-07-07 05:00,35.12,1.51,0.03,8.2,12.8,26.0,68.0,4.3,GYM-01_METER,正常
OFF-01,办公楼,2026-07-07 06:00,25.85,1.28,1.83,6.0,10.0,29.4,77.0,4.3,OFF-01_METER,正常
OFF-02,办公楼,2026-07-07 06:00,17.72,1.36,1.21,5.8,10.0,28.1,60.3,0.5,OFF-02_METER,正常
OFF-03,办公楼,2026-07-07 06:00,17.99,1.73,0.74,7.5,11.5,27.4,69.4,4.2,OFF-03_METER,正常
OFF-04,办公楼,2026-07-07 06:00,31.64,1.41,1.33,6.4,10.0,28.5,69.2,3.4,OFF-04_METER,正常
OFF-05,办公楼,2026-07-07 06:00,14.29,0.9,1.42,6.6,13.0,28.6,71.7,4.0,OFF-05_METER,正常
TEACH-01,教学楼,2026-07-07 06:00,9.35,2.0,0.73,7.4,11.3,27.0,73.4,1.6,TEACH-01_METER,正常
TEACH-02,教学楼,2026-07-07 06:00,22.85,2.55,0.35,5.8,10.5,26.5,69.7,1.1,TEACH-02_METER,正常
TEACH-03,教学楼,2026-07-07 06:00,30.47,2.12,1.05,8.1,12.5,27.4,70.4,1.7,TEACH-03_METER,正常
LIB-01,公共机构,2026-07-07 06:00,33.57,1.74,0.56,8.2,12.0,27.0,76.6,3.2,LIB-01_METER,正常
GYM-01,公共机构,2026-07-07 06:00,24.63,1.78,0.56,5.0,10.0,27.0,71.7,0.6,GYM-01_METER,正常
OFF-01,办公楼,2026-07-07 07:00,18.53,0.99,0.64,6.6,11.2,27.2,69.2,3.2,OFF-01_METER,正常
OFF-02,办公楼,2026-07-07 07:00,18.84,1.85,1.58,7.4,12.8,28.8,64.5,3.1,OFF-02_METER,正常
OFF-03,办公楼,2026-07-07 07:00,26.59,1.24,0.6,5.7,10.9,27.1,65.5,3.6,OFF-03_METER,正常
OFF-04,办公楼,2026-07-07 07:00,12.2,0.98,1.77,7.3,13.1,29.2,64.7,5.0,OFF-04_METER,正常
OFF-05,办公楼,2026-07-07 07:00,27.4,1.05,0.44,8.2,12.9,26.8,64.5,2.5,OFF-05_METER,正常
TEACH-01,教学楼,2026-07-07 07:00,22.49,1.87,1.99,7.2,11.7,28.7,66.0,1.7,TEACH-01_METER,正常
TEACH-02,教学楼,2026-07-07 07:00,18.21,1.82,1.47,6.5,11.2,28.0,69.0,1.7,TEACH-02_METER,正常
TEACH-03,教学楼,2026-07-07 07:00,24.11,2.02,2.73,6.8,11.0,29.8,66.7,1.1,TEACH-03_METER,正常
LIB-01,公共机构,2026-07-07 07:00,21.08,1.56,0.54,7.5,12.0,27.0,73.3,4.5,LIB-01_METER,正常
GYM-01,公共机构,2026-07-07 07:00,29.14,1.66,1.94,7.1,12.5,29.5,75.0,3.0,GYM-01_METER,正常
OFF-01,办公楼,2026-07-07 08:00,68.82,3.31,1.65,5.8,10.0,29.1,72.9,23.0,OFF-01_METER,正常
OFF-02,办公楼,2026-07-07 08:00,86.86,2.79,2.24,6.6,11.8,30.1,69.8,18.3,OFF-02_METER,正常
OFF-03,办公楼,2026-07-07 08:00,77.7,2.73,1.89,7.5,12.6,29.5,71.0,19.8,OFF-03_METER,正常
OFF-04,办公楼,2026-07-07 08:00,90.99,2.73,2.5,7.0,11.7,30.6,76.9,18.4,OFF-04_METER,正常
OFF-05,办公楼,2026-07-07 08:00,83.74,2.75,2.75,5.5,10.7,31.0,65.8,15.0,OFF-05_METER,正常
TEACH-01,教学楼,2026-07-07 08:00,102.17,5.55,3.38,8.0,12.9,30.6,70.7,30.7,TEACH-01_METER,正常
TEACH-02,教学楼,2026-07-07 08:00,140.09,5.45,0.01,5.6,10.0,26.0,68.1,30.9,TEACH-02_METER,正常
TEACH-03,教学楼,2026-07-07 08:00,97.9,5.45,2.76,7.6,11.5,30.0,78.5,37.7,TEACH-03_METER,正常
LIB-01,公共机构,2026-07-07 08:00,36.43,5.53,1.26,7.5,12.0,28.4,69.5,10.8,LIB-01_METER,正常
GYM-01,公共机构,2026-07-07 08:00,29.37,4.85,2.73,8.1,13.7,31.2,72.0,17.5,GYM-01_METER,正常
OFF-01,办公楼,2026-07-07 09:00,84.98,3.18,2.35,7.6,13.6,29.5,72.1,23.7,OFF-01_METER,正常
OFF-02,办公楼,2026-07-07 09:00,88.06,2.96,2.69,7.9,12.4,30.0,66.3,24.7,OFF-02_METER,正常
OFF-03,办公楼,2026-07-07 09:00,69.71,3.45,4.35,6.1,10.5,32.0,73.8,23.2,OFF-03_METER,正常
OFF-04,办公楼,2026-07-07 09:00,79.67,2.91,2.33,6.3,10.5,29.2,80.7,15.4,OFF-04_METER,正常
OFF-05,办公楼,2026-07-07 09:00,80.3,2.81,3.9,7.0,10.6,31.3,78.4,18.1,OFF-05_METER,正常
TEACH-01,教学楼,2026-07-07 09:00,121.72,5.74,1.76,5.5,10.0,27.8,69.2,38.4,TEACH-01_METER,正常
TEACH-02,教学楼,2026-07-07 09:00,138.27,5.72,0.74,6.7,11.2,26.8,71.5,26.7,TEACH-02_METER,正常
TEACH-03,教学楼,2026-07-07 09:00,99.22,5.65,3.61,6.1,10.9,29.9,75.2,36.8,TEACH-03_METER,正常
LIB-01,公共机构,2026-07-07 09:00,113.59,4.76,3.69,7.3,12.1,31.4,82.4,11.9,LIB-01_METER,正常
GYM-01,公共机构,2026-07-07 09:00,72.95,4.64,2.54,6.8,12.2,29.5,74.8,17.6,GYM-01_METER,正常
OFF-01,办公楼,2026-07-07 10:00,89.34,3.14,4.15,6.8,10.2,32.0,78.5,18.7,OFF-01_METER,正常
OFF-02,办公楼,2026-07-07 10:00,68.49,2.82,3.41,6.2,10.9,30.7,77.3,22.6,OFF-02_METER,正常
OFF-03,办公楼,2026-07-07 10:00,103.89,2.97,4.15,7.5,11.0,32.1,66.1,18.6,OFF-03_METER,正常
OFF-04,办公楼,2026-07-07 10:00,100.21,2.79,4.17,7.7,12.1,31.9,76.2,18.0,OFF-04_METER,正常
OFF-05,办公楼,2026-07-07 10:00,70.74,2.7,2.51,7.3,11.9,29.8,72.1,24.1,OFF-05_METER,正常
TEACH-01,教学楼,2026-07-07 10:00,90.52,5.56,3.13,7.6,10.5,29.4,80.4,32.9,TEACH-01_METER,正常
TEACH-02,教学楼,2026-07-07 10:00,138.68,5.51,5.57,7.7,12.3,31.9,61.8,27.7,TEACH-02_METER,正常
TEACH-03,教学楼,2026-07-07 10:00,115.85,5.5,2.51,6.5,11.2,28.7,71.2,34.1,TEACH-03_METER,正常
LIB-01,公共机构,2026-07-07 10:00,64.19,4.53,2.34,7.0,12.4,29.3,72.2,16.2,LIB-01_METER,正常
GYM-01,公共机构,2026-07-07 10:00,50.98,5.24,1.51,6.1,10.5,28.3,73.1,19.2,GYM-01_METER,正常
OFF-01,办公楼,2026-07-07 11:00,75.54,3.06,4.08,6.5,10.8,31.8,76.6,21.3,OFF-01_METER,正常
OFF-02,办公楼,2026-07-07 11:00,99.75,2.89,3.59,8.2,12.3,31.2,82.2,18.2,OFF-02_METER,正常
OFF-03,办公楼,2026-07-07 11:00,78.43,2.71,4.51,6.3,10.7,32.8,75.3,16.8,OFF-03_METER,正常
OFF-04,办公楼,2026-07-07 11:00,78.01,3.17,3.06,8.2,11.9,30.6,74.1,15.8,OFF-04_METER,正常
OFF-05,办公楼,2026-07-07 11:00,74.24,2.95,3.56,6.4,11.0,30.9,81.0,15.4,OFF-05_METER,正常
TEACH-01,教学楼,2026-07-07 11:00,134.8,5.92,2.21,6.4,11.0,28.3,75.8,38.6,TEACH-01_METER,正常
TEACH-02,教学楼,2026-07-07 11:00,102.79,5.85,6.77,6.7,12.3,33.2,70.3,34.7,TEACH-02_METER,正常
TEACH-03,教学楼,2026-07-07 11:00,139.45,5.51,5.09,6.7,10.3,31.7,71.0,27.6,TEACH-03_METER,正常
LIB-01,公共机构,2026-07-07 11:00,62.78,4.88,3.48,7.4,10.0,30.8,67.4,19.7,LIB-01_METER,正常
GYM-01,公共机构,2026-07-07 11:00,91.98,4.67,4.74,7.9,12.1,33.1,69.4,16.8,GYM-01_METER,正常
OFF-01,办公楼,2026-07-07 12:00,83.63,2.77,4.03,6.8,10.4,31.7,69.4,23.0,OFF-01_METER,正常
OFF-02,办公楼,2026-07-07 12:00,93.01,2.83,4.13,7.9,12.8,31.9,77.8,16.5,OFF-02_METER,正常
OFF-03,办公楼,2026-07-07 12:00,88.45,2.75,3.87,7.0,11.4,31.7,67.5,24.8,OFF-03_METER,正常
OFF-04,办公楼,2026-07-07 12:00,96.2,2.79,4.08,7.6,11.0,31.8,76.5,22.2,OFF-04_METER,正常
OFF-05,办公楼,2026-07-07 12:00,79.92,2.72,4.38,6.8,10.0,32.2,75.5,20.2,OFF-05_METER,正常
TEACH-01,教学楼,2026-07-07 12:00,95.72,5.53,5.36,7.5,12.6,32.0,78.2,31.1,TEACH-01_METER,正常
TEACH-02,教学楼,2026-07-07 12:00,106.31,5.89,5.81,6.5,11.7,32.1,79.7,29.3,TEACH-02_METER,正常
TEACH-03,教学楼,2026-07-07 12:00,95.64,6.1,5.19,6.5,10.4,31.3,81.2,37.7,TEACH-03_METER,正常
LIB-01,公共机构,2026-07-07 12:00,111.57,4.59,3.9,6.7,10.1,31.6,76.9,13.6,LIB-01_METER,正常
GYM-01,公共机构,2026-07-07 12:00,70.19,4.6,4.78,6.3,10.1,33.0,75.6,10.2,GYM-01_METER,正常
OFF-01,办公楼,2026-07-07 13:00,98.47,3.79,5.05,6.4,10.8,33.1,70.4,22.5,OFF-01_METER,正常
OFF-02,办公楼,2026-07-07 13:00,93.37,2.77,6.12,7.1,11.4,35.0,79.1,23.4,OFF-02_METER,正常
OFF-03,办公楼,2026-07-07 13:00,80.39,2.8,4.73,7.7,12.6,33.0,67.4,20.2,OFF-03_METER,正常
OFF-04,办公楼,2026-07-07 13:00,72.7,3.33,3.6,7.3,11.9,31.2,70.9,16.2,OFF-04_METER,正常
OFF-05,办公楼,2026-07-07 13:00,68.52,2.8,4.29,6.8,10.9,32.4,68.1,22.2,OFF-05_METER,正常
TEACH-01,教学楼,2026-07-07 13:00,128.63,5.54,8.06,7.3,12.6,34.4,75.1,31.0,TEACH-01_METER,正常
TEACH-02,教学楼,2026-07-07 13:00,126.56,5.43,4.62,7.5,11.4,31.2,70.4,30.1,TEACH-02_METER,正常
TEACH-03,教学楼,2026-07-07 13:00,134.05,5.57,3.92,5.2,10.0,30.1,64.6,30.4,TEACH-03_METER,正常
LIB-01,公共机构,2026-07-07 13:00,99.9,4.62,4.81,6.2,11.9,32.5,78.4,19.2,LIB-01_METER,正常
GYM-01,公共机构,2026-07-07 13:00,67.42,4.65,5.69,6.9,11.0,34.4,71.8,14.8,GYM-01_METER,正常
OFF-01,办公楼,2026-07-07 14:00,78.31,2.85,4.79,6.9,10.9,32.6,80.4,16.5,OFF-01_METER,正常
OFF-02,办公楼,2026-07-07 14:00,91.45,2.73,4.19,6.4,11.6,32.0,79.9,22.2,OFF-02_METER,正常
OFF-03,办公楼,2026-07-07 14:00,83.34,2.96,5.88,7.2,11.6,34.0,76.7,24.7,OFF-03_METER,正常
OFF-04,办公楼,2026-07-07 14:00,65.47,2.91,5.16,7.7,11.6,33.2,70.6,15.5,OFF-04_METER,正常
OFF-05,办公楼,2026-07-07 14:00,90.24,2.72,2.86,5.6,10.0,30.1,73.1,24.7,OFF-05_METER,正常
TEACH-01,教学楼,2026-07-07 14:00,120.12,5.51,9.16,7.0,11.8,35.6,87.3,26.1,TEACH-01_METER,正常
TEACH-02,教学楼,2026-07-07 14:00,141.66,6.56,7.21,7.4,12.1,33.6,77.0,38.9,TEACH-02_METER,正常
TEACH-03,教学楼,2026-07-07 14:00,114.62,5.83,8.2,6.2,11.3,34.7,68.3,34.7,TEACH-03_METER,正常
LIB-01,公共机构,2026-07-07 14:00,99.91,4.51,4.38,7.8,12.7,32.2,72.0,12.3,LIB-01_METER,正常
GYM-01,公共机构,2026-07-07 14:00,91.04,4.75,4.42,7.9,12.8,32.5,77.8,14.5,GYM-01_METER,正常
OFF-01,办公楼,2026-07-07 15:00,75.88,2.79,3.66,7.1,11.0,31.0,72.6,21.7,OFF-01_METER,正常
OFF-02,办公楼,2026-07-07 15:00,82.3,2.81,4.89,6.9,11.4,33.2,79.2,21.3,OFF-02_METER,正常
OFF-03,办公楼,2026-07-07 15:00,79.45,3.05,3.49,7.8,12.7,31.2,72.5,22.3,OFF-03_METER,正常
OFF-04,办公楼,2026-07-07 15:00,77.74,2.96,6.18,5.8,10.2,34.9,72.6,16.9,OFF-04_METER,正常
OFF-05,办公楼,2026-07-07 15:00,64.71,2.95,5.1,6.6,11.0,33.1,66.5,25.0,OFF-05_METER,正常
TEACH-01,教学楼,2026-07-07 15:00,127.1,5.43,7.45,6.8,11.1,34.0,76.3,26.7,TEACH-01_METER,正常
TEACH-02,教学楼,2026-07-07 15:00,129.33,5.73,8.66,6.5,11.0,35.5,77.4,25.1,TEACH-02_METER,正常
TEACH-03,教学楼,2026-07-07 15:00,136.94,5.46,5.57,8.0,12.6,32.1,78.1,30.6,TEACH-03_METER,正常
LIB-01,公共机构,2026-07-07 15:00,75.43,4.66,5.73,7.6,12.5,34.6,80.2,13.7,LIB-01_METER,正常
GYM-01,公共机构,2026-07-07 15:00,109.85,5.59,6.61,6.9,11.1,35.1,71.6,18.5,GYM-01_METER,正常
OFF-01,办公楼,2026-07-07 16:00,84.53,2.91,4.87,7.0,11.1,33.2,77.2,22.1,OFF-01_METER,正常
OFF-02,办公楼,2026-07-07 16:00,62.61,3.38,4.82,7.3,12.3,32.6,79.5,21.4,OFF-02_METER,正常
OFF-03,办公楼,2026-07-07 16:00,105.06,2.77,4.68,5.6,10.0,32.8,84.9,17.6,OFF-03_METER,正常
OFF-04,办公楼,2026-07-07 16:00,87.63,3.12,5.86,7.2,12.0,34.0,73.7,21.6,OFF-04_METER,正常
OFF-05,办公楼,2026-07-07 16:00,104.98,2.97,6.96,6.0,10.4,36.0,75.0,16.6,OFF-05_METER,正常
TEACH-01,教学楼,2026-07-07 16:00,112.47,5.69,6.63,6.0,10.4,33.4,76.7,26.3,TEACH-01_METER,正常
TEACH-02,教学楼,2026-07-07 16:00,134.55,5.78,8.31,8.4,12.6,34.6,79.9,29.0,TEACH-02_METER,正常
TEACH-03,教学楼,2026-07-07 16:00,139.25,5.66,5.06,7.1,11.8,31.2,82.7,38.9,TEACH-03_METER,正常
LIB-01,公共机构,2026-07-07 16:00,99.34,4.54,5.33,7.3,12.2,33.3,79.8,11.3,LIB-01_METER,正常
GYM-01,公共机构,2026-07-07 16:00,96.26,5.08,4.73,6.4,10.9,32.7,68.7,11.5,GYM-01_METER,正常
OFF-01,办公楼,2026-07-07 17:00,87.82,2.87,7.1,6.7,10.1,36.0,75.9,15.3,OFF-01_METER,正常
OFF-02,办公楼,2026-07-07 17:00,99.5,2.99,6.44,7.1,11.6,35.4,83.5,23.7,OFF-02_METER,正常
OFF-03,办公楼,2026-07-07 17:00,95.77,3.17,6.97,7.0,11.5,35.7,73.9,24.7,OFF-03_METER,正常
OFF-04,办公楼,2026-07-07 17:00,106.2,3.47,5.27,5.3,10.0,33.3,78.3,21.1,OFF-04_METER,正常
OFF-05,办公楼,2026-07-07 17:00,86.91,3.73,5.87,6.4,11.0,34.1,70.5,19.2,OFF-05_METER,正常
TEACH-01,教学楼,2026-07-07 17:00,121.73,5.47,6.52,6.7,11.0,33.1,77.5,38.1,TEACH-01_METER,正常
TEACH-02,教学楼,2026-07-07 17:00,89.95,5.41,7.69,7.8,12.8,34.1,70.6,31.0,TEACH-02_METER,正常
TEACH-03,教学楼,2026-07-07 17:00,114.27,5.6,7.59,7.0,11.2,34.4,75.1,35.1,TEACH-03_METER,正常
LIB-01,公共机构,2026-07-07 17:00,72.28,5.07,3.91,6.7,11.0,31.4,80.8,14.7,LIB-01_METER,正常
GYM-01,公共机构,2026-07-07 17:00,103.33,4.72,6.71,7.3,11.2,36.0,73.7,11.7,GYM-01_METER,正常
OFF-01,办公楼,2026-07-07 18:00,103.14,3.11,5.17,7.5,11.8,35.3,73.2,16.6,OFF-01_METER,正常
OFF-02,办公楼,2026-07-07 18:00,65.01,3.66,5.24,7.3,11.5,35.8,75.7,19.3,OFF-02_METER,正常
OFF-03,办公楼,2026-07-07 18:00,70.78,3.22,3.92,7.8,12.3,33.5,80.0,16.3,OFF-03_METER,正常
OFF-04,办公楼,2026-07-07 18:00,93.93,2.74,5.09,8.2,13.4,35.2,81.2,23.6,OFF-04_METER,正常
OFF-05,办公楼,2026-07-07 18:00,72.75,3.53,5.17,7.2,11.6,36.0,76.8,19.7,OFF-05_METER,正常
TEACH-01,教学楼,2026-07-07 18:00,107.83,5.87,6.84,8.1,12.9,35.0,76.5,27.3,TEACH-01_METER,正常
TEACH-02,教学楼,2026-07-07 18:00,136.68,5.61,6.09,7.6,11.8,34.1,82.2,27.2,TEACH-02_METER,正常
TEACH-03,教学楼,2026-07-07 18:00,118.9,5.75,6.15,6.1,10.0,34.6,74.6,30.3,TEACH-03_METER,正常
LIB-01,公共机构,2026-07-07 18:00,64.73,4.53,4.39,6.3,10.8,34.1,81.0,15.7,LIB-01_METER,正常
GYM-01,公共机构,2026-07-07 18:00,113.98,4.74,5.26,6.1,10.0,36.0,80.5,12.5,GYM-01_METER,正常
OFF-01,办公楼,2026-07-07 19:00,24.39,1.4,3.5,6.4,11.1,32.2,76.6,1.1,OFF-01_METER,正常
OFF-02,办公楼,2026-07-07 19:00,30.88,1.07,4.56,6.9,10.7,34.4,73.5,1.9,OFF-02_METER,正常
OFF-03,办公楼,2026-07-07 19:00,30.67,0.97,3.87,7.2,11.2,33.2,76.5,4.8,OFF-03_METER,正常
OFF-04,办公楼,2026-07-07 19:00,22.28,1.09,4.33,7.2,11.2,34.4,79.1,5.0,OFF-04_METER,正常
OFF-05,办公楼,2026-07-07 19:00,34.68,1.28,5.04,6.7,11.2,35.3,82.4,3.4,OFF-05_METER,正常
TEACH-01,教学楼,2026-07-07 19:00,16.41,2.21,5.75,7.2,10.7,33.6,71.1,1.4,TEACH-01_METER,正常
TEACH-02,教学楼,2026-07-07 19:00,22.96,1.94,5.64,7.6,12.1,34.3,78.6,1.1,TEACH-02_METER,正常
TEACH-03,教学楼,2026-07-07 19:00,17.65,2.02,5.18,7.9,12.7,33.5,72.6,1.0,TEACH-03_METER,正常
LIB-01,公共机构,2026-07-07 19:00,55.09,1.9,4.78,5.3,10.0,34.8,78.6,1.1,LIB-01_METER,正常
GYM-01,公共机构,2026-07-07 19:00,113.39,1.6,4.34,6.2,11.8,33.7,78.2,0.9,GYM-01_METER,正常
OFF-01,办公楼,2026-07-07 20:00,21.16,1.03,4.96,6.2,11.3,34.9,85.7,4.1,OFF-01_METER,正常
OFF-02,办公楼,2026-07-07 20:00,24.58,1.02,2.68,7.2,12.2,31.1,66.7,4.9,OFF-02_METER,正常
OFF-03,办公楼,2026-07-07 20:00,21.09,1.01,3.69,7.8,11.7,33.1,77.8,4.7,OFF-03_METER,正常
OFF-04,办公楼,2026-07-07 20:00,31.99,1.2,3.63,6.7,10.1,32.5,73.2,2.7,OFF-04_METER,正常
OFF-05,办公楼,2026-07-07 20:00,23.68,0.94,4.96,6.1,10.3,35.5,82.5,0.7,OFF-05_METER,正常
TEACH-01,教学楼,2026-07-07 20:00,15.06,2.18,5.52,5.8,10.0,33.9,73.2,0.0,TEACH-01_METER,正常
TEACH-02,教学楼,2026-07-07 20:00,19.93,2.22,5.04,6.5,11.6,33.2,79.5,1.3,TEACH-02_METER,正常
TEACH-03,教学楼,2026-07-07 20:00,17.18,1.84,5.67,8.0,12.5,33.5,74.5,0.2,TEACH-03_METER,正常
LIB-01,公共机构,2026-07-07 20:00,89.01,2.9,5.62,6.3,10.3,36.0,78.9,2.3,LIB-01_METER,正常
GYM-01,公共机构,2026-07-07 20:00,90.42,1.79,4.95,7.0,11.3,34.9,73.2,2.8,GYM-01_METER,正常
OFF-01,办公楼,2026-07-07 21:00,29.94,0.96,4.04,6.9,11.5,33.8,73.3,3.0,OFF-01_METER,正常
OFF-02,办公楼,2026-07-07 21:00,26.44,1.68,3.4,6.1,11.7,32.6,71.8,2.2,OFF-02_METER,正常
OFF-03,办公楼,2026-07-07 21:00,27.74,2.02,2.52,6.0,10.3,30.7,75.8,4.9,OFF-03_METER,正常
OFF-04,办公楼,2026-07-07 21:00,30.59,1.1,3.32,7.1,10.9,32.1,82.1,2.9,OFF-04_METER,正常
OFF-05,办公楼,2026-07-07 21:00,23.19,0.96,3.75,7.8,11.7,33.1,74.8,4.2,OFF-05_METER,正常
TEACH-01,教学楼,2026-07-07 21:00,35.01,2.0,5.85,7.1,10.6,34.0,80.0,0.9,TEACH-01_METER,正常
TEACH-02,教学楼,2026-07-07 21:00,24.95,2.4,6.12,7.8,13.5,34.1,72.3,0.8,TEACH-02_METER,正常
TEACH-03,教学楼,2026-07-07 21:00,23.59,1.9,5.36,7.0,10.1,33.1,81.3,1.9,TEACH-03_METER,正常
LIB-01,公共机构,2026-07-07 21:00,63.05,1.76,3.31,7.7,12.2,31.9,77.2,3.4,LIB-01_METER,正常
GYM-01,公共机构,2026-07-07 21:00,100.23,1.59,3.54,7.7,12.6,32.8,74.6,3.7,GYM-01_METER,正常
OFF-01,办公楼,2026-07-07 22:00,26.08,1.04,3.37,6.3,11.4,32.3,73.7,0.8,OFF-01_METER,正常
OFF-02,办公楼,2026-07-07 22:00,28.61,1.03,3.38,6.9,11.3,32.3,70.2,3.8,OFF-02_METER,正常
OFF-03,办公楼,2026-07-07 22:00,37.49,1.9,5.31,7.2,11.3,35.9,73.7,2.2,OFF-03_METER,正常
OFF-04,办公楼,2026-07-07 22:00,20.85,1.11,4.52,7.4,11.9,33.9,76.8,2.3,OFF-04_METER,正常
OFF-05,办公楼,2026-07-07 22:00,27.84,0.99,3.87,7.7,11.6,33.5,76.8,4.0,OFF-05_METER,正常
TEACH-01,教学楼,2026-07-07 22:00,25.03,2.0,3.84,7.0,11.3,31.2,74.6,1.5,TEACH-01_METER,正常
TEACH-02,教学楼,2026-07-07 22:00,25.9,1.94,3.32,6.0,10.0,30.7,72.1,1.7,TEACH-02_METER,正常
TEACH-03,教学楼,2026-07-07 22:00,20.32,2.0,4.49,6.7,11.6,32.5,85.3,1.9,TEACH-03_METER,正常
LIB-01,公共机构,2026-07-07 22:00,36.45,2.47,3.04,6.7,11.2,31.9,68.9,4.8,LIB-01_METER,正常
GYM-01,公共机构,2026-07-07 22:00,30.22,1.99,3.13,6.6,10.3,31.8,70.0,0.5,GYM-01_METER,正常
OFF-01,办公楼,2026-07-07 23:00,21.68,1.37,3.42,6.9,10.9,32.4,72.1,4.2,OFF-01_METER,正常
OFF-02,办公楼,2026-07-07 23:00,23.73,1.0,4.21,8.6,13.9,33.5,74.8,0.9,OFF-02_METER,正常
OFF-03,办公楼,2026-07-07 23:00,18.67,1.29,3.51,5.9,11.8,32.5,68.3,1.1,OFF-03_METER,正常
OFF-04,办公楼,2026-07-07 23:00,29.06,1.49,2.88,6.9,11.8,31.3,75.1,1.9,OFF-04_METER,正常
OFF-05,办公楼,2026-07-07 23:00,33.26,1.48,3.57,7.4,12.2,32.6,64.5,3.3,OFF-05_METER,正常
TEACH-01,教学楼,2026-07-07 23:00,19.85,1.85,5.0,7.0,11.8,33.2,72.1,0.3,TEACH-01_METER,正常
TEACH-02,教学楼,2026-07-07 23:00,17.98,1.87,6.0,6.9,11.7,34.1,84.7,0.0,TEACH-02_METER,正常
TEACH-03,教学楼,2026-07-07 23:00,20.68,1.86,5.71,6.6,11.8,33.8,85.0,0.8,TEACH-03_METER,正常
LIB-01,公共机构,2026-07-07 23:00,46.0,2.26,3.28,6.0,10.0,31.9,81.5,0.6,LIB-01_METER,正常
GYM-01,公共机构,2026-07-07 23:00,24.84,1.71,2.98,7.8,12.7,31.5,64.4,4.7,GYM-01_METER,正常
OFF-01,办公楼,2026-07-08 00:00,17.64,0.98,0.0,6.3,10.0,25.0,63.3,4.8,OFF-01_METER,正常
OFF-02,办公楼,2026-07-08 00:00,17.3,0.96,0.0,5.3,10.0,25.9,59.2,1.4,OFF-02_METER,正常
OFF-03,办公楼,2026-07-08 00:00,20.61,1.36,0.14,7.6,12.6,26.3,59.2,1.1,OFF-03_METER,正常
OFF-04,办公楼,2026-07-08 00:00,30.17,0.97,0.0,8.8,13.3,25.4,67.0,3.9,OFF-04_METER,正常
OFF-05,办公楼,2026-07-08 00:00,28.15,1.69,0.0,6.0,10.6,25.0,62.6,4.1,OFF-05_METER,正常
TEACH-01,教学楼,2026-07-08 00:00,10.27,2.16,0.0,6.3,10.5,25.0,68.3,0.3,TEACH-01_METER,正常
TEACH-02,教学楼,2026-07-08 00:00,24.12,1.89,0.0,7.0,10.2,25.0,69.8,1.0,TEACH-02_METER,正常
TEACH-03,教学楼,2026-07-08 00:00,7.31,2.23,0.0,7.2,11.6,25.0,62.6,1.7,TEACH-03_METER,正常
LIB-01,公共机构,2026-07-08 00:00,38.75,1.88,0.0,7.8,11.9,25.0,65.2,3.8,LIB-01_METER,正常
GYM-01,公共机构,2026-07-08 00:00,25.73,1.62,0.0,7.4,12.4,25.0,61.4,1.3,GYM-01_METER,正常
OFF-01,办公楼,2026-07-08 01:00,17.79,1.13,0.0,5.0,10.0,25.4,59.4,1.1,OFF-01_METER,正常
OFF-02,办公楼,2026-07-08 01:00,25.02,0.92,0.49,5.5,10.0,26.9,67.1,0.9,OFF-02_METER,正常
OFF-03,办公楼,2026-07-08 01:00,18.91,1.65,0.0,6.8,11.5,25.0,58.4,2.2,OFF-03_METER,正常
OFF-04,办公楼,2026-07-08 01:00,10.96,1.61,0.0,8.2,12.7,25.0,70.9,1.1,OFF-04_METER,正常
OFF-05,办公楼,2026-07-08 01:00,17.51,1.26,0.0,6.7,11.6,25.0,67.2,0.9,OFF-05_METER,正常
TEACH-01,教学楼,2026-07-08 01:00,7.67,2.64,0.19,7.4,12.3,26.3,74.5,0.8,TEACH-01_METER,正常
TEACH-02,教学楼,2026-07-08 01:00,20.78,1.82,0.0,7.1,12.1,25.0,70.6,0.4,TEACH-02_METER,正常
TEACH-03,教学楼,2026-07-08 01:00,20.76,1.84,0.0,7.3,11.0,25.0,61.8,0.9,TEACH-03_METER,正常
LIB-01,公共机构,2026-07-08 01:00,36.15,1.52,0.0,6.8,10.7,25.0,66.9,3.2,LIB-01_METER,异常
GYM-01,公共机构,2026-07-08 01:00,31.77,1.73,0.0,7.2,10.4,25.0,65.1,3.5,GYM-01_METER,正常
OFF-01,办公楼,2026-07-08 02:00,21.8,1.48,0.0,7.3,11.4,25.0,68.5,0.7,OFF-01_METER,正常
OFF-02,办公楼,2026-07-08 02:00,11.58,1.13,0.0,7.9,13.0,25.0,71.9,3.1,OFF-02_METER,正常
OFF-03,办公楼,2026-07-08 02:00,25.79,1.15,0.54,6.7,13.2,27.0,67.9,0.8,OFF-03_METER,正常
OFF-04,办公楼,2026-07-08 02:00,24.47,1.07,0.0,7.1,10.8,25.5,65.6,4.3,OFF-04_METER,正常
OFF-05,办公楼,2026-07-08 02:00,20.18,1.32,0.0,6.9,11.0,25.0,76.0,4.1,OFF-05_METER,正常
TEACH-01,教学楼,2026-07-08 02:00,9.53,1.81,0.44,7.3,12.6,26.6,70.9,1.2,TEACH-01_METER,正常
TEACH-02,教学楼,2026-07-08 02:00,7.81,2.22,0.0,6.0,10.5,25.4,63.9,1.5,TEACH-02_METER,正常
TEACH-03,教学楼,2026-07-08 02:00,9.77,1.82,0.0,5.8,10.0,25.0,65.8,0.1,TEACH-03_METER,正常
LIB-01,公共机构,2026-07-08 02:00,32.55,1.67,0.16,7.3,11.0,26.3,60.9,4.5,LIB-01_METER,正常
GYM-01,公共机构,2026-07-08 02:00,35.95,2.17,0.0,7.0,11.3,25.0,59.7,3.6,GYM-01_METER,正常
OFF-01,办公楼,2026-07-08 03:00,28.13,1.51,0.0,6.6,10.7,25.8,67.3,3.0,OFF-01_METER,正常
OFF-02,办公楼,2026-07-08 03:00,32.15,1.48,0.0,5.9,10.5,25.4,66.1,1.4,OFF-02_METER,正常
OFF-03,办公楼,2026-07-08 03:00,20.13,0.92,0.0,7.6,11.2,25.0,68.8,2.1,OFF-03_METER,正常
OFF-04,办公楼,2026-07-08 03:00,25.94,0.92,0.07,7.8,13.0,26.1,75.1,3.4,OFF-04_METER,正常
OFF-05,办公楼,2026-07-08 03:00,21.45,1.61,0.0,8.1,11.9,25.4,60.7,1.2,OFF-05_METER,正常
TEACH-01,教学楼,2026-07-08 03:00,27.0,2.3,1.03,7.2,12.0,27.4,71.2,1.2,TEACH-01_METER,正常
TEACH-02,教学楼,2026-07-08 03:00,22.37,1.97,0.18,7.2,11.6,26.2,64.9,1.5,TEACH-02_METER,正常
TEACH-03,教学楼,2026-07-08 03:00,16.22,1.81,0.93,7.9,13.5,27.3,74.0,1.5,TEACH-03_METER,正常
LIB-01,公共机构,2026-07-08 03:00,36.42,1.63,0.0,7.6,11.7,25.5,68.1,3.3,LIB-01_METER,正常
GYM-01,公共机构,2026-07-08 03:00,39.19,1.51,0.63,5.5,10.6,27.2,67.0,4.4,GYM-01_METER,正常
OFF-01,办公楼,2026-07-08 04:00,14.59,1.28,0.78,6.1,10.0,27.4,81.2,1.2,OFF-01_METER,正常
OFF-02,办公楼,2026-07-08 04:00,24.71,1.55,0.0,7.2,10.1,26.0,59.1,3.5,OFF-02_METER,正常
OFF-03,办公楼,2026-07-08 04:00,23.2,1.15,0.0,6.5,10.2,25.0,65.8,2.9,OFF-03_METER,正常
OFF-04,办公楼,2026-07-08 04:00,22.4,1.2,0.0,8.1,12.2,25.0,66.0,1.4,OFF-04_METER,正常
OFF-05,办公楼,2026-07-08 04:00,25.66,1.34,0.0,6.6,11.2,25.8,65.6,2.0,OFF-05_METER,正常
TEACH-01,教学楼,2026-07-08 04:00,14.18,2.23,0.0,6.5,10.4,25.1,62.9,0.7,TEACH-01_METER,正常
TEACH-02,教学楼,2026-07-08 04:00,12.8,2.76,0.62,5.6,10.8,26.8,72.5,1.0,TEACH-02_METER,正常
TEACH-03,教学楼,2026-07-08 04:00,13.82,1.94,2.02,7.0,11.3,28.7,60.9,1.8,TEACH-03_METER,正常
LIB-01,公共机构,2026-07-08 04:00,35.61,1.64,0.0,9.0,13.7,25.0,63.4,1.5,LIB-01_METER,正常
GYM-01,公共机构,2026-07-08 04:00,34.85,1.6,0.0,7.6,11.9,26.0,65.6,4.9,GYM-01_METER,正常
OFF-01,办公楼,2026-07-08 05:00,19.36,1.16,0.43,7.0,10.5,26.8,50.0,4.3,OFF-01_METER,正常
OFF-02,办公楼,2026-07-08 05:00,29.3,1.07,1.19,7.8,12.5,28.1,74.3,4.2,OFF-02_METER,正常
OFF-03,办公楼,2026-07-08 05:00,28.55,1.72,0.0,7.1,11.0,25.9,67.4,2.0,OFF-03_METER,正常
OFF-04,办公楼,2026-07-08 05:00,27.26,1.16,0.52,6.8,10.0,27.0,72.7,4.7,OFF-04_METER,正常
OFF-05,办公楼,2026-07-08 05:00,30.65,1.73,0.71,6.8,11.1,27.3,70.5,0.7,OFF-05_METER,正常
TEACH-01,教学楼,2026-07-08 05:00,9.74,1.86,0.0,6.5,11.5,25.0,66.6,0.8,TEACH-01_METER,正常
TEACH-02,教学楼,2026-07-08 05:00,27.29,2.23,0.18,6.9,10.4,26.2,69.7,1.2,TEACH-02_METER,正常
TEACH-03,教学楼,2026-07-08 05:00,11.02,2.07,0.67,6.1,10.6,26.9,71.4,1.5,TEACH-03_METER,正常
LIB-01,公共机构,2026-07-08 05:00,39.4,1.7,0.11,8.1,14.2,26.2,77.1,3.3,LIB-01_METER,正常
GYM-01,公共机构,2026-07-08 05:00,30.84,1.69,1.17,7.1,12.0,28.1,70.0,4.0,GYM-01_METER,正常
OFF-01,办公楼,2026-07-08 06:00,29.45,1.01,2.58,7.6,11.9,30.9,73.7,1.8,OFF-01_METER,正常
OFF-02,办公楼,2026-07-08 06:00,17.05,1.05,0.32,7.0,11.7,26.6,65.9,3.6,OFF-02_METER,正常
OFF-03,办公楼,2026-07-08 06:00,23.79,1.02,0.34,7.0,11.4,26.7,60.0,1.3,OFF-03_METER,正常
OFF-04,办公楼,2026-07-08 06:00,27.0,1.05,1.55,5.9,10.0,28.8,59.2,1.2,OFF-04_METER,正常
OFF-05,办公楼,2026-07-08 06:00,27.6,0.98,1.95,6.9,10.8,29.6,65.2,1.6,OFF-05_METER,正常
TEACH-01,教学楼,2026-07-08 06:00,16.27,2.0,1.42,7.0,10.5,28.0,78.1,1.9,TEACH-01_METER,正常
TEACH-02,教学楼,2026-07-08 06:00,28.84,2.92,2.14,6.7,11.6,29.1,71.6,0.9,TEACH-02_METER,正常
TEACH-03,教学楼,2026-07-08 06:00,22.14,1.82,2.31,6.9,11.4,29.1,78.7,1.6,TEACH-03_METER,正常
LIB-01,公共机构,2026-07-08 06:00,22.46,1.81,2.21,6.5,11.2,30.0,74.9,3.8,LIB-01_METER,正常
GYM-01,公共机构,2026-07-08 06:00,40.42,1.88,0.48,7.4,12.4,26.8,74.2,1.4,GYM-01_METER,正常
OFF-01,办公楼,2026-07-08 07:00,30.65,1.12,2.09,7.2,11.5,30.0,66.6,2.6,OFF-01_METER,正常
OFF-02,办公楼,2026-07-08 07:00,24.78,1.01,0.92,7.1,11.1,27.7,72.0,1.1,OFF-02_METER,正常
OFF-03,办公楼,2026-07-08 07:00,14.58,1.1,0.04,7.0,13.5,26.1,66.1,4.5,OFF-03_METER,正常
OFF-04,办公楼,2026-07-08 07:00,29.01,0.93,2.16,6.5,10.9,29.8,74.9,3.4,OFF-04_METER,正常
OFF-05,办公楼,2026-07-08 07:00,22.28,1.56,1.12,7.3,11.8,28.1,69.2,3.7,OFF-05_METER,正常
TEACH-01,教学楼,2026-07-08 07:00,19.35,1.88,1.7,8.0,11.7,28.3,66.6,0.2,TEACH-01_METER,正常
TEACH-02,教学楼,2026-07-08 07:00,8.29,2.47,1.78,7.3,11.7,28.6,78.8,1.5,TEACH-02_METER,正常
TEACH-03,教学楼,2026-07-08 07:00,10.77,2.41,0.0,6.3,10.0,26.0,72.9,1.0,TEACH-03_METER,正常
LIB-01,公共机构,2026-07-08 07:00,41.84,2.08,0.44,7.0,12.4,26.8,67.1,2.4,LIB-01_METER,正常
GYM-01,公共机构,2026-07-08 07:00,32.99,1.72,1.0,6.7,12.4,27.9,83.7,4.4,GYM-01_METER,正常
OFF-01,办公楼,2026-07-08 08:00,85.78,2.91,2.66,6.8,12.9,30.9,79.4,22.4,OFF-01_METER,正常
OFF-02,办公楼,2026-07-08 08:00,91.89,3.11,2.47,7.2,11.9,30.7,70.6,21.3,OFF-02_METER,正常
OFF-03,办公楼,2026-07-08 08:00,67.45,2.99,0.5,5.6,10.0,26.9,74.8,15.8,OFF-03_METER,正常
OFF-04,办公楼,2026-07-08 08:00,90.74,2.81,1.73,5.0,10.0,29.2,73.5,18.5,OFF-04_METER,正常
OFF-05,办公楼,2026-07-08 08:00,90.06,2.98,1.68,5.5,10.2,29.0,73.1,20.0,OFF-05_METER,正常
TEACH-01,教学楼,2026-07-08 08:00,144.94,6.11,0.86,7.0,11.3,27.3,65.6,32.7,TEACH-01_METER,正常
TEACH-02,教学楼,2026-07-08 08:00,88.83,5.83,3.73,6.6,11.1,31.4,81.9,34.1,TEACH-02_METER,正常
TEACH-03,教学楼,2026-07-08 08:00,103.35,5.86,2.5,8.2,12.3,29.5,77.1,36.6,TEACH-03_METER,正常
LIB-01,公共机构,2026-07-08 08:00,20.77,5.24,1.15,6.5,11.1,28.1,74.1,18.0,LIB-01_METER,正常
GYM-01,公共机构,2026-07-08 08:00,35.8,4.74,0.64,8.3,13.4,27.1,68.1,16.8,GYM-01_METER,正常
OFF-01,办公楼,2026-07-08 09:00,87.33,2.72,4.45,7.4,11.1,32.1,73.9,19.5,OFF-01_METER,正常
OFF-02,办公楼,2026-07-08 09:00,85.87,3.13,3.77,7.2,12.0,31.4,72.0,18.0,OFF-02_METER,正常
OFF-03,办公楼,2026-07-08 09:00,93.05,2.78,3.29,7.3,10.0,30.8,71.0,22.5,OFF-03_METER,正常
OFF-04,办公楼,2026-07-08 09:00,77.95,2.99,2.74,8.1,13.1,30.0,78.4,23.8,OFF-04_METER,正常
OFF-05,办公楼,2026-07-08 09:00,76.27,2.8,3.81,6.6,11.4,31.4,72.3,18.9,OFF-05_METER,正常
TEACH-01,教学楼,2026-07-08 09:00,119.64,5.98,3.75,6.9,12.5,30.2,73.7,34.8,TEACH-01_METER,正常
TEACH-02,教学楼,2026-07-08 09:00,131.44,5.53,2.11,6.5,10.6,28.2,73.3,34.5,TEACH-02_METER,正常
TEACH-03,教学楼,2026-07-08 09:00,106.82,5.54,5.04,6.9,11.7,31.2,69.6,34.6,TEACH-03_METER,正常
LIB-01,公共机构,2026-07-08 09:00,73.92,4.56,3.69,7.6,12.6,31.3,71.2,13.3,LIB-01_METER,正常
GYM-01,公共机构,2026-07-08 09:00,100.51,4.74,4.04,7.9,11.5,31.9,81.9,13.6,GYM-01_METER,正常
OFF-01,办公楼,2026-07-08 10:00,89.06,2.87,2.52,6.3,10.7,29.7,78.4,19.4,OFF-01_METER,正常
OFF-02,办公楼,2026-07-08 10:00,101.69,3.14,4.06,6.3,11.7,32.0,77.6,21.0,OFF-02_METER,正常
OFF-03,办公楼,2026-07-08 10:00,73.38,2.78,3.95,7.3,11.4,31.4,65.7,24.6,OFF-03_METER,正常
OFF-04,办公楼,2026-07-08 10:00,85.72,2.72,1.78,7.2,13.5,28.5,68.4,21.1,OFF-04_METER,正常
OFF-05,办公楼,2026-07-08 10:00,71.1,2.97,4.61,7.1,11.6,32.6,75.3,20.5,OFF-05_METER,正常
TEACH-01,教学楼,2026-07-08 10:00,87.21,6.24,3.69,7.4,11.1,30.1,73.6,36.0,TEACH-01_METER,正常
TEACH-02,教学楼,2026-07-08 10:00,109.89,5.49,6.52,7.0,12.7,32.8,77.1,35.4,TEACH-02_METER,正常
TEACH-03,教学楼,2026-07-08 10:00,127.29,5.62,5.48,7.1,10.8,31.7,79.5,34.0,TEACH-03_METER,正常
LIB-01,公共机构,2026-07-08 10:00,48.61,4.68,1.27,6.3,12.0,27.9,67.4,14.0,LIB-01_METER,正常
GYM-01,公共机构,2026-07-08 10:00,62.76,4.74,3.46,6.2,11.4,31.0,73.6,13.2,GYM-01_METER,正常
OFF-01,办公楼,2026-07-08 11:00,89.67,3.07,5.83,6.0,10.0,34.3,70.3,23.3,OFF-01_METER,正常
OFF-02,办公楼,2026-07-08 11:00,71.8,2.7,3.3,7.3,12.4,30.7,71.1,16.1,OFF-02_METER,正常
OFF-03,办公楼,2026-07-08 11:00,99.24,2.73,3.91,7.9,12.2,31.5,73.0,22.0,OFF-03_METER,正常
OFF-04,办公楼,2026-07-08 11:00,102.27,2.79,4.56,6.4,10.0,32.6,72.6,23.4,OFF-04_METER,正常
OFF-05,办公楼,2026-07-08 11:00,84.67,3.13,2.76,8.0,12.3,30.0,69.5,15.6,OFF-05_METER,正常
TEACH-01,教学楼,2026-07-08 11:00,117.05,6.4,5.39,7.8,13.7,31.5,75.0,27.7,TEACH-01_METER,正常
TEACH-02,教学楼,2026-07-08 11:00,99.77,5.52,6.36,7.2,12.3,32.7,76.6,26.3,TEACH-02_METER,正常
TEACH-03,教学楼,2026-07-08 11:00,130.34,5.7,6.1,7.3,12.2,32.3,82.4,35.5,TEACH-03_METER,正常
LIB-01,公共机构,2026-07-08 11:00,72.65,4.57,5.73,7.1,12.0,34.0,75.3,15.6,LIB-01_METER,正常
GYM-01,公共机构,2026-07-08 11:00,92.57,4.59,4.09,7.3,12.2,31.6,70.1,14.0,GYM-01_METER,正常
OFF-01,办公楼,2026-07-08 12:00,92.81,3.04,4.65,7.5,10.8,32.4,83.7,17.2,OFF-01_METER,正常
OFF-02,办公楼,2026-07-08 12:00,99.8,3.12,4.24,6.9,12.4,32.3,82.0,20.8,OFF-02_METER,正常
OFF-03,办公楼,2026-07-08 12:00,96.05,2.93,6.41,8.3,12.1,35.1,82.4,20.2,OFF-03_METER,正常
OFF-04,办公楼,2026-07-08 12:00,62.22,2.96,5.05,7.8,11.8,33.3,75.3,18.4,OFF-04_METER,正常
OFF-05,办公楼,2026-07-08 12:00,99.16,2.78,4.54,6.5,11.5,32.2,78.8,19.2,OFF-05_METER,正常
TEACH-01,教学楼,2026-07-08 12:00,105.68,5.79,6.34,6.7,11.9,32.7,77.7,34.7,TEACH-01_METER,正常
TEACH-02,教学楼,2026-07-08 12:00,100.27,5.78,6.05,8.7,13.3,32.1,77.5,26.9,TEACH-02_METER,正常
TEACH-03,教学楼,2026-07-08 12:00,142.93,5.59,5.19,6.8,11.5,31.3,82.5,35.4,TEACH-03_METER,正常
LIB-01,公共机构,2026-07-08 12:00,70.07,4.55,3.98,6.6,11.2,31.5,72.3,19.2,LIB-01_METER,正常
GYM-01,公共机构,2026-07-08 12:00,66.86,4.67,4.87,6.9,11.2,33.3,80.5,11.1,GYM-01_METER,正常
OFF-01,办公楼,2026-07-08 13:00,66.73,2.77,2.55,5.8,10.0,29.7,76.8,21.4,OFF-01_METER,正常
OFF-02,办公楼,2026-07-08 13:00,91.6,2.97,4.04,6.4,10.9,32.1,79.7,18.5,OFF-02_METER,正常
OFF-03,办公楼,2026-07-08 13:00,76.52,2.99,6.54,6.8,10.6,35.1,80.5,24.0,OFF-03_METER,正常
OFF-04,办公楼,2026-07-08 13:00,100.14,3.22,4.41,5.6,10.0,32.1,68.7,21.7,OFF-04_METER,正常
OFF-05,办公楼,2026-07-08 13:00,73.19,2.92,5.22,6.8,10.7,33.6,75.9,21.3,OFF-05_METER,正常
TEACH-01,教学楼,2026-07-08 13:00,125.25,5.52,5.63,6.5,12.1,32.0,78.2,31.9,TEACH-01_METER,正常
TEACH-02,教学楼,2026-07-08 13:00,91.89,5.83,4.44,6.5,10.6,30.8,76.4,37.6,TEACH-02_METER,正常
TEACH-03,教学楼,2026-07-08 13:00,143.54,5.78,5.38,7.2,12.3,31.7,73.2,38.0,TEACH-03_METER,正常
LIB-01,公共机构,2026-07-08 13:00,69.78,5.06,4.9,7.4,11.2,32.9,75.9,17.1,LIB-01_METER,正常
GYM-01,公共机构,2026-07-08 13:00,100.96,4.65,4.97,6.8,13.3,33.1,71.7,11.8,GYM-01_METER,正常
OFF-01,办公楼,2026-07-08 14:00,97.96,2.71,4.65,6.2,10.0,32.3,84.2,18.8,OFF-01_METER,正常
OFF-02,办公楼,2026-07-08 14:00,77.55,2.89,5.14,6.7,10.3,33.6,81.5,20.6,OFF-02_METER,正常
OFF-03,办公楼,2026-07-08 14:00,74.5,2.85,6.36,7.1,11.4,35.3,79.4,24.9,OFF-03_METER,正常
OFF-04,办公楼,2026-07-08 14:00,74.73,3.39,6.2,6.3,10.2,34.8,74.6,17.4,OFF-04_METER,正常
OFF-05,办公楼,2026-07-08 14:00,103.88,2.84,5.2,7.1,10.8,33.8,79.0,21.4,OFF-05_METER,正常
TEACH-01,教学楼,2026-07-08 14:00,140.36,5.46,5.65,7.1,12.0,32.2,82.1,38.0,TEACH-01_METER,正常
TEACH-02,教学楼,2026-07-08 14:00,127.0,5.43,3.83,5.2,10.0,30.2,69.8,25.2,TEACH-02_METER,正常
TEACH-03,教学楼,2026-07-08 14:00,113.54,5.99,6.15,6.8,10.1,32.7,78.5,35.8,TEACH-03_METER,正常
LIB-01,公共机构,2026-07-08 14:00,83.74,4.91,6.2,5.0,10.0,35.2,74.1,18.3,LIB-01_METER,正常
GYM-01,公共机构,2026-07-08 14:00,65.39,5.5,3.62,7.2,12.3,31.1,77.3,12.0,GYM-01_METER,正常
OFF-01,办公楼,2026-07-08 15:00,70.89,3.3,4.83,7.5,13.5,32.6,71.2,24.9,OFF-01_METER,正常
OFF-02,办公楼,2026-07-08 15:00,102.48,2.76,6.86,6.4,11.3,35.4,75.2,24.4,OFF-02_METER,正常
OFF-03,办公楼,2026-07-08 15:00,90.88,2.73,6.83,5.8,10.0,36.0,79.8,18.9,OFF-03_METER,正常
OFF-04,办公楼,2026-07-08 15:00,102.1,3.21,5.25,6.9,12.0,33.8,75.9,20.3,OFF-04_METER,正常
OFF-05,办公楼,2026-07-08 15:00,63.01,3.22,4.8,5.8,10.1,33.0,72.3,16.4,OFF-05_METER,正常
TEACH-01,教学楼,2026-07-08 15:00,135.22,6.88,7.88,6.0,10.9,34.2,78.5,32.3,TEACH-01_METER,正常
TEACH-02,教学楼,2026-07-08 15:00,139.84,5.51,6.32,7.5,12.4,33.1,78.5,28.5,TEACH-02_METER,正常
TEACH-03,教学楼,2026-07-08 15:00,141.26,5.47,6.54,7.3,11.9,33.3,70.8,29.1,TEACH-03_METER,正常
LIB-01,公共机构,2026-07-08 15:00,91.7,4.53,5.11,7.0,11.5,33.3,74.1,12.2,LIB-01_METER,正常
GYM-01,公共机构,2026-07-08 15:00,70.78,4.87,2.91,7.0,12.0,30.3,74.1,17.1,GYM-01_METER,正常
OFF-01,办公楼,2026-07-08 16:00,97.5,2.89,6.86,7.5,11.5,35.6,82.5,17.8,OFF-01_METER,正常
OFF-02,办公楼,2026-07-08 16:00,75.11,3.11,6.57,7.3,12.6,35.1,72.1,22.0,OFF-02_METER,正常
OFF-03,办公楼,2026-07-08 16:00,73.47,2.98,3.44,6.4,10.0,31.2,78.9,20.6,OFF-03_METER,异常
OFF-04,办公楼,2026-07-08 16:00,106.67,3.04,5.15,7.8,13.2,33.6,71.6,22.3,OFF-04_METER,正常
OFF-05,办公楼,2026-07-08 16:00,99.07,3.09,3.64,8.2,13.1,31.3,72.4,18.4,OFF-05_METER,正常
TEACH-01,教学楼,2026-07-08 16:00,148.75,5.43,6.04,5.2,10.0,32.3,76.4,26.5,TEACH-01_METER,正常
TEACH-02,教学楼,2026-07-08 16:00,118.7,5.74,7.7,8.2,13.0,34.5,82.3,28.1,TEACH-02_METER,正常
TEACH-03,教学楼,2026-07-08 16:00,122.29,5.42,6.53,5.3,10.0,33.0,75.9,31.4,TEACH-03_METER,正常
LIB-01,公共机构,2026-07-08 16:00,95.1,5.14,5.79,6.4,11.1,34.5,88.0,15.1,LIB-01_METER,正常
GYM-01,公共机构,2026-07-08 16:00,70.04,4.58,4.61,7.8,11.8,32.7,79.6,16.1,GYM-01_METER,正常
OFF-01,办公楼,2026-07-08 17:00,106.84,3.01,6.24,7.1,11.5,35.1,80.8,17.7,OFF-01_METER,正常
OFF-02,办公楼,2026-07-08 17:00,94.51,3.8,4.76,7.8,13.5,33.1,74.0,24.9,OFF-02_METER,正常
OFF-03,办公楼,2026-07-08 17:00,73.09,2.9,3.53,7.0,10.9,30.8,73.1,22.6,OFF-03_METER,正常
OFF-04,办公楼,2026-07-08 17:00,104.44,2.91,5.64,5.3,10.4,33.6,76.3,15.4,OFF-04_METER,正常
OFF-05,办公楼,2026-07-08 17:00,75.84,2.73,6.45,7.7,12.8,35.0,77.4,24.9,OFF-05_METER,正常
TEACH-01,教学楼,2026-07-08 17:00,149.0,5.52,6.55,6.6,10.5,33.3,82.1,39.7,TEACH-01_METER,正常
TEACH-02,教学楼,2026-07-08 17:00,134.47,5.68,7.8,6.7,10.0,34.2,74.4,32.7,TEACH-02_METER,正常
TEACH-03,教学楼,2026-07-08 17:00,123.55,5.56,6.87,8.7,12.7,33.4,76.0,27.5,TEACH-03_METER,正常
LIB-01,公共机构,2026-07-08 17:00,85.69,4.51,6.33,7.4,12.2,34.6,74.9,13.0,LIB-01_METER,正常
GYM-01,公共机构,2026-07-08 17:00,109.24,4.63,6.04,6.6,11.6,34.3,70.1,11.7,GYM-01_METER,正常
OFF-01,办公楼,2026-07-08 18:00,90.53,2.73,1.95,7.0,12.3,29.7,68.1,24.3,OFF-01_METER,正常
OFF-02,办公楼,2026-07-08 18:00,65.42,2.77,2.33,6.5,10.3,30.4,65.3,22.3,OFF-02_METER,正常
OFF-03,办公楼,2026-07-08 18:00,79.74,3.0,1.61,7.0,11.6,29.1,80.5,17.9,OFF-03_METER,正常
OFF-04,办公楼,2026-07-08 18:00,75.98,3.41,3.45,6.8,10.8,32.3,75.7,16.6,OFF-04_METER,正常
OFF-05,办公楼,2026-07-08 18:00,75.79,3.0,3.62,7.0,12.0,32.7,76.5,22.6,OFF-05_METER,正常
TEACH-01,教学楼,2026-07-08 18:00,118.49,5.9,4.41,6.5,10.9,31.9,76.3,25.1,TEACH-01_METER,正常
TEACH-02,教学楼,2026-07-08 18:00,101.54,5.74,6.48,6.8,11.6,35.3,73.8,37.9,TEACH-02_METER,正常
TEACH-03,教学楼,2026-07-08 18:00,108.98,5.47,5.81,6.2,10.2,33.8,72.4,37.1,TEACH-03_METER,正常
LIB-01,公共机构,2026-07-08 18:00,91.96,4.62,4.19,7.0,12.6,33.7,76.0,15.0,LIB-01_METER,正常
GYM-01,公共机构,2026-07-08 18:00,109.73,4.52,5.3,6.5,12.6,35.5,77.4,10.2,GYM-01_METER,正常
OFF-01,办公楼,2026-07-08 19:00,30.05,1.0,2.74,6.5,11.8,31.2,65.9,3.6,OFF-01_METER,正常
OFF-02,办公楼,2026-07-08 19:00,26.56,1.31,5.11,6.5,11.2,35.6,81.4,3.2,OFF-02_METER,正常
OFF-03,办公楼,2026-07-08 19:00,26.29,0.94,4.16,7.2,11.3,33.7,84.3,3.3,OFF-03_METER,异常
OFF-04,办公楼,2026-07-08 19:00,22.66,1.35,4.05,6.4,10.3,33.6,70.5,4.1,OFF-04_METER,正常
OFF-05,办公楼,2026-07-08 19:00,31.87,1.59,4.37,7.1,12.2,34.5,73.2,4.1,OFF-05_METER,正常
TEACH-01,教学楼,2026-07-08 19:00,20.81,1.91,7.38,8.9,13.9,36.0,75.4,0.4,TEACH-01_METER,正常
TEACH-02,教学楼,2026-07-08 19:00,11.85,2.28,4.52,6.7,10.8,32.4,77.6,1.3,TEACH-02_METER,正常
TEACH-03,教学楼,2026-07-08 19:00,28.29,2.27,4.97,7.7,11.1,32.7,69.5,1.6,TEACH-03_METER,正常
LIB-01,公共机构,2026-07-08 19:00,79.7,1.99,5.07,8.2,12.3,35.4,80.0,2.6,LIB-01_METER,正常
GYM-01,公共机构,2026-07-08 19:00,70.06,1.79,5.14,8.9,13.2,35.4,80.3,4.1,GYM-01_METER,正常
OFF-01,办公楼,2026-07-08 20:00,29.74,1.05,3.66,5.5,10.0,32.6,78.8,2.7,OFF-01_METER,正常
OFF-02,办公楼,2026-07-08 20:00,36.24,1.02,4.38,7.3,11.1,34.0,82.5,3.0,OFF-02_METER,正常
OFF-03,办公楼,2026-07-08 20:00,20.46,0.91,3.33,7.0,12.2,32.4,76.4,0.8,OFF-03_METER,正常
OFF-04,办公楼,2026-07-08 20:00,29.44,1.31,3.71,7.4,12.2,33.1,74.9,4.3,OFF-04_METER,正常
OFF-05,办公楼,2026-07-08 20:00,18.63,1.25,4.32,7.2,11.5,34.3,70.9,1.4,OFF-05_METER,正常
TEACH-01,教学楼,2026-07-08 20:00,18.94,2.17,7.55,7.0,10.0,36.0,84.3,0.5,TEACH-01_METER,正常
TEACH-02,教学楼,2026-07-08 20:00,22.52,2.0,5.23,6.3,11.0,32.9,78.3,1.9,TEACH-02_METER,正常
TEACH-03,教学楼,2026-07-08 20:00,30.37,2.22,6.78,7.7,12.5,35.0,77.4,0.7,TEACH-03_METER,正常
LIB-01,公共机构,2026-07-08 20:00,84.46,2.5,4.09,6.2,10.0,33.6,82.9,0.6,LIB-01_METER,正常
GYM-01,公共机构,2026-07-08 20:00,59.57,1.96,4.07,7.1,11.6,33.8,85.2,2.6,GYM-01_METER,正常
OFF-01,办公楼,2026-07-08 21:00,24.9,1.31,3.09,7.5,10.6,31.9,79.1,4.0,OFF-01_METER,正常
OFF-02,办公楼,2026-07-08 21:00,26.31,0.9,4.15,7.1,11.9,33.4,80.0,2.2,OFF-02_METER,正常
OFF-03,办公楼,2026-07-08 21:00,29.84,0.94,3.17,7.9,11.4,31.7,74.3,2.4,OFF-03_METER,正常
OFF-04,办公楼,2026-07-08 21:00,32.37,1.43,3.48,7.3,10.9,32.7,80.2,4.0,OFF-04_METER,正常
OFF-05,办公楼,2026-07-08 21:00,29.67,1.06,3.36,6.8,11.7,32.5,73.2,0.6,OFF-05_METER,正常
TEACH-01,教学楼,2026-07-08 21:00,20.36,1.82,5.58,5.6,10.0,33.5,73.1,0.2,TEACH-01_METER,正常
TEACH-02,教学楼,2026-07-08 21:00,30.21,1.99,5.52,6.4,10.7,33.3,72.2,0.3,TEACH-02_METER,正常
TEACH-03,教学楼,2026-07-08 21:00,30.05,2.13,5.63,7.6,10.9,33.6,83.9,1.8,TEACH-03_METER,正常
LIB-01,公共机构,2026-07-08 21:00,85.62,2.46,3.91,7.1,10.7,33.0,70.5,3.8,LIB-01_METER,正常
GYM-01,公共机构,2026-07-08 21:00,63.09,1.52,4.05,7.1,10.9,33.2,72.8,3.4,GYM-01_METER,正常
OFF-01,办公楼,2026-07-08 22:00,22.58,1.23,4.62,6.8,12.4,34.9,82.8,1.8,OFF-01_METER,正常
OFF-02,办公楼,2026-07-08 22:00,38.62,0.98,4.98,7.6,11.5,35.2,70.3,1.9,OFF-02_METER,正常
OFF-03,办公楼,2026-07-08 22:00,19.53,1.11,4.01,6.4,10.7,33.2,75.6,4.3,OFF-03_METER,正常
OFF-04,办公楼,2026-07-08 22:00,19.91,1.0,4.15,6.3,10.1,33.5,85.3,2.1,OFF-04_METER,正常
OFF-05,办公楼,2026-07-08 22:00,23.88,1.22,4.67,7.2,12.2,34.4,81.3,2.4,OFF-05_METER,正常
TEACH-01,教学楼,2026-07-08 22:00,33.92,2.13,6.83,7.6,11.4,35.0,83.6,1.6,TEACH-01_METER,正常
TEACH-02,教学楼,2026-07-08 22:00,21.47,1.98,4.07,6.6,11.7,31.8,74.5,1.4,TEACH-02_METER,正常
TEACH-03,教学楼,2026-07-08 22:00,10.7,2.14,4.61,7.9,11.9,32.6,76.8,1.7,TEACH-03_METER,正常
LIB-01,公共机构,2026-07-08 22:00,37.42,1.96,4.25,6.7,11.7,34.0,72.7,4.0,LIB-01_METER,正常
GYM-01,公共机构,2026-07-08 22:00,33.68,2.36,4.73,5.4,11.7,35.2,82.2,2.6,GYM-01_METER,正常
OFF-01,办公楼,2026-07-08 23:00,17.3,1.03,3.35,7.2,13.3,32.2,75.8,0.6,OFF-01_METER,正常
OFF-02,办公楼,2026-07-08 23:00,25.4,1.07,3.58,8.8,13.1,32.4,68.3,2.1,OFF-02_METER,正常
OFF-03,办公楼,2026-07-08 23:00,24.49,1.45,3.3,6.8,11.3,32.4,75.9,0.7,OFF-03_METER,正常
OFF-04,办公楼,2026-07-08 23:00,31.19,1.3,3.99,6.3,10.8,33.5,72.1,4.2,OFF-04_METER,正常
OFF-05,办公楼,2026-07-08 23:00,21.04,0.9,5.01,8.5,12.9,35.1,81.0,4.5,OFF-05_METER,正常
TEACH-01,教学楼,2026-07-08 23:00,17.8,1.81,4.52,6.0,11.1,32.0,74.8,0.0,TEACH-01_METER,正常
TEACH-02,教学楼,2026-07-08 23:00,22.48,2.11,5.95,7.2,13.1,34.4,75.8,0.9,TEACH-02_METER,正常
TEACH-03,教学楼,2026-07-08 23:00,27.5,1.8,4.85,7.2,11.9,32.5,78.0,0.0,TEACH-03_METER,正常
LIB-01,公共机构,2026-07-08 23:00,29.42,1.59,4.74,5.6,10.0,34.6,78.9,3.4,LIB-01_METER,正常
GYM-01,公共机构,2026-07-08 23:00,41.56,2.06,2.36,6.5,12.3,30.6,71.8,2.4,GYM-01_METER,正常
OFF-01,办公楼,2026-07-09 00:00,33.52,0.92,0.0,7.7,11.5,25.0,70.5,4.4,OFF-01_METER,正常
OFF-02,办公楼,2026-07-09 00:00,28.54,1.12,0.0,6.7,10.0,25.0,56.6,4.7,OFF-02_METER,正常
OFF-03,办公楼,2026-07-09 00:00,23.17,2.02,0.24,7.1,13.0,26.4,72.1,3.1,OFF-03_METER,正常
OFF-04,办公楼,2026-07-09 00:00,28.96,0.91,0.0,7.7,11.2,25.0,72.2,0.7,OFF-04_METER,正常
OFF-05,办公楼,2026-07-09 00:00,18.5,0.92,0.0,6.9,10.8,25.4,58.7,3.0,OFF-05_METER,正常
TEACH-01,教学楼,2026-07-09 00:00,14.81,1.91,0.0,7.3,11.2,25.0,71.7,0.2,TEACH-01_METER,正常
TEACH-02,教学楼,2026-07-09 00:00,15.53,2.24,0.0,7.2,11.8,25.0,68.2,0.0,TEACH-02_METER,正常
TEACH-03,教学楼,2026-07-09 00:00,17.34,2.41,0.0,7.1,12.1,25.0,73.3,1.0,TEACH-03_METER,正常
LIB-01,公共机构,2026-07-09 00:00,34.11,1.66,0.0,7.1,11.0,25.0,70.1,2.6,LIB-01_METER,正常
GYM-01,公共机构,2026-07-09 00:00,33.04,1.79,0.0,7.2,12.4,25.0,56.8,1.9,GYM-01_METER,正常
OFF-01,办公楼,2026-07-09 01:00,30.97,1.55,0.0,7.3,12.0,25.5,74.6,4.4,OFF-01_METER,正常
OFF-02,办公楼,2026-07-09 01:00,25.86,1.2,0.0,7.2,12.1,25.0,67.7,1.3,OFF-02_METER,正常
OFF-03,办公楼,2026-07-09 01:00,32.21,1.27,0.17,7.4,12.4,26.3,70.8,3.0,OFF-03_METER,正常
OFF-04,办公楼,2026-07-09 01:00,34.43,1.37,0.0,6.7,10.7,25.3,62.5,1.3,OFF-04_METER,正常
OFF-05,办公楼,2026-07-09 01:00,26.37,1.27,0.0,6.3,11.5,25.0,63.8,1.3,OFF-05_METER,正常
TEACH-01,教学楼,2026-07-09 01:00,17.08,1.89,0.0,7.5,12.5,25.7,68.4,1.6,TEACH-01_METER,正常
TEACH-02,教学楼,2026-07-09 01:00,10.73,2.31,0.0,7.4,11.5,25.4,68.0,1.0,TEACH-02_METER,正常
TEACH-03,教学楼,2026-07-09 01:00,13.45,2.04,0.0,6.5,11.4,25.5,72.0,1.6,TEACH-03_METER,正常
LIB-01,公共机构,2026-07-09 01:00,25.62,1.61,0.0,5.9,10.0,25.0,60.6,4.8,LIB-01_METER,正常
GYM-01,公共机构,2026-07-09 01:00,29.44,1.75,0.0,7.2,11.3,25.9,68.0,4.0,GYM-01_METER,正常
OFF-01,办公楼,2026-07-09 02:00,22.62,1.76,0.63,6.9,11.1,27.2,67.1,1.0,OFF-01_METER,正常
OFF-02,办公楼,2026-07-09 02:00,18.59,1.68,0.0,7.6,11.2,25.0,65.9,1.8,OFF-02_METER,正常
OFF-03,办公楼,2026-07-09 02:00,27.41,1.17,0.0,6.9,11.9,25.3,68.7,1.7,OFF-03_METER,正常
OFF-04,办公楼,2026-07-09 02:00,31.49,1.06,0.0,6.5,10.5,25.8,63.9,1.5,OFF-04_METER,正常
OFF-05,办公楼,2026-07-09 02:00,20.47,1.2,0.0,7.0,10.1,25.7,66.0,2.3,OFF-05_METER,正常
TEACH-01,教学楼,2026-07-09 02:00,12.54,1.83,0.0,6.4,11.2,25.0,56.5,1.6,TEACH-01_METER,正常
TEACH-02,教学楼,2026-07-09 02:00,27.78,1.82,0.0,7.1,10.5,25.0,65.9,0.5,TEACH-02_METER,正常
TEACH-03,教学楼,2026-07-09 02:00,7.85,1.87,0.0,7.3,12.9,25.0,59.0,1.2,TEACH-03_METER,正常
LIB-01,公共机构,2026-07-09 02:00,30.91,1.7,0.0,5.9,10.8,25.0,72.4,2.1,LIB-01_METER,正常
GYM-01,公共机构,2026-07-09 02:00,30.52,1.63,0.0,6.2,10.7,25.0,60.8,3.6,GYM-01_METER,正常
OFF-01,办公楼,2026-07-09 03:00,21.17,1.19,0.0,6.0,10.5,25.4,70.2,2.4,OFF-01_METER,正常
OFF-02,办公楼,2026-07-09 03:00,18.21,1.44,0.0,5.7,10.0,25.0,64.0,2.2,OFF-02_METER,正常
OFF-03,办公楼,2026-07-09 03:00,20.24,1.04,0.0,5.0,10.0,25.0,65.5,0.6,OFF-03_METER,正常
OFF-04,办公楼,2026-07-09 03:00,12.33,1.17,0.0,7.3,12.0,25.0,62.4,4.8,OFF-04_METER,正常
OFF-05,办公楼,2026-07-09 03:00,17.89,1.13,0.0,7.4,11.6,25.9,62.8,0.9,OFF-05_METER,正常
TEACH-01,教学楼,2026-07-09 03:00,16.24,1.88,0.0,7.5,12.3,25.0,60.2,1.7,TEACH-01_METER,正常
TEACH-02,教学楼,2026-07-09 03:00,16.93,1.86,0.0,7.3,12.5,25.0,65.4,1.2,TEACH-02_METER,正常
TEACH-03,教学楼,2026-07-09 03:00,13.16,2.0,0.46,6.8,11.9,26.6,66.5,2.0,TEACH-03_METER,正常
LIB-01,公共机构,2026-07-09 03:00,33.23,1.57,0.0,7.1,10.4,25.0,61.2,2.4,LIB-01_METER,正常
GYM-01,公共机构,2026-07-09 03:00,24.11,1.56,0.0,8.6,14.3,25.0,65.9,4.0,GYM-01_METER,正常
OFF-01,办公楼,2026-07-09 04:00,22.9,1.25,0.0,8.4,13.7,25.7,66.6,2.4,OFF-01_METER,正常
OFF-02,办公楼,2026-07-09 04:00,26.62,1.12,0.64,6.9,11.9,27.2,68.3,0.5,OFF-02_METER,正常
OFF-03,办公楼,2026-07-09 04:00,17.85,1.3,0.0,7.9,11.7,25.0,70.8,2.3,OFF-03_METER,正常
OFF-04,办公楼,2026-07-09 04:00,25.49,1.09,0.44,7.4,12.7,26.8,61.0,3.1,OFF-04_METER,正常
OFF-05,办公楼,2026-07-09 04:00,18.87,1.06,0.0,7.3,11.9,25.0,62.4,3.8,OFF-05_METER,正常
TEACH-01,教学楼,2026-07-09 04:00,16.24,2.18,0.87,6.8,10.2,27.2,69.2,1.1,TEACH-01_METER,正常
TEACH-02,教学楼,2026-07-09 04:00,25.04,2.32,2.03,7.5,10.8,28.9,81.5,0.1,TEACH-02_METER,正常
TEACH-03,教学楼,2026-07-09 04:00,14.72,2.07,0.0,8.3,11.8,25.0,70.3,1.4,TEACH-03_METER,正常
LIB-01,公共机构,2026-07-09 04:00,33.67,2.83,0.0,6.3,10.0,25.1,63.5,1.7,LIB-01_METER,正常
GYM-01,公共机构,2026-07-09 04:00,34.18,1.72,0.0,7.6,11.6,25.7,68.2,1.8,GYM-01_METER,正常
OFF-01,办公楼,2026-07-09 05:00,18.97,2.47,2.74,8.0,12.5,31.4,71.5,3.9,OFF-01_METER,正常
OFF-02,办公楼,2026-07-09 05:00,17.2,2.08,0.0,8.0,13.1,25.0,62.9,1.9,OFF-02_METER,正常
OFF-03,办公楼,2026-07-09 05:00,20.91,0.99,0.64,7.5,12.1,27.2,76.2,2.4,OFF-03_METER,正常
OFF-04,办公楼,2026-07-09 05:00,18.0,1.06,0.31,7.7,11.7,26.6,61.9,3.5,OFF-04_METER,正常
OFF-05,办公楼,2026-07-09 05:00,22.84,1.09,0.89,6.2,10.6,27.7,63.9,4.6,OFF-05_METER,正常
TEACH-01,教学楼,2026-07-09 05:00,8.89,1.83,2.56,6.5,10.9,29.4,72.3,1.7,TEACH-01_METER,正常
TEACH-02,教学楼,2026-07-09 05:00,18.24,1.82,2.24,7.9,12.0,29.0,66.9,1.2,TEACH-02_METER,正常
TEACH-03,教学楼,2026-07-09 05:00,14.1,1.94,0.0,6.9,10.7,26.0,68.0,0.1,TEACH-03_METER,正常
LIB-01,公共机构,2026-07-09 05:00,27.93,1.76,1.5,7.3,10.7,28.9,61.6,2.1,LIB-01_METER,正常
GYM-01,公共机构,2026-07-09 05:00,27.61,1.56,0.1,6.9,10.3,26.2,63.4,0.5,GYM-01_METER,正常
OFF-01,办公楼,2026-07-09 06:00,26.38,0.93,0.54,7.3,12.2,27.1,67.0,1.7,OFF-01_METER,正常
OFF-02,办公楼,2026-07-09 06:00,27.0,1.15,1.42,6.3,10.6,28.5,72.2,3.9,OFF-02_METER,正常
OFF-03,办公楼,2026-07-09 06:00,22.13,1.03,1.36,5.7,10.0,28.5,68.4,2.1,OFF-03_METER,正常
OFF-04,办公楼,2026-07-09 06:00,27.49,1.64,1.71,7.9,11.9,29.1,73.8,3.5,OFF-04_METER,正常
OFF-05,办公楼,2026-07-09 06:00,22.57,1.03,1.1,7.5,12.7,28.1,63.2,2.1,OFF-05_METER,正常
TEACH-01,教学楼,2026-07-09 06:00,25.48,3.07,3.25,6.8,11.4,30.6,74.9,1.1,TEACH-01_METER,正常
TEACH-02,教学楼,2026-07-09 06:00,20.96,1.82,2.16,8.4,12.1,29.2,65.5,1.4,TEACH-02_METER,正常
TEACH-03,教学楼,2026-07-09 06:00,29.18,2.22,1.62,6.5,11.8,28.3,66.8,0.2,TEACH-03_METER,正常
LIB-01,公共机构,2026-07-09 06:00,18.57,1.63,0.81,5.3,10.3,27.6,65.5,2.0,LIB-01_METER,正常
GYM-01,公共机构,2026-07-09 06:00,35.44,1.98,0.0,6.6,10.8,25.9,67.6,4.0,GYM-01_METER,正常
OFF-01,办公楼,2026-07-09 07:00,20.93,1.02,0.09,7.1,12.2,26.2,67.3,1.9,OFF-01_METER,正常
OFF-02,办公楼,2026-07-09 07:00,26.5,1.22,1.92,8.4,13.9,29.8,77.0,1.8,OFF-02_METER,正常
OFF-03,办公楼,2026-07-09 07:00,18.02,0.93,1.01,6.8,11.1,27.8,66.2,2.9,OFF-03_METER,正常
OFF-04,办公楼,2026-07-09 07:00,19.07,1.32,1.7,7.1,11.1,29.1,64.2,3.5,OFF-04_METER,正常
OFF-05,办公楼,2026-07-09 07:00,21.17,1.18,2.14,6.1,10.2,30.0,72.2,1.1,OFF-05_METER,正常
TEACH-01,教学楼,2026-07-09 07:00,17.91,1.82,1.61,6.4,10.6,28.3,61.9,1.1,TEACH-01_METER,正常
TEACH-02,教学楼,2026-07-09 07:00,23.28,1.83,1.6,5.8,10.4,28.1,71.7,1.6,TEACH-02_METER,正常
TEACH-03,教学楼,2026-07-09 07:00,20.18,1.8,2.47,8.1,12.0,29.4,66.3,1.1,TEACH-03_METER,正常
LIB-01,公共机构,2026-07-09 07:00,21.25,1.5,1.54,7.3,11.5,28.9,74.3,4.1,LIB-01_METER,正常
GYM-01,公共机构,2026-07-09 07:00,26.43,1.8,1.15,7.8,12.3,28.2,59.7,1.8,GYM-01_METER,正常
OFF-01,办公楼,2026-07-09 08:00,74.69,2.82,2.39,7.3,11.6,30.3,70.9,15.1,OFF-01_METER,正常
OFF-02,办公楼,2026-07-09 08:00,93.79,2.71,2.21,6.3,10.6,29.9,69.1,23.0,OFF-02_METER,正常
OFF-03,办公楼,2026-07-09 08:00,74.91,2.89,2.02,7.1,10.5,29.8,71.7,17.0,OFF-03_METER,正常
OFF-04,办公楼,2026-07-09 08:00,63.21,3.52,2.11,6.4,10.0,30.1,74.0,22.1,OFF-04_METER,正常
OFF-05,办公楼,2026-07-09 08:00,96.22,3.06,2.32,7.4,13.3,30.2,70.2,21.9,OFF-05_METER,正常
TEACH-01,教学楼,2026-07-09 08:00,124.42,5.76,2.13,7.8,13.3,29.1,72.3,30.8,TEACH-01_METER,正常
TEACH-02,教学楼,2026-07-09 08:00,80.23,5.43,2.1,7.0,11.2,29.1,76.3,34.0,TEACH-02_METER,正常
TEACH-03,教学楼,2026-07-09 08:00,118.34,5.58,0.72,7.8,12.1,27.0,72.2,27.0,TEACH-03_METER,正常
LIB-01,公共机构,2026-07-09 08:00,37.6,4.97,2.51,7.0,10.5,30.6,74.6,13.0,LIB-01_METER,正常
GYM-01,公共机构,2026-07-09 08:00,22.34,5.25,2.61,7.8,12.1,30.9,81.3,15.6,GYM-01_METER,正常
OFF-01,办公楼,2026-07-09 09:00,89.65,3.42,4.96,6.3,10.8,32.8,77.6,18.6,OFF-01_METER,正常
OFF-02,办公楼,2026-07-09 09:00,89.81,2.96,3.31,7.1,10.8,30.9,70.3,20.2,OFF-02_METER,正常
OFF-03,办公楼,2026-07-09 09:00,102.01,2.89,2.65,6.6,12.2,29.7,69.5,15.0,OFF-03_METER,正常
OFF-04,办公楼,2026-07-09 09:00,76.88,2.79,3.97,6.1,10.0,31.5,73.0,16.9,OFF-04_METER,正常
OFF-05,办公楼,2026-07-09 09:00,66.24,2.96,3.08,6.7,11.4,30.4,80.9,23.8,OFF-05_METER,正常
TEACH-01,教学楼,2026-07-09 09:00,96.28,5.41,2.7,6.0,10.0,28.7,73.1,28.2,TEACH-01_METER,正常
TEACH-02,教学楼,2026-07-09 09:00,143.35,5.92,2.94,7.3,12.0,29.2,69.9,39.5,TEACH-02_METER,异常
TEACH-03,教学楼,2026-07-09 09:00,120.51,5.59,1.37,6.0,10.0,27.4,69.9,25.4,TEACH-03_METER,正常
LIB-01,公共机构,2026-07-09 09:00,85.38,4.62,4.03,6.6,11.5,31.8,78.5,12.6,LIB-01_METER,正常
GYM-01,公共机构,2026-07-09 09:00,53.27,4.55,3.5,7.0,11.4,31.1,76.4,18.2,GYM-01_METER,正常
OFF-01,办公楼,2026-07-09 10:00,101.07,2.84,3.81,7.0,12.0,31.2,69.6,16.8,OFF-01_METER,正常
OFF-02,办公楼,2026-07-09 10:00,64.31,2.92,2.96,7.2,11.5,30.0,71.8,21.9,OFF-02_METER,正常
OFF-03,办公楼,2026-07-09 10:00,102.54,3.21,3.85,7.7,12.9,31.4,68.6,24.2,OFF-03_METER,正常
OFF-04,办公楼,2026-07-09 10:00,99.61,2.71,4.37,6.7,11.1,32.1,71.1,19.7,OFF-04_METER,正常
OFF-05,办公楼,2026-07-09 10:00,67.19,3.0,2.38,5.7,10.1,29.6,71.4,23.9,OFF-05_METER,正常
TEACH-01,教学楼,2026-07-09 10:00,125.5,5.91,4.16,6.4,10.1,30.3,75.9,38.7,TEACH-01_METER,正常
TEACH-02,教学楼,2026-07-09 10:00,139.41,5.52,3.63,6.2,10.9,29.8,67.2,29.7,TEACH-02_METER,正常
TEACH-03,教学楼,2026-07-09 10:00,141.05,5.69,2.89,5.0,10.0,28.9,67.4,28.2,TEACH-03_METER,正常
LIB-01,公共机构,2026-07-09 10:00,108.57,4.73,2.92,7.2,11.5,30.1,85.0,15.4,LIB-01_METER,正常
GYM-01,公共机构,2026-07-09 10:00,55.19,5.11,4.49,6.0,10.6,32.2,73.2,13.4,GYM-01_METER,正常
OFF-01,办公楼,2026-07-09 11:00,88.83,2.78,5.74,7.8,12.1,34.4,67.5,17.4,OFF-01_METER,正常
OFF-02,办公楼,2026-07-09 11:00,82.5,2.8,5.11,8.8,12.7,33.0,77.1,24.7,OFF-02_METER,正常
OFF-03,办公楼,2026-07-09 11:00,91.84,2.93,3.15,7.2,12.6,30.7,72.8,23.8,OFF-03_METER,正常
OFF-04,办公楼,2026-07-09 11:00,95.42,2.77,4.82,7.0,12.1,32.7,71.6,25.0,OFF-04_METER,正常
OFF-05,办公楼,2026-07-09 11:00,90.22,3.17,2.39,7.4,11.3,29.5,67.2,23.8,OFF-05_METER,正常
TEACH-01,教学楼,2026-07-09 11:00,145.31,6.25,2.87,7.2,11.5,29.1,71.0,29.7,TEACH-01_METER,正常
TEACH-02,教学楼,2026-07-09 11:00,110.69,6.21,5.68,6.7,10.8,31.8,73.7,34.6,TEACH-02_METER,正常
TEACH-03,教学楼,2026-07-09 11:00,141.9,5.6,6.56,5.5,10.6,32.9,82.2,36.8,TEACH-03_METER,正常
LIB-01,公共机构,2026-07-09 11:00,97.44,4.7,4.57,7.3,11.5,32.8,74.7,12.4,LIB-01_METER,正常
GYM-01,公共机构,2026-07-09 11:00,60.35,4.72,4.25,7.2,11.7,32.1,69.1,12.8,GYM-01_METER,正常
OFF-01,办公楼,2026-07-09 12:00,68.78,2.92,3.75,5.0,10.0,31.5,80.2,16.1,OFF-01_METER,正常
OFF-02,办公楼,2026-07-09 12:00,93.54,3.18,3.61,8.7,13.9,31.2,78.8,15.5,OFF-02_METER,正常
OFF-03,办公楼,2026-07-09 12:00,97.32,2.96,3.73,6.2,11.6,31.0,79.2,23.3,OFF-03_METER,正常
OFF-04,办公楼,2026-07-09 12:00,97.53,2.89,4.85,7.7,12.3,33.3,68.2,24.3,OFF-04_METER,正常
OFF-05,办公楼,2026-07-09 12:00,100.55,3.1,4.42,6.5,11.3,32.4,84.6,18.9,OFF-05_METER,正常
TEACH-01,教学楼,2026-07-09 12:00,95.64,5.55,8.29,7.3,12.3,34.8,74.7,39.6,TEACH-01_METER,正常
TEACH-02,教学楼,2026-07-09 12:00,123.86,5.56,5.25,6.1,11.0,31.3,70.7,37.3,TEACH-02_METER,正常
TEACH-03,教学楼,2026-07-09 12:00,130.94,5.42,8.47,7.3,11.6,35.2,78.5,29.1,TEACH-03_METER,正常
LIB-01,公共机构,2026-07-09 12:00,62.8,4.81,4.04,5.8,10.1,31.6,71.7,13.9,LIB-01_METER,正常
GYM-01,公共机构,2026-07-09 12:00,97.92,5.03,3.43,8.4,12.6,31.0,74.3,11.7,GYM-01_METER,正常
OFF-01,办公楼,2026-07-09 13:00,86.86,3.03,4.83,6.1,10.5,33.2,73.4,18.5,OFF-01_METER,正常
OFF-02,办公楼,2026-07-09 13:00,67.06,5.46,3.77,6.0,10.3,31.5,78.1,20.1,OFF-02_METER,正常
OFF-03,办公楼,2026-07-09 13:00,82.23,2.78,3.38,8.2,11.5,30.8,66.3,19.2,OFF-03_METER,正常
OFF-04,办公楼,2026-07-09 13:00,103.87,4.0,3.36,6.3,10.6,30.7,67.4,20.6,OFF-04_METER,正常
OFF-05,办公楼,2026-07-09 13:00,76.29,2.77,6.08,7.0,11.1,34.3,78.3,20.0,OFF-05_METER,正常
TEACH-01,教学楼,2026-07-09 13:00,110.45,5.71,6.72,7.9,14.0,33.4,73.9,32.9,TEACH-01_METER,正常
TEACH-02,教学楼,2026-07-09 13:00,95.11,5.61,4.41,5.5,10.0,30.9,79.7,33.1,TEACH-02_METER,正常
TEACH-03,教学楼,2026-07-09 13:00,132.19,6.04,4.92,7.1,10.5,31.5,73.5,33.4,TEACH-03_METER,正常
LIB-01,公共机构,2026-07-09 13:00,88.86,4.6,4.43,5.8,10.9,32.5,66.5,16.1,LIB-01_METER,正常
GYM-01,公共机构,2026-07-09 13:00,97.38,5.49,4.46,7.5,11.9,32.3,74.4,14.9,GYM-01_METER,正常
OFF-01,办公楼,2026-07-09 14:00,103.41,3.1,5.26,6.8,11.4,33.8,79.0,23.6,OFF-01_METER,正常
OFF-02,办公楼,2026-07-09 14:00,87.84,2.77,4.35,6.2,12.1,32.3,76.1,18.5,OFF-02_METER,正常
OFF-03,办公楼,2026-07-09 14:00,93.86,3.02,5.23,7.9,12.6,33.1,71.6,22.4,OFF-03_METER,正常
OFF-04,办公楼,2026-07-09 14:00,97.42,3.48,5.09,6.9,10.4,33.3,74.1,19.6,OFF-04_METER,正常
OFF-05,办公楼,2026-07-09 14:00,98.62,3.02,3.96,6.9,12.3,31.5,74.0,17.5,OFF-05_METER,正常
TEACH-01,教学楼,2026-07-09 14:00,118.05,5.65,7.8,7.5,12.4,34.5,80.0,30.2,TEACH-01_METER,正常
TEACH-02,教学楼,2026-07-09 14:00,135.53,6.23,9.04,7.4,10.9,35.4,87.9,27.8,TEACH-02_METER,正常
TEACH-03,教学楼,2026-07-09 14:00,109.02,5.55,7.93,7.3,12.0,34.8,76.8,27.8,TEACH-03_METER,正常
LIB-01,公共机构,2026-07-09 14:00,57.98,4.52,4.89,6.1,10.0,32.8,72.5,16.6,LIB-01_METER,正常
GYM-01,公共机构,2026-07-09 14:00,56.98,5.43,4.72,8.5,13.3,33.1,74.2,19.9,GYM-01_METER,正常
OFF-01,办公楼,2026-07-09 15:00,103.53,2.95,6.53,7.0,10.6,35.5,75.9,23.8,OFF-01_METER,正常
OFF-02,办公楼,2026-07-09 15:00,92.58,3.32,5.22,7.6,12.6,33.3,83.4,20.9,OFF-02_METER,正常
OFF-03,办公楼,2026-07-09 15:00,68.81,3.84,3.5,5.7,10.0,31.2,66.3,20.7,OFF-03_METER,正常
OFF-04,办公楼,2026-07-09 15:00,89.25,2.92,4.59,7.0,12.3,32.5,73.0,21.7,OFF-04_METER,正常
OFF-05,办公楼,2026-07-09 15:00,66.67,3.09,6.06,7.3,11.3,34.6,82.9,20.0,OFF-05_METER,正常
TEACH-01,教学楼,2026-07-09 15:00,136.68,5.41,8.87,5.8,10.9,35.1,74.6,39.5,TEACH-01_METER,正常
TEACH-02,教学楼,2026-07-09 15:00,98.57,6.13,5.65,9.1,13.2,31.8,79.9,30.2,TEACH-02_METER,正常
TEACH-03,教学楼,2026-07-09 15:00,105.67,6.7,5.29,7.1,12.4,31.8,78.1,26.4,TEACH-03_METER,正常
LIB-01,公共机构,2026-07-09 15:00,104.74,4.51,5.69,7.3,11.7,34.2,75.1,15.0,LIB-01_METER,正常
GYM-01,公共机构,2026-07-09 15:00,110.67,5.38,6.77,6.3,11.2,36.0,79.2,13.2,GYM-01_METER,正常
OFF-01,办公楼,2026-07-09 16:00,72.19,2.73,6.38,7.1,10.8,35.1,82.9,21.6,OFF-01_METER,正常
OFF-02,办公楼,2026-07-09 16:00,69.67,3.42,6.38,7.2,12.2,35.0,83.8,15.4,OFF-02_METER,正常
OFF-03,办公楼,2026-07-09 16:00,78.92,2.95,5.16,5.5,10.0,33.1,64.3,23.1,OFF-03_METER,正常
OFF-04,办公楼,2026-07-09 16:00,83.29,2.81,5.01,8.5,13.6,33.2,79.9,16.2,OFF-04_METER,正常
OFF-05,办公楼,2026-07-09 16:00,103.45,3.84,5.89,8.1,12.0,34.1,82.0,23.3,OFF-05_METER,正常
TEACH-01,教学楼,2026-07-09 16:00,147.58,5.52,8.33,6.0,10.8,35.1,86.5,36.7,TEACH-01_METER,正常
TEACH-02,教学楼,2026-07-09 16:00,94.1,5.67,9.03,7.6,12.0,35.6,81.4,32.6,TEACH-02_METER,正常
TEACH-03,教学楼,2026-07-09 16:00,113.54,5.6,6.22,8.1,12.6,32.4,77.1,28.5,TEACH-03_METER,正常
LIB-01,公共机构,2026-07-09 16:00,68.5,4.74,4.4,7.6,12.2,32.2,76.9,18.0,LIB-01_METER,正常
GYM-01,公共机构,2026-07-09 16:00,66.35,4.56,6.93,7.1,10.2,36.0,87.0,10.4,GYM-01_METER,正常
OFF-01,办公楼,2026-07-09 17:00,71.16,2.82,3.47,6.6,12.0,30.8,74.8,22.6,OFF-01_METER,正常
OFF-02,办公楼,2026-07-09 17:00,82.72,2.83,5.91,6.5,10.7,34.1,74.9,16.0,OFF-02_METER,正常
OFF-03,办公楼,2026-07-09 17:00,88.98,2.95,6.22,6.6,12.3,34.7,77.3,20.8,OFF-03_METER,正常
OFF-04,办公楼,2026-07-09 17:00,97.09,2.95,6.35,6.3,10.5,35.1,86.0,19.9,OFF-04_METER,正常
OFF-05,办公楼,2026-07-09 17:00,60.7,3.18,5.98,6.3,11.7,34.1,69.9,20.2,OFF-05_METER,正常
TEACH-01,教学楼,2026-07-09 17:00,122.49,5.49,6.78,7.1,11.4,33.2,71.6,31.5,TEACH-01_METER,正常
TEACH-02,教学楼,2026-07-09 17:00,124.33,5.42,9.31,8.1,13.4,36.0,79.7,36.3,TEACH-02_METER,正常
TEACH-03,教学楼,2026-07-09 17:00,117.54,6.09,6.76,6.1,11.3,32.9,70.1,34.3,TEACH-03_METER,正常
LIB-01,公共机构,2026-07-09 17:00,108.21,4.86,6.78,7.6,11.8,35.9,87.3,17.9,LIB-01_METER,正常
GYM-01,公共机构,2026-07-09 17:00,80.73,4.97,6.03,6.8,11.5,34.8,74.7,12.4,GYM-01_METER,正常
OFF-01,办公楼,2026-07-09 18:00,81.95,2.9,3.46,8.3,13.9,32.1,73.7,24.0,OFF-01_METER,正常
OFF-02,办公楼,2026-07-09 18:00,84.72,3.43,3.96,7.2,10.6,33.0,81.4,16.1,OFF-02_METER,正常
OFF-03,办公楼,2026-07-09 18:00,88.23,2.89,4.44,5.4,10.1,34.4,76.6,20.9,OFF-03_METER,正常
OFF-04,办公楼,2026-07-09 18:00,102.68,2.76,5.28,7.6,12.2,35.7,87.3,15.8,OFF-04_METER,正常
OFF-05,办公楼,2026-07-09 18:00,83.72,2.87,5.32,5.0,10.0,35.9,83.4,21.1,OFF-05_METER,正常
TEACH-01,教学楼,2026-07-09 18:00,114.72,6.21,6.43,6.5,11.4,35.3,87.5,33.7,TEACH-01_METER,正常
TEACH-02,教学楼,2026-07-09 18:00,140.99,5.76,7.58,6.8,11.3,36.0,84.5,26.9,TEACH-02_METER,正常
TEACH-03,教学楼,2026-07-09 18:00,118.74,5.48,6.88,7.6,11.0,36.0,73.3,38.8,TEACH-03_METER,正常
LIB-01,公共机构,2026-07-09 18:00,71.43,4.87,4.46,6.3,10.5,34.6,67.3,10.5,LIB-01_METER,正常
GYM-01,公共机构,2026-07-09 18:00,71.87,4.78,4.28,7.0,12.8,34.0,78.4,13.8,GYM-01_METER,正常
OFF-01,办公楼,2026-07-09 19:00,28.61,0.96,3.19,8.3,12.3,32.1,77.1,1.0,OFF-01_METER,正常
OFF-02,办公楼,2026-07-09 19:00,19.5,1.19,2.43,7.2,13.6,30.7,73.9,2.7,OFF-02_METER,正常
OFF-03,办公楼,2026-07-09 19:00,32.34,1.46,5.11,7.8,11.9,36.0,81.8,4.7,OFF-03_METER,正常
OFF-04,办公楼,2026-07-09 19:00,36.49,0.93,5.64,7.6,12.2,36.0,73.0,0.6,OFF-04_METER,正常
OFF-05,办公楼,2026-07-09 19:00,30.8,1.31,3.96,5.9,11.1,33.3,70.9,1.1,OFF-05_METER,正常
TEACH-01,教学楼,2026-07-09 19:00,20.09,1.94,4.37,6.9,11.2,32.1,76.3,1.5,TEACH-01_METER,正常
TEACH-02,教学楼,2026-07-09 19:00,34.82,2.26,6.65,6.6,10.6,35.2,66.7,1.6,TEACH-02_METER,正常
TEACH-03,教学楼,2026-07-09 19:00,28.97,2.55,5.13,6.0,10.4,33.1,75.1,1.2,TEACH-03_METER,正常
LIB-01,公共机构,2026-07-09 19:00,75.47,1.56,5.64,6.1,10.0,36.0,81.3,3.6,LIB-01_METER,正常
GYM-01,公共机构,2026-07-09 19:00,52.5,1.7,4.26,6.6,11.0,33.9,83.4,2.4,GYM-01_METER,正常
OFF-01,办公楼,2026-07-09 20:00,22.03,1.12,2.66,6.0,10.0,30.7,75.5,4.7,OFF-01_METER,正常
OFF-02,办公楼,2026-07-09 20:00,29.1,1.0,3.89,7.9,11.8,33.0,87.3,4.9,OFF-02_METER,正常
OFF-03,办公楼,2026-07-09 20:00,33.89,0.9,4.34,7.1,12.0,33.9,81.0,2.5,OFF-03_METER,异常
OFF-04,办公楼,2026-07-09 20:00,36.68,1.13,5.22,7.5,13.0,35.3,77.8,4.7,OFF-04_METER,正常
OFF-05,办公楼,2026-07-09 20:00,23.92,1.22,4.52,7.4,12.6,34.4,76.8,2.5,OFF-05_METER,正常
TEACH-01,教学楼,2026-07-09 20:00,16.89,1.8,5.03,6.2,10.8,33.1,69.2,0.1,TEACH-01_METER,正常
TEACH-02,教学楼,2026-07-09 20:00,18.13,2.1,5.23,8.4,12.2,33.1,77.6,1.9,TEACH-02_METER,正常
TEACH-03,教学楼,2026-07-09 20:00,23.81,1.92,6.37,7.7,11.4,34.7,79.0,1.2,TEACH-03_METER,异常
LIB-01,公共机构,2026-07-09 20:00,63.31,1.8,4.23,5.6,11.5,33.7,76.9,2.3,LIB-01_METER,正常
GYM-01,公共机构,2026-07-09 20:00,65.52,2.26,5.1,8.0,12.2,35.4,69.4,1.5,GYM-01_METER,正常
OFF-01,办公楼,2026-07-09 21:00,23.34,1.26,4.06,6.0,11.2,33.6,79.0,4.5,OFF-01_METER,正常
OFF-02,办公楼,2026-07-09 21:00,34.49,1.22,3.74,8.0,12.5,33.2,80.3,2.7,OFF-02_METER,正常
OFF-03,办公楼,2026-07-09 21:00,28.71,1.01,3.14,7.3,12.4,32.1,78.4,4.4,OFF-03_METER,正常
OFF-04,办公楼,2026-07-09 21:00,25.69,1.05,3.39,6.3,11.5,32.2,70.6,2.7,OFF-04_METER,正常
OFF-05,办公楼,2026-07-09 21:00,20.38,1.1,4.43,7.6,13.7,34.1,73.1,2.2,OFF-05_METER,正常
TEACH-01,教学楼,2026-07-09 21:00,21.21,1.84,3.77,7.9,10.9,31.1,75.0,0.4,TEACH-01_METER,正常
TEACH-02,教学楼,2026-07-09 21:00,33.39,1.98,7.05,7.3,12.4,35.6,74.2,1.2,TEACH-02_METER,正常
TEACH-03,教学楼,2026-07-09 21:00,23.89,1.8,5.54,7.3,11.9,33.8,81.5,0.8,TEACH-03_METER,正常
LIB-01,公共机构,2026-07-09 21:00,53.31,1.76,4.38,7.5,12.6,33.9,68.0,0.7,LIB-01_METER,正常
GYM-01,公共机构,2026-07-09 21:00,73.56,1.58,4.38,5.9,10.2,34.0,75.5,1.8,GYM-01_METER,正常
OFF-01,办公楼,2026-07-09 22:00,28.81,1.02,3.03,6.5,10.0,31.3,75.7,4.3,OFF-01_METER,正常
OFF-02,办公楼,2026-07-09 22:00,20.73,0.95,3.35,8.3,12.6,32.5,75.7,2.4,OFF-02_METER,正常
OFF-03,办公楼,2026-07-09 22:00,33.5,1.2,3.95,6.6,10.6,33.1,82.0,0.7,OFF-03_METER,正常
OFF-04,办公楼,2026-07-09 22:00,28.78,1.04,3.78,5.9,11.5,33.1,81.3,2.6,OFF-04_METER,正常
OFF-05,办公楼,2026-07-09 22:00,26.49,1.07,4.2,5.4,10.0,33.4,77.7,1.4,OFF-05_METER,正常
TEACH-01,教学楼,2026-07-09 22:00,31.96,2.75,5.38,6.8,10.9,33.2,76.1,2.0,TEACH-01_METER,正常
TEACH-02,教学楼,2026-07-09 22:00,19.64,1.9,3.06,8.1,12.8,30.4,74.7,1.9,TEACH-02_METER,正常
TEACH-03,教学楼,2026-07-09 22:00,19.35,1.89,5.05,5.9,10.0,33.4,73.3,1.9,TEACH-03_METER,正常
LIB-01,公共机构,2026-07-09 22:00,30.82,1.57,5.13,6.2,10.5,36.0,78.1,0.5,LIB-01_METER,正常
GYM-01,公共机构,2026-07-09 22:00,32.63,1.56,5.32,6.5,11.0,35.8,75.1,1.0,GYM-01_METER,正常
OFF-01,办公楼,2026-07-09 23:00,26.92,1.31,4.24,6.8,10.0,33.7,80.0,2.0,OFF-01_METER,正常
OFF-02,办公楼,2026-07-09 23:00,36.64,0.96,4.23,7.3,11.3,34.1,71.3,5.0,OFF-02_METER,正常
OFF-03,办公楼,2026-07-09 23:00,20.16,2.01,3.85,7.0,11.3,33.5,82.5,4.5,OFF-03_METER,正常
OFF-04,办公楼,2026-07-09 23:00,22.16,1.07,3.49,5.7,10.0,32.4,70.3,3.9,OFF-04_METER,正常
OFF-05,办公楼,2026-07-09 23:00,22.84,1.43,3.21,6.3,10.9,31.7,78.8,2.9,OFF-05_METER,正常
TEACH-01,教学楼,2026-07-09 23:00,20.64,1.82,4.17,7.3,11.0,31.7,81.5,0.4,TEACH-01_METER,正常
TEACH-02,教学楼,2026-07-09 23:00,16.71,1.87,4.5,7.2,11.9,32.0,84.1,1.3,TEACH-02_METER,正常
TEACH-03,教学楼,2026-07-09 23:00,20.74,2.35,4.17,5.7,10.0,32.0,76.5,1.2,TEACH-03_METER,正常
LIB-01,公共机构,2026-07-09 23:00,30.55,2.01,4.59,7.1,10.0,34.8,77.2,3.8,LIB-01_METER,正常
GYM-01,公共机构,2026-07-09 23:00,33.51,1.96,2.05,7.3,13.4,29.8,77.2,4.2,GYM-01_METER,正常
OFF-01,办公楼,2026-07-10 00:00,26.27,1.03,0.0,6.9,10.9,25.3,59.6,2.4,OFF-01_METER,正常
OFF-02,办公楼,2026-07-10 00:00,25.34,1.18,0.0,6.5,10.9,25.0,61.8,4.4,OFF-02_METER,异常
OFF-03,办公楼,2026-07-10 00:00,22.35,1.09,0.0,6.8,11.5,25.0,72.7,1.5,OFF-03_METER,正常
OFF-04,办公楼,2026-07-10 00:00,17.7,1.26,0.0,6.8,11.1,25.0,74.1,2.1,OFF-04_METER,正常
OFF-05,办公楼,2026-07-10 00:00,29.3,0.93,0.0,8.7,14.2,25.0,67.1,3.4,OFF-05_METER,正常
TEACH-01,教学楼,2026-07-10 00:00,22.9,2.34,0.0,6.9,12.0,25.0,66.4,1.6,TEACH-01_METER,正常
TEACH-02,教学楼,2026-07-10 00:00,27.14,2.41,0.0,5.7,10.0,25.0,69.7,1.0,TEACH-02_METER,正常
TEACH-03,教学楼,2026-07-10 00:00,13.96,2.54,0.0,6.8,10.0,25.3,69.5,1.1,TEACH-03_METER,正常
LIB-01,公共机构,2026-07-10 00:00,34.27,1.67,0.0,7.0,11.1,25.0,66.7,4.1,LIB-01_METER,正常
GYM-01,公共机构,2026-07-10 00:00,20.78,1.82,0.0,8.5,12.4,25.0,67.7,3.0,GYM-01_METER,正常
OFF-01,办公楼,2026-07-10 01:00,20.37,0.93,0.17,8.0,12.6,26.3,71.5,2.4,OFF-01_METER,正常
OFF-02,办公楼,2026-07-10 01:00,22.12,1.21,0.0,6.6,10.7,25.0,73.0,1.7,OFF-02_METER,正常
OFF-03,办公楼,2026-07-10 01:00,19.82,1.02,0.0,6.9,10.9,25.0,70.2,1.4,OFF-03_METER,正常
OFF-04,办公楼,2026-07-10 01:00,21.87,1.4,0.0,7.2,11.6,25.0,71.5,3.5,OFF-04_METER,正常
OFF-05,办公楼,2026-07-10 01:00,23.17,1.36,0.0,7.3,11.4,25.0,62.3,3.4,OFF-05_METER,正常
TEACH-01,教学楼,2026-07-10 01:00,9.46,2.17,0.02,7.1,11.2,26.0,74.2,0.7,TEACH-01_METER,正常
TEACH-02,教学楼,2026-07-10 01:00,17.67,1.81,0.0,7.3,11.2,25.4,70.8,0.6,TEACH-02_METER,正常
TEACH-03,教学楼,2026-07-10 01:00,28.03,1.97,0.0,5.5,10.0,25.0,72.0,2.0,TEACH-03_METER,正常
LIB-01,公共机构,2026-07-10 01:00,27.25,1.86,0.0,6.5,10.4,25.0,69.3,4.2,LIB-01_METER,正常
GYM-01,公共机构,2026-07-10 01:00,24.22,1.51,0.0,6.3,10.1,25.0,61.8,4.4,GYM-01_METER,正常
OFF-01,办公楼,2026-07-10 02:00,23.25,1.15,0.77,6.4,11.6,27.4,68.6,2.5,OFF-01_METER,异常
OFF-02,办公楼,2026-07-10 02:00,24.24,1.69,0.0,6.0,10.0,25.5,69.9,3.6,OFF-02_METER,正常
OFF-03,办公楼,2026-07-10 02:00,18.6,1.08,0.0,7.1,11.9,25.0,70.5,3.8,OFF-03_METER,正常
OFF-04,办公楼,2026-07-10 02:00,24.27,0.91,0.1,6.1,11.7,26.2,69.5,2.1,OFF-04_METER,正常
OFF-05,办公楼,2026-07-10 02:00,21.46,0.96,0.0,7.6,11.1,25.0,59.2,3.9,OFF-05_METER,正常
TEACH-01,教学楼,2026-07-10 02:00,16.94,2.07,0.0,7.1,11.4,25.0,64.5,0.6,TEACH-01_METER,正常
TEACH-02,教学楼,2026-07-10 02:00,15.3,2.05,0.0,7.8,11.6,25.0,64.8,1.0,TEACH-02_METER,正常
TEACH-03,教学楼,2026-07-10 02:00,20.55,1.9,0.0,7.0,11.3,25.0,68.5,0.8,TEACH-03_METER,正常
LIB-01,公共机构,2026-07-10 02:00,18.0,2.02,0.0,7.3,12.0,25.0,67.2,3.2,LIB-01_METER,正常
GYM-01,公共机构,2026-07-10 02:00,38.05,1.53,0.0,7.5,11.9,25.0,65.2,4.4,GYM-01_METER,正常
OFF-01,办公楼,2026-07-10 03:00,14.95,1.13,0.0,7.7,12.4,25.6,66.9,4.9,OFF-01_METER,正常
OFF-02,办公楼,2026-07-10 03:00,24.74,1.14,0.99,7.8,12.9,27.8,69.0,4.2,OFF-02_METER,正常
OFF-03,办公楼,2026-07-10 03:00,15.5,1.87,0.0,8.6,12.7,25.6,65.5,4.7,OFF-03_METER,正常
OFF-04,办公楼,2026-07-10 03:00,31.53,0.96,0.0,5.8,10.1,25.3,71.9,1.5,OFF-04_METER,正常
OFF-05,办公楼,2026-07-10 03:00,21.06,1.09,0.0,6.6,10.0,25.0,64.4,4.8,OFF-05_METER,正常
TEACH-01,教学楼,2026-07-10 03:00,13.44,1.9,0.48,6.5,11.1,26.7,68.1,1.0,TEACH-01_METER,正常
TEACH-02,教学楼,2026-07-10 03:00,12.28,2.26,0.0,6.9,11.4,25.0,68.2,1.1,TEACH-02_METER,正常
TEACH-03,教学楼,2026-07-10 03:00,26.12,2.68,0.07,6.0,10.5,26.1,66.9,0.8,TEACH-03_METER,正常
LIB-01,公共机构,2026-07-10 03:00,30.79,1.53,0.36,5.8,10.0,26.6,59.5,3.4,LIB-01_METER,正常
GYM-01,公共机构,2026-07-10 03:00,33.96,1.78,0.0,7.2,11.6,26.0,58.5,3.3,GYM-01_METER,正常
OFF-01,办公楼,2026-07-10 04:00,15.05,1.04,0.0,7.6,11.7,25.0,66.8,3.6,OFF-01_METER,正常
OFF-02,办公楼,2026-07-10 04:00,29.49,0.95,0.89,6.7,10.0,27.7,62.0,1.4,OFF-02_METER,正常
OFF-03,办公楼,2026-07-10 04:00,18.48,0.97,1.23,7.9,12.3,28.4,63.0,2.2,OFF-03_METER,正常
OFF-04,办公楼,2026-07-10 04:00,15.83,1.09,0.84,7.5,12.2,27.6,66.1,1.8,OFF-04_METER,正常
OFF-05,办公楼,2026-07-10 04:00,22.27,1.31,0.0,7.3,11.2,25.0,76.1,4.5,OFF-05_METER,正常
TEACH-01,教学楼,2026-07-10 04:00,23.53,1.93,0.73,5.6,10.0,27.0,77.7,1.4,TEACH-01_METER,正常
TEACH-02,教学楼,2026-07-10 04:00,10.82,1.81,0.0,7.0,12.0,25.0,75.1,0.1,TEACH-02_METER,正常
TEACH-03,教学楼,2026-07-10 04:00,12.68,2.99,1.92,6.9,12.3,28.7,65.7,0.1,TEACH-03_METER,正常
LIB-01,公共机构,2026-07-10 04:00,38.54,1.93,0.58,6.7,11.3,27.1,68.7,4.2,LIB-01_METER,正常
GYM-01,公共机构,2026-07-10 04:00,29.73,1.7,0.0,8.2,12.8,25.0,68.9,2.7,GYM-01_METER,正常
OFF-01,办公楼,2026-07-10 05:00,20.74,1.22,0.78,7.2,11.3,27.5,81.9,1.4,OFF-01_METER,正常
OFF-02,办公楼,2026-07-10 05:00,29.16,0.98,1.25,6.2,10.0,28.3,64.5,1.0,OFF-02_METER,正常
OFF-03,办公楼,2026-07-10 05:00,21.22,1.14,0.26,5.7,10.0,26.5,68.8,4.4,OFF-03_METER,正常
OFF-04,办公楼,2026-07-10 05:00,26.06,1.09,0.82,6.2,11.1,27.5,71.4,1.4,OFF-04_METER,正常
OFF-05,办公楼,2026-07-10 05:00,16.13,1.11,1.25,7.4,11.5,28.4,65.3,2.1,OFF-05_METER,正常
TEACH-01,教学楼,2026-07-10 05:00,8.81,1.98,0.07,8.2,12.7,26.1,53.7,0.1,TEACH-01_METER,正常
TEACH-02,教学楼,2026-07-10 05:00,18.15,2.29,2.77,6.9,12.1,30.0,75.7,0.0,TEACH-02_METER,正常
TEACH-03,教学楼,2026-07-10 05:00,28.39,1.86,1.43,7.3,10.7,28.0,75.6,0.2,TEACH-03_METER,正常
LIB-01,公共机构,2026-07-10 05:00,43.06,1.58,1.39,5.7,10.4,28.7,65.2,4.1,LIB-01_METER,正常
GYM-01,公共机构,2026-07-10 05:00,28.18,2.48,0.0,8.6,13.4,25.6,60.4,4.3,GYM-01_METER,正常
OFF-01,办公楼,2026-07-10 06:00,19.86,0.98,0.56,7.7,12.5,27.1,76.4,2.0,OFF-01_METER,正常
OFF-02,办公楼,2026-07-10 06:00,15.95,0.97,0.92,6.3,10.3,27.7,66.6,2.4,OFF-02_METER,正常
OFF-03,办公楼,2026-07-10 06:00,23.01,1.0,0.43,7.9,12.3,26.8,64.6,1.0,OFF-03_METER,正常
OFF-04,办公楼,2026-07-10 06:00,24.29,0.9,1.84,5.9,10.0,29.4,70.7,3.3,OFF-04_METER,正常
OFF-05,办公楼,2026-07-10 06:00,23.78,0.9,1.01,7.7,12.2,27.8,55.6,1.6,OFF-05_METER,正常
TEACH-01,教学楼,2026-07-10 06:00,25.05,1.89,1.67,6.9,11.6,28.4,74.7,0.6,TEACH-01_METER,正常
TEACH-02,教学楼,2026-07-10 06:00,12.96,1.94,0.85,7.0,10.9,27.2,66.2,1.2,TEACH-02_METER,正常
TEACH-03,教学楼,2026-07-10 06:00,21.87,1.83,2.96,7.5,12.2,30.0,77.1,1.9,TEACH-03_METER,正常
LIB-01,公共机构,2026-07-10 06:00,25.79,1.85,1.76,6.5,10.0,29.2,80.1,1.0,LIB-01_METER,正常
GYM-01,公共机构,2026-07-10 06:00,29.54,1.55,2.11,6.8,11.7,29.8,69.0,4.4,GYM-01_METER,正常
OFF-01,办公楼,2026-07-10 07:00,24.7,1.09,2.45,7.7,11.1,30.7,78.8,1.9,OFF-01_METER,正常
OFF-02,办公楼,2026-07-10 07:00,18.98,1.79,2.42,5.5,10.0,30.3,72.0,1.9,OFF-02_METER,正常
OFF-03,办公楼,2026-07-10 07:00,20.76,2.29,1.39,6.9,12.7,28.7,74.7,2.5,OFF-03_METER,正常
OFF-04,办公楼,2026-07-10 07:00,15.16,0.91,0.01,7.9,12.8,26.0,63.5,0.8,OFF-04_METER,正常
OFF-05,办公楼,2026-07-10 07:00,32.41,0.91,3.1,6.9,11.3,31.9,71.2,0.7,OFF-05_METER,正常
TEACH-01,教学楼,2026-07-10 07:00,17.31,1.93,1.76,6.7,10.8,28.4,71.2,1.1,TEACH-01_METER,正常
TEACH-02,教学楼,2026-07-10 07:00,19.56,2.29,1.27,6.3,10.3,27.8,75.4,0.1,TEACH-02_METER,正常
TEACH-03,教学楼,2026-07-10 07:00,24.86,2.06,1.26,7.6,12.7,27.8,73.7,0.8,TEACH-03_METER,正常
LIB-01,公共机构,2026-07-10 07:00,27.4,1.92,1.45,6.7,11.6,28.8,68.8,4.1,LIB-01_METER,正常
GYM-01,公共机构,2026-07-10 07:00,34.71,1.59,2.47,6.5,12.5,30.4,67.0,1.9,GYM-01_METER,正常
OFF-01,办公楼,2026-07-10 08:00,93.42,2.86,2.04,7.3,11.7,29.9,83.6,23.6,OFF-01_METER,正常
OFF-02,办公楼,2026-07-10 08:00,91.83,2.79,2.44,5.7,10.0,30.7,79.8,16.2,OFF-02_METER,正常
OFF-03,办公楼,2026-07-10 08:00,79.26,2.92,0.68,6.9,10.9,27.2,61.7,22.1,OFF-03_METER,正常
OFF-04,办公楼,2026-07-10 08:00,71.12,2.7,1.7,5.9,10.2,29.1,76.6,16.5,OFF-04_METER,正常
OFF-05,办公楼,2026-07-10 08:00,83.54,4.01,2.49,5.7,10.0,30.7,74.6,15.8,OFF-05_METER,正常
TEACH-01,教学楼,2026-07-10 08:00,109.75,5.51,1.34,7.4,11.8,27.9,66.6,37.4,TEACH-01_METER,正常
TEACH-02,教学楼,2026-07-10 08:00,93.1,5.48,1.89,6.4,11.1,28.7,69.3,30.5,TEACH-02_METER,正常
TEACH-03,教学楼,2026-07-10 08:00,98.75,5.45,0.62,6.1,11.2,26.8,60.0,39.8,TEACH-03_METER,正常
LIB-01,公共机构,2026-07-10 08:00,33.64,4.88,2.88,6.6,11.8,31.2,69.2,14.1,LIB-01_METER,正常
GYM-01,公共机构,2026-07-10 08:00,36.69,4.98,1.7,6.5,11.7,29.3,76.3,17.9,GYM-01_METER,正常
OFF-01,办公楼,2026-07-10 09:00,68.88,2.82,1.51,7.7,12.1,28.1,66.0,18.2,OFF-01_METER,正常
OFF-02,办公楼,2026-07-10 09:00,90.65,3.02,4.17,6.1,10.6,31.8,78.2,17.4,OFF-02_METER,正常
OFF-03,办公楼,2026-07-10 09:00,78.6,3.42,3.63,6.6,10.0,31.3,73.6,21.7,OFF-03_METER,正常
OFF-04,办公楼,2026-07-10 09:00,75.12,2.74,4.35,6.1,10.3,32.2,76.7,16.2,OFF-04_METER,正常
OFF-05,办公楼,2026-07-10 09:00,98.21,2.97,2.24,6.8,10.9,29.2,73.4,19.1,OFF-05_METER,正常
TEACH-01,教学楼,2026-07-10 09:00,85.25,5.55,4.78,7.5,12.7,31.0,66.2,29.5,TEACH-01_METER,正常
TEACH-02,教学楼,2026-07-10 09:00,120.41,5.46,4.92,7.5,11.2,31.5,69.7,28.8,TEACH-02_METER,正常
TEACH-03,教学楼,2026-07-10 09:00,121.41,5.75,4.17,6.3,10.8,30.3,72.8,38.9,TEACH-03_METER,正常
LIB-01,公共机构,2026-07-10 09:00,72.34,5.0,3.62,7.9,11.7,31.4,81.2,16.6,LIB-01_METER,正常
GYM-01,公共机构,2026-07-10 09:00,73.51,4.6,2.83,5.9,10.0,30.1,77.7,18.3,GYM-01_METER,正常
OFF-01,办公楼,2026-07-10 10:00,102.05,3.08,3.41,7.8,12.7,30.9,77.6,19.0,OFF-01_METER,正常
OFF-02,办公楼,2026-07-10 10:00,84.68,2.91,5.6,8.1,12.4,34.3,84.0,21.9,OFF-02_METER,正常
OFF-03,办公楼,2026-07-10 10:00,69.94,2.84,3.37,6.4,10.9,30.9,76.2,16.6,OFF-03_METER,正常
OFF-04,办公楼,2026-07-10 10:00,104.01,3.94,2.39,7.8,13.6,29.2,73.6,19.0,OFF-04_METER,正常
OFF-05,办公楼,2026-07-10 10:00,102.59,2.92,3.2,6.9,11.9,30.7,61.1,24.1,OFF-05_METER,正常
TEACH-01,教学楼,2026-07-10 10:00,128.77,5.44,6.38,6.9,11.9,32.7,71.2,36.3,TEACH-01_METER,正常
TEACH-02,教学楼,2026-07-10 10:00,85.58,5.96,6.96,8.5,12.4,33.1,85.2,35.1,TEACH-02_METER,正常
TEACH-03,教学楼,2026-07-10 10:00,143.18,5.66,6.09,7.9,12.7,32.7,75.7,27.9,TEACH-03_METER,正常
LIB-01,公共机构,2026-07-10 10:00,90.57,4.51,3.17,7.2,11.0,30.7,67.8,16.0,LIB-01_METER,正常
GYM-01,公共机构,2026-07-10 10:00,88.69,4.76,4.52,6.7,11.4,32.3,80.0,19.0,GYM-01_METER,正常
OFF-01,办公楼,2026-07-10 11:00,100.18,2.76,3.26,7.5,11.1,30.4,69.3,19.4,OFF-01_METER,正常
OFF-02,办公楼,2026-07-10 11:00,92.28,2.89,3.82,8.1,12.4,31.6,73.1,16.9,OFF-02_METER,正常
OFF-03,办公楼,2026-07-10 11:00,96.72,2.92,4.62,6.0,10.7,32.9,73.5,16.8,OFF-03_METER,正常
OFF-04,办公楼,2026-07-10 11:00,69.63,2.82,4.14,7.5,12.3,31.8,74.9,18.6,OFF-04_METER,正常
OFF-05,办公楼,2026-07-10 11:00,78.59,2.93,5.15,7.0,10.6,33.1,73.0,23.6,OFF-05_METER,正常
TEACH-01,教学楼,2026-07-10 11:00,120.22,5.43,6.93,7.5,11.7,33.8,65.8,36.1,TEACH-01_METER,正常
TEACH-02,教学楼,2026-07-10 11:00,133.29,5.47,4.84,6.5,11.2,31.4,69.9,36.1,TEACH-02_METER,正常
TEACH-03,教学楼,2026-07-10 11:00,95.98,5.42,3.09,7.9,12.4,29.3,67.0,39.4,TEACH-03_METER,正常
LIB-01,公共机构,2026-07-10 11:00,104.96,4.82,3.51,6.3,10.0,31.0,81.4,15.5,LIB-01_METER,正常
GYM-01,公共机构,2026-07-10 11:00,91.33,4.6,3.74,6.2,11.0,31.1,77.5,15.6,GYM-01_METER,正常
OFF-01,办公楼,2026-07-10 12:00,81.71,2.8,3.12,7.8,13.1,30.6,75.4,16.8,OFF-01_METER,正常
OFF-02,办公楼,2026-07-10 12:00,75.61,2.87,4.8,7.2,11.7,32.9,72.0,18.7,OFF-02_METER,正常
OFF-03,办公楼,2026-07-10 12:00,98.49,2.95,1.85,6.6,10.3,28.6,70.1,22.0,OFF-03_METER,正常
OFF-04,办公楼,2026-07-10 12:00,97.41,3.26,5.6,7.4,12.7,34.0,71.8,15.8,OFF-04_METER,正常
OFF-05,办公楼,2026-07-10 12:00,99.26,2.71,4.83,6.6,11.7,32.6,68.9,18.4,OFF-05_METER,正常
TEACH-01,教学楼,2026-07-10 12:00,137.46,5.66,3.24,5.9,10.1,29.5,74.4,28.6,TEACH-01_METER,正常
TEACH-02,教学楼,2026-07-10 12:00,142.53,5.77,6.63,5.7,10.0,32.9,72.3,27.1,TEACH-02_METER,正常
TEACH-03,教学楼,2026-07-10 12:00,108.63,5.56,6.24,7.1,12.7,32.5,71.5,37.0,TEACH-03_METER,正常
LIB-01,公共机构,2026-07-10 12:00,70.99,5.11,3.12,8.3,14.9,30.6,74.9,17.0,LIB-01_METER,正常
GYM-01,公共机构,2026-07-10 12:00,94.93,4.8,5.38,8.8,13.3,33.3,66.1,15.9,GYM-01_METER,正常
OFF-01,办公楼,2026-07-10 13:00,68.67,2.86,5.44,6.4,12.6,33.6,77.1,16.9,OFF-01_METER,异常
OFF-02,办公楼,2026-07-10 13:00,84.2,2.82,4.62,5.7,10.0,32.3,65.0,23.3,OFF-02_METER,正常
OFF-03,办公楼,2026-07-10 13:00,67.33,2.9,4.63,7.5,12.2,32.7,77.3,21.5,OFF-03_METER,正常
OFF-04,办公楼,2026-07-10 13:00,79.68,3.64,3.85,6.1,11.4,31.4,78.5,24.6,OFF-04_METER,正常
OFF-05,办公楼,2026-07-10 13:00,90.07,2.86,5.35,6.2,10.1,33.6,78.6,16.7,OFF-05_METER,正常
TEACH-01,教学楼,2026-07-10 13:00,133.35,5.58,4.55,6.3,10.4,31.0,69.4,31.2,TEACH-01_METER,正常
TEACH-02,教学楼,2026-07-10 13:00,99.3,5.92,7.17,8.5,12.8,33.7,78.8,28.1,TEACH-02_METER,正常
TEACH-03,教学楼,2026-07-10 13:00,140.7,5.62,6.89,8.0,12.9,33.5,73.0,29.0,TEACH-03_METER,正常
LIB-01,公共机构,2026-07-10 13:00,64.0,4.56,6.33,5.8,10.9,34.6,78.3,16.6,LIB-01_METER,正常
GYM-01,公共机构,2026-07-10 13:00,68.92,4.69,5.27,7.6,11.0,33.3,78.7,13.8,GYM-01_METER,正常
OFF-01,办公楼,2026-07-10 14:00,69.6,3.11,3.05,6.3,11.6,30.6,74.6,19.1,OFF-01_METER,正常
OFF-02,办公楼,2026-07-10 14:00,71.1,2.84,3.78,7.1,11.4,31.3,68.9,22.7,OFF-02_METER,正常
OFF-03,办公楼,2026-07-10 14:00,105.1,2.7,7.38,6.2,10.5,36.0,84.1,21.5,OFF-03_METER,正常
OFF-04,办公楼,2026-07-10 14:00,81.31,3.0,5.83,8.0,13.1,34.5,72.4,18.7,OFF-04_METER,正常
OFF-05,办公楼,2026-07-10 14:00,86.35,3.21,7.23,8.2,13.5,36.0,87.7,16.8,OFF-05_METER,正常
TEACH-01,教学楼,2026-07-10 14:00,144.1,5.73,5.1,6.0,10.4,31.2,68.4,30.4,TEACH-01_METER,正常
TEACH-02,教学楼,2026-07-10 14:00,144.89,5.56,8.99,8.0,12.8,36.0,84.4,26.2,TEACH-02_METER,正常
TEACH-03,教学楼,2026-07-10 14:00,110.16,5.46,5.68,6.4,10.4,32.2,84.8,37.2,TEACH-03_METER,正常
LIB-01,公共机构,2026-07-10 14:00,74.23,4.77,6.01,5.0,10.0,34.6,78.0,16.6,LIB-01_METER,正常
GYM-01,公共机构,2026-07-10 14:00,108.83,4.69,4.69,8.3,12.6,32.5,79.3,10.8,GYM-01_METER,正常
OFF-01,办公楼,2026-07-10 15:00,92.48,2.77,3.63,7.7,11.9,31.2,76.7,17.4,OFF-01_METER,正常
OFF-02,办公楼,2026-07-10 15:00,88.09,3.16,5.06,7.3,12.1,33.4,74.2,20.0,OFF-02_METER,正常
OFF-03,办公楼,2026-07-10 15:00,79.87,2.73,6.18,6.1,12.2,34.7,79.2,17.4,OFF-03_METER,正常
OFF-04,办公楼,2026-07-10 15:00,65.78,2.91,3.51,5.5,10.0,31.3,71.7,16.3,OFF-04_METER,正常
OFF-05,办公楼,2026-07-10 15:00,82.09,3.19,6.63,6.7,12.8,35.1,78.2,20.1,OFF-05_METER,正常
TEACH-01,教学楼,2026-07-10 15:00,102.15,5.48,7.51,6.9,11.5,34.2,78.8,38.4,TEACH-01_METER,正常
TEACH-02,教学楼,2026-07-10 15:00,116.77,5.69,4.78,7.8,12.5,30.9,72.9,28.0,TEACH-02_METER,正常
TEACH-03,教学楼,2026-07-10 15:00,106.97,5.84,6.22,6.1,10.4,33.0,80.6,38.5,TEACH-03_METER,正常
LIB-01,公共机构,2026-07-10 15:00,113.43,5.08,5.39,8.1,12.7,33.8,79.2,12.0,LIB-01_METER,正常
GYM-01,公共机构,2026-07-10 15:00,94.81,4.77,4.8,7.7,12.7,33.2,78.2,19.7,GYM-01_METER,正常
OFF-01,办公楼,2026-07-10 16:00,103.48,3.39,6.97,7.6,11.5,36.0,76.6,21.0,OFF-01_METER,正常
OFF-02,办公楼,2026-07-10 16:00,72.82,2.76,5.68,5.8,10.0,33.9,66.4,22.9,OFF-02_METER,正常
OFF-03,办公楼,2026-07-10 16:00,89.78,3.82,4.89,7.7,13.4,33.3,77.0,15.9,OFF-03_METER,正常
OFF-04,办公楼,2026-07-10 16:00,104.07,3.48,4.84,7.0,11.7,32.9,77.1,18.0,OFF-04_METER,正常
OFF-05,办公楼,2026-07-10 16:00,70.58,2.79,4.48,7.1,11.3,32.7,69.8,23.2,OFF-05_METER,正常
TEACH-01,教学楼,2026-07-10 16:00,111.46,5.54,8.76,6.0,10.0,35.5,82.8,38.3,TEACH-01_METER,正常
TEACH-02,教学楼,2026-07-10 16:00,131.77,5.72,8.64,5.9,10.0,35.3,83.4,26.4,TEACH-02_METER,正常
TEACH-03,教学楼,2026-07-10 16:00,101.71,5.48,8.9,6.7,10.6,35.8,70.0,38.2,TEACH-03_METER,正常
LIB-01,公共机构,2026-07-10 16:00,108.6,4.82,5.64,7.8,11.7,34.3,66.1,10.6,LIB-01_METER,正常
GYM-01,公共机构,2026-07-10 16:00,79.35,6.0,5.88,7.1,11.6,34.1,78.9,11.6,GYM-01_METER,正常
OFF-01,办公楼,2026-07-10 17:00,65.15,3.5,4.81,6.8,12.0,33.2,78.0,15.6,OFF-01_METER,正常
OFF-02,办公楼,2026-07-10 17:00,107.64,2.82,3.91,7.2,10.5,31.7,75.2,18.5,OFF-02_METER,正常
OFF-03,办公楼,2026-07-10 17:00,93.35,2.78,6.84,6.8,10.5,35.4,80.2,18.2,OFF-03_METER,正常
OFF-04,办公楼,2026-07-10 17:00,94.87,2.72,4.71,7.4,11.3,32.5,72.0,15.9,OFF-04_METER,正常
OFF-05,办公楼,2026-07-10 17:00,69.6,2.86,4.22,7.7,12.6,32.3,75.3,20.8,OFF-05_METER,正常
TEACH-01,教学楼,2026-07-10 17:00,137.26,5.42,7.87,6.7,10.6,34.7,77.6,27.4,TEACH-01_METER,正常
TEACH-02,教学楼,2026-07-10 17:00,122.32,6.05,6.46,6.5,11.4,32.8,72.1,37.3,TEACH-02_METER,正常
TEACH-03,教学楼,2026-07-10 17:00,105.54,5.58,7.51,6.4,10.9,34.2,62.5,32.8,TEACH-03_METER,正常
LIB-01,公共机构,2026-07-10 17:00,102.31,4.62,6.46,8.0,13.2,35.0,75.1,11.5,LIB-01_METER,正常
GYM-01,公共机构,2026-07-10 17:00,104.07,4.6,7.27,7.2,12.0,36.0,80.7,18.4,GYM-01_METER,正常
OFF-01,办公楼,2026-07-10 18:00,79.24,3.74,3.76,7.4,11.3,33.1,76.6,23.2,OFF-01_METER,正常
OFF-02,办公楼,2026-07-10 18:00,89.81,3.53,5.66,7.4,12.1,36.0,65.4,21.0,OFF-02_METER,正常
OFF-03,办公楼,2026-07-10 18:00,80.18,3.71,5.5,6.9,12.3,36.0,79.5,16.1,OFF-03_METER,正常
OFF-04,办公楼,2026-07-10 18:00,88.08,3.95,2.65,6.4,10.7,31.1,69.7,18.4,OFF-04_METER,正常
OFF-05,办公楼,2026-07-10 18:00,77.31,2.71,3.62,6.6,11.3,32.7,75.0,20.9,OFF-05_METER,正常
TEACH-01,教学楼,2026-07-10 18:00,108.88,5.52,4.99,7.2,12.3,32.8,79.0,25.4,TEACH-01_METER,正常
TEACH-02,教学楼,2026-07-10 18:00,109.8,5.42,6.4,7.5,11.9,34.7,77.6,39.7,TEACH-02_METER,正常
TEACH-03,教学楼,2026-07-10 18:00,130.23,5.58,4.29,8.0,13.6,31.9,77.4,32.5,TEACH-03_METER,正常
LIB-01,公共机构,2026-07-10 18:00,92.33,5.03,4.28,6.0,10.4,33.7,79.5,14.7,LIB-01_METER,正常
GYM-01,公共机构,2026-07-10 18:00,86.37,5.08,4.93,5.7,10.0,34.7,72.0,14.2,GYM-01_METER,正常
OFF-01,办公楼,2026-07-10 19:00,28.15,1.0,3.82,6.1,10.0,33.2,91.3,0.6,OFF-01_METER,正常
OFF-02,办公楼,2026-07-10 19:00,25.09,0.9,3.59,5.5,10.0,32.7,70.5,1.2,OFF-02_METER,正常
OFF-03,办公楼,2026-07-10 19:00,23.16,1.19,3.28,7.3,11.5,32.0,72.2,2.6,OFF-03_METER,正常
OFF-04,办公楼,2026-07-10 19:00,32.52,1.33,4.0,6.4,12.0,33.1,78.0,3.4,OFF-04_METER,正常
OFF-05,办公楼,2026-07-10 19:00,25.18,0.96,3.88,8.0,12.1,33.1,71.1,1.5,OFF-05_METER,正常
TEACH-01,教学楼,2026-07-10 19:00,24.18,2.03,4.21,7.9,13.2,31.9,76.6,0.0,TEACH-01_METER,正常
TEACH-02,教学楼,2026-07-10 19:00,33.1,2.0,6.72,7.5,11.0,35.7,77.9,1.2,TEACH-02_METER,正常
TEACH-03,教学楼,2026-07-10 19:00,17.6,2.07,5.88,7.4,11.3,34.3,73.3,0.7,TEACH-03_METER,正常
LIB-01,公共机构,2026-07-10 19:00,99.37,1.85,3.67,8.7,13.9,32.9,80.7,1.5,LIB-01_METER,正常
GYM-01,公共机构,2026-07-10 19:00,94.66,1.93,4.81,7.3,11.3,35.2,73.3,3.3,GYM-01_METER,正常
OFF-01,办公楼,2026-07-10 20:00,18.84,1.02,4.49,5.7,10.9,34.7,83.8,1.1,OFF-01_METER,正常
OFF-02,办公楼,2026-07-10 20:00,30.75,1.34,5.22,7.7,12.0,35.5,81.7,4.8,OFF-02_METER,正常
OFF-03,办公楼,2026-07-10 20:00,28.23,1.17,3.82,7.1,11.1,33.3,71.4,2.2,OFF-03_METER,正常
OFF-04,办公楼,2026-07-10 20:00,22.55,1.1,4.02,6.6,11.2,33.6,69.1,3.8,OFF-04_METER,正常
OFF-05,办公楼,2026-07-10 20:00,28.69,1.04,4.95,6.1,10.4,34.9,69.5,2.3,OFF-05_METER,正常
TEACH-01,教学楼,2026-07-10 20:00,15.91,1.85,4.73,6.1,10.0,33.0,64.7,0.8,TEACH-01_METER,正常
TEACH-02,教学楼,2026-07-10 20:00,22.65,2.03,6.52,7.9,12.3,34.9,76.8,1.8,TEACH-02_METER,正常
TEACH-03,教学楼,2026-07-10 20:00,24.31,1.85,5.38,6.7,11.6,33.2,88.2,0.9,TEACH-03_METER,正常
LIB-01,公共机构,2026-07-10 20:00,120.46,1.67,5.18,7.9,13.4,35.4,77.4,3.1,LIB-01_METER,正常
GYM-01,公共机构,2026-07-10 20:00,93.03,1.74,2.44,6.8,11.7,30.8,65.6,4.9,GYM-01_METER,正常
OFF-01,办公楼,2026-07-10 21:00,33.14,2.15,3.95,7.1,11.2,33.0,73.5,2.2,OFF-01_METER,正常
OFF-02,办公楼,2026-07-10 21:00,30.8,1.16,4.25,5.8,10.0,34.2,80.4,4.8,OFF-02_METER,正常
OFF-03,办公楼,2026-07-10 21:00,32.56,1.01,3.71,7.2,10.9,33.1,68.0,3.1,OFF-03_METER,正常
OFF-04,办公楼,2026-07-10 21:00,12.58,0.95,3.5,8.0,12.3,32.2,67.5,1.5,OFF-04_METER,正常
OFF-05,办公楼,2026-07-10 21:00,20.66,1.04,4.19,7.1,13.0,34.1,80.9,4.1,OFF-05_METER,正常
TEACH-01,教学楼,2026-07-10 21:00,30.71,2.25,4.92,6.9,11.7,33.1,80.1,1.5,TEACH-01_METER,正常
TEACH-02,教学楼,2026-07-10 21:00,17.16,3.32,5.75,6.9,11.2,33.6,77.5,0.9,TEACH-02_METER,正常
TEACH-03,教学楼,2026-07-10 21:00,12.64,1.98,5.54,5.8,10.0,34.0,80.8,0.5,TEACH-03_METER,正常
LIB-01,公共机构,2026-07-10 21:00,71.01,1.77,3.89,6.4,10.6,33.3,73.5,2.6,LIB-01_METER,正常
GYM-01,公共机构,2026-07-10 21:00,92.38,2.71,3.45,5.7,11.2,32.4,72.0,2.9,GYM-01_METER,正常
OFF-01,办公楼,2026-07-10 22:00,31.11,0.97,5.64,5.1,10.0,36.0,84.5,3.5,OFF-01_METER,正常
OFF-02,办公楼,2026-07-10 22:00,22.06,1.38,5.09,7.3,12.7,34.9,78.1,2.7,OFF-02_METER,正常
OFF-03,办公楼,2026-07-10 22:00,17.41,1.1,3.87,7.3,11.8,33.0,80.2,4.3,OFF-03_METER,正常
OFF-04,办公楼,2026-07-10 22:00,26.44,1.33,3.59,5.0,10.6,32.4,80.4,1.9,OFF-04_METER,正常
OFF-05,办公楼,2026-07-10 22:00,27.2,1.17,4.86,7.7,13.8,35.4,77.0,4.3,OFF-05_METER,正常
TEACH-01,教学楼,2026-07-10 22:00,21.6,1.84,4.77,6.4,11.0,32.8,71.8,0.2,TEACH-01_METER,正常
TEACH-02,教学楼,2026-07-10 22:00,18.88,1.88,5.12,7.3,12.2,32.9,69.7,1.7,TEACH-02_METER,正常
TEACH-03,教学楼,2026-07-10 22:00,16.94,2.34,4.49,6.6,10.2,32.4,77.9,1.2,TEACH-03_METER,正常
LIB-01,公共机构,2026-07-10 22:00,40.92,2.06,3.41,7.3,10.9,32.5,75.5,1.6,LIB-01_METER,正常
GYM-01,公共机构,2026-07-10 22:00,27.38,1.92,3.59,7.9,12.3,32.7,79.9,0.5,GYM-01_METER,正常
OFF-01,办公楼,2026-07-10 23:00,33.79,1.13,4.73,7.2,11.5,34.5,86.7,3.5,OFF-01_METER,正常
OFF-02,办公楼,2026-07-10 23:00,23.42,1.21,2.72,7.0,10.5,30.9,74.7,3.2,OFF-02_METER,正常
OFF-03,办公楼,2026-07-10 23:00,25.8,1.02,3.12,6.5,10.0,32.0,81.7,3.1,OFF-03_METER,正常
OFF-04,办公楼,2026-07-10 23:00,16.67,1.35,3.03,6.8,11.1,31.8,80.4,2.3,OFF-04_METER,正常
OFF-05,办公楼,2026-07-10 23:00,29.31,1.04,3.45,7.9,11.6,32.6,66.7,4.6,OFF-05_METER,正常
TEACH-01,教学楼,2026-07-10 23:00,16.81,2.38,5.57,8.0,12.2,33.4,77.7,0.4,TEACH-01_METER,正常
TEACH-02,教学楼,2026-07-10 23:00,25.1,2.76,5.63,7.6,10.9,34.2,78.3,0.7,TEACH-02_METER,正常
TEACH-03,教学楼,2026-07-10 23:00,28.18,2.01,3.7,7.1,12.3,31.3,72.9,0.6,TEACH-03_METER,正常
LIB-01,公共机构,2026-07-10 23:00,27.61,1.66,4.27,6.9,11.1,33.7,73.4,1.1,LIB-01_METER,正常
GYM-01,公共机构,2026-07-10 23:00,33.51,1.71,3.75,7.2,12.3,32.6,77.5,4.7,GYM-01_METER,正常
OFF-01,办公楼,2026-07-11 00:00,23.65,1.08,0.0,7.4,12.3,25.0,72.9,2.0,OFF-01_METER,正常
OFF-02,办公楼,2026-07-11 00:00,24.55,0.97,0.0,6.9,11.7,25.0,64.4,4.9,OFF-02_METER,正常
OFF-03,办公楼,2026-07-11 00:00,25.47,1.0,0.0,6.2,10.5,25.0,63.6,4.1,OFF-03_METER,正常
OFF-04,办公楼,2026-07-11 00:00,27.28,1.09,0.0,5.3,10.7,25.0,68.0,1.9,OFF-04_METER,正常
OFF-05,办公楼,2026-07-11 00:00,18.46,1.46,0.02,6.6,11.4,26.0,74.4,3.5,OFF-05_METER,正常
TEACH-01,教学楼,2026-07-11 00:00,17.21,1.84,0.0,7.1,12.3,25.0,60.0,1.8,TEACH-01_METER,正常
TEACH-02,教学楼,2026-07-11 00:00,14.33,2.03,0.0,7.9,12.5,25.0,79.8,0.9,TEACH-02_METER,正常
TEACH-03,教学楼,2026-07-11 00:00,29.01,1.81,0.0,6.6,11.0,25.0,68.5,1.4,TEACH-03_METER,正常
LIB-01,公共机构,2026-07-11 00:00,21.9,2.47,0.0,6.4,11.1,25.0,70.8,4.0,LIB-01_METER,正常
GYM-01,公共机构,2026-07-11 00:00,32.97,2.27,0.0,8.0,12.2,25.0,70.7,4.3,GYM-01_METER,正常
OFF-01,办公楼,2026-07-11 01:00,19.66,1.01,0.0,7.4,12.4,25.0,73.1,4.9,OFF-01_METER,正常
OFF-02,办公楼,2026-07-11 01:00,26.84,1.18,0.0,7.3,12.4,25.0,64.4,1.0,OFF-02_METER,正常
OFF-03,办公楼,2026-07-11 01:00,24.54,1.13,0.0,7.5,11.8,25.0,66.8,4.0,OFF-03_METER,正常
OFF-04,办公楼,2026-07-11 01:00,22.39,0.98,0.0,7.5,12.5,25.0,59.6,4.5,OFF-04_METER,正常
OFF-05,办公楼,2026-07-11 01:00,18.74,0.92,0.0,6.3,10.1,25.0,69.9,2.5,OFF-05_METER,正常
TEACH-01,教学楼,2026-07-11 01:00,16.27,1.9,0.0,7.0,11.7,25.0,68.8,2.0,TEACH-01_METER,正常
TEACH-02,教学楼,2026-07-11 01:00,23.38,1.91,0.0,7.4,11.4,25.0,57.9,1.9,TEACH-02_METER,正常
TEACH-03,教学楼,2026-07-11 01:00,13.77,2.04,0.0,5.6,10.8,25.0,70.9,0.2,TEACH-03_METER,正常
LIB-01,公共机构,2026-07-11 01:00,39.68,1.52,0.0,7.8,12.9,25.6,70.2,2.2,LIB-01_METER,正常
GYM-01,公共机构,2026-07-11 01:00,22.51,2.03,0.0,7.0,11.7,25.0,62.6,2.0,GYM-01_METER,正常
OFF-01,办公楼,2026-07-11 02:00,22.07,1.64,0.0,5.9,10.0,25.6,70.1,3.0,OFF-01_METER,正常
OFF-02,办公楼,2026-07-11 02:00,27.52,1.09,0.0,6.7,11.2,25.5,72.1,2.2,OFF-02_METER,正常
OFF-03,办公楼,2026-07-11 02:00,24.46,1.76,0.0,8.8,13.1,26.0,67.3,1.4,OFF-03_METER,正常
OFF-04,办公楼,2026-07-11 02:00,26.31,1.27,0.0,8.0,12.5,25.1,75.4,3.7,OFF-04_METER,正常
OFF-05,办公楼,2026-07-11 02:00,25.49,2.02,0.0,6.9,11.8,25.0,65.2,0.7,OFF-05_METER,正常
TEACH-01,教学楼,2026-07-11 02:00,17.27,2.02,0.0,7.9,11.2,25.0,65.8,0.2,TEACH-01_METER,正常
TEACH-02,教学楼,2026-07-11 02:00,12.06,1.91,0.0,7.6,10.8,25.0,67.0,1.8,TEACH-02_METER,正常
TEACH-03,教学楼,2026-07-11 02:00,19.17,2.1,0.53,7.2,11.2,26.7,76.0,1.5,TEACH-03_METER,正常
LIB-01,公共机构,2026-07-11 02:00,22.09,1.68,0.07,6.0,10.4,26.1,72.1,2.9,LIB-01_METER,正常
GYM-01,公共机构,2026-07-11 02:00,25.02,1.69,0.0,6.0,10.1,25.0,67.5,4.9,GYM-01_METER,正常
OFF-01,办公楼,2026-07-11 03:00,28.16,0.98,0.0,8.6,13.7,25.3,59.0,1.2,OFF-01_METER,正常
OFF-02,办公楼,2026-07-11 03:00,32.13,0.9,0.84,8.0,12.3,27.6,70.1,4.2,OFF-02_METER,正常
OFF-03,办公楼,2026-07-11 03:00,19.99,1.23,0.29,6.0,10.0,26.6,62.8,5.0,OFF-03_METER,正常
OFF-04,办公楼,2026-07-11 03:00,22.5,1.27,0.0,5.5,10.0,25.3,67.9,4.3,OFF-04_METER,正常
OFF-05,办公楼,2026-07-11 03:00,18.43,1.02,0.0,6.6,11.0,25.0,63.8,3.1,OFF-05_METER,正常
TEACH-01,教学楼,2026-07-11 03:00,20.39,1.82,0.0,6.8,11.2,25.9,66.8,0.2,TEACH-01_METER,正常
TEACH-02,教学楼,2026-07-11 03:00,20.55,1.85,0.0,6.2,10.5,25.0,66.4,1.1,TEACH-02_METER,正常
TEACH-03,教学楼,2026-07-11 03:00,15.19,1.82,0.0,9.3,13.9,25.0,73.3,1.6,TEACH-03_METER,正常
LIB-01,公共机构,2026-07-11 03:00,31.99,1.78,0.0,5.7,10.5,25.2,61.5,2.0,LIB-01_METER,正常
GYM-01,公共机构,2026-07-11 03:00,22.96,2.04,0.0,7.3,11.3,25.9,75.6,3.1,GYM-01_METER,正常
OFF-01,办公楼,2026-07-11 04:00,17.4,0.99,0.0,8.8,12.7,25.0,71.7,4.5,OFF-01_METER,正常
OFF-02,办公楼,2026-07-11 04:00,17.54,1.0,0.0,5.0,10.0,25.8,69.4,1.1,OFF-02_METER,正常
OFF-03,办公楼,2026-07-11 04:00,21.46,1.18,0.0,8.1,13.1,25.5,64.3,3.0,OFF-03_METER,正常
OFF-04,办公楼,2026-07-11 04:00,25.52,1.21,0.61,7.8,12.6,27.1,62.4,2.2,OFF-04_METER,正常
OFF-05,办公楼,2026-07-11 04:00,25.44,1.09,1.84,7.5,13.1,29.6,74.5,1.0,OFF-05_METER,正常
TEACH-01,教学楼,2026-07-11 04:00,14.36,1.82,0.55,7.4,12.4,26.8,68.4,0.7,TEACH-01_METER,正常
TEACH-02,教学楼,2026-07-11 04:00,17.45,2.19,0.0,7.3,12.5,25.0,74.9,0.6,TEACH-02_METER,正常
TEACH-03,教学楼,2026-07-11 04:00,16.48,2.29,0.75,6.5,11.1,27.1,66.2,1.0,TEACH-03_METER,正常
LIB-01,公共机构,2026-07-11 04:00,36.48,2.1,0.0,7.0,11.6,25.6,65.0,5.0,LIB-01_METER,正常
GYM-01,公共机构,2026-07-11 04:00,32.06,2.57,0.0,6.8,11.6,25.0,57.9,2.1,GYM-01_METER,正常
OFF-01,办公楼,2026-07-11 05:00,25.72,0.94,0.1,5.6,10.0,26.2,69.5,4.7,OFF-01_METER,正常
OFF-02,办公楼,2026-07-11 05:00,19.59,1.32,0.26,6.8,11.4,26.5,67.2,1.8,OFF-02_METER,正常
OFF-03,办公楼,2026-07-11 05:00,20.12,1.17,0.0,6.2,10.8,25.3,70.7,1.2,OFF-03_METER,正常
OFF-04,办公楼,2026-07-11 05:00,13.11,1.3,0.16,6.6,11.5,26.3,64.2,2.0,OFF-04_METER,正常
OFF-05,办公楼,2026-07-11 05:00,25.94,1.3,0.0,6.9,10.4,25.0,70.3,1.7,OFF-05_METER,正常
TEACH-01,教学楼,2026-07-11 05:00,23.54,1.84,2.76,7.7,13.1,29.9,79.7,1.2,TEACH-01_METER,正常
TEACH-02,教学楼,2026-07-11 05:00,18.46,2.47,0.48,6.0,11.3,26.7,67.2,0.0,TEACH-02_METER,正常
TEACH-03,教学楼,2026-07-11 05:00,19.23,2.48,1.1,8.0,12.4,27.5,61.6,0.8,TEACH-03_METER,正常
LIB-01,公共机构,2026-07-11 05:00,35.46,1.94,1.29,7.8,12.5,28.4,64.0,4.7,LIB-01_METER,正常
GYM-01,公共机构,2026-07-11 05:00,26.15,2.05,0.85,6.7,10.5,27.5,65.8,4.8,GYM-01_METER,正常
OFF-01,办公楼,2026-07-11 06:00,29.15,1.14,0.23,6.5,10.5,26.4,64.9,2.5,OFF-01_METER,正常
OFF-02,办公楼,2026-07-11 06:00,13.98,1.14,0.54,7.9,11.9,26.9,69.4,1.0,OFF-02_METER,正常
OFF-03,办公楼,2026-07-11 06:00,20.29,1.01,0.86,7.7,10.9,27.7,69.5,3.9,OFF-03_METER,正常
OFF-04,办公楼,2026-07-11 06:00,23.57,1.02,1.41,6.4,10.8,28.6,75.8,0.6,OFF-04_METER,正常
OFF-05,办公楼,2026-07-11 06:00,22.0,1.18,0.0,6.7,10.7,25.7,68.5,1.8,OFF-05_METER,正常
TEACH-01,教学楼,2026-07-11 06:00,19.68,2.19,1.15,7.5,12.8,27.7,62.4,0.6,TEACH-01_METER,正常
TEACH-02,教学楼,2026-07-11 06:00,20.13,2.06,0.0,6.2,10.0,25.2,66.0,0.4,TEACH-02_METER,正常
TEACH-03,教学楼,2026-07-11 06:00,17.95,2.19,0.92,8.5,12.8,27.3,72.5,0.9,TEACH-03_METER,正常
LIB-01,公共机构,2026-07-11 06:00,36.58,1.93,1.84,6.6,11.2,29.3,73.5,4.9,LIB-01_METER,正常
GYM-01,公共机构,2026-07-11 06:00,37.86,1.61,0.25,6.3,10.6,26.4,71.6,4.4,GYM-01_METER,正常
OFF-01,办公楼,2026-07-11 07:00,20.52,1.31,1.32,6.2,10.5,28.4,65.1,4.2,OFF-01_METER,正常
OFF-02,办公楼,2026-07-11 07:00,20.58,1.14,1.08,6.2,11.4,28.1,70.1,3.9,OFF-02_METER,正常
OFF-03,办公楼,2026-07-11 07:00,28.44,1.5,2.1,6.0,10.7,30.0,78.5,3.8,OFF-03_METER,正常
OFF-04,办公楼,2026-07-11 07:00,26.91,1.02,2.21,7.1,10.8,30.3,68.1,2.0,OFF-04_METER,正常
OFF-05,办公楼,2026-07-11 07:00,15.18,1.58,1.16,6.8,10.4,28.0,76.9,0.8,OFF-05_METER,正常
TEACH-01,教学楼,2026-07-11 07:00,26.27,1.84,2.73,6.6,10.5,29.8,65.9,0.8,TEACH-01_METER,正常
TEACH-02,教学楼,2026-07-11 07:00,21.45,2.0,2.4,7.1,13.6,29.4,72.7,1.7,TEACH-02_METER,正常
TEACH-03,教学楼,2026-07-11 07:00,22.18,2.22,1.77,7.6,13.2,28.5,70.7,1.8,TEACH-03_METER,正常
LIB-01,公共机构,2026-07-11 07:00,21.76,1.87,1.92,7.5,11.9,29.6,75.9,3.2,LIB-01_METER,正常
GYM-01,公共机构,2026-07-11 07:00,29.57,1.59,1.19,8.4,12.3,28.2,68.6,2.3,GYM-01_METER,正常
OFF-01,办公楼,2026-07-11 08:00,22.71,0.92,2.05,8.3,12.8,29.6,72.6,2.1,OFF-01_METER,正常
OFF-02,办公楼,2026-07-11 08:00,27.72,1.2,1.46,8.0,12.4,28.7,77.6,3.7,OFF-02_METER,正常
OFF-03,办公楼,2026-07-11 08:00,22.6,0.94,1.63,7.2,12.6,28.9,77.4,4.9,OFF-03_METER,正常
OFF-04,办公楼,2026-07-11 08:00,22.93,1.25,2.43,5.4,10.0,30.7,79.8,3.5,OFF-04_METER,正常
OFF-05,办公楼,2026-07-11 08:00,29.92,1.66,2.45,7.3,11.9,30.7,65.9,1.0,OFF-05_METER,正常
TEACH-01,教学楼,2026-07-11 08:00,21.54,1.96,1.96,6.9,12.2,28.8,64.1,0.4,TEACH-01_METER,正常
TEACH-02,教学楼,2026-07-11 08:00,14.95,2.37,0.5,7.0,12.0,26.7,72.7,1.9,TEACH-02_METER,正常
TEACH-03,教学楼,2026-07-11 08:00,16.75,1.89,1.29,7.5,12.0,27.8,68.6,1.9,TEACH-03_METER,正常
LIB-01,公共机构,2026-07-11 08:00,40.19,1.82,2.23,6.6,10.0,30.2,69.5,2.5,LIB-01_METER,正常
GYM-01,公共机构,2026-07-11 08:00,40.04,2.12,1.1,7.7,13.2,27.9,69.1,2.1,GYM-01_METER,正常
OFF-01,办公楼,2026-07-11 09:00,19.96,1.15,2.34,6.9,10.9,30.4,73.9,1.7,OFF-01_METER,正常
OFF-02,办公楼,2026-07-11 09:00,23.24,1.05,2.77,6.7,11.4,31.0,75.2,1.8,OFF-02_METER,正常
OFF-03,办公楼,2026-07-11 09:00,21.49,1.03,0.67,5.7,10.6,27.2,68.3,0.5,OFF-03_METER,正常
OFF-04,办公楼,2026-07-11 09:00,25.89,1.34,2.96,6.5,10.9,31.4,73.9,2.9,OFF-04_METER,正常
OFF-05,办公楼,2026-07-11 09:00,35.05,0.91,3.07,7.5,12.8,31.4,79.3,2.6,OFF-05_METER,正常
TEACH-01,教学楼,2026-07-11 09:00,16.06,1.81,2.01,8.4,13.0,28.7,70.7,0.4,TEACH-01_METER,正常
TEACH-02,教学楼,2026-07-11 09:00,17.51,1.92,2.88,7.7,11.4,29.8,69.1,1.4,TEACH-02_METER,正常
TEACH-03,教学楼,2026-07-11 09:00,12.7,2.22,3.05,6.0,10.0,30.3,86.5,1.3,TEACH-03_METER,正常
LIB-01,公共机构,2026-07-11 09:00,72.36,1.96,2.37,5.2,10.0,30.4,77.0,3.9,LIB-01_METER,正常
GYM-01,公共机构,2026-07-11 09:00,48.52,2.06,2.88,7.4,11.9,31.3,71.8,3.5,GYM-01_METER,正常
OFF-01,办公楼,2026-07-11 10:00,29.76,1.23,1.92,5.7,10.0,29.8,61.8,2.6,OFF-01_METER,正常
OFF-02,办公楼,2026-07-11 10:00,22.62,1.04,1.51,7.7,12.6,28.7,74.9,0.5,OFF-02_METER,正常
OFF-03,办公楼,2026-07-11 10:00,18.95,1.28,1.95,7.2,11.6,29.5,70.0,1.3,OFF-03_METER,正常
OFF-04,办公楼,2026-07-11 10:00,35.34,1.05,3.71,7.0,11.4,32.8,76.1,1.6,OFF-04_METER,正常
OFF-05,办公楼,2026-07-11 10:00,26.93,0.92,1.8,6.5,10.9,29.4,82.4,4.8,OFF-05_METER,正常
TEACH-01,教学楼,2026-07-11 10:00,26.31,2.44,3.86,6.9,12.7,31.2,83.0,1.6,TEACH-01_METER,正常
TEACH-02,教学楼,2026-07-11 10:00,22.44,2.53,5.55,6.9,11.0,34.0,81.7,0.1,TEACH-02_METER,正常
TEACH-03,教学楼,2026-07-11 10:00,24.2,1.84,1.4,7.4,12.8,28.0,69.4,1.8,TEACH-03_METER,正常
LIB-01,公共机构,2026-07-11 10:00,96.16,1.72,3.02,8.7,14.2,31.4,70.0,1.8,LIB-01_METER,正常
GYM-01,公共机构,2026-07-11 10:00,80.02,1.67,2.54,5.7,10.0,30.8,75.8,3.3,GYM-01_METER,正常
OFF-01,办公楼,2026-07-11 11:00,30.19,1.23,3.12,6.7,10.9,31.6,78.8,1.3,OFF-01_METER,正常
OFF-02,办公楼,2026-07-11 11:00,19.18,0.9,2.62,6.8,10.4,30.8,72.2,0.7,OFF-02_METER,正常
OFF-03,办公楼,2026-07-11 11:00,25.52,1.03,3.29,6.2,10.5,32.1,73.4,1.0,OFF-03_METER,正常
OFF-04,办公楼,2026-07-11 11:00,24.22,1.02,1.44,6.3,10.5,28.8,73.1,2.6,OFF-04_METER,正常
OFF-05,办公楼,2026-07-11 11:00,27.26,1.5,2.53,7.8,12.8,30.6,70.0,2.8,OFF-05_METER,正常
TEACH-01,教学楼,2026-07-11 11:00,16.33,2.45,3.36,8.2,11.4,30.5,73.7,1.1,TEACH-01_METER,正常
TEACH-02,教学楼,2026-07-11 11:00,15.59,1.92,4.84,7.2,11.7,33.0,79.9,2.0,TEACH-02_METER,正常
TEACH-03,教学楼,2026-07-11 11:00,29.9,3.6,3.1,6.4,10.3,30.5,75.7,0.1,TEACH-03_METER,正常
LIB-01,公共机构,2026-07-11 11:00,95.96,1.83,2.88,8.1,12.3,31.5,74.8,2.1,LIB-01_METER,正常
GYM-01,公共机构,2026-07-11 11:00,61.78,2.02,2.15,6.7,12.6,30.0,77.1,1.3,GYM-01_METER,正常
OFF-01,办公楼,2026-07-11 12:00,24.45,1.2,2.56,7.3,12.8,31.0,84.2,1.8,OFF-01_METER,正常
OFF-02,办公楼,2026-07-11 12:00,30.8,0.97,4.56,7.9,12.5,34.9,78.9,3.7,OFF-02_METER,正常
OFF-03,办公楼,2026-07-11 12:00,32.63,1.41,4.88,6.6,10.8,34.9,86.2,1.9,OFF-03_METER,正常
OFF-04,办公楼,2026-07-11 12:00,17.71,1.13,3.1,6.8,11.6,31.7,80.8,2.5,OFF-04_METER,正常
OFF-05,办公楼,2026-07-11 12:00,32.54,0.94,4.72,6.7,11.6,34.3,74.8,2.3,OFF-05_METER,正常
TEACH-01,教学楼,2026-07-11 12:00,25.59,1.88,4.79,8.7,12.8,32.4,77.5,0.0,TEACH-01_METER,正常
TEACH-02,教学楼,2026-07-11 12:00,34.24,2.04,6.41,7.8,12.2,34.8,84.1,1.6,TEACH-02_METER,正常
TEACH-03,教学楼,2026-07-11 12:00,14.29,2.08,5.33,7.0,10.9,33.6,78.6,0.6,TEACH-03_METER,正常
LIB-01,公共机构,2026-07-11 12:00,86.91,1.96,4.62,5.9,10.7,34.2,80.2,3.4,LIB-01_METER,正常
GYM-01,公共机构,2026-07-11 12:00,59.15,1.96,3.74,6.1,11.7,33.2,82.0,4.0,GYM-01_METER,正常
OFF-01,办公楼,2026-07-11 13:00,29.93,1.09,2.81,6.3,10.0,31.3,84.1,1.5,OFF-01_METER,正常
OFF-02,办公楼,2026-07-11 13:00,17.88,1.22,3.92,7.5,11.6,33.6,87.5,0.6,OFF-02_METER,正常
OFF-03,办公楼,2026-07-11 13:00,27.96,1.17,3.47,6.2,11.2,32.3,64.4,1.2,OFF-03_METER,正常
OFF-04,办公楼,2026-07-11 13:00,37.4,1.04,4.52,8.4,12.8,34.7,79.4,0.7,OFF-04_METER,正常
OFF-05,办公楼,2026-07-11 13:00,16.62,0.94,3.37,8.4,12.1,32.0,75.9,3.3,OFF-05_METER,正常
TEACH-01,教学楼,2026-07-11 13:00,27.55,1.85,3.57,7.9,12.9,31.0,75.8,1.2,TEACH-01_METER,正常
TEACH-02,教学楼,2026-07-11 13:00,26.58,1.93,4.38,6.7,10.4,32.0,65.3,0.6,TEACH-02_METER,正常
TEACH-03,教学楼,2026-07-11 13:00,24.71,2.09,4.5,5.8,11.2,32.0,77.3,0.6,TEACH-03_METER,正常
LIB-01,公共机构,2026-07-11 13:00,84.06,1.53,3.55,7.1,13.2,32.4,87.5,4.2,LIB-01_METER,正常
GYM-01,公共机构,2026-07-11 13:00,99.95,1.55,3.08,5.6,10.0,31.9,79.3,1.1,GYM-01_METER,正常
OFF-01,办公楼,2026-07-11 14:00,20.51,0.98,4.6,7.0,12.2,35.0,74.7,0.7,OFF-01_METER,正常
OFF-02,办公楼,2026-07-11 14:00,19.07,1.29,4.05,8.4,12.5,33.5,77.6,2.5,OFF-02_METER,正常
OFF-03,办公楼,2026-07-11 14:00,23.05,0.95,3.79,7.3,11.5,32.7,76.8,2.4,OFF-03_METER,正常
OFF-04,办公楼,2026-07-11 14:00,29.96,1.28,4.11,5.6,10.2,33.4,93.0,1.7,OFF-04_METER,正常
OFF-05,办公楼,2026-07-11 14:00,25.98,1.07,3.75,7.4,11.2,33.3,78.1,4.3,OFF-05_METER,正常
TEACH-01,教学楼,2026-07-11 14:00,24.35,2.19,2.01,6.8,10.9,28.7,77.4,0.1,TEACH-01_METER,正常
TEACH-02,教学楼,2026-07-11 14:00,26.09,1.89,5.64,7.5,12.7,33.6,79.1,0.3,TEACH-02_METER,异常
TEACH-03,教学楼,2026-07-11 14:00,17.29,1.84,5.67,7.1,10.0,33.7,78.1,1.8,TEACH-03_METER,正常
LIB-01,公共机构,2026-07-11 14:00,65.13,1.75,3.33,6.6,10.6,32.3,86.0,4.5,LIB-01_METER,正常
GYM-01,公共机构,2026-07-11 14:00,60.51,1.72,2.81,8.1,13.2,31.1,74.1,1.8,GYM-01_METER,正常
OFF-01,办公楼,2026-07-11 15:00,34.05,1.68,4.34,6.7,11.3,34.1,72.0,2.2,OFF-01_METER,正常
OFF-02,办公楼,2026-07-11 15:00,19.0,2.26,3.89,8.1,12.5,33.5,73.9,2.2,OFF-02_METER,正常
OFF-03,办公楼,2026-07-11 15:00,32.02,1.16,5.2,7.8,12.2,36.0,78.1,2.1,OFF-03_METER,正常
OFF-04,办公楼,2026-07-11 15:00,27.45,1.32,2.35,6.7,11.0,30.4,65.4,3.4,OFF-04_METER,正常
OFF-05,办公楼,2026-07-11 15:00,27.96,1.33,4.38,7.3,11.3,34.5,72.8,2.9,OFF-05_METER,正常
TEACH-01,教学楼,2026-07-11 15:00,30.64,1.86,6.23,7.1,12.3,34.6,76.7,1.2,TEACH-01_METER,正常
TEACH-02,教学楼,2026-07-11 15:00,15.71,2.78,4.83,5.6,10.0,33.0,83.2,1.1,TEACH-02_METER,正常
TEACH-03,教学楼,2026-07-11 15:00,16.36,2.49,4.54,9.6,13.6,32.4,81.4,1.4,TEACH-03_METER,异常
LIB-01,公共机构,2026-07-11 15:00,72.82,1.52,4.33,6.0,11.7,34.2,85.9,3.5,LIB-01_METER,正常
GYM-01,公共机构,2026-07-11 15:00,113.82,1.64,4.97,6.3,10.0,35.2,83.0,0.8,GYM-01_METER,正常
OFF-01,办公楼,2026-07-11 16:00,23.84,1.72,4.18,7.2,11.2,34.1,79.0,3.3,OFF-01_METER,正常
OFF-02,办公楼,2026-07-11 16:00,29.09,1.03,5.59,7.4,12.4,36.0,74.3,4.2,OFF-02_METER,正常
OFF-03,办公楼,2026-07-11 16:00,34.65,0.92,4.1,6.3,10.4,34.0,80.6,0.6,OFF-03_METER,正常
OFF-04,办公楼,2026-07-11 16:00,20.06,0.91,3.23,6.6,10.0,31.9,70.3,1.4,OFF-04_METER,正常
OFF-05,办公楼,2026-07-11 16:00,34.94,1.07,4.07,8.0,13.5,34.0,77.9,2.6,OFF-05_METER,正常
TEACH-01,教学楼,2026-07-11 16:00,22.42,1.87,5.5,6.5,10.6,34.0,81.5,1.0,TEACH-01_METER,正常
TEACH-02,教学楼,2026-07-11 16:00,13.87,2.07,4.71,6.3,11.5,32.9,77.4,0.7,TEACH-02_METER,正常
TEACH-03,教学楼,2026-07-11 16:00,16.34,2.39,3.34,7.5,11.9,30.7,76.7,0.3,TEACH-03_METER,正常
LIB-01,公共机构,2026-07-11 16:00,62.31,1.55,4.18,6.9,11.6,34.1,74.0,4.8,LIB-01_METER,正常
GYM-01,公共机构,2026-07-11 16:00,70.01,2.3,3.3,6.0,10.5,31.8,76.0,3.9,GYM-01_METER,正常
OFF-01,办公楼,2026-07-11 17:00,18.12,1.24,3.88,6.0,10.0,33.1,74.8,4.1,OFF-01_METER,异常
OFF-02,办公楼,2026-07-11 17:00,37.78,1.49,4.4,7.0,10.9,34.5,81.0,3.0,OFF-02_METER,正常
OFF-03,办公楼,2026-07-11 17:00,31.1,1.3,4.3,8.4,12.2,33.7,74.6,3.2,OFF-03_METER,正常
OFF-04,办公楼,2026-07-11 17:00,26.94,1.56,3.65,7.5,12.9,33.1,71.0,3.6,OFF-04_METER,正常
OFF-05,办公楼,2026-07-11 17:00,25.77,1.08,4.3,5.7,10.0,33.9,76.0,4.3,OFF-05_METER,正常
TEACH-01,教学楼,2026-07-11 17:00,18.2,1.98,5.96,6.4,10.4,34.3,83.0,1.5,TEACH-01_METER,正常
TEACH-02,教学楼,2026-07-11 17:00,17.37,1.94,6.45,7.4,11.6,35.4,73.5,1.3,TEACH-02_METER,正常
TEACH-03,教学楼,2026-07-11 17:00,16.35,1.88,4.93,6.7,10.1,32.8,67.9,1.1,TEACH-03_METER,正常
LIB-01,公共机构,2026-07-11 17:00,72.75,1.74,4.0,7.2,11.7,33.4,69.2,3.0,LIB-01_METER,正常
GYM-01,公共机构,2026-07-11 17:00,88.62,1.86,3.36,7.9,13.3,31.9,65.1,0.9,GYM-01_METER,正常
OFF-01,办公楼,2026-07-11 18:00,21.27,1.34,4.52,6.5,11.1,34.0,74.0,3.2,OFF-01_METER,正常
OFF-02,办公楼,2026-07-11 18:00,17.73,1.06,3.7,8.6,11.8,33.1,76.8,1.5,OFF-02_METER,正常
OFF-03,办公楼,2026-07-11 18:00,22.68,1.65,4.43,5.9,10.0,34.0,75.6,1.3,OFF-03_METER,正常
OFF-04,办公楼,2026-07-11 18:00,29.35,0.95,2.74,6.9,11.4,30.8,75.3,1.8,OFF-04_METER,正常
OFF-05,办公楼,2026-07-11 18:00,33.39,1.0,5.21,5.6,10.0,35.4,75.4,3.6,OFF-05_METER,正常
TEACH-01,教学楼,2026-07-11 18:00,31.66,1.82,6.66,7.6,11.2,34.8,78.2,1.4,TEACH-01_METER,正常
TEACH-02,教学楼,2026-07-11 18:00,29.61,2.0,6.67,6.8,10.2,35.1,84.4,0.9,TEACH-02_METER,正常
TEACH-03,教学楼,2026-07-11 18:00,29.82,2.69,6.46,6.6,11.0,35.3,75.7,0.5,TEACH-03_METER,正常
LIB-01,公共机构,2026-07-11 18:00,83.76,1.7,4.84,8.2,12.9,35.4,91.9,3.6,LIB-01_METER,正常
GYM-01,公共机构,2026-07-11 18:00,110.83,2.84,3.8,7.6,12.4,33.3,73.7,2.2,GYM-01_METER,正常
OFF-01,办公楼,2026-07-11 19:00,32.09,1.03,3.34,7.6,11.7,32.3,79.4,3.5,OFF-01_METER,正常
OFF-02,办公楼,2026-07-11 19:00,25.39,0.9,4.09,7.3,12.4,33.3,76.0,1.8,OFF-02_METER,正常
OFF-03,办公楼,2026-07-11 19:00,32.54,0.97,5.47,7.3,12.2,35.8,76.6,1.0,OFF-03_METER,正常
OFF-04,办公楼,2026-07-11 19:00,23.53,1.39,4.14,7.4,12.7,33.8,83.9,4.4,OFF-04_METER,正常
OFF-05,办公楼,2026-07-11 19:00,28.61,1.22,4.63,6.4,10.4,34.6,77.7,3.8,OFF-05_METER,正常
TEACH-01,教学楼,2026-07-11 19:00,26.36,2.26,5.69,8.0,14.0,33.9,73.7,0.7,TEACH-01_METER,正常
TEACH-02,教学楼,2026-07-11 19:00,29.13,1.96,6.55,7.7,12.6,35.0,82.0,1.8,TEACH-02_METER,正常
TEACH-03,教学楼,2026-07-11 19:00,23.73,1.87,6.72,6.0,10.2,35.1,77.5,1.4,TEACH-03_METER,正常
LIB-01,公共机构,2026-07-11 19:00,84.19,1.55,4.93,8.5,13.0,34.9,84.2,4.2,LIB-01_METER,正常
GYM-01,公共机构,2026-07-11 19:00,62.07,1.6,4.41,7.2,11.8,34.2,84.4,1.1,GYM-01_METER,正常
OFF-01,办公楼,2026-07-11 20:00,31.96,1.02,4.98,8.1,12.4,34.9,77.4,3.3,OFF-01_METER,正常
OFF-02,办公楼,2026-07-11 20:00,28.45,1.59,3.69,6.7,11.0,33.2,74.7,3.3,OFF-02_METER,正常
OFF-03,办公楼,2026-07-11 20:00,23.36,0.95,3.39,5.9,10.8,32.3,69.4,4.5,OFF-03_METER,正常
OFF-04,办公楼,2026-07-11 20:00,25.6,0.98,3.67,8.2,12.5,32.8,72.7,3.0,OFF-04_METER,正常
OFF-05,办公楼,2026-07-11 20:00,26.77,1.61,5.26,6.9,11.4,36.0,78.0,0.8,OFF-05_METER,正常
TEACH-01,教学楼,2026-07-11 20:00,18.57,2.49,5.76,6.4,11.2,33.7,82.6,1.2,TEACH-01_METER,正常
TEACH-02,教学楼,2026-07-11 20:00,13.82,1.86,6.38,7.0,11.5,34.6,77.5,0.7,TEACH-02_METER,正常
TEACH-03,教学楼,2026-07-11 20:00,26.98,1.83,5.81,7.6,12.4,34.5,79.5,1.1,TEACH-03_METER,正常
LIB-01,公共机构,2026-07-11 20:00,103.74,1.54,4.54,6.3,10.5,34.4,73.9,1.9,LIB-01_METER,正常
GYM-01,公共机构,2026-07-11 20:00,63.55,1.54,4.23,6.2,12.2,33.8,66.1,3.2,GYM-01_METER,正常
OFF-01,办公楼,2026-07-11 21:00,31.64,1.2,4.51,6.7,11.1,34.8,86.0,3.0,OFF-01_METER,正常
OFF-02,办公楼,2026-07-11 21:00,29.79,1.53,5.56,7.9,11.6,35.8,90.3,0.8,OFF-02_METER,正常
OFF-03,办公楼,2026-07-11 21:00,19.72,1.05,3.29,7.5,11.9,32.1,73.8,3.7,OFF-03_METER,正常
OFF-04,办公楼,2026-07-11 21:00,19.01,1.5,4.32,7.6,11.6,34.3,76.9,3.4,OFF-04_METER,正常
OFF-05,办公楼,2026-07-11 21:00,39.81,0.97,4.49,7.7,12.3,34.3,82.1,2.1,OFF-05_METER,正常
TEACH-01,教学楼,2026-07-11 21:00,26.92,2.02,6.08,6.5,10.5,34.5,76.5,1.6,TEACH-01_METER,正常
TEACH-02,教学楼,2026-07-11 21:00,21.49,3.76,6.35,7.5,11.8,34.4,72.7,1.8,TEACH-02_METER,正常
TEACH-03,教学楼,2026-07-11 21:00,28.82,1.93,2.66,7.5,11.3,29.6,81.1,1.5,TEACH-03_METER,正常
LIB-01,公共机构,2026-07-11 21:00,78.61,2.15,3.14,6.9,11.2,31.9,78.1,1.2,LIB-01_METER,正常
GYM-01,公共机构,2026-07-11 21:00,99.61,1.61,4.43,5.3,10.0,34.5,78.9,1.4,GYM-01_METER,正常
OFF-01,办公楼,2026-07-11 22:00,34.7,1.64,4.23,7.7,11.5,33.7,83.8,3.8,OFF-01_METER,正常
OFF-02,办公楼,2026-07-11 22:00,17.77,1.02,2.29,7.4,11.8,30.3,69.2,4.6,OFF-02_METER,正常
OFF-03,办公楼,2026-07-11 22:00,17.38,1.22,3.18,6.1,10.2,31.8,74.0,1.4,OFF-03_METER,正常
OFF-04,办公楼,2026-07-11 22:00,17.93,1.17,2.84,6.6,11.8,31.5,76.9,3.2,OFF-04_METER,正常
OFF-05,办公楼,2026-07-11 22:00,32.78,1.07,4.2,7.5,11.4,34.2,75.0,2.8,OFF-05_METER,正常
TEACH-01,教学楼,2026-07-11 22:00,21.79,1.92,6.96,8.3,11.5,36.0,81.8,0.4,TEACH-01_METER,正常
TEACH-02,教学楼,2026-07-11 22:00,19.53,2.04,7.3,8.6,13.2,35.8,76.5,0.3,TEACH-02_METER,正常
TEACH-03,教学楼,2026-07-11 22:00,18.34,1.81,6.64,5.7,10.9,35.6,68.8,1.7,TEACH-03_METER,正常
LIB-01,公共机构,2026-07-11 22:00,31.81,1.77,3.98,7.3,12.2,33.3,65.3,2.6,LIB-01_METER,正常
GYM-01,公共机构,2026-07-11 22:00,33.65,2.46,4.15,7.4,11.0,33.5,86.8,3.2,GYM-01_METER,正常
OFF-01,办公楼,2026-07-11 23:00,21.79,1.47,1.9,5.0,10.0,29.7,73.9,4.5,OFF-01_METER,正常
OFF-02,办公楼,2026-07-11 23:00,24.55,1.23,2.72,6.5,11.0,30.9,74.0,0.9,OFF-02_METER,正常
OFF-03,办公楼,2026-07-11 23:00,28.02,1.28,3.19,7.8,13.7,31.9,80.2,3.5,OFF-03_METER,正常
OFF-04,办公楼,2026-07-11 23:00,27.88,0.92,4.73,7.9,12.7,35.2,73.3,2.6,OFF-04_METER,正常
OFF-05,办公楼,2026-07-11 23:00,30.79,0.94,5.01,6.9,11.7,35.5,83.8,0.8,OFF-05_METER,正常
TEACH-01,教学楼,2026-07-11 23:00,27.46,2.36,5.83,7.4,11.6,34.5,75.0,1.9,TEACH-01_METER,正常
TEACH-02,教学楼,2026-07-11 23:00,18.91,1.83,3.66,8.5,13.9,30.9,81.2,1.9,TEACH-02_METER,正常
TEACH-03,教学楼,2026-07-11 23:00,28.83,1.97,2.93,7.7,12.5,30.2,72.6,1.6,TEACH-03_METER,正常
LIB-01,公共机构,2026-07-11 23:00,24.38,1.96,3.66,6.5,11.9,32.5,79.6,2.0,LIB-01_METER,正常
GYM-01,公共机构,2026-07-11 23:00,28.86,2.19,2.8,7.0,11.6,31.3,68.6,4.6,GYM-01_METER,正常
OFF-01,办公楼,2026-07-12 00:00,14.87,1.09,0.0,6.6,11.4,25.0,67.6,1.6,OFF-01_METER,正常
OFF-02,办公楼,2026-07-12 00:00,21.87,1.11,0.0,7.1,12.7,25.0,65.3,4.7,OFF-02_METER,正常
OFF-03,办公楼,2026-07-12 00:00,18.48,0.96,0.0,5.8,10.0,25.0,60.0,2.1,OFF-03_METER,正常
OFF-04,办公楼,2026-07-12 00:00,25.87,1.07,0.0,7.3,12.6,25.0,63.1,1.4,OFF-04_METER,正常
OFF-05,办公楼,2026-07-12 00:00,8.8,1.41,0.0,6.5,11.9,25.0,67.8,2.5,OFF-05_METER,正常
TEACH-01,教学楼,2026-07-12 00:00,18.72,1.85,0.0,8.1,12.6,25.0,72.2,1.2,TEACH-01_METER,异常
TEACH-02,教学楼,2026-07-12 00:00,13.46,2.26,0.0,6.5,10.4,25.0,76.4,0.5,TEACH-02_METER,正常
TEACH-03,教学楼,2026-07-12 00:00,20.33,1.98,0.34,7.6,11.7,26.5,60.8,0.5,TEACH-03_METER,正常
LIB-01,公共机构,2026-07-12 00:00,27.4,1.75,0.0,6.3,10.9,25.0,65.8,4.4,LIB-01_METER,正常
GYM-01,公共机构,2026-07-12 00:00,37.2,1.54,0.0,7.2,10.9,25.0,70.9,4.3,GYM-01_METER,正常
OFF-01,办公楼,2026-07-12 01:00,16.25,0.91,0.92,7.9,12.6,27.6,64.4,1.4,OFF-01_METER,正常
OFF-02,办公楼,2026-07-12 01:00,29.28,0.94,0.0,6.2,10.2,25.0,66.7,1.7,OFF-02_METER,正常
OFF-03,办公楼,2026-07-12 01:00,25.12,1.45,0.0,6.6,11.2,25.0,64.8,2.6,OFF-03_METER,正常
OFF-04,办公楼,2026-07-12 01:00,23.34,1.03,0.2,6.2,10.7,26.4,65.2,2.3,OFF-04_METER,正常
OFF-05,办公楼,2026-07-12 01:00,19.88,1.27,0.0,6.8,11.7,25.0,72.2,3.6,OFF-05_METER,正常
TEACH-01,教学楼,2026-07-12 01:00,17.57,1.91,0.0,6.6,10.7,25.0,70.2,0.6,TEACH-01_METER,正常
TEACH-02,教学楼,2026-07-12 01:00,23.38,1.87,0.0,7.7,12.4,25.1,61.7,0.1,TEACH-02_METER,正常
TEACH-03,教学楼,2026-07-12 01:00,10.2,1.85,0.0,8.1,11.9,25.0,68.0,2.0,TEACH-03_METER,正常
LIB-01,公共机构,2026-07-12 01:00,32.31,1.73,0.0,6.0,10.4,25.0,62.1,4.9,LIB-01_METER,正常
GYM-01,公共机构,2026-07-12 01:00,21.66,1.9,0.0,6.5,11.5,25.0,58.5,1.9,GYM-01_METER,正常
OFF-01,办公楼,2026-07-12 02:00,20.84,1.0,0.0,7.0,11.9,25.0,62.1,2.8,OFF-01_METER,正常
OFF-02,办公楼,2026-07-12 02:00,32.26,1.34,0.0,7.8,11.8,25.0,65.5,2.7,OFF-02_METER,正常
OFF-03,办公楼,2026-07-12 02:00,24.68,1.05,0.03,7.6,12.1,26.1,60.3,2.2,OFF-03_METER,正常
OFF-04,办公楼,2026-07-12 02:00,15.77,1.15,0.0,6.9,12.1,25.9,62.0,3.1,OFF-04_METER,正常
OFF-05,办公楼,2026-07-12 02:00,33.89,0.91,0.0,7.6,11.7,26.0,62.7,4.8,OFF-05_METER,正常
TEACH-01,教学楼,2026-07-12 02:00,16.41,1.89,0.0,7.7,11.8,25.0,63.1,1.7,TEACH-01_METER,正常
TEACH-02,教学楼,2026-07-12 02:00,27.62,2.75,0.26,7.1,10.5,26.3,69.2,1.6,TEACH-02_METER,正常
TEACH-03,教学楼,2026-07-12 02:00,24.52,1.94,0.0,7.0,11.7,25.1,60.8,1.7,TEACH-03_METER,正常
LIB-01,公共机构,2026-07-12 02:00,34.84,2.25,0.15,6.9,11.4,26.3,56.5,4.2,LIB-01_METER,正常
GYM-01,公共机构,2026-07-12 02:00,33.49,1.78,0.0,7.6,11.3,25.7,65.6,4.8,GYM-01_METER,正常
OFF-01,办公楼,2026-07-12 03:00,25.65,1.06,0.0,7.1,12.0,25.0,66.1,4.7,OFF-01_METER,正常
OFF-02,办公楼,2026-07-12 03:00,15.86,1.04,0.23,5.9,10.2,26.4,67.4,4.0,OFF-02_METER,正常
OFF-03,办公楼,2026-07-12 03:00,23.25,1.05,0.0,5.7,10.0,25.1,74.0,1.5,OFF-03_METER,正常
OFF-04,办公楼,2026-07-12 03:00,22.41,1.35,0.15,7.0,11.3,26.3,66.5,2.1,OFF-04_METER,正常
OFF-05,办公楼,2026-07-12 03:00,23.49,0.92,0.0,6.9,10.3,25.0,71.9,2.7,OFF-05_METER,正常
TEACH-01,教学楼,2026-07-12 03:00,21.89,1.86,0.0,8.6,13.3,25.0,63.7,0.3,TEACH-01_METER,正常
TEACH-02,教学楼,2026-07-12 03:00,23.05,1.89,0.0,6.9,11.8,25.0,71.5,2.0,TEACH-02_METER,正常
TEACH-03,教学楼,2026-07-12 03:00,27.17,1.86,1.78,7.7,10.9,28.4,68.9,0.2,TEACH-03_METER,正常
LIB-01,公共机构,2026-07-12 03:00,30.98,1.91,0.0,5.6,10.2,25.0,61.3,4.9,LIB-01_METER,正常
GYM-01,公共机构,2026-07-12 03:00,17.62,1.66,0.01,8.1,11.7,26.0,58.1,2.8,GYM-01_METER,正常
OFF-01,办公楼,2026-07-12 04:00,19.67,1.1,0.55,7.4,11.9,27.0,64.9,3.1,OFF-01_METER,正常
OFF-02,办公楼,2026-07-12 04:00,25.22,1.75,0.0,6.8,11.4,25.1,62.5,1.8,OFF-02_METER,正常
OFF-03,办公楼,2026-07-12 04:00,28.33,0.96,0.35,6.0,10.0,26.7,69.7,2.4,OFF-03_METER,正常
OFF-04,办公楼,2026-07-12 04:00,28.76,1.0,0.03,8.6,14.2,26.1,69.8,3.1,OFF-04_METER,正常
OFF-05,办公楼,2026-07-12 04:00,30.44,1.09,0.47,7.8,12.0,26.9,72.7,4.4,OFF-05_METER,正常
TEACH-01,教学楼,2026-07-12 04:00,23.37,1.97,0.0,8.1,13.4,26.0,72.9,0.2,TEACH-01_METER,正常
TEACH-02,教学楼,2026-07-12 04:00,12.67,2.51,0.0,7.5,11.5,25.5,71.8,0.7,TEACH-02_METER,正常
TEACH-03,教学楼,2026-07-12 04:00,17.71,2.35,0.2,7.4,12.0,26.3,69.5,1.4,TEACH-03_METER,正常
LIB-01,公共机构,2026-07-12 04:00,30.95,1.52,0.0,7.9,11.2,25.0,63.9,3.8,LIB-01_METER,正常
GYM-01,公共机构,2026-07-12 04:00,20.23,1.6,0.0,7.6,11.8,25.0,66.9,1.9,GYM-01_METER,正常
OFF-01,办公楼,2026-07-12 05:00,28.7,2.59,0.0,6.5,11.7,25.0,68.8,3.9,OFF-01_METER,正常
OFF-02,办公楼,2026-07-12 05:00,25.79,1.6,0.0,5.6,10.0,25.5,68.7,2.9,OFF-02_METER,正常
OFF-03,办公楼,2026-07-12 05:00,19.14,1.55,1.46,5.9,10.3,28.6,72.0,1.5,OFF-03_METER,正常
OFF-04,办公楼,2026-07-12 05:00,15.48,1.13,0.64,6.4,12.0,27.2,70.6,3.1,OFF-04_METER,正常
OFF-05,办公楼,2026-07-12 05:00,21.68,1.45,0.57,6.1,10.8,27.1,73.2,4.0,OFF-05_METER,正常
TEACH-01,教学楼,2026-07-12 05:00,18.75,2.17,0.0,8.0,13.3,25.0,67.1,2.0,TEACH-01_METER,正常
TEACH-02,教学楼,2026-07-12 05:00,27.12,1.87,1.23,7.3,12.0,27.8,74.4,1.2,TEACH-02_METER,正常
TEACH-03,教学楼,2026-07-12 05:00,19.55,2.03,0.39,6.8,11.9,26.5,81.8,0.4,TEACH-03_METER,正常
LIB-01,公共机构,2026-07-12 05:00,33.29,1.59,1.79,7.1,11.2,29.2,72.9,0.7,LIB-01_METER,正常
GYM-01,公共机构,2026-07-12 05:00,37.29,1.79,0.0,6.5,11.2,25.0,68.0,3.5,GYM-01_METER,正常
OFF-01,办公楼,2026-07-12 06:00,26.18,0.95,1.15,6.3,10.0,28.1,70.9,3.5,OFF-01_METER,正常
OFF-02,办公楼,2026-07-12 06:00,26.78,1.08,1.2,7.4,12.0,28.2,79.6,1.4,OFF-02_METER,正常
OFF-03,办公楼,2026-07-12 06:00,27.61,1.34,0.46,6.8,11.7,26.9,57.2,3.5,OFF-03_METER,正常
OFF-04,办公楼,2026-07-12 06:00,23.83,0.98,1.14,7.5,12.4,28.2,62.6,3.3,OFF-04_METER,正常
OFF-05,办公楼,2026-07-12 06:00,18.08,0.94,0.13,7.6,11.4,26.2,58.5,0.9,OFF-05_METER,正常
TEACH-01,教学楼,2026-07-12 06:00,18.38,2.24,2.93,8.4,13.2,30.1,82.2,1.5,TEACH-01_METER,正常
TEACH-02,教学楼,2026-07-12 06:00,12.25,1.95,0.54,7.5,12.4,26.8,66.6,1.1,TEACH-02_METER,正常
TEACH-03,教学楼,2026-07-12 06:00,17.19,2.8,0.01,6.1,10.3,26.0,59.9,0.9,TEACH-03_METER,正常
LIB-01,公共机构,2026-07-12 06:00,24.35,1.65,1.24,7.7,12.2,28.2,76.5,2.4,LIB-01_METER,正常
GYM-01,公共机构,2026-07-12 06:00,30.41,1.57,0.0,6.3,10.0,25.7,70.4,4.6,GYM-01_METER,正常
OFF-01,办公楼,2026-07-12 07:00,24.04,1.0,2.02,7.6,10.8,29.7,72.2,1.1,OFF-01_METER,异常
OFF-02,办公楼,2026-07-12 07:00,20.2,1.15,1.18,9.0,14.2,28.3,70.2,1.7,OFF-02_METER,正常
OFF-03,办公楼,2026-07-12 07:00,21.66,0.96,2.33,7.0,11.1,30.1,86.4,1.0,OFF-03_METER,正常
OFF-04,办公楼,2026-07-12 07:00,31.22,1.1,0.99,7.3,10.1,27.9,60.4,2.9,OFF-04_METER,正常
OFF-05,办公楼,2026-07-12 07:00,25.77,0.98,2.16,6.5,10.5,29.9,71.7,1.7,OFF-05_METER,正常
TEACH-01,教学楼,2026-07-12 07:00,16.36,1.86,1.44,7.7,11.9,28.1,73.7,1.9,TEACH-01_METER,正常
TEACH-02,教学楼,2026-07-12 07:00,11.03,2.25,2.11,6.4,11.1,29.0,66.3,1.9,TEACH-02_METER,正常
TEACH-03,教学楼,2026-07-12 07:00,14.63,2.07,2.32,8.0,11.8,29.3,74.0,0.2,TEACH-03_METER,正常
LIB-01,公共机构,2026-07-12 07:00,40.45,1.62,0.37,6.8,11.7,26.7,64.5,3.9,LIB-01_METER,正常
GYM-01,公共机构,2026-07-12 07:00,25.4,1.79,1.86,6.4,10.4,29.4,70.1,1.7,GYM-01_METER,正常
OFF-01,办公楼,2026-07-12 08:00,30.45,1.62,1.1,7.5,12.1,28.0,71.2,3.9,OFF-01_METER,正常
OFF-02,办公楼,2026-07-12 08:00,32.38,1.23,3.14,6.1,11.0,31.8,81.1,0.9,OFF-02_METER,正常
OFF-03,办公楼,2026-07-12 08:00,28.74,0.94,1.13,7.0,11.1,28.2,68.7,1.5,OFF-03_METER,正常
OFF-04,办公楼,2026-07-12 08:00,23.22,1.14,1.47,7.4,11.8,28.9,66.1,1.0,OFF-04_METER,正常
OFF-05,办公楼,2026-07-12 08:00,31.32,1.03,1.56,8.5,12.7,29.1,67.0,2.3,OFF-05_METER,正常
TEACH-01,教学楼,2026-07-12 08:00,11.82,1.9,0.0,7.7,12.1,25.9,58.9,0.8,TEACH-01_METER,正常
TEACH-02,教学楼,2026-07-12 08:00,13.38,1.81,4.01,7.2,11.8,31.9,89.4,1.1,TEACH-02_METER,正常
TEACH-03,教学楼,2026-07-12 08:00,14.07,2.11,2.58,6.3,10.3,29.6,64.4,1.8,TEACH-03_METER,正常
LIB-01,公共机构,2026-07-12 08:00,38.52,1.76,2.61,6.1,11.9,30.7,77.4,2.0,LIB-01_METER,正常
GYM-01,公共机构,2026-07-12 08:00,28.78,1.71,2.52,6.9,12.1,30.9,70.6,3.9,GYM-01_METER,正常
OFF-01,办公楼,2026-07-12 09:00,23.5,1.43,2.84,6.1,10.0,31.1,74.5,3.1,OFF-01_METER,正常
OFF-02,办公楼,2026-07-12 09:00,17.64,1.07,1.93,8.1,10.7,29.4,72.7,0.6,OFF-02_METER,正常
OFF-03,办公楼,2026-07-12 09:00,27.61,1.31,2.08,7.1,12.5,29.8,75.2,3.5,OFF-03_METER,正常
OFF-04,办公楼,2026-07-12 09:00,23.32,1.11,1.34,6.9,11.8,28.4,79.8,3.8,OFF-04_METER,正常
OFF-05,办公楼,2026-07-12 09:00,30.08,1.02,1.48,6.8,11.5,28.8,67.1,3.5,OFF-05_METER,正常
TEACH-01,教学楼,2026-07-12 09:00,19.99,2.05,4.45,7.8,11.8,31.9,71.8,1.6,TEACH-01_METER,正常
TEACH-02,教学楼,2026-07-12 09:00,21.12,2.0,2.84,7.4,11.9,30.1,80.2,1.9,TEACH-02_METER,正常
TEACH-03,教学楼,2026-07-12 09:00,21.0,1.86,3.84,7.9,11.4,31.2,70.8,0.5,TEACH-03_METER,正常
LIB-01,公共机构,2026-07-12 09:00,79.68,1.59,4.04,7.2,12.6,33.2,70.0,1.5,LIB-01_METER,正常
GYM-01,公共机构,2026-07-12 09:00,79.0,2.11,2.24,5.6,10.0,30.1,75.3,3.3,GYM-01_METER,正常
OFF-01,办公楼,2026-07-12 10:00,26.26,1.0,2.1,7.0,11.5,29.8,73.7,3.6,OFF-01_METER,正常
OFF-02,办公楼,2026-07-12 10:00,20.73,1.31,1.17,6.1,10.1,28.1,72.1,4.7,OFF-02_METER,正常
OFF-03,办公楼,2026-07-12 10:00,18.17,1.02,1.65,7.3,11.5,29.1,70.6,2.3,OFF-03_METER,正常
OFF-04,办公楼,2026-07-12 10:00,24.2,0.92,3.82,6.8,11.1,32.7,67.5,3.8,OFF-04_METER,正常
OFF-05,办公楼,2026-07-12 10:00,24.45,1.26,1.78,6.1,11.1,29.3,69.3,2.0,OFF-05_METER,异常
TEACH-01,教学楼,2026-07-12 10:00,29.9,2.36,3.91,6.4,11.3,31.5,82.6,0.1,TEACH-01_METER,正常
TEACH-02,教学楼,2026-07-12 10:00,25.02,1.84,3.01,6.9,10.7,30.4,74.3,0.8,TEACH-02_METER,正常
TEACH-03,教学楼,2026-07-12 10:00,23.65,2.12,5.02,6.5,10.7,33.0,76.1,1.3,TEACH-03_METER,正常
LIB-01,公共机构,2026-07-12 10:00,61.77,1.99,3.24,7.4,11.5,32.0,67.3,5.0,LIB-01_METER,正常
GYM-01,公共机构,2026-07-12 10:00,66.52,1.69,3.96,6.2,10.2,33.1,85.3,2.9,GYM-01_METER,正常
OFF-01,办公楼,2026-07-12 11:00,26.44,0.98,1.13,7.7,12.0,28.0,67.2,0.5,OFF-01_METER,正常
OFF-02,办公楼,2026-07-12 11:00,34.8,0.95,3.07,7.2,11.5,31.7,73.0,2.6,OFF-02_METER,正常
OFF-03,办公楼,2026-07-12 11:00,27.99,1.18,3.39,7.1,12.1,32.4,81.4,1.6,OFF-03_METER,正常
OFF-04,办公楼,2026-07-12 11:00,36.28,0.98,2.57,7.6,13.2,30.7,70.5,1.5,OFF-04_METER,正常
OFF-05,办公楼,2026-07-12 11:00,24.94,1.66,4.31,8.3,13.4,33.9,78.3,4.9,OFF-05_METER,正常
TEACH-01,教学楼,2026-07-12 11:00,21.5,2.12,4.12,6.6,11.2,31.9,76.2,1.3,TEACH-01_METER,正常
TEACH-02,教学楼,2026-07-12 11:00,32.8,2.13,6.76,8.4,14.0,35.0,72.8,1.6,TEACH-02_METER,正常
TEACH-03,教学楼,2026-07-12 11:00,15.81,1.94,1.21,7.3,12.1,27.6,67.2,0.4,TEACH-03_METER,正常
LIB-01,公共机构,2026-07-12 11:00,87.63,1.6,3.98,7.6,12.4,33.1,85.3,4.6,LIB-01_METER,正常
GYM-01,公共机构,2026-07-12 11:00,54.91,1.93,2.73,6.9,10.5,31.0,73.5,2.9,GYM-01_METER,正常
OFF-01,办公楼,2026-07-12 12:00,19.91,0.91,4.43,6.1,10.1,34.5,81.3,3.8,OFF-01_METER,正常
OFF-02,办公楼,2026-07-12 12:00,31.11,1.05,3.28,7.0,11.9,31.8,59.5,0.8,OFF-02_METER,正常
OFF-03,办公楼,2026-07-12 12:00,21.1,0.93,2.71,6.8,10.6,30.9,77.0,3.7,OFF-03_METER,正常
OFF-04,办公楼,2026-07-12 12:00,33.64,1.27,4.0,6.9,10.9,33.1,78.4,2.1,OFF-04_METER,正常
OFF-05,办公楼,2026-07-12 12:00,29.61,1.65,3.08,7.2,11.5,31.7,69.2,0.9,OFF-05_METER,正常
TEACH-01,教学楼,2026-07-12 12:00,16.77,2.3,5.32,6.5,10.0,33.5,74.1,1.7,TEACH-01_METER,正常
TEACH-02,教学楼,2026-07-12 12:00,26.42,1.99,7.03,7.9,11.9,35.8,70.4,1.6,TEACH-02_METER,正常
TEACH-03,教学楼,2026-07-12 12:00,19.06,2.2,3.48,7.8,11.6,30.7,71.1,1.6,TEACH-03_METER,正常
LIB-01,公共机构,2026-07-12 12:00,104.1,1.78,3.91,6.2,10.5,33.1,74.6,1.7,LIB-01_METER,正常
GYM-01,公共机构,2026-07-12 12:00,66.44,2.15,2.59,7.6,11.8,30.7,66.2,4.1,GYM-01_METER,正常
OFF-01,办公楼,2026-07-12 13:00,26.09,1.27,4.44,6.8,11.5,34.2,81.0,3.7,OFF-01_METER,正常
OFF-02,办公楼,2026-07-12 13:00,17.56,1.12,4.35,7.7,11.3,33.7,84.0,4.8,OFF-02_METER,正常
OFF-03,办公楼,2026-07-12 13:00,29.99,0.94,4.99,7.8,13.1,35.1,82.9,3.8,OFF-03_METER,正常
OFF-04,办公楼,2026-07-12 13:00,23.28,0.9,3.27,7.1,11.2,32.1,70.9,3.8,OFF-04_METER,正常
OFF-05,办公楼,2026-07-12 13:00,23.3,1.47,3.99,6.4,10.3,33.5,75.6,4.2,OFF-05_METER,正常
TEACH-01,教学楼,2026-07-12 13:00,24.75,1.92,3.9,5.7,10.4,31.7,65.1,0.4,TEACH-01_METER,正常
TEACH-02,教学楼,2026-07-12 13:00,14.26,2.05,4.0,7.0,11.8,31.3,67.5,0.4,TEACH-02_METER,正常
TEACH-03,教学楼,2026-07-12 13:00,25.88,2.02,3.25,7.0,11.8,30.6,76.4,1.0,TEACH-03_METER,正常
LIB-01,公共机构,2026-07-12 13:00,82.3,1.71,4.75,6.4,10.7,34.6,69.1,4.0,LIB-01_METER,正常
GYM-01,公共机构,2026-07-12 13:00,101.6,1.64,3.12,7.1,11.4,31.5,70.0,4.2,GYM-01_METER,正常
OFF-01,办公楼,2026-07-12 14:00,25.51,1.43,3.78,7.3,11.2,33.1,83.6,2.1,OFF-01_METER,正常
OFF-02,办公楼,2026-07-12 14:00,22.36,0.91,3.68,6.6,11.5,32.5,76.7,0.8,OFF-02_METER,正常
OFF-03,办公楼,2026-07-12 14:00,28.72,1.59,3.56,6.4,11.4,32.4,76.7,2.8,OFF-03_METER,正常
OFF-04,办公楼,2026-07-12 14:00,39.11,1.41,4.83,6.5,11.1,35.3,87.2,1.6,OFF-04_METER,正常
OFF-05,办公楼,2026-07-12 14:00,28.87,0.97,5.36,6.2,10.7,35.6,79.9,3.2,OFF-05_METER,正常
TEACH-01,教学楼,2026-07-12 14:00,16.43,2.53,5.5,5.8,10.0,33.4,72.5,0.6,TEACH-01_METER,正常
TEACH-02,教学楼,2026-07-12 14:00,22.3,2.04,2.68,7.3,11.9,29.6,67.1,1.9,TEACH-02_METER,正常
TEACH-03,教学楼,2026-07-12 14:00,15.04,1.99,4.65,7.1,12.3,32.4,77.9,1.3,TEACH-03_METER,正常
LIB-01,公共机构,2026-07-12 14:00,93.76,1.98,3.78,6.9,11.6,33.1,79.7,3.4,LIB-01_METER,正常
GYM-01,公共机构,2026-07-12 14:00,54.06,1.53,2.84,5.4,10.0,31.0,80.2,0.8,GYM-01_METER,正常
OFF-01,办公楼,2026-07-12 15:00,30.04,1.08,3.65,7.9,13.1,32.8,68.7,3.7,OFF-01_METER,正常
OFF-02,办公楼,2026-07-12 15:00,29.38,2.08,3.77,7.3,11.9,32.7,78.9,2.0,OFF-02_METER,正常
OFF-03,办公楼,2026-07-12 15:00,34.06,1.01,3.92,7.7,12.5,33.7,77.9,1.1,OFF-03_METER,正常
OFF-04,办公楼,2026-07-12 15:00,28.72,1.34,4.53,6.3,11.3,34.4,79.4,0.9,OFF-04_METER,正常
OFF-05,办公楼,2026-07-12 15:00,30.02,1.91,5.13,6.7,11.1,35.3,70.6,1.8,OFF-05_METER,正常
TEACH-01,教学楼,2026-07-12 15:00,19.86,1.82,5.95,7.9,12.4,34.5,74.4,1.5,TEACH-01_METER,正常
TEACH-02,教学楼,2026-07-12 15:00,30.82,2.03,6.24,7.9,12.1,34.4,73.3,1.3,TEACH-02_METER,正常
TEACH-03,教学楼,2026-07-12 15:00,20.99,1.94,5.78,7.1,11.4,33.6,77.7,1.9,TEACH-03_METER,正常
LIB-01,公共机构,2026-07-12 15:00,71.33,1.76,4.39,6.5,10.6,34.5,81.0,1.3,LIB-01_METER,正常
GYM-01,公共机构,2026-07-12 15:00,86.41,1.56,4.26,7.3,11.6,33.6,79.8,0.8,GYM-01_METER,正常
OFF-01,办公楼,2026-07-12 16:00,33.99,0.99,4.17,7.3,11.2,33.6,65.8,2.0,OFF-01_METER,正常
OFF-02,办公楼,2026-07-12 16:00,27.56,1.2,3.35,6.2,10.1,32.3,70.7,3.9,OFF-02_METER,正常
OFF-03,办公楼,2026-07-12 16:00,33.01,1.12,4.69,7.5,11.7,34.7,80.1,0.9,OFF-03_METER,正常
OFF-04,办公楼,2026-07-12 16:00,31.82,1.58,4.97,6.3,10.0,34.8,78.6,1.0,OFF-04_METER,正常
OFF-05,办公楼,2026-07-12 16:00,28.43,1.16,4.63,9.6,14.2,34.5,77.7,0.7,OFF-05_METER,正常
TEACH-01,教学楼,2026-07-12 16:00,23.47,1.93,3.71,5.2,10.2,31.3,70.4,1.3,TEACH-01_METER,正常
TEACH-02,教学楼,2026-07-12 16:00,17.13,2.21,5.1,6.3,11.2,33.5,73.8,1.3,TEACH-02_METER,正常
TEACH-03,教学楼,2026-07-12 16:00,29.53,1.98,7.17,7.7,12.3,36.0,74.9,0.9,TEACH-03_METER,正常
LIB-01,公共机构,2026-07-12 16:00,102.93,2.83,3.72,6.3,10.0,33.0,81.1,4.8,LIB-01_METER,正常
GYM-01,公共机构,2026-07-12 16:00,71.46,1.54,4.99,6.8,11.3,35.0,75.5,3.7,GYM-01_METER,正常
OFF-01,办公楼,2026-07-12 17:00,32.21,0.93,5.05,5.8,10.0,35.3,82.0,1.1,OFF-01_METER,正常
OFF-02,办公楼,2026-07-12 17:00,15.99,1.38,3.96,7.4,12.0,33.0,74.9,2.4,OFF-02_METER,正常
OFF-03,办公楼,2026-07-12 17:00,19.14,0.93,3.9,8.1,13.4,33.2,72.6,1.8,OFF-03_METER,正常
OFF-04,办公楼,2026-07-12 17:00,31.34,1.22,5.38,7.2,10.3,36.0,76.0,1.8,OFF-04_METER,正常
OFF-05,办公楼,2026-07-12 17:00,25.14,0.95,3.11,5.8,10.0,32.0,72.9,3.9,OFF-05_METER,正常
TEACH-01,教学楼,2026-07-12 17:00,17.09,1.99,6.55,5.8,10.8,35.2,75.4,1.6,TEACH-01_METER,正常
TEACH-02,教学楼,2026-07-12 17:00,22.62,1.95,6.37,7.0,12.2,34.6,76.8,0.5,TEACH-02_METER,正常
TEACH-03,教学楼,2026-07-12 17:00,32.94,2.37,5.84,7.9,11.6,34.3,85.8,0.5,TEACH-03_METER,正常
LIB-01,公共机构,2026-07-12 17:00,70.4,1.55,3.56,6.8,10.3,32.5,77.0,5.0,LIB-01_METER,正常
GYM-01,公共机构,2026-07-12 17:00,81.86,1.54,4.39,7.6,12.5,33.7,80.9,2.3,GYM-01_METER,正常
OFF-01,办公楼,2026-07-12 18:00,26.96,1.25,4.25,7.4,12.0,34.1,71.0,4.8,OFF-01_METER,正常
OFF-02,办公楼,2026-07-12 18:00,35.5,1.67,4.47,6.8,11.7,34.5,80.9,1.2,OFF-02_METER,正常
OFF-03,办公楼,2026-07-12 18:00,27.09,1.18,4.14,7.6,11.6,34.0,79.9,0.9,OFF-03_METER,正常
OFF-04,办公楼,2026-07-12 18:00,27.81,0.94,5.38,5.2,10.0,36.0,88.6,1.4,OFF-04_METER,正常
OFF-05,办公楼,2026-07-12 18:00,29.19,1.34,4.21,6.2,10.5,33.8,75.2,2.4,OFF-05_METER,正常
TEACH-01,教学楼,2026-07-12 18:00,20.14,1.99,6.88,7.1,11.3,36.0,82.4,1.9,TEACH-01_METER,正常
TEACH-02,教学楼,2026-07-12 18:00,16.22,1.96,7.16,5.5,10.3,36.0,75.8,0.6,TEACH-02_METER,正常
TEACH-03,教学楼,2026-07-12 18:00,22.45,1.93,7.44,7.0,11.2,36.0,79.8,1.5,TEACH-03_METER,正常
LIB-01,公共机构,2026-07-12 18:00,99.52,1.69,4.79,7.2,12.0,35.3,83.6,4.3,LIB-01_METER,正常
GYM-01,公共机构,2026-07-12 18:00,111.88,1.71,3.25,7.1,12.0,32.4,75.9,4.0,GYM-01_METER,正常
OFF-01,办公楼,2026-07-12 19:00,24.23,0.99,4.11,6.0,10.0,33.7,78.8,1.3,OFF-01_METER,正常
OFF-02,办公楼,2026-07-12 19:00,25.45,1.18,4.33,7.0,11.3,34.1,76.2,4.4,OFF-02_METER,正常
OFF-03,办公楼,2026-07-12 19:00,24.55,1.04,4.83,7.1,11.4,34.7,73.7,3.8,OFF-03_METER,正常
OFF-04,办公楼,2026-07-12 19:00,25.88,1.63,3.79,6.4,10.8,33.3,77.5,1.9,OFF-04_METER,正常
OFF-05,办公楼,2026-07-12 19:00,30.23,0.93,5.38,6.7,10.1,35.9,78.7,3.2,OFF-05_METER,正常
TEACH-01,教学楼,2026-07-12 19:00,25.91,1.81,5.51,6.5,10.4,33.6,82.7,1.8,TEACH-01_METER,正常
TEACH-02,教学楼,2026-07-12 19:00,29.46,1.95,6.79,7.1,11.9,34.9,76.3,1.5,TEACH-02_METER,正常
TEACH-03,教学楼,2026-07-12 19:00,31.7,2.55,7.0,7.9,12.8,36.0,75.3,0.1,TEACH-03_METER,正常
LIB-01,公共机构,2026-07-12 19:00,56.78,1.7,4.25,8.3,13.3,33.5,83.9,4.1,LIB-01_METER,正常
GYM-01,公共机构,2026-07-12 19:00,67.62,1.76,3.37,6.9,11.4,32.2,80.5,3.5,GYM-01_METER,正常
OFF-01,办公楼,2026-07-12 20:00,25.89,1.0,3.81,6.4,10.2,33.3,71.6,4.8,OFF-01_METER,正常
OFF-02,办公楼,2026-07-12 20:00,17.21,1.06,5.15,5.1,10.0,36.0,75.5,3.3,OFF-02_METER,正常
OFF-03,办公楼,2026-07-12 20:00,30.71,1.1,3.9,7.3,11.7,33.2,87.8,3.4,OFF-03_METER,正常
OFF-04,办公楼,2026-07-12 20:00,19.54,2.02,3.29,8.8,13.0,32.0,77.6,3.7,OFF-04_METER,正常
OFF-05,办公楼,2026-07-12 20:00,20.13,1.01,4.29,6.9,10.6,33.7,81.5,1.6,OFF-05_METER,正常
TEACH-01,教学楼,2026-07-12 20:00,24.4,2.12,5.65,5.9,10.7,33.7,77.6,1.2,TEACH-01_METER,正常
TEACH-02,教学楼,2026-07-12 20:00,28.26,2.43,6.36,7.2,11.8,34.5,75.9,0.8,TEACH-02_METER,正常
TEACH-03,教学楼,2026-07-12 20:00,19.15,2.2,4.51,6.9,10.7,32.0,80.3,0.9,TEACH-03_METER,正常
LIB-01,公共机构,2026-07-12 20:00,64.75,1.78,3.03,7.4,12.3,31.8,71.5,4.8,LIB-01_METER,正常
GYM-01,公共机构,2026-07-12 20:00,91.99,1.58,4.39,6.9,11.5,34.2,78.5,2.4,GYM-01_METER,正常
OFF-01,办公楼,2026-07-12 21:00,18.83,1.0,3.31,6.9,10.8,32.0,76.3,4.2,OFF-01_METER,正常
OFF-02,办公楼,2026-07-12 21:00,28.1,1.11,4.23,6.5,11.3,33.6,69.8,3.8,OFF-02_METER,正常
OFF-03,办公楼,2026-07-12 21:00,29.28,1.09,4.45,6.7,12.1,34.0,81.1,2.7,OFF-03_METER,正常
OFF-04,办公楼,2026-07-12 21:00,19.42,1.14,3.85,5.6,10.7,33.2,72.6,3.6,OFF-04_METER,正常
OFF-05,办公楼,2026-07-12 21:00,16.76,0.97,1.63,5.8,10.0,29.0,70.7,1.5,OFF-05_METER,正常
TEACH-01,教学楼,2026-07-12 21:00,30.19,2.02,4.44,5.8,11.3,32.2,79.0,1.5,TEACH-01_METER,正常
TEACH-02,教学楼,2026-07-12 21:00,26.73,1.81,5.37,6.7,10.4,33.7,74.1,0.1,TEACH-02_METER,正常
TEACH-03,教学楼,2026-07-12 21:00,20.69,2.14,5.23,7.3,11.8,33.1,76.8,2.0,TEACH-03_METER,正常
LIB-01,公共机构,2026-07-12 21:00,92.51,2.01,4.3,7.0,11.5,34.0,74.1,3.5,LIB-01_METER,正常
GYM-01,公共机构,2026-07-12 21:00,76.82,2.04,4.13,6.8,12.4,34.0,83.2,2.3,GYM-01_METER,异常
OFF-01,办公楼,2026-07-12 22:00,25.79,1.8,3.86,8.4,12.9,33.2,74.7,2.1,OFF-01_METER,正常
OFF-02,办公楼,2026-07-12 22:00,32.58,1.67,4.3,6.1,10.0,33.8,72.3,4.9,OFF-02_METER,正常
OFF-03,办公楼,2026-07-12 22:00,26.95,1.34,5.35,8.0,12.5,35.9,76.4,3.3,OFF-03_METER,正常
OFF-04,办公楼,2026-07-12 22:00,21.93,1.13,3.81,6.9,10.9,33.0,87.7,3.3,OFF-04_METER,正常
OFF-05,办公楼,2026-07-12 22:00,28.56,0.91,3.32,6.9,12.0,32.1,74.6,1.1,OFF-05_METER,正常
TEACH-01,教学楼,2026-07-12 22:00,21.52,2.29,5.34,7.1,11.7,33.8,83.2,1.6,TEACH-01_METER,正常
TEACH-02,教学楼,2026-07-12 22:00,14.24,2.74,6.6,7.8,13.0,35.0,80.7,1.8,TEACH-02_METER,正常
TEACH-03,教学楼,2026-07-12 22:00,26.83,2.06,7.23,5.7,10.5,35.8,77.7,0.5,TEACH-03_METER,正常
LIB-01,公共机构,2026-07-12 22:00,26.46,1.82,2.93,7.1,11.3,31.3,65.0,3.0,LIB-01_METER,正常
GYM-01,公共机构,2026-07-12 22:00,40.96,1.78,3.77,8.3,14.2,33.0,78.5,0.9,GYM-01_METER,正常
OFF-01,办公楼,2026-07-12 23:00,34.45,1.25,3.52,6.8,11.0,32.6,70.7,3.3,OFF-01_METER,正常
OFF-02,办公楼,2026-07-12 23:00,21.85,1.65,2.52,7.5,11.3,30.8,65.6,2.8,OFF-02_METER,正常
OFF-03,办公楼,2026-07-12 23:00,9.38,1.6,3.28,7.1,12.3,31.9,71.9,4.1,OFF-03_METER,正常
OFF-04,办公楼,2026-07-12 23:00,35.36,1.17,3.9,5.9,10.4,33.3,75.1,4.1,OFF-04_METER,正常
OFF-05,办公楼,2026-07-12 23:00,31.47,1.28,4.49,7.2,12.4,34.6,91.8,4.5,OFF-05_METER,正常
TEACH-01,教学楼,2026-07-12 23:00,20.73,1.91,4.07,5.7,10.2,31.8,73.6,0.2,TEACH-01_METER,正常
TEACH-02,教学楼,2026-07-12 23:00,31.85,3.11,7.08,7.3,10.7,36.0,81.6,1.5,TEACH-02_METER,正常
TEACH-03,教学楼,2026-07-12 23:00,28.4,1.88,4.44,6.6,12.7,32.2,70.4,0.4,TEACH-03_METER,正常
LIB-01,公共机构,2026-07-12 23:00,32.01,1.5,2.57,8.3,12.5,30.9,63.7,0.6,LIB-01_METER,正常
GYM-01,公共机构,2026-07-12 23:00,20.41,1.59,2.14,7.8,12.2,30.1,67.3,4.9,GYM-01_METER,正常
OFF-01,办公楼,2026-07-13 00:00,22.8,1.0,0.0,7.0,11.5,25.0,62.5,1.5,OFF-01_METER,正常
OFF-02,办公楼,2026-07-13 00:00,24.63,0.92,0.0,5.9,10.3,25.8,62.9,3.2,OFF-02_METER,正常
OFF-03,办公楼,2026-07-13 00:00,37.31,1.21,0.0,6.7,12.3,25.0,64.7,2.8,OFF-03_METER,正常
OFF-04,办公楼,2026-07-13 00:00,15.37,1.32,0.0,6.3,10.6,25.0,57.5,0.5,OFF-04_METER,正常
OFF-05,办公楼,2026-07-13 00:00,25.1,0.99,0.0,6.7,12.5,25.0,79.7,4.4,OFF-05_METER,正常
TEACH-01,教学楼,2026-07-13 00:00,12.73,1.88,0.0,6.5,11.6,25.0,63.1,1.5,TEACH-01_METER,正常
TEACH-02,教学楼,2026-07-13 00:00,20.82,2.02,0.0,7.2,12.2,25.0,64.6,0.1,TEACH-02_METER,正常
TEACH-03,教学楼,2026-07-13 00:00,16.91,2.21,0.0,7.1,10.0,25.4,65.7,1.5,TEACH-03_METER,正常
LIB-01,公共机构,2026-07-13 00:00,27.75,1.79,0.0,7.1,11.0,25.0,59.3,2.6,LIB-01_METER,正常
GYM-01,公共机构,2026-07-13 00:00,34.88,1.59,0.0,6.8,11.2,25.0,59.7,0.5,GYM-01_METER,正常
OFF-01,办公楼,2026-07-13 01:00,21.28,0.9,0.0,6.0,10.4,25.0,60.9,4.9,OFF-01_METER,异常
OFF-02,办公楼,2026-07-13 01:00,24.61,1.03,0.65,6.0,11.6,27.1,69.7,2.1,OFF-02_METER,正常
OFF-03,办公楼,2026-07-13 01:00,19.36,1.08,0.0,7.2,12.5,25.0,68.8,0.7,OFF-03_METER,正常
OFF-04,办公楼,2026-07-13 01:00,23.18,1.32,0.0,8.0,13.7,25.0,55.0,0.7,OFF-04_METER,正常
OFF-05,办公楼,2026-07-13 01:00,27.64,0.93,0.0,6.8,10.9,25.0,64.1,2.0,OFF-05_METER,正常
TEACH-01,教学楼,2026-07-13 01:00,14.97,2.13,0.0,7.8,10.5,25.4,72.7,0.3,TEACH-01_METER,正常
TEACH-02,教学楼,2026-07-13 01:00,21.63,1.99,0.0,6.3,10.5,25.0,70.0,0.8,TEACH-02_METER,正常
TEACH-03,教学楼,2026-07-13 01:00,19.25,1.96,0.0,7.0,12.9,25.0,65.1,0.0,TEACH-03_METER,正常
LIB-01,公共机构,2026-07-13 01:00,33.57,1.84,0.0,7.1,12.3,25.0,65.4,2.2,LIB-01_METER,正常
GYM-01,公共机构,2026-07-13 01:00,36.55,1.55,0.0,7.7,11.1,25.0,71.8,2.1,GYM-01_METER,正常
OFF-01,办公楼,2026-07-13 02:00,31.38,0.97,0.0,7.3,11.5,25.0,58.7,4.5,OFF-01_METER,正常
OFF-02,办公楼,2026-07-13 02:00,22.8,0.91,0.2,7.3,11.4,26.4,71.5,1.5,OFF-02_METER,正常
OFF-03,办公楼,2026-07-13 02:00,20.65,0.95,0.8,6.3,11.7,27.4,58.7,3.3,OFF-03_METER,正常
OFF-04,办公楼,2026-07-13 02:00,27.47,1.1,0.0,6.6,11.3,25.8,73.1,2.4,OFF-04_METER,正常
OFF-05,办公楼,2026-07-13 02:00,27.6,1.52,0.0,6.9,10.8,25.3,67.8,4.2,OFF-05_METER,正常
TEACH-01,教学楼,2026-07-13 02:00,7.81,1.89,0.0,8.4,11.6,25.0,59.8,1.6,TEACH-01_METER,正常
TEACH-02,教学楼,2026-07-13 02:00,13.69,1.95,0.58,7.3,11.2,26.8,60.1,0.4,TEACH-02_METER,正常
TEACH-03,教学楼,2026-07-13 02:00,23.53,1.91,0.45,8.2,13.2,26.6,62.7,0.9,TEACH-03_METER,正常
LIB-01,公共机构,2026-07-13 02:00,23.53,1.67,0.0,7.3,12.2,25.0,60.9,2.0,LIB-01_METER,正常
GYM-01,公共机构,2026-07-13 02:00,32.81,1.84,0.0,7.0,11.8,25.7,69.2,1.8,GYM-01_METER,正常
OFF-01,办公楼,2026-07-13 03:00,30.08,1.33,0.24,7.1,11.5,26.4,71.0,0.7,OFF-01_METER,正常
OFF-02,办公楼,2026-07-13 03:00,23.22,1.09,0.0,6.7,10.0,26.0,69.3,4.4,OFF-02_METER,正常
OFF-03,办公楼,2026-07-13 03:00,23.14,1.04,0.55,6.1,10.0,27.0,64.8,0.7,OFF-03_METER,正常
OFF-04,办公楼,2026-07-13 03:00,26.28,1.28,0.0,7.2,12.2,25.0,62.4,1.1,OFF-04_METER,正常
OFF-05,办公楼,2026-07-13 03:00,15.45,1.47,0.25,5.2,10.7,26.5,63.0,2.7,OFF-05_METER,正常
TEACH-01,教学楼,2026-07-13 03:00,19.59,2.03,0.48,6.5,12.8,26.6,72.1,0.7,TEACH-01_METER,正常
TEACH-02,教学楼,2026-07-13 03:00,27.58,1.84,0.56,5.9,10.5,26.7,56.4,0.4,TEACH-02_METER,正常
TEACH-03,教学楼,2026-07-13 03:00,23.1,2.26,0.26,7.2,12.5,26.4,62.7,0.2,TEACH-03_METER,正常
LIB-01,公共机构,2026-07-13 03:00,32.75,1.63,0.0,8.3,11.8,25.0,69.9,1.6,LIB-01_METER,正常
GYM-01,公共机构,2026-07-13 03:00,24.43,1.54,0.35,7.2,12.2,26.7,68.4,2.7,GYM-01_METER,正常
OFF-01,办公楼,2026-07-13 04:00,13.5,1.15,0.0,8.6,12.4,25.7,60.5,4.9,OFF-01_METER,正常
OFF-02,办公楼,2026-07-13 04:00,26.11,0.95,0.32,8.2,11.3,26.6,64.9,1.1,OFF-02_METER,正常
OFF-03,办公楼,2026-07-13 04:00,29.93,0.94,1.89,6.9,11.3,29.3,67.9,4.1,OFF-03_METER,正常
OFF-04,办公楼,2026-07-13 04:00,21.16,1.66,0.71,8.6,12.4,27.4,68.5,0.9,OFF-04_METER,正常
OFF-05,办公楼,2026-07-13 04:00,17.07,0.98,1.14,8.2,11.5,28.2,70.3,0.8,OFF-05_METER,正常
TEACH-01,教学楼,2026-07-13 04:00,15.84,1.87,0.0,6.8,12.2,25.0,65.8,0.2,TEACH-01_METER,正常
TEACH-02,教学楼,2026-07-13 04:00,24.92,2.54,0.0,8.2,13.7,25.6,64.3,0.2,TEACH-02_METER,正常
TEACH-03,教学楼,2026-07-13 04:00,11.36,1.87,0.99,7.5,11.8,27.4,74.2,1.9,TEACH-03_METER,正常
LIB-01,公共机构,2026-07-13 04:00,36.89,1.8,0.53,6.0,10.1,26.9,70.3,1.4,LIB-01_METER,正常
GYM-01,公共机构,2026-07-13 04:00,26.65,1.81,0.88,8.0,11.8,27.6,65.0,3.7,GYM-01_METER,正常
OFF-01,办公楼,2026-07-13 05:00,29.03,1.03,1.15,7.9,11.8,28.2,69.3,4.2,OFF-01_METER,正常
OFF-02,办公楼,2026-07-13 05:00,29.68,1.43,0.45,6.9,12.7,26.9,69.1,4.2,OFF-02_METER,正常
OFF-03,办公楼,2026-07-13 05:00,29.25,1.1,0.0,6.8,11.5,25.7,65.1,4.8,OFF-03_METER,正常
OFF-04,办公楼,2026-07-13 05:00,25.82,1.61,0.12,5.9,10.3,26.2,60.6,0.7,OFF-04_METER,正常
OFF-05,办公楼,2026-07-13 05:00,15.86,0.92,0.18,5.0,10.2,26.3,72.7,1.2,OFF-05_METER,正常
TEACH-01,教学楼,2026-07-13 05:00,18.9,1.92,0.0,5.7,10.0,25.7,68.6,1.5,TEACH-01_METER,正常
TEACH-02,教学楼,2026-07-13 05:00,8.36,1.86,0.0,5.5,10.0,25.7,75.1,1.4,TEACH-02_METER,正常
TEACH-03,教学楼,2026-07-13 05:00,24.51,2.41,0.87,8.1,13.2,27.2,70.3,0.4,TEACH-03_METER,正常
LIB-01,公共机构,2026-07-13 05:00,26.91,1.91,2.36,6.8,10.8,30.5,62.9,3.3,LIB-01_METER,正常
GYM-01,公共机构,2026-07-13 05:00,35.71,1.81,0.08,6.1,10.3,26.1,70.4,3.3,GYM-01_METER,正常
OFF-01,办公楼,2026-07-13 06:00,20.07,1.02,1.29,6.0,10.0,28.4,71.8,2.6,OFF-01_METER,正常
OFF-02,办公楼,2026-07-13 06:00,20.82,1.39,1.61,7.0,11.2,29.1,77.4,1.2,OFF-02_METER,正常
OFF-03,办公楼,2026-07-13 06:00,23.73,1.15,1.29,7.3,11.0,28.4,69.2,2.6,OFF-03_METER,正常
OFF-04,办公楼,2026-07-13 06:00,24.86,0.98,1.2,6.6,10.6,28.1,62.4,3.8,OFF-04_METER,正常
OFF-05,办公楼,2026-07-13 06:00,24.45,1.0,0.0,5.9,10.5,25.5,65.3,1.2,OFF-05_METER,正常
TEACH-01,教学楼,2026-07-13 06:00,17.97,2.19,1.76,6.9,12.3,28.6,69.4,1.1,TEACH-01_METER,正常
TEACH-02,教学楼,2026-07-13 06:00,9.64,2.04,0.15,7.2,12.0,26.2,74.8,0.4,TEACH-02_METER,正常
TEACH-03,教学楼,2026-07-13 06:00,24.48,2.33,0.0,7.5,12.1,25.7,69.3,0.1,TEACH-03_METER,正常
LIB-01,公共机构,2026-07-13 06:00,30.49,1.54,1.53,7.4,13.0,28.8,73.9,4.6,LIB-01_METER,正常
GYM-01,公共机构,2026-07-13 06:00,35.89,1.62,1.09,8.0,11.9,28.1,65.2,1.7,GYM-01_METER,正常
OFF-01,办公楼,2026-07-13 07:00,24.1,1.2,1.55,6.3,11.1,28.9,66.5,3.5,OFF-01_METER,正常
OFF-02,办公楼,2026-07-13 07:00,30.28,0.95,1.44,7.5,13.0,28.6,80.1,2.1,OFF-02_METER,正常
OFF-03,办公楼,2026-07-13 07:00,12.98,1.0,0.79,7.5,12.0,27.5,69.0,2.5,OFF-03_METER,正常
OFF-04,办公楼,2026-07-13 07:00,30.74,1.14,2.13,7.2,11.5,30.0,74.5,4.3,OFF-04_METER,正常
OFF-05,办公楼,2026-07-13 07:00,25.4,1.16,1.54,8.7,13.2,29.0,60.8,4.6,OFF-05_METER,正常
TEACH-01,教学楼,2026-07-13 07:00,20.26,2.03,2.59,7.2,12.2,29.8,62.6,1.3,TEACH-01_METER,正常
TEACH-02,教学楼,2026-07-13 07:00,19.71,2.32,1.28,6.5,11.5,27.8,73.3,1.1,TEACH-02_METER,正常
TEACH-03,教学楼,2026-07-13 07:00,13.66,1.89,3.19,7.8,11.8,30.4,71.4,1.6,TEACH-03_METER,正常
LIB-01,公共机构,2026-07-13 07:00,31.49,1.71,1.91,6.4,10.1,29.4,75.0,2.8,LIB-01_METER,正常
GYM-01,公共机构,2026-07-13 07:00,37.7,1.5,1.77,7.4,11.8,29.2,69.9,0.9,GYM-01_METER,正常
OFF-01,办公楼,2026-07-13 08:00,94.05,2.81,3.8,7.2,12.0,33.3,73.2,23.8,OFF-01_METER,正常
OFF-02,办公楼,2026-07-13 08:00,93.16,3.0,0.37,6.9,11.9,26.7,73.5,21.5,OFF-02_METER,正常
OFF-03,办公楼,2026-07-13 08:00,88.28,2.85,1.63,6.9,12.9,28.9,65.7,18.8,OFF-03_METER,正常
OFF-04,办公楼,2026-07-13 08:00,71.01,2.76,2.18,6.9,11.1,30.2,81.3,18.2,OFF-04_METER,正常
OFF-05,办公楼,2026-07-13 08:00,63.08,2.77,1.79,6.8,10.9,29.5,71.1,19.2,OFF-05_METER,正常
TEACH-01,教学楼,2026-07-13 08:00,138.83,6.29,2.46,5.4,11.1,29.6,82.4,25.1,TEACH-01_METER,正常
TEACH-02,教学楼,2026-07-13 08:00,129.55,5.61,0.47,6.9,10.9,26.6,66.8,27.6,TEACH-02_METER,正常
TEACH-03,教学楼,2026-07-13 08:00,135.07,5.84,1.83,7.3,12.3,28.5,68.9,39.3,TEACH-03_METER,正常
LIB-01,公共机构,2026-07-13 08:00,42.63,5.57,1.89,6.2,10.5,29.4,67.1,16.0,LIB-01_METER,正常
GYM-01,公共机构,2026-07-13 08:00,31.81,4.67,1.84,6.5,12.2,29.5,71.9,12.7,GYM-01_METER,正常
OFF-01,办公楼,2026-07-13 09:00,77.26,2.9,2.98,6.0,10.3,30.1,74.1,22.6,OFF-01_METER,正常
OFF-02,办公楼,2026-07-13 09:00,71.64,3.1,3.86,8.5,13.6,31.3,72.4,16.2,OFF-02_METER,正常
OFF-03,办公楼,2026-07-13 09:00,96.15,2.95,3.41,6.8,10.0,30.7,77.2,20.6,OFF-03_METER,正常
OFF-04,办公楼,2026-07-13 09:00,76.35,2.85,1.97,6.0,10.2,28.9,72.5,16.1,OFF-04_METER,正常
OFF-05,办公楼,2026-07-13 09:00,103.06,2.77,2.34,7.5,12.9,29.5,66.9,16.6,OFF-05_METER,正常
TEACH-01,教学楼,2026-07-13 09:00,139.84,5.49,4.91,6.9,12.5,31.5,77.5,32.9,TEACH-01_METER,正常
TEACH-02,教学楼,2026-07-13 09:00,121.73,5.42,4.03,7.4,12.9,30.3,66.6,28.4,TEACH-02_METER,正常
TEACH-03,教学楼,2026-07-13 09:00,125.76,5.59,5.81,6.1,11.6,32.2,75.3,36.0,TEACH-03_METER,正常
LIB-01,公共机构,2026-07-13 09:00,66.42,5.08,2.45,7.5,11.0,29.7,75.4,18.9,LIB-01_METER,正常
GYM-01,公共机构,2026-07-13 09:00,63.32,4.91,3.47,6.4,11.9,30.8,80.0,16.4,GYM-01_METER,正常
OFF-01,办公楼,2026-07-13 10:00,100.7,3.08,3.92,7.1,12.5,31.5,79.3,15.4,OFF-01_METER,正常
OFF-02,办公楼,2026-07-13 10:00,95.57,2.75,3.44,7.2,12.1,30.7,70.0,17.5,OFF-02_METER,正常
OFF-03,办公楼,2026-07-13 10:00,74.54,2.85,3.95,6.3,10.0,31.6,72.6,20.8,OFF-03_METER,正常
OFF-04,办公楼,2026-07-13 10:00,100.03,2.79,4.33,6.4,11.1,32.2,70.8,17.2,OFF-04_METER,正常
OFF-05,办公楼,2026-07-13 10:00,88.72,3.0,1.59,6.7,10.3,28.2,76.8,16.7,OFF-05_METER,正常
TEACH-01,教学楼,2026-07-13 10:00,142.41,5.62,4.45,6.7,11.5,30.6,63.0,29.7,TEACH-01_METER,正常
TEACH-02,教学楼,2026-07-13 10:00,88.63,5.57,5.88,6.5,10.4,32.0,81.5,29.5,TEACH-02_METER,正常
TEACH-03,教学楼,2026-07-13 10:00,142.85,5.63,6.35,7.6,11.9,33.0,73.6,27.8,TEACH-03_METER,正常
LIB-01,公共机构,2026-07-13 10:00,110.21,4.99,4.78,7.5,11.4,33.1,73.3,19.6,LIB-01_METER,正常
GYM-01,公共机构,2026-07-13 10:00,98.6,5.41,4.47,5.7,10.6,32.5,79.9,19.6,GYM-01_METER,正常
OFF-01,办公楼,2026-07-13 11:00,79.22,3.29,4.48,7.4,10.7,32.6,77.2,19.7,OFF-01_METER,正常
OFF-02,办公楼,2026-07-13 11:00,99.07,3.39,2.81,7.6,12.5,29.9,79.4,15.8,OFF-02_METER,正常
OFF-03,办公楼,2026-07-13 11:00,65.51,2.99,4.54,5.8,11.1,32.3,75.3,17.6,OFF-03_METER,异常
OFF-04,办公楼,2026-07-13 11:00,76.67,2.75,2.54,6.6,11.3,29.7,73.8,23.4,OFF-04_METER,正常
OFF-05,办公楼,2026-07-13 11:00,104.25,2.9,2.86,6.7,10.9,29.9,74.5,23.6,OFF-05_METER,正常
TEACH-01,教学楼,2026-07-13 11:00,91.74,5.47,6.53,8.3,13.2,33.0,74.2,36.6,TEACH-01_METER,正常
TEACH-02,教学楼,2026-07-13 11:00,144.34,5.59,5.51,7.5,11.6,31.6,82.0,27.6,TEACH-02_METER,正常
TEACH-03,教学楼,2026-07-13 11:00,111.7,5.69,5.97,6.9,11.5,32.7,74.0,37.1,TEACH-03_METER,正常
LIB-01,公共机构,2026-07-13 11:00,108.0,4.5,2.93,6.0,10.0,30.3,79.4,10.7,LIB-01_METER,正常
GYM-01,公共机构,2026-07-13 11:00,83.03,4.84,3.72,6.4,10.3,31.1,75.9,13.1,GYM-01_METER,正常
OFF-01,办公楼,2026-07-13 12:00,110.03,3.32,4.79,6.5,11.3,32.7,72.7,24.8,OFF-01_METER,正常
OFF-02,办公楼,2026-07-13 12:00,100.74,2.74,3.88,7.6,12.6,31.6,77.1,21.1,OFF-02_METER,正常
OFF-03,办公楼,2026-07-13 12:00,100.6,3.83,3.86,7.5,12.8,31.5,73.8,18.7,OFF-03_METER,正常
OFF-04,办公楼,2026-07-13 12:00,102.68,2.75,5.93,6.5,10.0,34.2,75.8,17.7,OFF-04_METER,正常
OFF-05,办公楼,2026-07-13 12:00,93.19,3.19,3.96,7.3,12.7,31.6,67.9,21.8,OFF-05_METER,正常
TEACH-01,教学楼,2026-07-13 12:00,122.87,5.68,4.9,6.1,10.5,31.5,70.8,33.5,TEACH-01_METER,正常
TEACH-02,教学楼,2026-07-13 12:00,111.5,5.97,6.77,8.4,12.7,32.9,79.0,31.3,TEACH-02_METER,正常
TEACH-03,教学楼,2026-07-13 12:00,93.98,5.84,5.66,6.9,12.3,32.3,83.4,33.9,TEACH-03_METER,正常
LIB-01,公共机构,2026-07-13 12:00,103.14,4.55,4.72,7.3,12.2,33.1,79.3,10.4,LIB-01_METER,正常
GYM-01,公共机构,2026-07-13 12:00,73.17,4.59,4.06,6.7,12.0,31.6,82.0,16.6,GYM-01_METER,正常
OFF-01,办公楼,2026-07-13 13:00,67.39,2.75,4.49,6.8,12.5,32.7,73.3,18.4,OFF-01_METER,正常
OFF-02,办公楼,2026-07-13 13:00,85.83,3.64,4.02,6.9,10.7,31.8,74.7,24.9,OFF-02_METER,正常
OFF-03,办公楼,2026-07-13 13:00,103.97,2.78,5.86,7.9,11.2,34.0,77.0,20.9,OFF-03_METER,正常
OFF-04,办公楼,2026-07-13 13:00,90.33,2.78,5.28,8.7,13.2,33.6,78.9,18.0,OFF-04_METER,正常
OFF-05,办公楼,2026-07-13 13:00,95.99,4.36,4.66,7.3,12.6,32.7,86.4,16.6,OFF-05_METER,正常
TEACH-01,教学楼,2026-07-13 13:00,141.07,5.4,5.42,5.8,10.0,32.0,76.2,31.4,TEACH-01_METER,正常
TEACH-02,教学楼,2026-07-13 13:00,109.33,5.51,6.28,8.5,13.6,32.5,81.8,34.2,TEACH-02_METER,正常
TEACH-03,教学楼,2026-07-13 13:00,91.95,6.06,6.39,8.1,13.4,32.9,76.2,31.2,TEACH-03_METER,正常
LIB-01,公共机构,2026-07-13 13:00,87.24,4.96,2.63,6.6,10.6,30.0,79.5,11.6,LIB-01_METER,正常
GYM-01,公共机构,2026-07-13 13:00,66.93,4.54,4.53,5.5,11.4,32.8,80.3,11.4,GYM-01_METER,正常
OFF-01,办公楼,2026-07-13 14:00,112.19,2.77,7.01,6.4,11.5,36.0,79.1,23.4,OFF-01_METER,正常
OFF-02,办公楼,2026-07-13 14:00,78.83,3.08,4.16,7.6,11.0,32.3,80.5,17.1,OFF-02_METER,正常
OFF-03,办公楼,2026-07-13 14:00,100.72,3.3,6.3,8.6,13.4,34.9,82.0,18.1,OFF-03_METER,正常
OFF-04,办公楼,2026-07-13 14:00,107.22,2.87,5.41,6.0,10.3,33.9,74.7,21.5,OFF-04_METER,正常
OFF-05,办公楼,2026-07-13 14:00,64.06,3.55,4.87,6.7,11.5,32.7,74.5,22.1,OFF-05_METER,正常
TEACH-01,教学楼,2026-07-13 14:00,116.17,5.52,6.4,5.8,10.0,32.6,73.1,29.4,TEACH-01_METER,正常
TEACH-02,教学楼,2026-07-13 14:00,133.44,5.69,5.03,6.4,11.2,31.6,72.5,37.8,TEACH-02_METER,正常
TEACH-03,教学楼,2026-07-13 14:00,115.19,5.47,9.04,7.2,12.0,35.4,93.2,26.6,TEACH-03_METER,正常
LIB-01,公共机构,2026-07-13 14:00,76.93,5.43,3.54,6.9,11.1,31.1,74.0,18.9,LIB-01_METER,正常
GYM-01,公共机构,2026-07-13 14:00,107.35,4.83,3.84,8.2,11.8,31.5,76.9,12.1,GYM-01_METER,正常
OFF-01,办公楼,2026-07-13 15:00,104.24,2.88,5.42,8.2,12.4,33.7,84.2,19.4,OFF-01_METER,正常
OFF-02,办公楼,2026-07-13 15:00,96.16,2.98,3.86,7.9,12.9,31.7,65.4,19.2,OFF-02_METER,正常
OFF-03,办公楼,2026-07-13 15:00,70.34,2.77,4.77,6.8,11.3,32.9,82.8,20.0,OFF-03_METER,正常
OFF-04,办公楼,2026-07-13 15:00,68.82,2.72,5.21,9.4,14.1,33.0,70.4,17.6,OFF-04_METER,正常
OFF-05,办公楼,2026-07-13 15:00,96.4,3.22,5.25,7.3,11.0,33.5,86.5,20.9,OFF-05_METER,正常
TEACH-01,教学楼,2026-07-13 15:00,118.24,5.52,8.14,7.3,10.5,34.4,77.2,36.4,TEACH-01_METER,正常
TEACH-02,教学楼,2026-07-13 15:00,139.87,5.41,7.61,7.3,11.1,33.8,75.0,38.5,TEACH-02_METER,正常
TEACH-03,教学楼,2026-07-13 15:00,135.85,5.76,8.91,7.7,13.7,35.7,77.8,37.2,TEACH-03_METER,正常
LIB-01,公共机构,2026-07-13 15:00,70.09,4.6,5.41,8.3,12.5,34.1,73.1,18.4,LIB-01_METER,正常
GYM-01,公共机构,2026-07-13 15:00,72.5,5.03,5.03,6.6,11.4,32.9,74.6,16.4,GYM-01_METER,正常
OFF-01,办公楼,2026-07-13 16:00,73.48,2.73,6.11,8.7,13.4,34.9,84.8,19.9,OFF-01_METER,正常
OFF-02,办公楼,2026-07-13 16:00,68.51,3.25,4.68,7.0,11.3,33.0,77.0,15.2,OFF-02_METER,正常
OFF-03,办公楼,2026-07-13 16:00,80.62,2.73,4.5,5.3,10.0,32.2,73.8,20.9,OFF-03_METER,正常
OFF-04,办公楼,2026-07-13 16:00,97.84,3.04,5.3,7.5,10.9,33.6,84.4,21.7,OFF-04_METER,正常
OFF-05,办公楼,2026-07-13 16:00,78.97,2.73,6.85,7.4,11.6,36.0,85.3,21.0,OFF-05_METER,正常
TEACH-01,教学楼,2026-07-13 16:00,139.58,5.83,7.25,6.9,12.5,34.1,75.8,26.9,TEACH-01_METER,正常
TEACH-02,教学楼,2026-07-13 16:00,114.58,5.43,4.44,7.0,10.7,30.9,76.8,37.2,TEACH-02_METER,正常
TEACH-03,教学楼,2026-07-13 16:00,99.68,5.67,9.84,7.2,11.8,36.0,77.6,39.6,TEACH-03_METER,正常
LIB-01,公共机构,2026-07-13 16:00,83.8,4.6,5.28,6.4,11.4,33.6,76.7,16.4,LIB-01_METER,正常
GYM-01,公共机构,2026-07-13 16:00,71.13,5.15,4.39,6.9,11.1,32.1,79.1,13.7,GYM-01_METER,正常
OFF-01,办公楼,2026-07-13 17:00,80.26,2.71,3.7,6.2,10.0,31.3,78.9,20.7,OFF-01_METER,正常
OFF-02,办公楼,2026-07-13 17:00,103.95,2.99,6.29,8.6,13.4,34.9,82.0,16.8,OFF-02_METER,正常
OFF-03,办公楼,2026-07-13 17:00,85.27,3.06,6.48,6.5,10.8,35.6,68.6,21.9,OFF-03_METER,正常
OFF-04,办公楼,2026-07-13 17:00,96.71,3.03,5.37,6.2,10.7,33.5,72.3,18.3,OFF-04_METER,正常
OFF-05,办公楼,2026-07-13 17:00,70.54,2.76,6.07,6.3,11.5,34.4,73.8,16.8,OFF-05_METER,正常
TEACH-01,教学楼,2026-07-13 17:00,117.67,5.54,8.83,5.4,10.3,35.4,79.1,30.0,TEACH-01_METER,正常
TEACH-02,教学楼,2026-07-13 17:00,121.78,5.47,6.78,7.6,12.6,33.2,75.1,31.8,TEACH-02_METER,正常
TEACH-03,教学楼,2026-07-13 17:00,146.77,5.51,7.55,6.9,11.6,34.4,73.9,39.9,TEACH-03_METER,正常
LIB-01,公共机构,2026-07-13 17:00,109.09,4.74,5.02,7.5,12.5,32.8,70.2,13.5,LIB-01_METER,正常
GYM-01,公共机构,2026-07-13 17:00,103.85,4.94,4.81,6.4,11.1,33.0,75.2,13.2,GYM-01_METER,正常
OFF-01,办公楼,2026-07-13 18:00,92.08,3.15,3.46,6.7,10.1,32.6,73.1,15.2,OFF-01_METER,正常
OFF-02,办公楼,2026-07-13 18:00,77.43,2.7,4.1,7.3,11.4,34.0,70.4,21.1,OFF-02_METER,正常
OFF-03,办公楼,2026-07-13 18:00,71.06,3.06,4.72,5.4,10.0,34.3,84.8,22.8,OFF-03_METER,正常
OFF-04,办公楼,2026-07-13 18:00,81.4,3.01,4.18,5.8,10.0,33.5,84.2,20.5,OFF-04_METER,异常
OFF-05,办公楼,2026-07-13 18:00,77.25,2.71,4.26,7.0,11.3,33.5,75.8,19.6,OFF-05_METER,正常
TEACH-01,教学楼,2026-07-13 18:00,147.72,5.65,4.93,5.9,10.0,32.8,79.7,29.7,TEACH-01_METER,正常
TEACH-02,教学楼,2026-07-13 18:00,89.21,5.65,5.89,5.4,10.0,33.8,79.1,27.4,TEACH-02_METER,正常
TEACH-03,教学楼,2026-07-13 18:00,89.31,5.59,6.05,7.8,12.0,34.8,75.7,27.5,TEACH-03_METER,正常
LIB-01,公共机构,2026-07-13 18:00,97.33,4.88,5.29,5.7,10.3,35.8,85.1,13.7,LIB-01_METER,正常
GYM-01,公共机构,2026-07-13 18:00,92.04,4.51,4.27,6.7,11.8,33.7,70.3,14.2,GYM-01_METER,正常
OFF-01,办公楼,2026-07-13 19:00,23.32,1.01,4.71,6.8,11.3,34.3,77.5,2.9,OFF-01_METER,正常
OFF-02,办公楼,2026-07-13 19:00,31.58,2.21,3.7,6.8,12.0,33.2,69.6,2.5,OFF-02_METER,正常
OFF-03,办公楼,2026-07-13 19:00,23.18,1.0,4.14,6.8,12.4,33.3,78.5,2.5,OFF-03_METER,正常
OFF-04,办公楼,2026-07-13 19:00,22.04,1.23,3.05,6.1,11.6,31.8,79.1,1.7,OFF-04_METER,正常
OFF-05,办公楼,2026-07-13 19:00,18.33,1.13,5.5,7.4,12.0,36.0,81.1,0.7,OFF-05_METER,正常
TEACH-01,教学楼,2026-07-13 19:00,18.22,2.06,5.9,7.0,11.5,33.9,68.9,0.3,TEACH-01_METER,正常
TEACH-02,教学楼,2026-07-13 19:00,16.13,1.86,4.13,6.0,10.8,31.5,73.9,1.5,TEACH-02_METER,正常
TEACH-03,教学楼,2026-07-13 19:00,34.5,2.28,5.79,6.4,11.8,33.8,70.3,0.3,TEACH-03_METER,正常
LIB-01,公共机构,2026-07-13 19:00,66.42,1.51,4.77,6.0,10.0,34.4,74.0,1.0,LIB-01_METER,正常
GYM-01,公共机构,2026-07-13 19:00,82.74,2.26,4.65,6.3,10.2,34.3,71.2,2.7,GYM-01_METER,正常
OFF-01,办公楼,2026-07-13 20:00,27.24,1.0,2.45,5.3,10.3,30.7,63.3,1.3,OFF-01_METER,正常
OFF-02,办公楼,2026-07-13 20:00,32.65,0.92,3.38,6.2,10.0,32.5,79.3,4.3,OFF-02_METER,正常
OFF-03,办公楼,2026-07-13 20:00,25.52,0.99,4.28,6.8,11.3,34.3,78.1,1.6,OFF-03_METER,正常
OFF-04,办公楼,2026-07-13 20:00,28.01,1.07,3.88,7.8,12.9,33.3,80.4,4.6,OFF-04_METER,正常
OFF-05,办公楼,2026-07-13 20:00,25.3,1.19,2.39,5.0,10.0,30.2,62.4,1.1,OFF-05_METER,正常
TEACH-01,教学楼,2026-07-13 20:00,30.68,2.12,6.19,7.1,12.0,35.0,70.1,0.5,TEACH-01_METER,正常
TEACH-02,教学楼,2026-07-13 20:00,14.4,1.88,4.88,7.3,12.0,32.6,76.4,1.8,TEACH-02_METER,正常
TEACH-03,教学楼,2026-07-13 20:00,16.08,1.82,6.27,5.9,10.7,34.3,72.2,1.9,TEACH-03_METER,正常
LIB-01,公共机构,2026-07-13 20:00,92.32,2.11,3.87,6.1,10.9,33.0,79.1,0.6,LIB-01_METER,正常
GYM-01,公共机构,2026-07-13 20:00,103.86,1.65,3.25,6.7,11.0,32.1,71.3,4.6,GYM-01_METER,正常
OFF-01,办公楼,2026-07-13 21:00,21.07,0.91,3.28,7.1,12.4,32.0,76.9,2.8,OFF-01_METER,正常
OFF-02,办公楼,2026-07-13 21:00,22.4,0.94,4.16,6.6,11.2,33.8,72.7,2.2,OFF-02_METER,正常
OFF-03,办公楼,2026-07-13 21:00,32.58,0.92,3.91,7.3,11.2,33.0,65.4,4.3,OFF-03_METER,正常
OFF-04,办公楼,2026-07-13 21:00,21.44,1.36,2.64,7.1,11.1,31.2,64.6,1.9,OFF-04_METER,异常
OFF-05,办公楼,2026-07-13 21:00,19.12,1.11,3.76,8.0,12.7,33.1,78.1,4.9,OFF-05_METER,正常
TEACH-01,教学楼,2026-07-13 21:00,27.44,1.83,3.38,6.6,11.9,30.8,71.9,0.4,TEACH-01_METER,正常
TEACH-02,教学楼,2026-07-13 21:00,25.69,2.18,4.84,7.2,12.0,33.0,74.9,1.5,TEACH-02_METER,正常
TEACH-03,教学楼,2026-07-13 21:00,29.16,1.82,5.55,7.6,11.2,33.3,81.4,0.1,TEACH-03_METER,正常
LIB-01,公共机构,2026-07-13 21:00,61.52,1.54,4.49,5.9,10.2,34.6,76.2,0.7,LIB-01_METER,正常
GYM-01,公共机构,2026-07-13 21:00,113.6,2.01,5.4,5.4,10.0,36.0,72.3,4.8,GYM-01_METER,正常
OFF-01,办公楼,2026-07-13 22:00,14.65,0.97,3.46,7.2,11.4,32.6,67.9,2.7,OFF-01_METER,正常
OFF-02,办公楼,2026-07-13 22:00,19.29,0.94,5.11,7.7,13.0,35.8,73.0,4.0,OFF-02_METER,正常
OFF-03,办公楼,2026-07-13 22:00,36.39,0.95,4.18,6.8,12.3,33.8,69.7,3.5,OFF-03_METER,正常
OFF-04,办公楼,2026-07-13 22:00,24.26,1.13,2.43,8.4,11.2,30.7,75.2,2.3,OFF-04_METER,正常
OFF-05,办公楼,2026-07-13 22:00,38.5,1.22,4.78,6.0,11.7,34.7,82.3,3.0,OFF-05_METER,正常
TEACH-01,教学楼,2026-07-13 22:00,22.49,1.92,5.35,6.2,11.1,33.5,83.9,1.1,TEACH-01_METER,正常
TEACH-02,教学楼,2026-07-13 22:00,21.63,1.87,6.25,5.7,10.2,34.9,89.5,0.7,TEACH-02_METER,正常
TEACH-03,教学楼,2026-07-13 22:00,20.25,1.86,2.71,7.4,12.3,29.9,75.0,0.1,TEACH-03_METER,正常
LIB-01,公共机构,2026-07-13 22:00,33.87,1.61,4.25,7.2,11.5,34.3,73.3,2.9,LIB-01_METER,正常
GYM-01,公共机构,2026-07-13 22:00,29.12,1.99,4.73,6.7,11.2,34.6,78.9,2.5,GYM-01_METER,正常
OFF-01,办公楼,2026-07-13 23:00,17.72,1.49,3.15,8.1,11.9,31.6,80.2,3.5,OFF-01_METER,正常
OFF-02,办公楼,2026-07-13 23:00,29.99,1.08,5.25,7.0,12.0,35.2,75.7,1.7,OFF-02_METER,正常
OFF-03,办公楼,2026-07-13 23:00,22.25,0.9,5.01,8.8,12.6,35.0,76.4,2.4,OFF-03_METER,正常
OFF-04,办公楼,2026-07-13 23:00,31.87,1.03,4.94,6.3,11.4,34.9,80.0,4.2,OFF-04_METER,正常
OFF-05,办公楼,2026-07-13 23:00,21.56,0.97,5.42,6.6,11.5,36.0,84.3,3.1,OFF-05_METER,正常
TEACH-01,教学楼,2026-07-13 23:00,24.41,2.04,4.64,6.7,10.0,32.3,72.4,1.0,TEACH-01_METER,正常
TEACH-02,教学楼,2026-07-13 23:00,27.01,2.25,3.61,5.8,10.1,30.9,69.2,0.7,TEACH-02_METER,正常
TEACH-03,教学楼,2026-07-13 23:00,24.62,2.25,6.58,5.1,10.0,35.2,90.6,0.8,TEACH-03_METER,正常
LIB-01,公共机构,2026-07-13 23:00,36.17,1.54,3.44,6.0,10.6,32.4,76.7,2.2,LIB-01_METER,正常
GYM-01,公共机构,2026-07-13 23:00,38.48,3.12,2.8,5.3,10.0,31.1,78.0,2.6,GYM-01_METER,正常
OFF-01,办公楼,2026-07-14 00:00,20.91,1.35,0.0,7.7,11.4,25.0,61.2,2.6,OFF-01_METER,正常
OFF-02,办公楼,2026-07-14 00:00,26.56,1.37,0.0,7.5,11.1,25.1,69.6,2.2,OFF-02_METER,正常
OFF-03,办公楼,2026-07-14 00:00,21.12,1.39,0.0,5.2,10.6,25.0,73.1,2.9,OFF-03_METER,正常
OFF-04,办公楼,2026-07-14 00:00,29.24,0.94,0.0,7.0,12.8,25.0,68.5,1.1,OFF-04_METER,正常
OFF-05,办公楼,2026-07-14 00:00,21.23,1.17,0.0,7.1,10.1,25.0,70.7,4.1,OFF-05_METER,正常
TEACH-01,教学楼,2026-07-14 00:00,19.59,1.92,0.0,7.3,12.3,25.0,73.2,1.4,TEACH-01_METER,正常
TEACH-02,教学楼,2026-07-14 00:00,12.9,1.99,0.0,7.3,12.2,25.0,72.1,1.5,TEACH-02_METER,正常
TEACH-03,教学楼,2026-07-14 00:00,26.67,2.01,0.0,6.6,11.5,25.0,72.8,0.8,TEACH-03_METER,异常
LIB-01,公共机构,2026-07-14 00:00,33.73,1.58,0.0,7.2,11.5,25.2,59.5,3.5,LIB-01_METER,正常
GYM-01,公共机构,2026-07-14 00:00,33.4,1.96,0.0,7.3,12.0,25.0,66.8,4.1,GYM-01_METER,正常
OFF-01,办公楼,2026-07-14 01:00,21.69,1.07,0.0,8.6,12.1,25.0,64.7,4.5,OFF-01_METER,正常
OFF-02,办公楼,2026-07-14 01:00,13.19,1.24,0.0,6.9,12.0,25.0,68.0,2.8,OFF-02_METER,正常
OFF-03,办公楼,2026-07-14 01:00,24.54,1.07,0.0,6.3,11.9,25.0,69.7,1.9,OFF-03_METER,正常
OFF-04,办公楼,2026-07-14 01:00,25.07,0.95,0.0,6.5,11.4,25.0,66.2,3.2,OFF-04_METER,正常
OFF-05,办公楼,2026-07-14 01:00,19.4,1.07,0.0,7.8,13.3,25.0,64.6,3.3,OFF-05_METER,正常
TEACH-01,教学楼,2026-07-14 01:00,12.64,2.03,0.0,8.3,13.1,25.0,67.7,1.0,TEACH-01_METER,正常
TEACH-02,教学楼,2026-07-14 01:00,23.39,1.87,0.0,6.9,12.5,25.0,58.5,0.5,TEACH-02_METER,正常
TEACH-03,教学楼,2026-07-14 01:00,11.3,2.05,0.0,7.1,10.3,25.0,56.2,0.8,TEACH-03_METER,正常
LIB-01,公共机构,2026-07-14 01:00,30.01,1.54,0.0,6.5,11.3,25.5,60.1,2.3,LIB-01_METER,正常
GYM-01,公共机构,2026-07-14 01:00,39.05,1.75,0.04,7.6,12.5,26.1,66.1,1.9,GYM-01_METER,正常
OFF-01,办公楼,2026-07-14 02:00,18.4,1.23,0.0,7.2,11.5,25.0,63.0,3.3,OFF-01_METER,正常
OFF-02,办公楼,2026-07-14 02:00,21.74,1.37,0.0,7.0,11.3,25.0,61.0,1.1,OFF-02_METER,正常
OFF-03,办公楼,2026-07-14 02:00,16.83,2.14,0.03,6.7,10.0,26.1,71.0,4.6,OFF-03_METER,正常
OFF-04,办公楼,2026-07-14 02:00,20.04,1.18,0.0,8.2,12.1,25.0,66.0,3.0,OFF-04_METER,正常
OFF-05,办公楼,2026-07-14 02:00,21.68,1.27,0.0,6.5,10.9,25.0,65.1,3.1,OFF-05_METER,正常
TEACH-01,教学楼,2026-07-14 02:00,21.42,1.81,0.0,5.7,10.7,25.8,79.0,1.1,TEACH-01_METER,正常
TEACH-02,教学楼,2026-07-14 02:00,20.42,1.88,0.0,7.4,10.3,25.0,64.2,1.7,TEACH-02_METER,正常
TEACH-03,教学楼,2026-07-14 02:00,11.94,2.6,0.0,5.3,10.0,25.5,63.8,1.4,TEACH-03_METER,正常
LIB-01,公共机构,2026-07-14 02:00,27.97,1.84,0.0,8.7,13.9,25.0,74.2,1.1,LIB-01_METER,正常
GYM-01,公共机构,2026-07-14 02:00,38.66,1.58,0.0,8.3,10.7,25.6,63.6,3.9,GYM-01_METER,正常
OFF-01,办公楼,2026-07-14 03:00,15.78,0.92,0.0,7.1,11.5,25.0,64.2,1.1,OFF-01_METER,正常
OFF-02,办公楼,2026-07-14 03:00,22.27,1.22,1.51,7.1,11.5,28.9,83.0,2.2,OFF-02_METER,正常
OFF-03,办公楼,2026-07-14 03:00,17.49,1.36,1.01,7.4,10.9,27.8,74.0,3.6,OFF-03_METER,正常
OFF-04,办公楼,2026-07-14 03:00,13.06,1.65,0.0,6.5,10.0,25.0,57.5,0.5,OFF-04_METER,正常
OFF-05,办公楼,2026-07-14 03:00,17.91,1.61,0.0,7.0,11.7,26.0,62.7,2.9,OFF-05_METER,正常
TEACH-01,教学楼,2026-07-14 03:00,17.43,1.82,0.69,5.5,10.0,26.9,64.3,1.1,TEACH-01_METER,正常
TEACH-02,教学楼,2026-07-14 03:00,22.48,1.82,0.68,7.5,11.4,27.0,69.2,1.3,TEACH-02_METER,正常
TEACH-03,教学楼,2026-07-14 03:00,30.02,2.03,0.0,6.3,11.7,25.0,62.7,0.5,TEACH-03_METER,正常
LIB-01,公共机构,2026-07-14 03:00,22.96,1.51,0.0,5.9,10.0,25.0,60.1,5.0,LIB-01_METER,正常
GYM-01,公共机构,2026-07-14 03:00,37.19,1.72,0.0,6.8,12.2,25.0,62.0,4.5,GYM-01_METER,正常
OFF-01,办公楼,2026-07-14 04:00,25.13,1.09,1.91,7.0,11.7,29.4,65.7,1.8,OFF-01_METER,正常
OFF-02,办公楼,2026-07-14 04:00,25.09,1.43,0.58,5.8,10.0,27.1,67.4,1.5,OFF-02_METER,正常
OFF-03,办公楼,2026-07-14 04:00,27.31,1.28,0.21,5.6,10.0,26.4,65.4,0.8,OFF-03_METER,正常
OFF-04,办公楼,2026-07-14 04:00,21.49,0.92,0.0,7.6,12.3,25.7,65.2,3.7,OFF-04_METER,正常
OFF-05,办公楼,2026-07-14 04:00,22.34,0.92,0.82,6.6,11.1,27.6,66.8,4.9,OFF-05_METER,正常
TEACH-01,教学楼,2026-07-14 04:00,9.42,1.88,1.32,6.7,12.4,27.9,76.1,1.4,TEACH-01_METER,正常
TEACH-02,教学楼,2026-07-14 04:00,26.33,2.09,1.7,5.7,10.0,28.4,69.8,0.4,TEACH-02_METER,正常
TEACH-03,教学楼,2026-07-14 04:00,10.67,1.96,0.0,7.1,11.4,25.6,65.5,0.8,TEACH-03_METER,正常
LIB-01,公共机构,2026-07-14 04:00,31.29,1.51,0.0,6.9,11.8,25.4,77.1,1.9,LIB-01_METER,正常
GYM-01,公共机构,2026-07-14 04:00,26.28,1.61,0.18,8.0,14.0,26.3,66.9,2.1,GYM-01_METER,正常
OFF-01,办公楼,2026-07-14 05:00,19.73,0.98,1.79,7.1,12.4,29.2,62.3,4.7,OFF-01_METER,正常
OFF-02,办公楼,2026-07-14 05:00,15.01,1.06,0.64,7.1,11.1,27.2,72.4,3.4,OFF-02_METER,正常
OFF-03,办公楼,2026-07-14 05:00,24.47,1.56,0.4,6.9,11.9,26.8,66.2,0.8,OFF-03_METER,正常
OFF-04,办公楼,2026-07-14 05:00,24.06,0.91,0.91,5.8,10.0,27.6,69.3,4.8,OFF-04_METER,正常
OFF-05,办公楼,2026-07-14 05:00,26.67,1.02,0.35,6.0,10.1,26.6,70.3,1.6,OFF-05_METER,正常
TEACH-01,教学楼,2026-07-14 05:00,26.03,2.01,3.37,5.1,10.2,30.5,77.4,0.2,TEACH-01_METER,正常
TEACH-02,教学楼,2026-07-14 05:00,18.06,1.92,1.78,7.6,12.3,28.6,60.7,1.7,TEACH-02_METER,正常
TEACH-03,教学楼,2026-07-14 05:00,18.13,1.85,1.06,7.2,12.3,27.5,74.5,0.6,TEACH-03_METER,正常
LIB-01,公共机构,2026-07-14 05:00,35.34,1.55,0.55,7.9,11.0,27.1,68.5,4.7,LIB-01_METER,正常
GYM-01,公共机构,2026-07-14 05:00,34.49,1.69,0.7,5.8,10.9,27.3,66.9,0.9,GYM-01_METER,正常
OFF-01,办公楼,2026-07-14 06:00,25.1,0.97,2.65,8.7,13.0,31.1,67.9,4.7,OFF-01_METER,正常
OFF-02,办公楼,2026-07-14 06:00,23.75,1.21,0.35,7.9,11.7,26.6,67.3,0.8,OFF-02_METER,正常
OFF-03,办公楼,2026-07-14 06:00,21.7,0.93,1.3,7.1,11.8,28.5,71.2,0.7,OFF-03_METER,正常
OFF-04,办公楼,2026-07-14 06:00,19.29,0.99,2.15,7.6,12.7,29.8,68.3,1.3,OFF-04_METER,正常
OFF-05,办公楼,2026-07-14 06:00,28.64,1.28,1.1,7.0,11.6,28.1,62.7,1.5,OFF-05_METER,正常
TEACH-01,教学楼,2026-07-14 06:00,12.4,1.91,0.33,6.1,10.0,26.5,66.7,0.3,TEACH-01_METER,正常
TEACH-02,教学楼,2026-07-14 06:00,16.95,2.24,0.02,8.0,12.6,26.0,75.3,1.9,TEACH-02_METER,正常
TEACH-03,教学楼,2026-07-14 06:00,22.45,1.81,0.34,7.7,12.4,26.5,69.4,1.2,TEACH-03_METER,正常
LIB-01,公共机构,2026-07-14 06:00,25.08,1.7,1.2,5.5,10.0,28.2,69.3,0.6,LIB-01_METER,正常
GYM-01,公共机构,2026-07-14 06:00,21.41,2.22,0.0,6.2,11.0,25.1,59.9,3.0,GYM-01_METER,正常
OFF-01,办公楼,2026-07-14 07:00,23.21,0.9,1.05,6.9,11.2,27.9,65.9,4.8,OFF-01_METER,正常
OFF-02,办公楼,2026-07-14 07:00,27.08,1.2,1.09,5.4,10.0,28.0,62.1,2.2,OFF-02_METER,正常
OFF-03,办公楼,2026-07-14 07:00,12.78,1.88,2.22,6.7,10.9,30.1,69.8,0.8,OFF-03_METER,正常
OFF-04,办公楼,2026-07-14 07:00,34.48,1.17,1.39,7.6,12.2,28.7,66.8,3.2,OFF-04_METER,正常
OFF-05,办公楼,2026-07-14 07:00,17.62,1.0,3.28,7.6,11.8,32.1,77.4,4.3,OFF-05_METER,正常
TEACH-01,教学楼,2026-07-14 07:00,22.18,1.85,1.56,8.5,14.2,28.1,70.0,1.4,TEACH-01_METER,正常
TEACH-02,教学楼,2026-07-14 07:00,23.97,2.78,4.49,6.8,11.5,31.9,74.9,0.0,TEACH-02_METER,正常
TEACH-03,教学楼,2026-07-14 07:00,23.64,1.86,2.5,6.4,11.2,29.6,69.4,1.7,TEACH-03_METER,正常
LIB-01,公共机构,2026-07-14 07:00,33.11,1.52,1.75,6.4,10.8,29.2,75.9,4.9,LIB-01_METER,正常
GYM-01,公共机构,2026-07-14 07:00,32.48,1.9,2.72,6.5,10.7,30.9,68.1,1.6,GYM-01_METER,正常
OFF-01,办公楼,2026-07-14 08:00,79.52,2.92,3.19,6.6,10.9,32.0,69.7,16.8,OFF-01_METER,正常
OFF-02,办公楼,2026-07-14 08:00,73.99,2.72,1.95,7.4,11.8,29.6,69.2,20.6,OFF-02_METER,正常
OFF-03,办公楼,2026-07-14 08:00,77.39,3.18,1.23,7.6,11.9,28.3,72.9,20.1,OFF-03_METER,正常
OFF-04,办公楼,2026-07-14 08:00,83.86,2.82,2.13,6.9,10.9,29.9,71.0,20.2,OFF-04_METER,正常
OFF-05,办公楼,2026-07-14 08:00,63.62,2.73,2.87,7.3,11.5,31.3,70.5,16.8,OFF-05_METER,正常
TEACH-01,教学楼,2026-07-14 08:00,94.51,5.46,2.14,7.7,13.7,29.1,76.0,35.2,TEACH-01_METER,正常
TEACH-02,教学楼,2026-07-14 08:00,113.24,6.68,1.74,7.6,12.2,28.3,60.9,29.3,TEACH-02_METER,正常
TEACH-03,教学楼,2026-07-14 08:00,84.55,5.68,3.44,6.7,11.9,30.9,71.4,35.4,TEACH-03_METER,正常
LIB-01,公共机构,2026-07-14 08:00,29.27,4.97,2.94,6.3,11.1,31.4,79.6,16.7,LIB-01_METER,正常
GYM-01,公共机构,2026-07-14 08:00,36.01,4.54,2.39,7.1,10.8,30.3,71.4,15.5,GYM-01_METER,正常
OFF-01,办公楼,2026-07-14 09:00,77.19,2.83,4.41,7.1,11.8,32.3,82.7,18.6,OFF-01_METER,正常
OFF-02,办公楼,2026-07-14 09:00,83.91,2.78,3.8,7.3,12.2,31.3,82.6,17.4,OFF-02_METER,正常
OFF-03,办公楼,2026-07-14 09:00,85.6,2.95,2.47,7.7,11.5,29.6,71.2,15.5,OFF-03_METER,正常
OFF-04,办公楼,2026-07-14 09:00,83.88,2.84,4.78,7.9,11.9,32.7,73.4,16.3,OFF-04_METER,正常
OFF-05,办公楼,2026-07-14 09:00,91.84,2.75,4.32,7.2,11.8,32.0,70.9,23.7,OFF-05_METER,正常
TEACH-01,教学楼,2026-07-14 09:00,127.02,6.08,2.26,5.3,10.5,28.5,70.3,38.0,TEACH-01_METER,正常
TEACH-02,教学楼,2026-07-14 09:00,123.86,6.55,1.64,6.9,10.9,27.8,77.7,39.0,TEACH-02_METER,正常
TEACH-03,教学楼,2026-07-14 09:00,128.92,5.58,3.95,8.3,12.8,30.0,70.8,35.3,TEACH-03_METER,正常
LIB-01,公共机构,2026-07-14 09:00,76.26,4.63,5.82,7.0,12.7,34.2,76.1,16.3,LIB-01_METER,正常
GYM-01,公共机构,2026-07-14 09:00,54.12,4.55,2.43,7.1,12.1,29.5,75.4,18.7,GYM-01_METER,正常
OFF-01,办公楼,2026-07-14 10:00,62.34,3.49,2.55,7.3,12.0,29.7,67.1,21.2,OFF-01_METER,正常
OFF-02,办公楼,2026-07-14 10:00,97.78,2.84,3.15,6.7,10.4,30.5,75.2,17.5,OFF-02_METER,正常
OFF-03,办公楼,2026-07-14 10:00,100.15,2.95,4.72,6.6,10.3,32.5,84.5,15.9,OFF-03_METER,正常
OFF-04,办公楼,2026-07-14 10:00,82.25,2.76,2.18,7.6,12.8,29.1,74.8,18.2,OFF-04_METER,正常
OFF-05,办公楼,2026-07-14 10:00,95.87,2.83,2.56,8.1,12.6,29.7,76.0,19.1,OFF-05_METER,正常
TEACH-01,教学楼,2026-07-14 10:00,129.61,5.85,3.26,6.6,11.0,29.3,65.5,35.2,TEACH-01_METER,正常
TEACH-02,教学楼,2026-07-14 10:00,94.18,6.24,5.06,6.6,11.8,31.3,75.7,37.9,TEACH-02_METER,正常
TEACH-03,教学楼,2026-07-14 10:00,131.29,5.64,5.75,7.4,11.4,32.4,78.9,36.3,TEACH-03_METER,正常
LIB-01,公共机构,2026-07-14 10:00,108.91,5.23,2.73,6.5,12.2,30.0,63.6,19.3,LIB-01_METER,正常
GYM-01,公共机构,2026-07-14 10:00,57.54,5.2,3.42,5.8,10.9,31.1,67.0,18.5,GYM-01_METER,正常
OFF-01,办公楼,2026-07-14 11:00,78.8,2.83,5.53,6.2,11.5,33.7,85.7,22.9,OFF-01_METER,正常
OFF-02,办公楼,2026-07-14 11:00,95.08,2.93,3.79,7.4,11.4,31.5,83.5,16.4,OFF-02_METER,正常
OFF-03,办公楼,2026-07-14 11:00,71.91,3.1,3.3,7.9,12.5,30.6,71.4,20.0,OFF-03_METER,正常
OFF-04,办公楼,2026-07-14 11:00,73.3,2.75,3.17,7.9,12.0,30.3,79.5,17.7,OFF-04_METER,正常
OFF-05,办公楼,2026-07-14 11:00,83.27,2.9,3.73,6.4,12.4,31.3,74.5,21.5,OFF-05_METER,正常
TEACH-01,教学楼,2026-07-14 11:00,130.52,5.49,5.67,7.2,11.8,32.4,80.6,28.3,TEACH-01_METER,正常
TEACH-02,教学楼,2026-07-14 11:00,86.83,5.54,5.89,6.8,13.1,32.4,74.0,31.7,TEACH-02_METER,正常
TEACH-03,教学楼,2026-07-14 11:00,113.96,5.43,6.26,7.2,12.2,32.9,69.6,36.8,TEACH-03_METER,正常
LIB-01,公共机构,2026-07-14 11:00,90.54,5.31,6.34,5.7,10.0,34.7,81.9,11.5,LIB-01_METER,正常
GYM-01,公共机构,2026-07-14 11:00,86.11,5.23,4.04,7.7,12.1,31.7,84.8,17.8,GYM-01_METER,正常
OFF-01,办公楼,2026-07-14 12:00,97.7,3.16,4.65,5.8,10.0,32.3,82.3,19.7,OFF-01_METER,正常
OFF-02,办公楼,2026-07-14 12:00,77.34,2.81,4.18,7.0,11.6,32.3,78.1,23.3,OFF-02_METER,正常
OFF-03,办公楼,2026-07-14 12:00,103.95,3.25,6.41,6.4,10.8,35.5,83.4,24.3,OFF-03_METER,正常
OFF-04,办公楼,2026-07-14 12:00,83.58,3.17,6.19,7.2,12.6,34.6,74.3,17.0,OFF-04_METER,正常
OFF-05,办公楼,2026-07-14 12:00,78.78,3.18,5.56,8.0,13.0,33.5,74.4,21.0,OFF-05_METER,正常
TEACH-01,教学楼,2026-07-14 12:00,125.53,5.41,5.01,7.1,11.9,31.4,70.2,34.6,TEACH-01_METER,正常
TEACH-02,教学楼,2026-07-14 12:00,97.01,5.68,5.35,7.1,10.9,31.6,72.4,32.0,TEACH-02_METER,正常
TEACH-03,教学楼,2026-07-14 12:00,94.71,5.5,8.14,5.7,10.0,34.5,64.6,26.4,TEACH-03_METER,正常
LIB-01,公共机构,2026-07-14 12:00,89.7,4.58,4.28,8.8,12.8,32.3,75.3,14.7,LIB-01_METER,正常
GYM-01,公共机构,2026-07-14 12:00,91.06,4.56,4.25,8.8,13.6,32.1,78.5,16.6,GYM-01_METER,正常
OFF-01,办公楼,2026-07-14 13:00,71.22,3.14,4.26,5.7,10.7,31.9,75.8,21.1,OFF-01_METER,正常
OFF-02,办公楼,2026-07-14 13:00,95.33,2.78,3.67,7.4,11.8,31.1,69.8,15.4,OFF-02_METER,正常
OFF-03,办公楼,2026-07-14 13:00,97.58,2.76,4.41,7.9,13.0,32.3,83.9,22.5,OFF-03_METER,正常
OFF-04,办公楼,2026-07-14 13:00,89.54,2.76,3.19,6.6,10.4,30.6,74.8,17.2,OFF-04_METER,正常
OFF-05,办公楼,2026-07-14 13:00,80.23,2.91,4.92,7.8,12.3,33.1,78.6,22.0,OFF-05_METER,正常
TEACH-01,教学楼,2026-07-14 13:00,108.74,5.43,7.57,7.3,12.7,34.2,71.4,25.4,TEACH-01_METER,正常
TEACH-02,教学楼,2026-07-14 13:00,128.71,6.09,8.79,6.9,11.9,35.9,78.8,27.1,TEACH-02_METER,正常
TEACH-03,教学楼,2026-07-14 13:00,90.45,5.88,4.3,6.8,12.4,30.5,76.7,34.0,TEACH-03_METER,正常
LIB-01,公共机构,2026-07-14 13:00,69.88,4.81,5.43,6.5,11.1,33.5,76.7,19.7,LIB-01_METER,正常
GYM-01,公共机构,2026-07-14 13:00,66.68,5.11,6.0,7.6,12.5,34.6,74.1,13.6,GYM-01_METER,正常
OFF-01,办公楼,2026-07-14 14:00,92.01,2.71,3.82,6.9,10.5,31.2,68.1,24.2,OFF-01_METER,正常
OFF-02,办公楼,2026-07-14 14:00,89.56,3.39,4.52,7.2,11.3,32.4,69.3,16.4,OFF-02_METER,正常
OFF-03,办公楼,2026-07-14 14:00,89.35,3.14,4.53,7.2,12.2,32.6,83.3,15.5,OFF-03_METER,正常
OFF-04,办公楼,2026-07-14 14:00,89.61,2.86,3.78,8.3,12.4,31.2,72.2,24.5,OFF-04_METER,正常
OFF-05,办公楼,2026-07-14 14:00,77.82,3.37,7.09,8.2,12.9,35.8,77.4,20.0,OFF-05_METER,正常
TEACH-01,教学楼,2026-07-14 14:00,85.73,5.46,7.33,6.4,10.9,34.1,74.5,37.4,TEACH-01_METER,正常
TEACH-02,教学楼,2026-07-14 14:00,116.96,5.75,5.28,7.0,12.2,31.8,73.7,32.0,TEACH-02_METER,正常
TEACH-03,教学楼,2026-07-14 14:00,131.78,5.81,6.31,6.5,11.2,33.0,82.0,27.0,TEACH-03_METER,正常
LIB-01,公共机构,2026-07-14 14:00,81.08,4.6,4.98,6.1,10.0,32.9,70.2,12.4,LIB-01_METER,正常
GYM-01,公共机构,2026-07-14 14:00,88.79,4.95,5.76,9.0,13.0,33.8,73.4,12.5,GYM-01_METER,正常
OFF-01,办公楼,2026-07-14 15:00,79.61,2.96,3.86,8.0,13.3,31.5,70.8,18.0,OFF-01_METER,正常
OFF-02,办公楼,2026-07-14 15:00,98.88,3.02,5.78,7.1,11.7,33.9,76.5,21.8,OFF-02_METER,正常
OFF-03,办公楼,2026-07-14 15:00,75.34,3.55,4.88,7.0,11.6,33.0,64.0,24.0,OFF-03_METER,正常
OFF-04,办公楼,2026-07-14 15:00,66.49,3.2,3.62,7.2,11.0,31.1,69.8,20.7,OFF-04_METER,正常
OFF-05,办公楼,2026-07-14 15:00,105.3,3.27,6.0,7.4,12.6,34.9,77.1,23.0,OFF-05_METER,正常
TEACH-01,教学楼,2026-07-14 15:00,101.88,5.76,6.22,7.8,12.1,32.3,70.8,29.5,TEACH-01_METER,正常
TEACH-02,教学楼,2026-07-14 15:00,131.9,5.62,5.68,6.4,11.5,31.9,77.8,27.1,TEACH-02_METER,正常
TEACH-03,教学楼,2026-07-14 15:00,97.51,5.66,6.73,8.9,12.9,33.5,85.6,38.4,TEACH-03_METER,正常
LIB-01,公共机构,2026-07-14 15:00,96.13,4.53,5.69,7.4,12.5,33.7,76.4,16.2,LIB-01_METER,正常
GYM-01,公共机构,2026-07-14 15:00,96.92,4.87,4.15,6.4,11.2,32.1,75.8,14.9,GYM-01_METER,正常
OFF-01,办公楼,2026-07-14 16:00,105.04,2.77,5.54,7.5,12.5,33.5,83.0,15.8,OFF-01_METER,正常
OFF-02,办公楼,2026-07-14 16:00,87.97,2.86,4.85,6.6,11.4,32.7,66.6,22.7,OFF-02_METER,正常
OFF-03,办公楼,2026-07-14 16:00,82.98,2.72,4.99,7.5,12.0,33.0,77.3,16.4,OFF-03_METER,正常
OFF-04,办公楼,2026-07-14 16:00,87.15,3.56,6.85,7.6,11.6,35.7,76.2,15.3,OFF-04_METER,正常
OFF-05,办公楼,2026-07-14 16:00,99.95,3.0,4.94,5.8,10.0,33.3,76.4,18.7,OFF-05_METER,正常
TEACH-01,教学楼,2026-07-14 16:00,137.78,5.49,6.89,7.5,12.3,33.5,70.5,27.2,TEACH-01_METER,正常
TEACH-02,教学楼,2026-07-14 16:00,137.98,5.6,7.29,6.6,10.5,33.8,73.7,31.6,TEACH-02_METER,正常
TEACH-03,教学楼,2026-07-14 16:00,140.76,6.35,7.48,6.9,10.7,34.0,68.1,28.7,TEACH-03_METER,正常
LIB-01,公共机构,2026-07-14 16:00,108.75,5.15,5.87,6.6,11.8,34.3,80.6,12.8,LIB-01_METER,正常
GYM-01,公共机构,2026-07-14 16:00,107.38,4.51,4.65,7.5,11.9,33.0,74.9,10.2,GYM-01_METER,正常
OFF-01,办公楼,2026-07-14 17:00,68.65,2.85,5.28,6.2,10.8,33.7,82.1,17.5,OFF-01_METER,正常
OFF-02,办公楼,2026-07-14 17:00,94.08,2.86,7.16,6.2,10.8,36.0,81.3,16.4,OFF-02_METER,正常
OFF-03,办公楼,2026-07-14 17:00,78.9,2.71,5.54,6.2,10.8,33.7,82.6,22.8,OFF-03_METER,正常
OFF-04,办公楼,2026-07-14 17:00,80.33,2.81,5.36,7.1,11.8,33.5,81.1,22.3,OFF-04_METER,正常
OFF-05,办公楼,2026-07-14 17:00,90.69,2.82,3.22,6.1,10.5,30.6,67.4,24.0,OFF-05_METER,正常
TEACH-01,教学楼,2026-07-14 17:00,143.91,5.79,5.63,7.0,11.9,32.1,76.0,26.4,TEACH-01_METER,正常
TEACH-02,教学楼,2026-07-14 17:00,104.98,5.49,8.94,6.3,10.0,35.1,78.5,25.7,TEACH-02_METER,正常
TEACH-03,教学楼,2026-07-14 17:00,128.62,5.57,8.17,5.4,10.3,34.3,75.6,33.1,TEACH-03_METER,正常
LIB-01,公共机构,2026-07-14 17:00,96.12,4.96,6.67,6.5,11.6,35.6,78.7,13.8,LIB-01_METER,正常
GYM-01,公共机构,2026-07-14 17:00,58.09,4.69,6.12,6.3,11.8,34.5,72.9,14.8,GYM-01_METER,正常
OFF-01,办公楼,2026-07-14 18:00,65.84,2.73,4.08,5.8,10.0,33.4,74.8,18.0,OFF-01_METER,正常
OFF-02,办公楼,2026-07-14 18:00,95.57,2.86,2.85,6.1,10.7,31.3,78.6,24.8,OFF-02_METER,正常
OFF-03,办公楼,2026-07-14 18:00,103.77,3.36,5.65,6.7,11.4,36.0,82.2,15.2,OFF-03_METER,正常
OFF-04,办公楼,2026-07-14 18:00,87.95,2.81,4.94,7.5,11.9,35.6,81.3,17.9,OFF-04_METER,正常
OFF-05,办公楼,2026-07-14 18:00,71.07,2.82,4.42,7.8,10.4,34.1,73.8,18.1,OFF-05_METER,正常
TEACH-01,教学楼,2026-07-14 18:00,109.03,5.56,4.28,7.5,11.4,32.3,81.9,35.1,TEACH-01_METER,正常
TEACH-02,教学楼,2026-07-14 18:00,114.75,5.54,7.29,5.3,10.0,35.7,70.4,38.1,TEACH-02_METER,正常
TEACH-03,教学楼,2026-07-14 18:00,114.13,5.56,5.81,6.4,10.9,34.5,76.0,38.3,TEACH-03_METER,正常
LIB-01,公共机构,2026-07-14 18:00,110.98,4.84,5.04,7.3,12.6,35.1,74.9,19.0,LIB-01_METER,正常
GYM-01,公共机构,2026-07-14 18:00,101.87,4.52,4.05,6.9,13.8,33.7,76.2,11.7,GYM-01_METER,正常
OFF-01,办公楼,2026-07-14 19:00,25.04,1.09,4.55,6.1,10.0,34.8,80.0,2.2,OFF-01_METER,正常
OFF-02,办公楼,2026-07-14 19:00,22.32,1.09,3.05,7.0,11.7,31.7,71.9,4.7,OFF-02_METER,正常
OFF-03,办公楼,2026-07-14 19:00,36.78,1.39,3.95,6.1,10.4,33.7,72.8,1.5,OFF-03_METER,正常
OFF-04,办公楼,2026-07-14 19:00,23.08,1.25,4.42,7.0,11.7,34.0,76.5,3.3,OFF-04_METER,正常
OFF-05,办公楼,2026-07-14 19:00,35.57,0.92,5.28,7.9,12.0,35.6,79.4,4.1,OFF-05_METER,正常
TEACH-01,教学楼,2026-07-14 19:00,17.65,1.82,5.41,6.6,11.4,33.7,81.5,1.3,TEACH-01_METER,正常
TEACH-02,教学楼,2026-07-14 19:00,30.84,2.71,6.55,6.3,10.4,34.8,81.5,0.4,TEACH-02_METER,正常
TEACH-03,教学楼,2026-07-14 19:00,25.99,1.91,6.94,6.3,11.3,36.0,76.2,1.7,TEACH-03_METER,正常
LIB-01,公共机构,2026-07-14 19:00,95.96,2.54,3.45,7.9,12.2,32.7,72.0,2.6,LIB-01_METER,正常
GYM-01,公共机构,2026-07-14 19:00,63.66,1.88,4.62,5.9,10.1,35.0,77.3,4.0,GYM-01_METER,正常
OFF-01,办公楼,2026-07-14 20:00,34.08,1.0,5.49,7.2,11.0,36.0,77.5,1.4,OFF-01_METER,正常
OFF-02,办公楼,2026-07-14 20:00,23.66,1.03,4.84,7.8,12.3,34.9,74.9,2.2,OFF-02_METER,正常
OFF-03,办公楼,2026-07-14 20:00,19.93,1.01,3.78,7.5,11.6,33.1,78.6,0.6,OFF-03_METER,正常
OFF-04,办公楼,2026-07-14 20:00,27.43,0.92,3.93,6.5,10.5,33.1,71.4,2.8,OFF-04_METER,正常
OFF-05,办公楼,2026-07-14 20:00,21.12,1.18,4.09,6.7,10.4,33.3,71.5,0.6,OFF-05_METER,正常
TEACH-01,教学楼,2026-07-14 20:00,16.21,1.98,4.69,5.5,10.0,32.5,74.0,1.3,TEACH-01_METER,正常
TEACH-02,教学楼,2026-07-14 20:00,20.65,1.83,4.28,7.0,11.0,32.2,73.2,0.5,TEACH-02_METER,正常
TEACH-03,教学楼,2026-07-14 20:00,22.38,1.94,6.87,5.8,10.9,35.5,72.4,0.5,TEACH-03_METER,正常
LIB-01,公共机构,2026-07-14 20:00,71.99,1.63,3.61,6.3,11.9,33.1,70.6,1.5,LIB-01_METER,正常
GYM-01,公共机构,2026-07-14 20:00,56.56,1.61,5.51,6.0,10.7,35.7,68.0,3.5,GYM-01_METER,正常
OFF-01,办公楼,2026-07-14 21:00,25.83,0.97,3.95,6.9,11.9,32.9,83.1,3.4,OFF-01_METER,正常
OFF-02,办公楼,2026-07-14 21:00,19.02,1.06,4.35,8.9,12.8,33.7,67.6,0.8,OFF-02_METER,正常
OFF-03,办公楼,2026-07-14 21:00,23.51,1.1,4.99,7.6,12.8,34.8,74.0,0.6,OFF-03_METER,正常
OFF-04,办公楼,2026-07-14 21:00,28.59,0.99,3.69,6.4,11.3,32.9,76.6,0.7,OFF-04_METER,正常
OFF-05,办公楼,2026-07-14 21:00,21.34,0.99,4.26,8.1,13.0,33.7,76.5,2.0,OFF-05_METER,正常
TEACH-01,教学楼,2026-07-14 21:00,28.76,1.98,6.33,7.0,10.9,35.0,80.8,0.5,TEACH-01_METER,正常
TEACH-02,教学楼,2026-07-14 21:00,15.65,1.82,2.81,7.5,13.0,29.8,74.1,0.5,TEACH-02_METER,正常
TEACH-03,教学楼,2026-07-14 21:00,21.82,2.68,3.74,8.7,12.9,30.9,76.6,1.6,TEACH-03_METER,正常
LIB-01,公共机构,2026-07-14 21:00,80.5,1.87,3.63,7.8,11.5,32.9,78.9,2.3,LIB-01_METER,正常
GYM-01,公共机构,2026-07-14 21:00,56.62,1.75,4.53,8.4,13.2,34.1,71.3,1.7,GYM-01_METER,正常
OFF-01,办公楼,2026-07-14 22:00,34.21,1.73,4.16,5.4,10.0,33.8,81.2,4.3,OFF-01_METER,正常
OFF-02,办公楼,2026-07-14 22:00,33.15,1.6,1.94,7.9,11.8,29.7,70.3,4.8,OFF-02_METER,正常
OFF-03,办公楼,2026-07-14 22:00,31.33,1.16,4.0,5.6,10.0,33.1,79.4,1.6,OFF-03_METER,正常
OFF-04,办公楼,2026-07-14 22:00,22.01,1.09,4.69,7.0,11.6,35.0,78.4,2.3,OFF-04_METER,正常
OFF-05,办公楼,2026-07-14 22:00,30.08,1.16,3.82,5.0,10.5,32.8,69.0,3.3,OFF-05_METER,正常
TEACH-01,教学楼,2026-07-14 22:00,26.33,2.34,4.53,6.6,10.4,32.5,81.7,1.6,TEACH-01_METER,正常
TEACH-02,教学楼,2026-07-14 22:00,24.76,2.05,6.1,8.6,13.6,34.7,73.9,1.0,TEACH-02_METER,正常
TEACH-03,教学楼,2026-07-14 22:00,16.13,2.25,4.77,5.6,10.7,32.5,73.1,0.7,TEACH-03_METER,正常
LIB-01,公共机构,2026-07-14 22:00,28.01,1.7,2.41,6.7,10.0,30.5,74.7,1.2,LIB-01_METER,正常
GYM-01,公共机构,2026-07-14 22:00,41.16,1.51,3.7,5.6,10.0,33.2,80.5,3.5,GYM-01_METER,正常
OFF-01,办公楼,2026-07-14 23:00,32.87,1.12,2.04,6.9,10.5,30.0,73.4,2.5,OFF-01_METER,正常
OFF-02,办公楼,2026-07-14 23:00,24.15,0.98,4.0,7.4,12.9,33.6,71.5,1.9,OFF-02_METER,正常
OFF-03,办公楼,2026-07-14 23:00,28.16,0.98,3.76,6.9,12.0,33.3,81.9,2.4,OFF-03_METER,正常
OFF-04,办公楼,2026-07-14 23:00,31.15,0.97,3.51,6.5,10.0,32.2,70.5,4.9,OFF-04_METER,正常
OFF-05,办公楼,2026-07-14 23:00,20.59,1.23,3.56,8.0,12.7,32.7,67.0,1.8,OFF-05_METER,正常
TEACH-01,教学楼,2026-07-14 23:00,29.41,1.9,6.02,8.8,12.2,34.3,84.8,1.7,TEACH-01_METER,正常
TEACH-02,教学楼,2026-07-14 23:00,26.28,1.84,4.84,5.8,10.0,33.1,68.1,0.1,TEACH-02_METER,正常
TEACH-03,教学楼,2026-07-14 23:00,19.53,2.33,5.44,7.9,12.5,33.5,75.5,1.3,TEACH-03_METER,正常
LIB-01,公共机构,2026-07-14 23:00,39.48,1.73,2.87,5.2,10.7,31.5,74.3,0.8,LIB-01_METER,正常
GYM-01,公共机构,2026-07-14 23:00,29.61,1.83,3.97,5.1,10.0,33.2,76.7,2.8,GYM-01_METER,正常
OFF-01,办公楼,2026-07-15 00:00,19.93,0.91,0.0,5.2,10.0,25.0,71.7,3.9,OFF-01_METER,正常
OFF-02,办公楼,2026-07-15 00:00,17.64,0.94,0.0,7.3,13.7,25.0,61.6,4.8,OFF-02_METER,正常
OFF-03,办公楼,2026-07-15 00:00,21.06,1.31,0.0,6.1,11.3,25.4,74.1,2.6,OFF-03_METER,正常
OFF-04,办公楼,2026-07-15 00:00,27.8,1.14,0.15,6.5,11.1,26.3,60.2,1.3,OFF-04_METER,正常
OFF-05,办公楼,2026-07-15 00:00,30.53,2.24,0.0,8.4,12.1,25.0,70.5,4.3,OFF-05_METER,正常
TEACH-01,教学楼,2026-07-15 00:00,26.12,1.99,0.16,6.8,11.7,26.2,73.5,0.2,TEACH-01_METER,正常
TEACH-02,教学楼,2026-07-15 00:00,13.02,2.18,0.0,6.5,11.6,25.0,70.4,0.8,TEACH-02_METER,正常
TEACH-03,教学楼,2026-07-15 00:00,18.94,2.08,0.0,6.7,11.2,25.0,69.1,0.3,TEACH-03_METER,正常
LIB-01,公共机构,2026-07-15 00:00,22.16,2.41,0.0,5.0,10.0,25.8,77.2,2.8,LIB-01_METER,正常
GYM-01,公共机构,2026-07-15 00:00,19.27,1.62,0.0,6.5,10.0,25.0,63.7,1.5,GYM-01_METER,正常
OFF-01,办公楼,2026-07-15 01:00,17.48,1.07,0.0,7.8,13.1,25.0,66.9,1.6,OFF-01_METER,正常
OFF-02,办公楼,2026-07-15 01:00,26.84,1.36,0.0,8.4,13.4,25.7,71.0,4.2,OFF-02_METER,正常
OFF-03,办公楼,2026-07-15 01:00,30.06,1.29,0.0,6.4,10.6,25.0,60.2,4.6,OFF-03_METER,正常
OFF-04,办公楼,2026-07-15 01:00,25.77,0.94,0.38,7.1,11.6,26.7,62.1,2.8,OFF-04_METER,正常
OFF-05,办公楼,2026-07-15 01:00,18.24,1.71,0.0,6.1,10.7,25.0,62.0,0.8,OFF-05_METER,正常
TEACH-01,教学楼,2026-07-15 01:00,11.33,1.92,0.0,6.5,10.7,25.3,71.2,0.2,TEACH-01_METER,正常
TEACH-02,教学楼,2026-07-15 01:00,25.72,1.95,0.0,6.1,10.0,25.0,67.8,0.9,TEACH-02_METER,正常
TEACH-03,教学楼,2026-07-15 01:00,14.21,1.92,0.0,6.4,12.0,25.0,70.0,1.6,TEACH-03_METER,正常
LIB-01,公共机构,2026-07-15 01:00,23.93,1.61,0.0,6.0,10.0,25.0,62.1,1.7,LIB-01_METER,正常
GYM-01,公共机构,2026-07-15 01:00,40.34,2.17,0.0,6.3,10.0,25.0,64.0,0.9,GYM-01_METER,正常
OFF-01,办公楼,2026-07-15 02:00,25.79,1.09,0.0,7.2,11.6,25.0,61.7,1.9,OFF-01_METER,正常
OFF-02,办公楼,2026-07-15 02:00,19.03,1.0,0.0,5.6,10.0,25.0,65.8,0.7,OFF-02_METER,正常
OFF-03,办公楼,2026-07-15 02:00,23.98,1.3,0.0,7.4,11.4,25.0,70.3,1.6,OFF-03_METER,正常
OFF-04,办公楼,2026-07-15 02:00,27.54,1.34,0.0,7.3,11.9,25.0,65.4,4.1,OFF-04_METER,正常
OFF-05,办公楼,2026-07-15 02:00,23.45,1.45,0.24,8.7,12.9,26.5,69.9,0.7,OFF-05_METER,正常
TEACH-01,教学楼,2026-07-15 02:00,12.89,1.89,0.0,6.8,10.0,25.9,69.1,1.7,TEACH-01_METER,正常
TEACH-02,教学楼,2026-07-15 02:00,25.67,1.86,0.0,7.1,11.9,25.0,59.5,1.1,TEACH-02_METER,正常
TEACH-03,教学楼,2026-07-15 02:00,13.0,2.11,0.0,6.5,10.0,25.9,66.1,0.1,TEACH-03_METER,正常
LIB-01,公共机构,2026-07-15 02:00,36.86,2.25,0.0,7.7,12.1,25.0,68.6,4.2,LIB-01_METER,正常
GYM-01,公共机构,2026-07-15 02:00,28.83,2.75,0.0,7.6,11.8,25.1,73.4,0.6,GYM-01_METER,正常
OFF-01,办公楼,2026-07-15 03:00,32.87,1.91,1.64,6.2,10.9,29.2,66.3,0.8,OFF-01_METER,正常
OFF-02,办公楼,2026-07-15 03:00,31.36,1.01,0.43,7.7,10.7,26.8,74.7,3.7,OFF-02_METER,正常
OFF-03,办公楼,2026-07-15 03:00,28.5,0.94,0.79,6.4,11.4,27.4,62.4,2.1,OFF-03_METER,正常
OFF-04,办公楼,2026-07-15 03:00,15.9,1.06,0.13,6.9,10.9,26.2,72.2,0.9,OFF-04_METER,正常
OFF-05,办公楼,2026-07-15 03:00,27.58,1.76,0.74,6.0,10.0,27.3,64.6,1.0,OFF-05_METER,正常
TEACH-01,教学楼,2026-07-15 03:00,8.91,2.08,0.0,5.6,10.1,25.0,68.4,1.9,TEACH-01_METER,正常
TEACH-02,教学楼,2026-07-15 03:00,15.39,2.03,0.0,6.7,10.7,25.0,64.1,0.9,TEACH-02_METER,正常
TEACH-03,教学楼,2026-07-15 03:00,15.41,1.92,0.0,7.0,11.6,25.8,67.0,1.6,TEACH-03_METER,正常
LIB-01,公共机构,2026-07-15 03:00,31.37,1.95,0.0,7.4,11.6,25.0,67.3,1.3,LIB-01_METER,正常
GYM-01,公共机构,2026-07-15 03:00,33.09,1.85,0.0,7.0,10.7,25.0,69.7,3.7,GYM-01_METER,正常
OFF-01,办公楼,2026-07-15 04:00,22.73,1.07,0.53,6.8,11.2,27.0,71.9,3.2,OFF-01_METER,正常
OFF-02,办公楼,2026-07-15 04:00,18.73,1.5,0.52,5.7,10.0,27.0,71.4,2.6,OFF-02_METER,正常
OFF-03,办公楼,2026-07-15 04:00,27.13,1.22,0.0,6.9,10.5,25.2,70.8,1.9,OFF-03_METER,正常
OFF-04,办公楼,2026-07-15 04:00,23.15,1.0,1.1,5.2,10.0,28.0,67.7,3.9,OFF-04_METER,正常
OFF-05,办公楼,2026-07-15 04:00,27.55,0.92,0.72,6.8,12.4,27.4,59.7,2.3,OFF-05_METER,正常
TEACH-01,教学楼,2026-07-15 04:00,8.03,2.14,0.01,6.8,10.2,26.0,74.2,1.0,TEACH-01_METER,正常
TEACH-02,教学楼,2026-07-15 04:00,26.03,2.96,1.43,8.3,14.1,28.1,70.9,0.7,TEACH-02_METER,正常
TEACH-03,教学楼,2026-07-15 04:00,13.3,2.01,0.0,8.5,13.5,25.0,66.5,0.7,TEACH-03_METER,正常
LIB-01,公共机构,2026-07-15 04:00,35.73,1.76,0.26,7.6,11.2,26.5,68.5,1.2,LIB-01_METER,正常
GYM-01,公共机构,2026-07-15 04:00,19.78,1.6,0.0,7.5,13.1,25.2,66.5,0.8,GYM-01_METER,正常
OFF-01,办公楼,2026-07-15 05:00,21.03,0.96,0.87,7.8,11.8,27.7,67.0,4.0,OFF-01_METER,正常
OFF-02,办公楼,2026-07-15 05:00,25.64,1.0,0.59,7.3,11.4,27.1,53.3,2.1,OFF-02_METER,正常
OFF-03,办公楼,2026-07-15 05:00,22.95,0.93,0.0,7.3,11.2,25.3,77.7,3.0,OFF-03_METER,正常
OFF-04,办公楼,2026-07-15 05:00,26.12,0.9,1.97,7.8,11.7,29.5,75.3,0.6,OFF-04_METER,正常
OFF-05,办公楼,2026-07-15 05:00,22.02,1.0,0.86,7.5,12.4,27.6,74.3,2.2,OFF-05_METER,正常
TEACH-01,教学楼,2026-07-15 05:00,19.3,1.85,0.0,7.2,12.6,25.7,54.6,0.3,TEACH-01_METER,正常
TEACH-02,教学楼,2026-07-15 05:00,17.81,1.98,0.73,7.0,12.1,27.0,74.2,0.2,TEACH-02_METER,正常
TEACH-03,教学楼,2026-07-15 05:00,27.29,1.83,2.09,7.7,12.2,28.9,71.0,1.1,TEACH-03_METER,正常
LIB-01,公共机构,2026-07-15 05:00,30.57,1.64,1.21,7.2,11.7,28.4,60.5,1.7,LIB-01_METER,正常
GYM-01,公共机构,2026-07-15 05:00,36.27,1.57,1.08,7.2,10.9,28.1,74.9,3.4,GYM-01_METER,正常
OFF-01,办公楼,2026-07-15 06:00,25.46,0.99,1.43,6.8,11.4,28.8,73.9,1.7,OFF-01_METER,正常
OFF-02,办公楼,2026-07-15 06:00,28.03,0.93,0.79,6.4,11.9,27.5,61.1,2.2,OFF-02_METER,正常
OFF-03,办公楼,2026-07-15 06:00,18.77,1.03,0.0,7.1,11.9,25.8,62.3,4.3,OFF-03_METER,正常
OFF-04,办公楼,2026-07-15 06:00,27.76,1.09,2.65,6.2,11.1,31.0,76.5,2.7,OFF-04_METER,正常
OFF-05,办公楼,2026-07-15 06:00,15.65,1.09,0.0,8.1,11.9,25.0,69.4,3.5,OFF-05_METER,正常
TEACH-01,教学楼,2026-07-15 06:00,18.47,1.91,2.22,7.1,12.0,29.0,70.9,1.4,TEACH-01_METER,正常
TEACH-02,教学楼,2026-07-15 06:00,16.67,2.15,1.33,6.9,12.4,27.9,71.2,0.3,TEACH-02_METER,正常
TEACH-03,教学楼,2026-07-15 06:00,21.85,2.2,0.21,8.4,13.0,26.3,77.6,1.1,TEACH-03_METER,正常
LIB-01,公共机构,2026-07-15 06:00,27.49,2.03,0.91,6.0,10.2,27.7,70.6,0.6,LIB-01_METER,正常
GYM-01,公共机构,2026-07-15 06:00,32.14,1.87,0.77,7.0,11.7,27.5,68.4,1.6,GYM-01_METER,正常
OFF-01,办公楼,2026-07-15 07:00,23.64,2.2,1.72,6.9,11.6,29.2,70.6,4.1,OFF-01_METER,正常
OFF-02,办公楼,2026-07-15 07:00,21.02,1.4,2.82,6.3,11.7,31.1,79.8,2.9,OFF-02_METER,正常
OFF-03,办公楼,2026-07-15 07:00,19.35,0.96,1.39,5.9,10.2,28.5,73.4,4.6,OFF-03_METER,正常
OFF-04,办公楼,2026-07-15 07:00,15.59,1.0,1.23,6.2,10.0,28.2,68.7,2.2,OFF-04_METER,正常
OFF-05,办公楼,2026-07-15 07:00,30.48,0.91,1.5,6.9,11.5,28.9,68.7,4.7,OFF-05_METER,正常
TEACH-01,教学楼,2026-07-15 07:00,20.49,2.53,3.38,7.2,11.8,30.9,76.8,1.7,TEACH-01_METER,正常
TEACH-02,教学楼,2026-07-15 07:00,18.42,2.13,2.43,6.3,10.3,29.3,73.8,0.9,TEACH-02_METER,正常
TEACH-03,教学楼,2026-07-15 07:00,14.79,2.61,3.07,8.2,13.1,30.2,68.5,1.1,TEACH-03_METER,正常
LIB-01,公共机构,2026-07-15 07:00,27.58,2.2,1.9,6.4,11.7,29.6,75.4,1.4,LIB-01_METER,正常
GYM-01,公共机构,2026-07-15 07:00,33.96,1.57,0.89,8.4,12.3,27.6,65.1,0.7,GYM-01_METER,正常
OFF-01,办公楼,2026-07-15 08:00,97.55,2.72,1.68,7.1,10.9,29.2,63.7,24.5,OFF-01_METER,正常
OFF-02,办公楼,2026-07-15 08:00,69.42,2.73,1.73,8.8,12.3,29.3,76.4,17.9,OFF-02_METER,正常
OFF-03,办公楼,2026-07-15 08:00,75.25,2.95,1.51,7.1,11.4,28.7,67.8,17.9,OFF-03_METER,正常
OFF-04,办公楼,2026-07-15 08:00,96.19,3.16,1.58,8.0,11.0,29.0,75.4,24.5,OFF-04_METER,正常
OFF-05,办公楼,2026-07-15 08:00,94.74,2.97,2.14,7.0,11.1,30.0,74.8,23.4,OFF-05_METER,正常
TEACH-01,教学楼,2026-07-15 08:00,141.83,5.58,3.09,8.2,12.1,30.3,81.8,29.4,TEACH-01_METER,正常
TEACH-02,教学楼,2026-07-15 08:00,90.2,5.62,2.34,7.0,11.9,29.4,72.3,35.9,TEACH-02_METER,正常
TEACH-03,教学楼,2026-07-15 08:00,97.39,6.27,2.96,6.7,11.2,29.9,77.1,30.1,TEACH-03_METER,正常
LIB-01,公共机构,2026-07-15 08:00,31.27,4.77,2.3,5.8,10.0,30.4,78.5,17.5,LIB-01_METER,正常
GYM-01,公共机构,2026-07-15 08:00,33.09,4.51,1.11,7.2,12.3,28.1,72.8,12.6,GYM-01_METER,正常
OFF-01,办公楼,2026-07-15 09:00,85.98,3.13,3.06,8.3,13.2,30.5,70.1,20.7,OFF-01_METER,正常
OFF-02,办公楼,2026-07-15 09:00,63.4,3.18,2.17,5.7,10.0,29.2,68.5,23.0,OFF-02_METER,正常
OFF-03,办公楼,2026-07-15 09:00,94.5,3.3,2.58,7.3,11.0,29.6,70.6,23.7,OFF-03_METER,正常
OFF-04,办公楼,2026-07-15 09:00,60.34,3.27,2.92,7.0,12.6,30.3,76.6,17.1,OFF-04_METER,正常
OFF-05,办公楼,2026-07-15 09:00,90.52,2.84,1.56,6.5,10.4,28.1,70.9,17.9,OFF-05_METER,正常
TEACH-01,教学楼,2026-07-15 09:00,89.79,5.46,4.57,8.3,13.1,31.0,75.6,39.6,TEACH-01_METER,正常
TEACH-02,教学楼,2026-07-15 09:00,121.42,5.87,5.47,7.7,11.3,31.9,76.5,33.5,TEACH-02_METER,正常
TEACH-03,教学楼,2026-07-15 09:00,101.61,5.47,1.43,7.0,11.9,27.5,67.3,26.9,TEACH-03_METER,正常
LIB-01,公共机构,2026-07-15 09:00,87.86,4.9,3.42,5.2,10.1,31.0,68.9,10.1,LIB-01_METER,正常
GYM-01,公共机构,2026-07-15 09:00,60.16,5.92,1.81,7.3,11.9,28.5,75.4,13.6,GYM-01_METER,正常
OFF-01,办公楼,2026-07-15 10:00,88.95,2.82,3.82,6.9,11.4,31.7,75.3,19.0,OFF-01_METER,正常
OFF-02,办公楼,2026-07-15 10:00,98.53,3.2,4.75,7.0,11.3,32.8,65.4,18.2,OFF-02_METER,正常
OFF-03,办公楼,2026-07-15 10:00,71.49,3.06,3.2,7.4,10.5,30.6,71.4,19.8,OFF-03_METER,正常
OFF-04,办公楼,2026-07-15 10:00,92.05,2.82,4.4,6.4,10.3,32.1,80.2,23.3,OFF-04_METER,正常
OFF-05,办公楼,2026-07-15 10:00,105.83,3.19,3.74,7.3,12.5,31.6,72.8,21.4,OFF-05_METER,正常
TEACH-01,教学楼,2026-07-15 10:00,97.79,5.94,5.78,6.9,12.7,31.9,77.5,27.2,TEACH-01_METER,正常
TEACH-02,教学楼,2026-07-15 10:00,144.07,5.94,2.91,6.5,11.8,29.2,70.6,32.5,TEACH-02_METER,正常
TEACH-03,教学楼,2026-07-15 10:00,120.82,5.58,4.11,5.7,10.0,30.6,78.4,33.1,TEACH-03_METER,正常
LIB-01,公共机构,2026-07-15 10:00,106.16,5.04,4.43,6.9,11.9,32.1,73.1,17.8,LIB-01_METER,正常
GYM-01,公共机构,2026-07-15 10:00,116.19,4.6,6.08,8.8,12.9,34.6,79.1,16.3,GYM-01_METER,正常
OFF-01,办公楼,2026-07-15 11:00,91.17,2.75,3.27,6.6,11.4,30.5,72.8,24.4,OFF-01_METER,正常
OFF-02,办公楼,2026-07-15 11:00,90.77,2.74,5.76,7.7,12.5,34.5,76.3,18.9,OFF-02_METER,正常
OFF-03,办公楼,2026-07-15 11:00,76.41,3.11,4.48,7.3,11.1,32.2,76.7,23.4,OFF-03_METER,正常
OFF-04,办公楼,2026-07-15 11:00,76.73,2.78,3.06,7.1,10.3,30.3,61.1,17.2,OFF-04_METER,正常
OFF-05,办公楼,2026-07-15 11:00,72.75,2.72,5.0,7.5,12.5,32.9,66.7,16.5,OFF-05_METER,正常
TEACH-01,教学楼,2026-07-15 11:00,126.63,5.4,6.49,7.0,13.4,33.2,74.9,35.0,TEACH-01_METER,正常
TEACH-02,教学楼,2026-07-15 11:00,108.03,5.59,4.14,7.8,12.1,30.7,78.9,36.5,TEACH-02_METER,正常
TEACH-03,教学楼,2026-07-15 11:00,138.32,5.5,7.77,6.4,11.6,34.3,75.6,39.3,TEACH-03_METER,正常
LIB-01,公共机构,2026-07-15 11:00,75.39,4.52,3.92,6.4,11.7,31.8,83.8,12.6,LIB-01_METER,正常
GYM-01,公共机构,2026-07-15 11:00,85.53,4.56,2.59,7.4,11.4,29.7,76.4,11.8,GYM-01_METER,正常
OFF-01,办公楼,2026-07-15 12:00,64.11,2.74,2.42,7.8,11.4,29.6,71.5,22.8,OFF-01_METER,正常
OFF-02,办公楼,2026-07-15 12:00,96.34,2.91,3.32,8.6,12.5,30.7,73.4,21.8,OFF-02_METER,正常
OFF-03,办公楼,2026-07-15 12:00,101.32,3.29,4.65,8.5,13.6,32.4,74.8,15.9,OFF-03_METER,正常
OFF-04,办公楼,2026-07-15 12:00,98.63,2.96,6.2,5.6,10.0,35.2,80.9,23.3,OFF-04_METER,正常
OFF-05,办公楼,2026-07-15 12:00,87.54,2.77,5.33,8.5,13.3,33.3,73.4,21.7,OFF-05_METER,正常
TEACH-01,教学楼,2026-07-15 12:00,100.91,5.57,4.72,8.0,12.9,31.2,80.7,36.3,TEACH-01_METER,正常
TEACH-02,教学楼,2026-07-15 12:00,115.36,5.48,6.18,7.5,11.5,32.6,68.5,35.3,TEACH-02_METER,正常
TEACH-03,教学楼,2026-07-15 12:00,131.98,5.75,4.28,6.6,11.0,30.6,73.4,31.0,TEACH-03_METER,正常
LIB-01,公共机构,2026-07-15 12:00,88.5,4.69,4.13,6.9,12.5,31.9,77.5,12.5,LIB-01_METER,正常
GYM-01,公共机构,2026-07-15 12:00,74.98,4.9,4.67,6.1,11.9,32.9,73.7,16.1,GYM-01_METER,正常
OFF-01,办公楼,2026-07-15 13:00,64.32,2.72,3.65,7.8,12.4,31.2,75.6,24.9,OFF-01_METER,正常
OFF-02,办公楼,2026-07-15 13:00,81.5,3.21,5.52,6.3,10.0,34.1,72.3,18.4,OFF-02_METER,正常
OFF-03,办公楼,2026-07-15 13:00,90.28,3.46,3.39,7.9,12.9,30.7,73.9,20.7,OFF-03_METER,正常
OFF-04,办公楼,2026-07-15 13:00,77.48,2.85,6.61,6.5,10.2,35.6,82.8,23.2,OFF-04_METER,正常
OFF-05,办公楼,2026-07-15 13:00,86.5,2.7,6.28,5.4,10.2,35.2,81.5,17.2,OFF-05_METER,正常
TEACH-01,教学楼,2026-07-15 13:00,103.74,5.6,7.11,8.0,11.6,33.3,79.5,36.5,TEACH-01_METER,正常
TEACH-02,教学楼,2026-07-15 13:00,138.22,5.4,5.79,8.0,10.5,32.4,68.7,26.9,TEACH-02_METER,正常
TEACH-03,教学楼,2026-07-15 13:00,103.89,5.53,7.07,5.6,10.3,33.7,84.0,37.2,TEACH-03_METER,正常
LIB-01,公共机构,2026-07-15 13:00,57.32,4.65,5.75,6.0,11.4,33.9,84.1,16.3,LIB-01_METER,正常
GYM-01,公共机构,2026-07-15 13:00,104.08,4.91,5.25,7.3,12.4,33.6,81.0,18.8,GYM-01_METER,正常
OFF-01,办公楼,2026-07-15 14:00,63.61,2.76,5.9,6.5,10.6,34.1,84.6,17.1,OFF-01_METER,正常
OFF-02,办公楼,2026-07-15 14:00,79.17,3.0,4.33,6.4,10.1,32.0,73.4,18.7,OFF-02_METER,正常
OFF-03,办公楼,2026-07-15 14:00,75.84,3.06,4.7,7.3,12.6,32.4,76.8,18.7,OFF-03_METER,正常
OFF-04,办公楼,2026-07-15 14:00,98.58,2.79,5.35,5.6,10.0,33.9,84.8,24.8,OFF-04_METER,正常
OFF-05,办公楼,2026-07-15 14:00,88.81,4.07,6.39,8.2,12.9,34.9,83.1,16.9,OFF-05_METER,正常
TEACH-01,教学楼,2026-07-15 14:00,88.6,5.57,8.45,6.8,12.2,34.8,67.1,37.0,TEACH-01_METER,正常
TEACH-02,教学楼,2026-07-15 14:00,111.8,5.69,6.68,7.3,12.7,33.3,71.5,35.6,TEACH-02_METER,正常
TEACH-03,教学楼,2026-07-15 14:00,107.18,5.84,7.0,6.0,10.0,33.5,84.0,32.4,TEACH-03_METER,正常
LIB-01,公共机构,2026-07-15 14:00,103.75,4.87,5.35,6.7,11.8,33.3,81.6,10.5,LIB-01_METER,正常
GYM-01,公共机构,2026-07-15 14:00,95.67,4.58,4.73,6.9,11.1,33.1,71.5,18.0,GYM-01_METER,正常
OFF-01,办公楼,2026-07-15 15:00,101.74,2.76,5.15,7.3,11.4,33.2,78.7,18.7,OFF-01_METER,正常
OFF-02,办公楼,2026-07-15 15:00,79.68,2.78,5.37,7.6,12.5,33.7,83.8,15.3,OFF-02_METER,正常
OFF-03,办公楼,2026-07-15 15:00,77.92,2.86,6.37,8.2,12.5,35.6,77.8,19.3,OFF-03_METER,正常
OFF-04,办公楼,2026-07-15 15:00,70.81,2.98,6.5,9.8,14.5,34.8,73.7,23.0,OFF-04_METER,正常
OFF-05,办公楼,2026-07-15 15:00,90.86,3.03,5.43,6.7,11.2,33.8,77.1,17.4,OFF-05_METER,正常
TEACH-01,教学楼,2026-07-15 15:00,94.65,5.59,6.65,6.9,10.9,33.5,68.6,26.9,TEACH-01_METER,正常
TEACH-02,教学楼,2026-07-15 15:00,128.16,5.45,6.65,7.3,12.4,32.8,74.1,30.8,TEACH-02_METER,正常
TEACH-03,教学楼,2026-07-15 15:00,143.37,5.84,9.21,6.8,11.7,35.5,85.6,28.4,TEACH-03_METER,正常
LIB-01,公共机构,2026-07-15 15:00,81.12,4.82,5.64,6.5,10.7,34.4,75.2,13.7,LIB-01_METER,正常
GYM-01,公共机构,2026-07-15 15:00,109.61,4.68,5.2,6.8,10.5,33.3,72.2,13.9,GYM-01_METER,正常
OFF-01,办公楼,2026-07-15 16:00,102.38,3.12,5.59,7.5,12.3,34.4,74.9,23.2,OFF-01_METER,正常
OFF-02,办公楼,2026-07-15 16:00,90.48,2.71,6.68,5.0,10.0,35.6,84.7,16.7,OFF-02_METER,正常
OFF-03,办公楼,2026-07-15 16:00,98.07,3.09,5.75,6.2,11.1,34.4,80.3,19.3,OFF-03_METER,正常
OFF-04,办公楼,2026-07-15 16:00,64.56,2.77,3.48,6.4,10.7,31.2,66.1,17.3,OFF-04_METER,正常
OFF-05,办公楼,2026-07-15 16:00,77.54,2.8,5.12,9.1,14.0,33.3,81.6,23.5,OFF-05_METER,正常
TEACH-01,教学楼,2026-07-15 16:00,95.39,5.8,4.6,6.0,10.0,31.1,70.9,35.8,TEACH-01_METER,正常
TEACH-02,教学楼,2026-07-15 16:00,111.62,6.14,9.13,6.3,11.9,36.0,80.9,26.7,TEACH-02_METER,正常
TEACH-03,教学楼,2026-07-15 16:00,92.82,6.36,6.27,7.5,14.1,32.4,72.2,28.6,TEACH-03_METER,正常
LIB-01,公共机构,2026-07-15 16:00,105.1,4.54,5.35,6.4,11.5,33.9,76.7,17.9,LIB-01_METER,正常
GYM-01,公共机构,2026-07-15 16:00,92.44,5.13,5.13,7.4,12.2,33.7,82.8,18.6,GYM-01_METER,正常
OFF-01,办公楼,2026-07-15 17:00,92.14,3.19,6.91,6.7,10.8,36.0,79.6,22.9,OFF-01_METER,正常
OFF-02,办公楼,2026-07-15 17:00,90.3,2.86,5.29,7.2,11.1,33.8,88.2,20.9,OFF-02_METER,正常
OFF-03,办公楼,2026-07-15 17:00,91.25,2.83,6.26,8.3,13.6,35.2,74.0,19.1,OFF-03_METER,正常
OFF-04,办公楼,2026-07-15 17:00,100.83,3.51,3.71,7.4,11.5,31.3,70.6,23.4,OFF-04_METER,正常
OFF-05,办公楼,2026-07-15 17:00,82.91,3.34,5.46,5.3,10.1,33.9,89.3,20.6,OFF-05_METER,正常
TEACH-01,教学楼,2026-07-15 17:00,93.84,5.4,5.95,6.2,10.0,32.7,76.8,28.0,TEACH-01_METER,正常
TEACH-02,教学楼,2026-07-15 17:00,144.65,5.66,7.55,6.3,11.5,33.7,77.0,31.6,TEACH-02_METER,正常
TEACH-03,教学楼,2026-07-15 17:00,96.04,5.79,7.84,7.1,11.4,34.0,82.3,26.9,TEACH-03_METER,正常
LIB-01,公共机构,2026-07-15 17:00,113.43,4.73,6.89,6.7,10.4,36.0,72.7,19.8,LIB-01_METER,正常
GYM-01,公共机构,2026-07-15 17:00,65.16,5.06,6.46,5.7,10.3,34.7,81.2,16.6,GYM-01_METER,正常
OFF-01,办公楼,2026-07-15 18:00,104.29,3.03,4.06,7.5,10.9,33.6,77.7,18.7,OFF-01_METER,正常
OFF-02,办公楼,2026-07-15 18:00,73.61,2.97,2.46,7.1,13.1,30.8,77.5,15.5,OFF-02_METER,正常
OFF-03,办公楼,2026-07-15 18:00,60.76,2.73,2.36,5.8,10.8,30.1,70.0,20.9,OFF-03_METER,正常
OFF-04,办公楼,2026-07-15 18:00,80.03,2.95,2.87,6.8,11.6,31.4,76.0,21.7,OFF-04_METER,正常
OFF-05,办公楼,2026-07-15 18:00,70.56,3.34,5.66,8.5,14.4,36.0,83.6,22.2,OFF-05_METER,正常
TEACH-01,教学楼,2026-07-15 18:00,139.28,5.52,5.37,7.5,13.2,33.6,77.1,26.6,TEACH-01_METER,正常
TEACH-02,教学楼,2026-07-15 18:00,83.08,5.62,6.57,7.1,12.3,35.3,87.3,28.1,TEACH-02_METER,正常
TEACH-03,教学楼,2026-07-15 18:00,119.31,5.44,5.8,6.5,10.1,34.5,72.4,27.9,TEACH-03_METER,正常
LIB-01,公共机构,2026-07-15 18:00,75.43,5.04,3.42,7.3,12.5,32.5,74.4,13.2,LIB-01_METER,正常
GYM-01,公共机构,2026-07-15 18:00,77.64,4.61,5.47,7.5,11.5,35.9,80.2,14.3,GYM-01_METER,正常
OFF-01,办公楼,2026-07-15 19:00,25.93,1.11,4.81,7.6,11.8,34.8,83.7,4.9,OFF-01_METER,正常
OFF-02,办公楼,2026-07-15 19:00,16.56,0.99,3.0,7.8,12.2,31.5,70.7,4.6,OFF-02_METER,正常
OFF-03,办公楼,2026-07-15 19:00,23.66,1.55,4.94,7.7,11.9,35.1,74.6,4.5,OFF-03_METER,正常
OFF-04,办公楼,2026-07-15 19:00,31.77,1.26,3.42,8.6,12.9,32.6,75.9,4.1,OFF-04_METER,正常
OFF-05,办公楼,2026-07-15 19:00,27.05,0.92,5.43,9.0,12.8,35.7,82.3,4.9,OFF-05_METER,正常
TEACH-01,教学楼,2026-07-15 19:00,28.75,2.26,5.09,6.8,11.6,33.4,82.0,1.3,TEACH-01_METER,正常
TEACH-02,教学楼,2026-07-15 19:00,23.43,2.51,6.12,6.5,11.2,34.4,78.0,0.5,TEACH-02_METER,正常
TEACH-03,教学楼,2026-07-15 19:00,22.47,2.23,4.44,8.6,13.2,32.3,81.0,0.3,TEACH-03_METER,正常
LIB-01,公共机构,2026-07-15 19:00,72.37,1.64,2.59,6.6,11.6,31.1,70.4,1.3,LIB-01_METER,正常
GYM-01,公共机构,2026-07-15 19:00,66.77,1.59,5.19,7.7,12.7,35.9,79.1,3.4,GYM-01_METER,正常
OFF-01,办公楼,2026-07-15 20:00,23.52,1.32,3.95,7.1,11.7,33.5,82.6,1.5,OFF-01_METER,正常
OFF-02,办公楼,2026-07-15 20:00,27.41,1.2,3.59,6.4,11.5,32.8,82.9,0.6,OFF-02_METER,正常
OFF-03,办公楼,2026-07-15 20:00,21.75,1.14,5.49,7.1,12.3,35.8,80.8,2.4,OFF-03_METER,正常
OFF-04,办公楼,2026-07-15 20:00,21.26,1.17,4.12,6.4,10.5,33.5,73.5,3.7,OFF-04_METER,正常
OFF-05,办公楼,2026-07-15 20:00,28.31,1.32,4.54,7.3,12.4,34.7,74.8,1.2,OFF-05_METER,正常
TEACH-01,教学楼,2026-07-15 20:00,22.67,2.89,4.09,7.9,11.9,31.5,78.2,0.7,TEACH-01_METER,正常
TEACH-02,教学楼,2026-07-15 20:00,27.4,1.89,6.01,6.2,11.0,33.9,84.6,0.3,TEACH-02_METER,正常
TEACH-03,教学楼,2026-07-15 20:00,17.89,1.99,6.29,7.7,13.4,34.3,74.6,1.1,TEACH-03_METER,正常
LIB-01,公共机构,2026-07-15 20:00,89.68,1.59,3.99,6.6,10.3,33.4,75.1,4.3,LIB-01_METER,正常
GYM-01,公共机构,2026-07-15 20:00,84.84,1.72,4.92,8.3,13.1,35.5,76.6,2.7,GYM-01_METER,正常
OFF-01,办公楼,2026-07-15 21:00,29.56,1.22,3.9,8.8,13.1,32.9,73.6,1.6,OFF-01_METER,正常
OFF-02,办公楼,2026-07-15 21:00,27.35,0.95,2.46,6.9,12.7,30.8,79.3,0.8,OFF-02_METER,正常
OFF-03,办公楼,2026-07-15 21:00,29.78,1.22,3.11,7.7,11.6,32.0,71.3,2.3,OFF-03_METER,正常
OFF-04,办公楼,2026-07-15 21:00,22.71,0.97,4.49,6.9,11.3,34.0,77.9,4.2,OFF-04_METER,正常
OFF-05,办公楼,2026-07-15 21:00,27.22,1.12,3.0,8.7,13.5,31.8,71.3,1.5,OFF-05_METER,正常
TEACH-01,教学楼,2026-07-15 21:00,29.67,1.8,4.26,7.1,12.0,31.9,80.3,1.7,TEACH-01_METER,正常
TEACH-02,教学楼,2026-07-15 21:00,32.02,1.89,5.53,5.8,10.5,33.4,80.3,1.9,TEACH-02_METER,正常
TEACH-03,教学楼,2026-07-15 21:00,26.66,1.83,3.58,7.6,12.0,31.2,69.9,0.1,TEACH-03_METER,正常
LIB-01,公共机构,2026-07-15 21:00,112.76,1.7,4.29,6.9,10.5,33.7,77.7,3.5,LIB-01_METER,正常
GYM-01,公共机构,2026-07-15 21:00,99.93,1.66,3.13,6.8,12.4,32.1,85.8,1.9,GYM-01_METER,正常
OFF-01,办公楼,2026-07-15 22:00,27.63,1.25,3.66,7.6,11.5,32.5,70.6,3.9,OFF-01_METER,正常
OFF-02,办公楼,2026-07-15 22:00,22.69,1.02,4.5,6.1,11.1,34.3,82.5,1.5,OFF-02_METER,正常
OFF-03,办公楼,2026-07-15 22:00,34.28,1.32,3.84,6.9,11.9,32.9,75.5,3.8,OFF-03_METER,正常
OFF-04,办公楼,2026-07-15 22:00,26.77,1.13,3.98,6.2,10.0,33.6,70.8,2.8,OFF-04_METER,正常
OFF-05,办公楼,2026-07-15 22:00,19.43,1.22,3.44,7.7,11.7,32.2,76.3,4.4,OFF-05_METER,正常
TEACH-01,教学楼,2026-07-15 22:00,27.2,2.91,5.27,7.9,12.5,33.5,77.4,0.2,TEACH-01_METER,正常
TEACH-02,教学楼,2026-07-15 22:00,23.37,2.04,6.16,7.1,12.4,34.2,78.1,0.5,TEACH-02_METER,正常
TEACH-03,教学楼,2026-07-15 22:00,25.0,2.05,6.2,5.3,10.0,34.5,65.7,1.6,TEACH-03_METER,正常
LIB-01,公共机构,2026-07-15 22:00,28.64,1.75,4.07,5.9,11.3,33.6,75.3,0.6,LIB-01_METER,正常
GYM-01,公共机构,2026-07-15 22:00,38.59,1.61,3.77,6.1,10.0,33.0,77.1,3.0,GYM-01_METER,正常
OFF-01,办公楼,2026-07-15 23:00,20.57,0.97,2.39,7.5,11.6,30.2,69.0,1.6,OFF-01_METER,正常
OFF-02,办公楼,2026-07-15 23:00,32.97,1.06,3.43,8.1,11.2,32.5,81.5,3.8,OFF-02_METER,正常
OFF-03,办公楼,2026-07-15 23:00,20.33,1.15,3.53,6.6,11.3,32.8,69.3,4.1,OFF-03_METER,正常
OFF-04,办公楼,2026-07-15 23:00,22.88,1.01,3.52,6.0,10.0,32.4,77.0,1.9,OFF-04_METER,正常
OFF-05,办公楼,2026-07-15 23:00,26.4,1.15,5.34,7.0,11.7,35.4,75.7,1.1,OFF-05_METER,正常
TEACH-01,教学楼,2026-07-15 23:00,24.84,1.87,3.79,7.1,12.5,31.5,70.9,0.8,TEACH-01_METER,正常
TEACH-02,教学楼,2026-07-15 23:00,21.11,1.84,5.97,6.4,10.0,34.4,83.3,0.6,TEACH-02_METER,正常
TEACH-03,教学楼,2026-07-15 23:00,19.76,2.08,5.02,7.6,11.6,32.7,82.0,1.1,TEACH-03_METER,正常
LIB-01,公共机构,2026-07-15 23:00,26.8,1.68,2.75,7.2,12.3,31.1,78.0,3.5,LIB-01_METER,正常
GYM-01,公共机构,2026-07-15 23:00,35.24,1.76,4.87,6.2,10.2,34.9,77.0,0.6,GYM-01_METER,正常
OFF-01,办公楼,2026-07-16 00:00,23.37,2.23,0.0,5.8,10.0,25.0,65.6,3.5,OFF-01_METER,正常
OFF-02,办公楼,2026-07-16 00:00,33.74,1.57,0.0,6.8,10.0,25.0,68.9,1.6,OFF-02_METER,正常
OFF-03,办公楼,2026-07-16 00:00,31.1,1.38,0.0,8.2,12.7,25.0,64.9,4.7,OFF-03_METER,正常
OFF-04,办公楼,2026-07-16 00:00,25.92,1.09,0.0,7.6,11.0,25.3,57.0,3.8,OFF-04_METER,正常
OFF-05,办公楼,2026-07-16 00:00,23.02,1.35,0.0,5.4,10.1,25.0,59.9,1.2,OFF-05_METER,正常
TEACH-01,教学楼,2026-07-16 00:00,24.08,1.96,0.0,6.8,10.2,25.0,69.1,1.3,TEACH-01_METER,正常
TEACH-02,教学楼,2026-07-16 00:00,14.75,1.94,0.0,7.1,11.6,25.7,66.8,1.6,TEACH-02_METER,正常
TEACH-03,教学楼,2026-07-16 00:00,26.18,1.83,0.0,7.3,11.8,25.0,54.7,1.3,TEACH-03_METER,正常
LIB-01,公共机构,2026-07-16 00:00,26.41,1.96,0.0,6.4,10.8,25.0,57.0,2.2,LIB-01_METER,正常
GYM-01,公共机构,2026-07-16 00:00,27.85,1.57,0.0,7.1,12.1,25.0,68.7,4.3,GYM-01_METER,正常
OFF-01,办公楼,2026-07-16 01:00,26.25,0.93,0.0,7.8,12.2,25.0,75.0,2.3,OFF-01_METER,正常
OFF-02,办公楼,2026-07-16 01:00,13.78,1.24,0.0,6.6,11.1,25.0,66.8,1.8,OFF-02_METER,正常
OFF-03,办公楼,2026-07-16 01:00,26.68,0.98,0.0,6.2,10.0,25.0,69.0,3.2,OFF-03_METER,正常
OFF-04,办公楼,2026-07-16 01:00,23.17,1.72,0.6,6.8,11.3,27.1,67.5,3.6,OFF-04_METER,正常
OFF-05,办公楼,2026-07-16 01:00,18.93,1.32,0.0,7.6,12.2,25.5,65.6,0.9,OFF-05_METER,正常
TEACH-01,教学楼,2026-07-16 01:00,28.46,2.02,0.0,6.6,11.0,25.0,69.0,0.2,TEACH-01_METER,正常
TEACH-02,教学楼,2026-07-16 01:00,15.93,2.08,0.0,6.9,11.6,25.0,68.4,0.1,TEACH-02_METER,正常
TEACH-03,教学楼,2026-07-16 01:00,7.0,2.29,0.0,5.9,10.4,25.9,65.1,0.8,TEACH-03_METER,正常
LIB-01,公共机构,2026-07-16 01:00,43.85,1.74,0.0,8.2,12.8,25.0,55.5,3.3,LIB-01_METER,正常
GYM-01,公共机构,2026-07-16 01:00,40.04,1.81,0.0,8.1,13.3,25.0,64.0,2.2,GYM-01_METER,正常
OFF-01,办公楼,2026-07-16 02:00,30.82,2.13,0.58,7.0,10.9,27.1,68.2,2.0,OFF-01_METER,正常
OFF-02,办公楼,2026-07-16 02:00,22.14,1.05,0.0,6.6,11.2,25.0,59.9,2.7,OFF-02_METER,正常
OFF-03,办公楼,2026-07-16 02:00,27.38,1.04,0.07,7.9,12.1,26.1,71.4,1.0,OFF-03_METER,正常
OFF-04,办公楼,2026-07-16 02:00,25.49,1.25,0.14,7.4,10.9,26.3,69.1,1.0,OFF-04_METER,正常
OFF-05,办公楼,2026-07-16 02:00,25.26,0.93,0.01,7.7,11.7,26.0,74.9,3.7,OFF-05_METER,正常
TEACH-01,教学楼,2026-07-16 02:00,15.97,1.99,0.0,5.9,10.7,25.0,63.2,1.9,TEACH-01_METER,正常
TEACH-02,教学楼,2026-07-16 02:00,10.18,1.99,0.0,7.7,11.7,25.0,61.7,0.4,TEACH-02_METER,正常
TEACH-03,教学楼,2026-07-16 02:00,16.06,1.83,0.0,6.6,10.9,25.0,65.9,1.4,TEACH-03_METER,正常
LIB-01,公共机构,2026-07-16 02:00,26.49,1.8,0.0,6.8,11.8,26.0,52.1,2.2,LIB-01_METER,正常
GYM-01,公共机构,2026-07-16 02:00,13.89,1.53,0.0,5.8,10.9,25.8,64.5,3.5,GYM-01_METER,正常
OFF-01,办公楼,2026-07-16 03:00,15.27,1.24,0.48,8.0,12.5,26.9,64.7,4.3,OFF-01_METER,异常
OFF-02,办公楼,2026-07-16 03:00,35.71,1.17,0.0,7.7,11.6,25.0,65.5,0.9,OFF-02_METER,正常
OFF-03,办公楼,2026-07-16 03:00,35.29,1.11,0.02,7.6,11.1,26.0,67.8,3.9,OFF-03_METER,正常
OFF-04,办公楼,2026-07-16 03:00,35.74,1.14,0.0,6.1,10.9,25.0,63.3,2.1,OFF-04_METER,正常
OFF-05,办公楼,2026-07-16 03:00,21.28,0.98,0.0,5.0,10.0,25.3,66.8,2.0,OFF-05_METER,正常
TEACH-01,教学楼,2026-07-16 03:00,17.68,3.21,0.03,7.1,10.8,26.0,63.8,0.0,TEACH-01_METER,正常
TEACH-02,教学楼,2026-07-16 03:00,23.58,2.71,1.32,6.5,10.0,27.8,65.4,0.5,TEACH-02_METER,正常
TEACH-03,教学楼,2026-07-16 03:00,18.86,1.82,0.91,8.0,12.5,27.3,68.1,0.0,TEACH-03_METER,正常
LIB-01,公共机构,2026-07-16 03:00,36.04,1.53,0.0,8.2,12.6,25.7,55.3,2.2,LIB-01_METER,正常
GYM-01,公共机构,2026-07-16 03:00,17.78,1.67,0.7,7.7,10.6,27.2,67.1,1.0,GYM-01_METER,正常
OFF-01,办公楼,2026-07-16 04:00,16.86,0.91,0.16,8.2,13.4,26.3,68.3,0.9,OFF-01_METER,正常
OFF-02,办公楼,2026-07-16 04:00,20.18,1.12,1.02,7.7,11.9,28.0,73.8,3.6,OFF-02_METER,正常
OFF-03,办公楼,2026-07-16 04:00,29.3,1.04,0.42,6.6,11.5,26.8,70.2,1.6,OFF-03_METER,正常
OFF-04,办公楼,2026-07-16 04:00,23.07,1.0,0.0,7.7,12.0,25.0,69.8,0.8,OFF-04_METER,正常
OFF-05,办公楼,2026-07-16 04:00,25.6,0.98,0.0,6.6,11.3,25.0,64.4,4.5,OFF-05_METER,正常
TEACH-01,教学楼,2026-07-16 04:00,19.53,1.87,0.0,7.7,12.8,25.6,68.6,0.4,TEACH-01_METER,正常
TEACH-02,教学楼,2026-07-16 04:00,16.62,2.15,0.41,5.8,11.1,26.6,66.9,0.3,TEACH-02_METER,正常
TEACH-03,教学楼,2026-07-16 04:00,12.4,1.85,0.58,8.0,11.3,26.9,66.1,0.8,TEACH-03_METER,正常
LIB-01,公共机构,2026-07-16 04:00,36.77,1.59,0.51,7.8,12.3,27.0,71.5,0.8,LIB-01_METER,正常
GYM-01,公共机构,2026-07-16 04:00,30.76,1.85,0.58,5.7,10.0,27.0,79.7,1.3,GYM-01_METER,正常
OFF-01,办公楼,2026-07-16 05:00,20.68,1.02,1.06,6.6,10.3,28.0,67.8,1.5,OFF-01_METER,正常
OFF-02,办公楼,2026-07-16 05:00,22.81,1.7,0.04,6.4,10.5,26.1,73.0,2.6,OFF-02_METER,正常
OFF-03,办公楼,2026-07-16 05:00,19.74,3.26,1.11,5.7,10.0,28.0,68.9,0.7,OFF-03_METER,正常
OFF-04,办公楼,2026-07-16 05:00,26.31,1.23,0.41,6.3,10.8,26.8,74.5,2.1,OFF-04_METER,正常
OFF-05,办公楼,2026-07-16 05:00,29.58,1.18,0.35,7.8,11.8,26.6,64.2,4.7,OFF-05_METER,正常
TEACH-01,教学楼,2026-07-16 05:00,21.8,2.9,0.16,7.8,10.8,26.2,68.9,1.4,TEACH-01_METER,正常
TEACH-02,教学楼,2026-07-16 05:00,15.53,1.81,0.17,6.9,11.8,26.2,65.0,0.0,TEACH-02_METER,正常
TEACH-03,教学楼,2026-07-16 05:00,27.31,2.07,0.91,7.6,12.7,27.3,66.2,0.6,TEACH-03_METER,正常
LIB-01,公共机构,2026-07-16 05:00,24.58,2.66,0.0,7.3,11.3,26.0,67.0,4.2,LIB-01_METER,正常
GYM-01,公共机构,2026-07-16 05:00,40.26,1.62,1.08,6.8,10.0,28.0,69.0,2.7,GYM-01_METER,正常
OFF-01,办公楼,2026-07-16 06:00,22.55,1.08,1.47,6.2,10.1,28.8,72.6,2.4,OFF-01_METER,正常
OFF-02,办公楼,2026-07-16 06:00,24.66,0.95,1.63,7.9,11.6,29.1,70.5,2.2,OFF-02_METER,正常
OFF-03,办公楼,2026-07-16 06:00,22.48,1.49,0.33,9.1,13.7,26.6,68.4,1.4,OFF-03_METER,正常
OFF-04,办公楼,2026-07-16 06:00,22.94,0.96,0.43,7.6,13.5,26.8,74.3,3.6,OFF-04_METER,正常
OFF-05,办公楼,2026-07-16 06:00,28.12,1.08,2.75,9.6,13.5,31.1,77.0,1.3,OFF-05_METER,正常
TEACH-01,教学楼,2026-07-16 06:00,16.43,2.05,1.69,7.0,11.6,28.4,71.1,0.6,TEACH-01_METER,正常
TEACH-02,教学楼,2026-07-16 06:00,23.72,2.48,2.36,6.1,10.1,29.4,75.6,1.9,TEACH-02_METER,正常
TEACH-03,教学楼,2026-07-16 06:00,13.22,1.89,1.07,7.7,13.1,27.5,66.6,0.6,TEACH-03_METER,正常
LIB-01,公共机构,2026-07-16 06:00,18.01,1.61,1.63,5.7,10.0,28.9,68.4,5.0,LIB-01_METER,正常
GYM-01,公共机构,2026-07-16 06:00,30.85,1.5,0.0,5.3,10.0,26.0,71.7,0.9,GYM-01_METER,正常
OFF-01,办公楼,2026-07-16 07:00,26.11,1.38,1.32,7.3,11.4,28.4,65.5,1.7,OFF-01_METER,正常
OFF-02,办公楼,2026-07-16 07:00,20.72,1.39,1.59,5.0,10.0,28.8,68.7,4.1,OFF-02_METER,正常
OFF-03,办公楼,2026-07-16 07:00,21.12,0.94,3.29,7.4,11.9,32.4,76.1,4.9,OFF-03_METER,正常
OFF-04,办公楼,2026-07-16 07:00,18.06,1.07,1.06,7.7,12.5,28.1,67.1,1.8,OFF-04_METER,正常
OFF-05,办公楼,2026-07-16 07:00,14.19,1.11,0.46,7.9,12.8,26.9,68.3,0.8,OFF-05_METER,正常
TEACH-01,教学楼,2026-07-16 07:00,31.53,2.04,1.89,6.9,12.8,28.6,73.7,0.6,TEACH-01_METER,正常
TEACH-02,教学楼,2026-07-16 07:00,17.18,1.89,1.75,6.7,10.3,28.5,84.3,0.7,TEACH-02_METER,正常
TEACH-03,教学楼,2026-07-16 07:00,18.08,2.15,1.44,7.1,12.8,28.1,68.2,0.7,TEACH-03_METER,正常
LIB-01,公共机构,2026-07-16 07:00,35.85,2.5,1.85,7.3,12.0,29.3,73.8,3.4,LIB-01_METER,正常
GYM-01,公共机构,2026-07-16 07:00,39.39,1.73,1.66,6.9,12.7,29.1,72.1,2.4,GYM-01_METER,正常
OFF-01,办公楼,2026-07-16 08:00,96.91,3.06,1.79,7.9,12.6,29.3,80.6,20.9,OFF-01_METER,正常
OFF-02,办公楼,2026-07-16 08:00,99.45,2.89,2.67,6.8,13.3,30.9,79.9,19.3,OFF-02_METER,正常
OFF-03,办公楼,2026-07-16 08:00,91.19,2.76,3.49,6.9,10.2,32.2,74.7,21.2,OFF-03_METER,正常
OFF-04,办公楼,2026-07-16 08:00,82.16,2.82,2.06,8.4,13.3,30.0,72.5,15.4,OFF-04_METER,正常
OFF-05,办公楼,2026-07-16 08:00,81.73,3.0,1.88,5.9,10.3,29.3,75.3,15.4,OFF-05_METER,正常
TEACH-01,教学楼,2026-07-16 08:00,105.92,5.54,1.64,7.0,11.3,28.3,68.9,36.0,TEACH-01_METER,正常
TEACH-02,教学楼,2026-07-16 08:00,124.94,5.94,2.12,6.9,11.3,28.9,66.7,29.5,TEACH-02_METER,正常
TEACH-03,教学楼,2026-07-16 08:00,118.48,5.4,3.61,6.7,11.0,31.3,63.0,33.9,TEACH-03_METER,正常
LIB-01,公共机构,2026-07-16 08:00,41.58,4.56,2.97,8.7,13.3,31.3,72.6,17.5,LIB-01_METER,正常
GYM-01,公共机构,2026-07-16 08:00,32.15,4.53,2.02,6.2,10.4,29.9,80.8,11.6,GYM-01_METER,正常
OFF-01,办公楼,2026-07-16 09:00,96.0,2.79,2.95,7.3,11.7,30.2,73.7,20.6,OFF-01_METER,正常
OFF-02,办公楼,2026-07-16 09:00,90.54,2.77,3.06,7.0,11.1,30.5,74.0,22.5,OFF-02_METER,正常
OFF-03,办公楼,2026-07-16 09:00,64.18,2.79,1.03,6.4,10.0,27.5,74.0,22.4,OFF-03_METER,正常
OFF-04,办公楼,2026-07-16 09:00,102.11,2.85,1.65,6.6,10.9,28.4,78.3,20.4,OFF-04_METER,正常
OFF-05,办公楼,2026-07-16 09:00,66.87,2.72,2.56,8.2,11.7,29.7,63.8,24.1,OFF-05_METER,正常
TEACH-01,教学楼,2026-07-16 09:00,100.23,5.48,5.92,7.1,12.1,32.4,72.8,31.5,TEACH-01_METER,正常
TEACH-02,教学楼,2026-07-16 09:00,100.2,5.41,3.47,5.0,10.1,29.5,66.4,25.8,TEACH-02_METER,正常
TEACH-03,教学楼,2026-07-16 09:00,95.39,6.27,5.76,8.0,13.7,32.1,68.1,32.4,TEACH-03_METER,正常
LIB-01,公共机构,2026-07-16 09:00,74.25,4.53,2.7,6.0,11.0,29.9,74.3,10.3,LIB-01_METER,正常
GYM-01,公共机构,2026-07-16 09:00,79.5,4.5,1.61,6.1,10.6,28.4,78.0,13.7,GYM-01_METER,正常
OFF-01,办公楼,2026-07-16 10:00,99.72,2.96,3.37,6.1,11.3,31.0,78.5,22.7,OFF-01_METER,正常
OFF-02,办公楼,2026-07-16 10:00,99.2,2.7,3.74,6.1,11.2,31.6,70.4,22.6,OFF-02_METER,正常
OFF-03,办公楼,2026-07-16 10:00,69.77,3.22,3.75,5.7,10.0,31.6,78.7,17.5,OFF-03_METER,正常
OFF-04,办公楼,2026-07-16 10:00,62.3,2.78,2.17,6.6,11.9,28.9,73.9,18.8,OFF-04_METER,正常
OFF-05,办公楼,2026-07-16 10:00,72.28,2.75,1.92,5.5,10.4,28.7,69.2,18.6,OFF-05_METER,正常
TEACH-01,教学楼,2026-07-16 10:00,136.23,5.55,5.88,6.8,10.0,32.0,73.0,38.0,TEACH-01_METER,正常
TEACH-02,教学楼,2026-07-16 10:00,99.24,5.48,3.41,6.3,12.3,29.8,70.0,29.2,TEACH-02_METER,正常
TEACH-03,教学楼,2026-07-16 10:00,123.71,6.08,5.81,6.0,10.8,32.3,75.5,35.2,TEACH-03_METER,正常
LIB-01,公共机构,2026-07-16 10:00,67.08,4.78,5.86,7.9,11.1,34.5,74.5,13.3,LIB-01_METER,正常
GYM-01,公共机构,2026-07-16 10:00,78.11,4.74,4.38,8.2,12.7,32.4,80.1,17.1,GYM-01_METER,正常
OFF-01,办公楼,2026-07-16 11:00,85.7,2.81,5.63,6.2,11.6,34.3,66.7,16.2,OFF-01_METER,正常
OFF-02,办公楼,2026-07-16 11:00,99.53,5.14,2.75,8.1,12.5,30.0,78.9,16.3,OFF-02_METER,正常
OFF-03,办公楼,2026-07-16 11:00,105.34,3.01,4.68,6.5,10.8,32.3,84.8,21.5,OFF-03_METER,正常
OFF-04,办公楼,2026-07-16 11:00,67.3,2.82,4.54,6.4,12.0,32.6,78.8,21.7,OFF-04_METER,正常
OFF-05,办公楼,2026-07-16 11:00,103.38,3.32,4.33,8.5,13.0,32.4,77.4,20.5,OFF-05_METER,正常
TEACH-01,教学楼,2026-07-16 11:00,86.38,5.54,4.67,7.4,12.4,31.1,79.7,38.0,TEACH-01_METER,正常
TEACH-02,教学楼,2026-07-16 11:00,100.81,5.71,5.92,7.5,11.1,32.6,75.1,36.8,TEACH-02_METER,正常
TEACH-03,教学楼,2026-07-16 11:00,135.66,5.43,5.42,7.8,11.7,31.8,78.6,25.2,TEACH-03_METER,正常
LIB-01,公共机构,2026-07-16 11:00,60.25,4.69,3.88,7.2,12.3,31.4,68.3,10.9,LIB-01_METER,正常
GYM-01,公共机构,2026-07-16 11:00,113.63,5.1,4.88,7.0,12.7,33.1,65.6,18.8,GYM-01_METER,正常
OFF-01,办公楼,2026-07-16 12:00,77.64,3.39,3.39,6.4,10.6,30.7,81.3,22.9,OFF-01_METER,正常
OFF-02,办公楼,2026-07-16 12:00,65.62,4.76,5.33,7.3,11.2,33.5,75.0,23.6,OFF-02_METER,正常
OFF-03,办公楼,2026-07-16 12:00,97.36,2.86,2.23,6.9,10.9,29.1,78.0,15.7,OFF-03_METER,正常
OFF-04,办公楼,2026-07-16 12:00,90.96,2.97,5.07,6.8,12.9,33.0,75.6,15.3,OFF-04_METER,正常
OFF-05,办公楼,2026-07-16 12:00,99.86,3.05,4.66,6.4,11.5,32.7,76.6,19.2,OFF-05_METER,正常
TEACH-01,教学楼,2026-07-16 12:00,104.34,5.54,3.5,6.5,10.0,29.6,68.0,37.4,TEACH-01_METER,正常
TEACH-02,教学楼,2026-07-16 12:00,94.17,5.67,2.44,7.5,11.7,28.6,65.5,32.1,TEACH-02_METER,正常
TEACH-03,教学楼,2026-07-16 12:00,105.66,5.67,4.42,7.2,10.9,30.8,64.2,34.7,TEACH-03_METER,正常
LIB-01,公共机构,2026-07-16 12:00,60.74,4.57,4.56,6.8,12.6,32.8,84.5,16.5,LIB-01_METER,正常
GYM-01,公共机构,2026-07-16 12:00,109.2,4.67,4.55,7.3,12.4,32.4,73.6,13.5,GYM-01_METER,正常
OFF-01,办公楼,2026-07-16 13:00,96.83,2.96,6.34,5.3,10.0,35.0,82.5,21.8,OFF-01_METER,正常
OFF-02,办公楼,2026-07-16 13:00,89.64,2.7,4.51,6.2,11.0,32.2,76.1,24.8,OFF-02_METER,正常
OFF-03,办公楼,2026-07-16 13:00,98.56,2.74,4.26,6.2,10.0,31.9,78.3,23.2,OFF-03_METER,正常
OFF-04,办公楼,2026-07-16 13:00,94.2,2.76,4.73,8.0,12.0,33.0,71.8,23.2,OFF-04_METER,正常
OFF-05,办公楼,2026-07-16 13:00,82.72,2.86,5.74,8.2,12.8,34.3,74.0,22.2,OFF-05_METER,正常
TEACH-01,教学楼,2026-07-16 13:00,87.65,5.75,8.01,6.7,11.2,34.9,84.9,35.3,TEACH-01_METER,正常
TEACH-02,教学楼,2026-07-16 13:00,125.98,5.43,7.08,5.0,10.0,33.6,78.1,38.2,TEACH-02_METER,正常
TEACH-03,教学楼,2026-07-16 13:00,119.01,5.4,5.73,5.9,12.2,32.2,79.0,31.4,TEACH-03_METER,正常
LIB-01,公共机构,2026-07-16 13:00,83.86,5.27,4.64,6.5,11.6,32.7,80.7,19.9,LIB-01_METER,正常
GYM-01,公共机构,2026-07-16 13:00,92.48,4.62,4.62,5.7,10.0,32.4,78.6,16.3,GYM-01_METER,正常
OFF-01,办公楼,2026-07-16 14:00,81.49,2.7,4.91,6.6,11.4,33.2,81.1,22.5,OFF-01_METER,正常
OFF-02,办公楼,2026-07-16 14:00,97.99,2.91,5.76,5.6,10.8,34.5,73.8,23.8,OFF-02_METER,正常
OFF-03,办公楼,2026-07-16 14:00,87.83,2.99,2.81,7.3,11.4,29.8,74.3,24.9,OFF-03_METER,正常
OFF-04,办公楼,2026-07-16 14:00,86.26,2.82,4.77,6.2,12.3,32.6,73.5,19.8,OFF-04_METER,正常
OFF-05,办公楼,2026-07-16 14:00,80.46,2.88,5.6,7.8,11.4,33.6,79.7,17.1,OFF-05_METER,正常
TEACH-01,教学楼,2026-07-16 14:00,138.46,5.75,5.88,6.8,10.3,32.1,86.9,32.9,TEACH-01_METER,正常
TEACH-02,教学楼,2026-07-16 14:00,109.35,5.5,2.97,7.4,11.5,29.2,85.2,31.9,TEACH-02_METER,正常
TEACH-03,教学楼,2026-07-16 14:00,125.72,5.68,8.61,7.7,12.8,35.1,73.5,38.6,TEACH-03_METER,正常
LIB-01,公共机构,2026-07-16 14:00,78.76,4.73,7.1,6.4,10.3,36.0,76.3,19.1,LIB-01_METER,正常
GYM-01,公共机构,2026-07-16 14:00,93.31,4.84,5.5,7.1,11.2,33.8,79.4,12.1,GYM-01_METER,正常
OFF-01,办公楼,2026-07-16 15:00,77.22,3.03,6.79,7.4,11.4,36.0,78.6,19.8,OFF-01_METER,正常
OFF-02,办公楼,2026-07-16 15:00,86.92,2.89,5.56,7.0,10.6,33.8,74.7,19.8,OFF-02_METER,正常
OFF-03,办公楼,2026-07-16 15:00,99.48,2.76,4.39,7.0,11.2,32.2,81.1,22.2,OFF-03_METER,正常
OFF-04,办公楼,2026-07-16 15:00,90.97,2.94,6.85,7.2,11.0,35.3,82.4,15.7,OFF-04_METER,正常
OFF-05,办公楼,2026-07-16 15:00,75.7,2.83,5.44,6.7,10.0,34.1,78.6,22.8,OFF-05_METER,正常
TEACH-01,教学楼,2026-07-16 15:00,147.15,6.3,6.47,7.8,13.4,33.0,86.7,33.9,TEACH-01_METER,正常
TEACH-02,教学楼,2026-07-16 15:00,108.41,5.5,6.27,6.5,10.8,32.5,68.6,30.9,TEACH-02_METER,正常
TEACH-03,教学楼,2026-07-16 15:00,94.67,5.97,9.29,7.5,13.4,35.9,86.0,33.3,TEACH-03_METER,正常
LIB-01,公共机构,2026-07-16 15:00,110.86,4.87,5.64,7.4,12.2,34.3,76.7,19.0,LIB-01_METER,正常
GYM-01,公共机构,2026-07-16 15:00,93.61,4.91,3.94,8.5,12.5,31.6,77.7,10.5,GYM-01_METER,正常
OFF-01,办公楼,2026-07-16 16:00,66.04,3.06,4.7,6.8,11.0,32.6,76.3,23.0,OFF-01_METER,正常
OFF-02,办公楼,2026-07-16 16:00,103.14,2.8,7.01,8.0,12.5,36.0,73.8,16.9,OFF-02_METER,正常
OFF-03,办公楼,2026-07-16 16:00,70.85,2.83,2.77,5.0,10.0,30.0,66.6,24.7,OFF-03_METER,正常
OFF-04,办公楼,2026-07-16 16:00,83.19,2.83,4.67,7.1,12.8,32.8,85.2,20.5,OFF-04_METER,正常
OFF-05,办公楼,2026-07-16 16:00,102.73,3.07,3.79,7.5,11.5,31.6,69.9,16.9,OFF-05_METER,正常
TEACH-01,教学楼,2026-07-16 16:00,138.5,6.01,6.65,8.0,13.1,33.1,78.7,32.9,TEACH-01_METER,正常
TEACH-02,教学楼,2026-07-16 16:00,108.84,5.57,7.67,7.7,12.3,33.9,64.6,33.2,TEACH-02_METER,正常
TEACH-03,教学楼,2026-07-16 16:00,110.81,5.42,7.42,6.4,12.2,33.7,78.1,32.4,TEACH-03_METER,正常
LIB-01,公共机构,2026-07-16 16:00,94.66,4.52,3.78,6.5,10.3,31.6,75.6,17.5,LIB-01_METER,正常
GYM-01,公共机构,2026-07-16 16:00,113.99,4.54,5.98,8.0,12.1,34.4,81.0,15.1,GYM-01_METER,正常
OFF-01,办公楼,2026-07-16 17:00,95.78,2.95,3.11,6.8,11.7,30.3,74.4,16.3,OFF-01_METER,正常
OFF-02,办公楼,2026-07-16 17:00,70.21,3.0,6.48,6.2,11.1,34.8,76.7,16.7,OFF-02_METER,正常
OFF-03,办公楼,2026-07-16 17:00,66.53,2.99,6.3,8.6,13.7,34.8,81.6,16.0,OFF-03_METER,正常
OFF-04,办公楼,2026-07-16 17:00,104.96,2.97,5.08,6.3,11.1,33.1,83.8,24.9,OFF-04_METER,正常
OFF-05,办公楼,2026-07-16 17:00,66.93,3.96,5.01,7.2,12.6,33.3,77.7,23.4,OFF-05_METER,正常
TEACH-01,教学楼,2026-07-16 17:00,132.41,5.49,5.86,8.7,13.4,32.3,72.0,33.9,TEACH-01_METER,正常
TEACH-02,教学楼,2026-07-16 17:00,136.12,5.62,6.9,7.4,11.6,33.8,82.3,28.1,TEACH-02_METER,正常
TEACH-03,教学楼,2026-07-16 17:00,134.91,5.84,8.4,7.8,11.9,34.6,72.6,31.9,TEACH-03_METER,正常
LIB-01,公共机构,2026-07-16 17:00,62.46,5.42,4.3,7.4,12.4,31.9,74.5,15.9,LIB-01_METER,正常
GYM-01,公共机构,2026-07-16 17:00,62.37,4.69,5.4,7.3,12.0,33.9,69.1,11.0,GYM-01_METER,正常
OFF-01,办公楼,2026-07-16 18:00,76.6,2.87,3.74,6.8,10.5,32.7,78.6,20.9,OFF-01_METER,正常
OFF-02,办公楼,2026-07-16 18:00,64.13,2.79,5.56,6.5,12.0,36.0,77.7,18.4,OFF-02_METER,正常
OFF-03,办公楼,2026-07-16 18:00,75.93,3.59,4.31,7.2,11.5,34.3,83.3,15.9,OFF-03_METER,正常
OFF-04,办公楼,2026-07-16 18:00,82.32,3.26,5.44,6.8,10.7,36.0,88.8,18.5,OFF-04_METER,正常
OFF-05,办公楼,2026-07-16 18:00,87.84,2.78,3.7,7.0,12.7,33.0,77.9,21.9,OFF-05_METER,正常
TEACH-01,教学楼,2026-07-16 18:00,127.86,5.54,5.88,7.2,12.0,34.4,79.9,31.3,TEACH-01_METER,正常
TEACH-02,教学楼,2026-07-16 18:00,133.39,5.59,4.32,6.2,10.7,32.3,75.2,36.4,TEACH-02_METER,正常
TEACH-03,教学楼,2026-07-16 18:00,146.6,5.61,4.5,5.9,11.4,32.3,79.1,39.6,TEACH-03_METER,正常
LIB-01,公共机构,2026-07-16 18:00,106.17,4.9,3.84,6.1,11.4,33.1,77.7,11.9,LIB-01_METER,正常
GYM-01,公共机构,2026-07-16 18:00,103.72,4.69,5.67,7.7,11.2,36.0,79.3,19.1,GYM-01_METER,正常
OFF-01,办公楼,2026-07-16 19:00,25.67,1.01,4.61,6.9,11.5,34.9,72.9,1.5,OFF-01_METER,正常
OFF-02,办公楼,2026-07-16 19:00,19.29,1.27,4.03,7.6,11.3,33.3,75.7,1.6,OFF-02_METER,正常
OFF-03,办公楼,2026-07-16 19:00,28.11,1.14,3.44,9.3,14.0,32.2,70.7,3.8,OFF-03_METER,正常
OFF-04,办公楼,2026-07-16 19:00,25.47,1.35,4.31,6.8,10.0,34.1,78.6,1.9,OFF-04_METER,正常
OFF-05,办公楼,2026-07-16 19:00,24.93,1.29,4.44,6.3,10.6,34.1,77.8,3.3,OFF-05_METER,正常
TEACH-01,教学楼,2026-07-16 19:00,28.43,2.54,7.31,6.8,10.2,36.0,69.8,1.4,TEACH-01_METER,正常
TEACH-02,教学楼,2026-07-16 19:00,32.35,2.01,6.37,6.5,10.9,34.8,86.4,1.0,TEACH-02_METER,正常
TEACH-03,教学楼,2026-07-16 19:00,16.44,1.81,3.97,5.1,10.0,31.4,82.4,1.8,TEACH-03_METER,正常
LIB-01,公共机构,2026-07-16 19:00,85.62,2.58,4.94,7.0,10.9,35.4,76.4,4.3,LIB-01_METER,正常
GYM-01,公共机构,2026-07-16 19:00,66.15,1.95,5.48,7.8,11.9,35.8,88.2,1.9,GYM-01_METER,正常
OFF-01,办公楼,2026-07-16 20:00,18.13,1.11,4.09,6.1,11.0,33.9,88.8,1.4,OFF-01_METER,正常
OFF-02,办公楼,2026-07-16 20:00,23.67,1.5,3.93,6.9,12.2,33.4,79.8,0.5,OFF-02_METER,正常
OFF-03,办公楼,2026-07-16 20:00,21.86,1.07,3.79,6.8,10.8,32.7,79.7,3.9,OFF-03_METER,正常
OFF-04,办公楼,2026-07-16 20:00,15.7,0.91,3.05,8.1,11.3,31.8,83.9,3.1,OFF-04_METER,正常
OFF-05,办公楼,2026-07-16 20:00,28.97,1.05,4.77,8.1,13.0,34.5,70.7,1.3,OFF-05_METER,正常
TEACH-01,教学楼,2026-07-16 20:00,27.8,1.91,7.56,6.2,11.1,36.0,82.6,0.6,TEACH-01_METER,正常
TEACH-02,教学楼,2026-07-16 20:00,23.13,2.34,4.83,6.3,10.0,32.9,80.2,1.0,TEACH-02_METER,正常
TEACH-03,教学楼,2026-07-16 20:00,15.09,1.94,6.8,6.9,10.5,35.0,80.9,0.7,TEACH-03_METER,正常
LIB-01,公共机构,2026-07-16 20:00,81.76,2.21,3.59,7.8,12.1,32.7,87.7,3.5,LIB-01_METER,正常
GYM-01,公共机构,2026-07-16 20:00,68.88,1.58,3.88,5.7,10.0,33.2,80.9,4.2,GYM-01_METER,正常
OFF-01,办公楼,2026-07-16 21:00,23.31,1.02,4.77,7.2,11.4,34.6,74.4,1.4,OFF-01_METER,正常
OFF-02,办公楼,2026-07-16 21:00,28.33,0.92,4.2,7.1,12.6,33.4,73.4,3.4,OFF-02_METER,正常
OFF-03,办公楼,2026-07-16 21:00,32.27,0.92,3.73,7.7,12.2,32.8,67.0,1.3,OFF-03_METER,正常
OFF-04,办公楼,2026-07-16 21:00,29.2,1.16,3.45,7.8,12.0,32.4,77.1,1.0,OFF-04_METER,正常
OFF-05,办公楼,2026-07-16 21:00,24.75,1.03,4.27,6.8,11.1,34.0,87.2,4.2,OFF-05_METER,正常
TEACH-01,教学楼,2026-07-16 21:00,20.74,1.9,5.08,6.5,10.9,32.8,73.5,0.9,TEACH-01_METER,正常
TEACH-02,教学楼,2026-07-16 21:00,29.29,2.12,5.07,7.4,12.4,32.9,67.6,1.9,TEACH-02_METER,正常
TEACH-03,教学楼,2026-07-16 21:00,25.98,2.62,4.74,7.2,12.8,32.8,67.3,1.4,TEACH-03_METER,正常
LIB-01,公共机构,2026-07-16 21:00,97.73,2.18,4.19,8.0,11.9,33.8,81.2,0.7,LIB-01_METER,正常
GYM-01,公共机构,2026-07-16 21:00,92.74,1.65,2.89,8.1,12.5,31.6,79.0,3.8,GYM-01_METER,正常
OFF-01,办公楼,2026-07-16 22:00,34.37,0.96,3.75,6.2,11.4,33.0,77.1,3.9,OFF-01_METER,正常
OFF-02,办公楼,2026-07-16 22:00,27.69,0.92,4.4,6.2,10.9,33.8,80.9,0.8,OFF-02_METER,正常
OFF-03,办公楼,2026-07-16 22:00,30.13,1.0,4.65,7.3,11.9,35.0,81.5,3.4,OFF-03_METER,正常
OFF-04,办公楼,2026-07-16 22:00,25.76,1.35,4.9,6.4,11.6,34.8,73.2,4.6,OFF-04_METER,正常
OFF-05,办公楼,2026-07-16 22:00,24.97,1.21,3.81,7.6,11.6,32.7,80.6,1.3,OFF-05_METER,正常
TEACH-01,教学楼,2026-07-16 22:00,21.11,1.86,7.21,6.5,11.0,36.0,72.8,0.5,TEACH-01_METER,正常
TEACH-02,教学楼,2026-07-16 22:00,21.0,2.03,4.7,7.4,12.2,32.5,80.7,1.8,TEACH-02_METER,正常
TEACH-03,教学楼,2026-07-16 22:00,20.41,2.08,5.93,5.9,10.2,33.8,77.8,0.5,TEACH-03_METER,正常
LIB-01,公共机构,2026-07-16 22:00,24.88,2.02,3.12,8.0,13.1,31.5,69.1,4.2,LIB-01_METER,正常
GYM-01,公共机构,2026-07-16 22:00,35.96,1.91,2.92,7.2,11.5,31.2,71.9,0.7,GYM-01_METER,正常
OFF-01,办公楼,2026-07-16 23:00,24.97,1.21,3.74,6.9,11.8,33.1,77.5,2.6,OFF-01_METER,正常
OFF-02,办公楼,2026-07-16 23:00,32.22,1.57,3.43,8.2,12.6,32.5,74.6,3.1,OFF-02_METER,正常
OFF-03,办公楼,2026-07-16 23:00,26.99,1.2,3.59,7.1,11.5,32.5,69.7,1.8,OFF-03_METER,正常
OFF-04,办公楼,2026-07-16 23:00,27.19,1.12,3.52,5.3,10.5,32.4,74.9,2.2,OFF-04_METER,正常
OFF-05,办公楼,2026-07-16 23:00,37.53,1.15,3.08,7.0,11.5,31.5,76.0,3.7,OFF-05_METER,正常
TEACH-01,教学楼,2026-07-16 23:00,28.77,1.8,6.14,7.2,10.7,34.5,78.8,0.5,TEACH-01_METER,正常
TEACH-02,教学楼,2026-07-16 23:00,27.3,1.85,3.15,5.1,10.4,30.2,72.7,1.3,TEACH-02_METER,正常
TEACH-03,教学楼,2026-07-16 23:00,18.69,2.55,6.99,8.3,13.4,35.7,76.6,0.6,TEACH-03_METER,正常
LIB-01,公共机构,2026-07-16 23:00,38.09,1.69,3.89,7.4,11.3,33.5,73.3,1.9,LIB-01_METER,正常
GYM-01,公共机构,2026-07-16 23:00,40.35,1.62,4.23,7.4,11.8,34.2,68.5,3.5,GYM-01_METER,正常
OFF-01,办公楼,2026-07-17 00:00,22.85,1.03,0.0,7.4,12.0,25.0,69.7,4.8,OFF-01_METER,正常
OFF-02,办公楼,2026-07-17 00:00,20.53,1.19,0.48,6.0,10.0,26.9,66.2,3.5,OFF-02_METER,正常
OFF-03,办公楼,2026-07-17 00:00,16.42,1.97,0.0,7.3,12.4,25.0,63.9,4.6,OFF-03_METER,正常
OFF-04,办公楼,2026-07-17 00:00,29.47,1.34,0.0,6.2,10.0,25.0,71.9,4.1,OFF-04_METER,正常
OFF-05,办公楼,2026-07-17 00:00,13.16,1.25,0.0,6.7,10.0,25.0,69.3,1.9,OFF-05_METER,正常
TEACH-01,教学楼,2026-07-17 00:00,23.78,2.27,0.0,7.3,11.8,25.0,65.0,2.0,TEACH-01_METER,正常
TEACH-02,教学楼,2026-07-17 00:00,19.58,2.21,0.13,7.1,11.4,26.2,64.7,0.9,TEACH-02_METER,正常
TEACH-03,教学楼,2026-07-17 00:00,9.42,1.88,0.0,7.1,10.8,25.0,62.2,0.1,TEACH-03_METER,正常
LIB-01,公共机构,2026-07-17 00:00,34.99,1.83,0.0,7.6,10.9,25.0,56.1,1.0,LIB-01_METER,正常
GYM-01,公共机构,2026-07-17 00:00,17.09,1.61,0.0,6.9,12.2,25.7,66.9,2.6,GYM-01_METER,正常
OFF-01,办公楼,2026-07-17 01:00,22.89,0.92,0.0,8.6,13.1,25.0,64.7,2.8,OFF-01_METER,正常
OFF-02,办公楼,2026-07-17 01:00,26.7,1.03,0.0,7.0,11.7,25.0,71.9,2.9,OFF-02_METER,正常
OFF-03,办公楼,2026-07-17 01:00,20.54,0.95,0.0,7.0,11.5,25.0,66.3,4.9,OFF-03_METER,正常
OFF-04,办公楼,2026-07-17 01:00,17.02,1.12,0.0,7.0,12.1,25.0,64.6,2.1,OFF-04_METER,正常
OFF-05,办公楼,2026-07-17 01:00,31.12,1.45,0.0,6.3,10.7,25.0,66.3,2.1,OFF-05_METER,正常
TEACH-01,教学楼,2026-07-17 01:00,21.23,1.91,0.0,7.6,12.2,25.0,64.8,0.3,TEACH-01_METER,正常
TEACH-02,教学楼,2026-07-17 01:00,22.69,2.21,0.0,6.4,10.4,25.0,67.9,0.0,TEACH-02_METER,正常
TEACH-03,教学楼,2026-07-17 01:00,22.44,2.28,0.05,6.6,11.4,26.1,68.1,0.8,TEACH-03_METER,正常
LIB-01,公共机构,2026-07-17 01:00,27.3,1.96,0.0,7.0,10.8,25.0,62.2,2.3,LIB-01_METER,正常
GYM-01,公共机构,2026-07-17 01:00,33.37,1.54,0.0,7.0,11.8,25.0,59.6,1.0,GYM-01_METER,正常
OFF-01,办公楼,2026-07-17 02:00,14.3,1.22,0.0,6.4,11.5,25.7,68.7,2.0,OFF-01_METER,正常
OFF-02,办公楼,2026-07-17 02:00,21.13,1.19,0.0,6.4,11.2,25.0,61.6,1.8,OFF-02_METER,正常
OFF-03,办公楼,2026-07-17 02:00,19.72,0.9,0.0,7.9,13.0,25.3,67.1,1.4,OFF-03_METER,正常
OFF-04,办公楼,2026-07-17 02:00,26.61,1.07,0.0,7.1,11.8,25.2,70.1,3.2,OFF-04_METER,正常
OFF-05,办公楼,2026-07-17 02:00,24.99,1.03,0.0,7.5,11.2,25.0,67.2,3.0,OFF-05_METER,正常
TEACH-01,教学楼,2026-07-17 02:00,9.18,1.93,0.05,6.7,10.3,26.1,70.6,1.9,TEACH-01_METER,正常
TEACH-02,教学楼,2026-07-17 02:00,23.61,2.31,0.0,8.1,12.4,25.0,69.9,0.4,TEACH-02_METER,正常
TEACH-03,教学楼,2026-07-17 02:00,18.33,2.04,0.0,7.1,11.2,25.7,71.8,1.0,TEACH-03_METER,正常
LIB-01,公共机构,2026-07-17 02:00,30.0,1.57,0.13,6.2,11.2,26.2,58.0,3.7,LIB-01_METER,正常
GYM-01,公共机构,2026-07-17 02:00,23.43,1.99,0.0,7.7,13.2,25.7,67.4,1.6,GYM-01_METER,正常
OFF-01,办公楼,2026-07-17 03:00,22.73,1.01,0.0,8.1,12.3,25.0,66.0,2.3,OFF-01_METER,正常
OFF-02,办公楼,2026-07-17 03:00,32.05,0.97,0.0,7.1,11.1,25.5,57.7,1.9,OFF-02_METER,正常
OFF-03,办公楼,2026-07-17 03:00,12.34,1.21,1.37,6.6,10.8,28.5,61.7,1.8,OFF-03_METER,正常
OFF-04,办公楼,2026-07-17 03:00,13.08,0.94,0.0,7.6,11.8,25.2,74.9,0.9,OFF-04_METER,正常
OFF-05,办公楼,2026-07-17 03:00,18.07,1.0,0.0,7.0,11.8,25.0,55.7,2.7,OFF-05_METER,正常
TEACH-01,教学楼,2026-07-17 03:00,18.04,2.67,0.3,7.4,12.3,26.4,81.4,1.1,TEACH-01_METER,正常
TEACH-02,教学楼,2026-07-17 03:00,25.97,2.14,0.18,5.9,10.0,26.3,66.5,1.9,TEACH-02_METER,正常
TEACH-03,教学楼,2026-07-17 03:00,12.16,1.84,0.0,6.0,11.0,25.0,70.8,1.1,TEACH-03_METER,正常
LIB-01,公共机构,2026-07-17 03:00,32.38,1.53,0.0,6.1,10.5,25.0,62.7,0.8,LIB-01_METER,正常
GYM-01,公共机构,2026-07-17 03:00,40.25,1.71,0.52,6.5,11.8,27.0,63.5,4.0,GYM-01_METER,正常
OFF-01,办公楼,2026-07-17 04:00,15.74,1.3,0.25,8.2,12.9,26.5,67.7,2.2,OFF-01_METER,正常
OFF-02,办公楼,2026-07-17 04:00,31.96,1.03,0.48,7.8,12.7,26.9,65.4,1.9,OFF-02_METER,正常
OFF-03,办公楼,2026-07-17 04:00,21.1,0.94,0.65,6.5,10.8,27.2,72.6,3.2,OFF-03_METER,正常
OFF-04,办公楼,2026-07-17 04:00,28.58,1.38,0.0,7.7,11.7,25.0,70.9,3.4,OFF-04_METER,正常
OFF-05,办公楼,2026-07-17 04:00,19.98,0.98,0.62,6.7,11.3,27.1,76.4,4.0,OFF-05_METER,正常
TEACH-01,教学楼,2026-07-17 04:00,13.9,1.82,0.6,7.1,11.6,26.8,66.9,0.3,TEACH-01_METER,正常
TEACH-02,教学楼,2026-07-17 04:00,19.82,2.08,0.0,8.0,12.7,25.0,60.3,0.1,TEACH-02_METER,正常
TEACH-03,教学楼,2026-07-17 04:00,16.69,2.01,0.0,6.8,11.5,25.0,63.9,0.1,TEACH-03_METER,正常
LIB-01,公共机构,2026-07-17 04:00,22.72,1.56,0.3,8.4,12.5,26.5,68.6,1.4,LIB-01_METER,正常
GYM-01,公共机构,2026-07-17 04:00,42.46,1.56,0.0,8.1,11.8,25.4,59.0,2.7,GYM-01_METER,正常
OFF-01,办公楼,2026-07-17 05:00,27.0,0.95,1.59,6.5,10.7,29.0,61.7,1.2,OFF-01_METER,正常
OFF-02,办公楼,2026-07-17 05:00,26.66,2.18,1.14,5.6,10.0,28.2,69.1,1.4,OFF-02_METER,正常
OFF-03,办公楼,2026-07-17 05:00,32.95,1.82,1.2,7.2,11.4,28.3,71.6,3.4,OFF-03_METER,正常
OFF-04,办公楼,2026-07-17 05:00,29.42,1.06,0.0,7.2,11.8,25.1,66.4,2.1,OFF-04_METER,正常
OFF-05,办公楼,2026-07-17 05:00,12.13,1.16,0.43,6.5,11.4,26.8,64.1,1.2,OFF-05_METER,正常
TEACH-01,教学楼,2026-07-17 05:00,18.58,1.9,2.96,5.8,10.0,30.1,67.7,0.2,TEACH-01_METER,正常
TEACH-02,教学楼,2026-07-17 05:00,12.67,3.23,0.0,6.6,11.7,25.4,69.9,0.6,TEACH-02_METER,正常
TEACH-03,教学楼,2026-07-17 05:00,20.96,2.12,1.06,8.4,12.7,27.5,70.3,0.7,TEACH-03_METER,正常
LIB-01,公共机构,2026-07-17 05:00,17.66,1.82,1.28,7.3,10.8,28.5,74.8,1.5,LIB-01_METER,正常
GYM-01,公共机构,2026-07-17 05:00,36.83,1.83,2.44,6.2,10.4,30.4,84.2,3.0,GYM-01_METER,正常
OFF-01,办公楼,2026-07-17 06:00,24.6,1.44,1.76,6.0,10.8,29.2,82.4,3.3,OFF-01_METER,正常
OFF-02,办公楼,2026-07-17 06:00,26.71,1.44,0.45,5.7,10.0,26.9,64.7,3.1,OFF-02_METER,正常
OFF-03,办公楼,2026-07-17 06:00,19.45,1.17,1.37,8.0,12.0,28.6,79.1,2.5,OFF-03_METER,正常
OFF-04,办公楼,2026-07-17 06:00,32.49,1.06,0.25,5.8,10.8,26.5,67.4,2.7,OFF-04_METER,正常
OFF-05,办公楼,2026-07-17 06:00,24.54,1.07,1.62,7.2,12.4,29.2,67.3,2.6,OFF-05_METER,正常
TEACH-01,教学楼,2026-07-17 06:00,26.74,2.16,0.31,6.4,10.4,26.5,62.9,0.6,TEACH-01_METER,正常
TEACH-02,教学楼,2026-07-17 06:00,30.86,1.85,2.61,7.0,11.5,29.6,65.9,1.6,TEACH-02_METER,正常
TEACH-03,教学楼,2026-07-17 06:00,21.86,2.22,0.09,7.2,12.2,26.1,65.5,0.1,TEACH-03_METER,正常
LIB-01,公共机构,2026-07-17 06:00,39.17,1.55,1.81,7.5,13.0,29.4,69.2,3.2,LIB-01_METER,正常
GYM-01,公共机构,2026-07-17 06:00,37.14,1.54,2.3,6.7,10.0,30.4,73.6,4.6,GYM-01_METER,正常
OFF-01,办公楼,2026-07-17 07:00,24.41,1.25,1.47,7.1,11.6,28.8,75.1,2.6,OFF-01_METER,正常
OFF-02,办公楼,2026-07-17 07:00,21.01,1.01,2.7,6.9,12.2,30.9,72.8,4.9,OFF-02_METER,正常
OFF-03,办公楼,2026-07-17 07:00,17.72,0.93,3.04,6.8,11.1,31.5,82.9,3.7,OFF-03_METER,正常
OFF-04,办公楼,2026-07-17 07:00,23.44,1.08,2.16,6.2,10.4,30.1,73.0,2.1,OFF-04_METER,正常
OFF-05,办公楼,2026-07-17 07:00,22.01,1.04,2.28,7.1,11.9,30.3,83.0,0.5,OFF-05_METER,正常
TEACH-01,教学楼,2026-07-17 07:00,16.07,2.23,1.32,7.0,11.2,27.8,72.3,1.8,TEACH-01_METER,正常
TEACH-02,教学楼,2026-07-17 07:00,10.55,1.91,1.41,7.4,11.5,27.9,63.7,1.9,TEACH-02_METER,正常
TEACH-03,教学楼,2026-07-17 07:00,13.54,2.35,1.73,5.8,10.1,28.5,69.3,1.6,TEACH-03_METER,正常
LIB-01,公共机构,2026-07-17 07:00,37.5,1.65,2.05,7.8,11.7,29.7,70.5,3.6,LIB-01_METER,正常
GYM-01,公共机构,2026-07-17 07:00,36.14,1.8,1.25,6.1,10.0,28.2,75.0,1.9,GYM-01_METER,正常
OFF-01,办公楼,2026-07-17 08:00,72.08,2.98,1.48,7.4,12.9,28.6,69.9,24.2,OFF-01_METER,正常
OFF-02,办公楼,2026-07-17 08:00,74.42,3.93,1.47,6.5,10.5,28.9,68.7,22.4,OFF-02_METER,正常
OFF-03,办公楼,2026-07-17 08:00,79.57,3.18,2.12,6.6,10.7,30.0,74.6,21.2,OFF-03_METER,正常
OFF-04,办公楼,2026-07-17 08:00,95.4,2.85,1.0,7.2,11.7,27.8,72.9,18.0,OFF-04_METER,正常
OFF-05,办公楼,2026-07-17 08:00,80.55,3.02,3.23,7.7,11.6,31.9,59.9,17.3,OFF-05_METER,正常
TEACH-01,教学楼,2026-07-17 08:00,80.58,5.51,1.98,5.9,10.0,28.8,62.7,26.8,TEACH-01_METER,正常
TEACH-02,教学楼,2026-07-17 08:00,130.13,5.71,2.84,6.7,11.3,29.8,68.9,31.4,TEACH-02_METER,正常
TEACH-03,教学楼,2026-07-17 08:00,104.78,5.62,2.08,5.8,10.0,29.1,72.7,28.4,TEACH-03_METER,正常
LIB-01,公共机构,2026-07-17 08:00,28.86,4.67,1.98,7.9,12.4,29.8,70.0,12.0,LIB-01_METER,正常
GYM-01,公共机构,2026-07-17 08:00,39.3,4.64,1.45,7.9,12.3,28.7,66.0,14.2,GYM-01_METER,正常
OFF-01,办公楼,2026-07-17 09:00,80.13,3.13,2.86,7.2,11.9,29.9,71.9,17.3,OFF-01_METER,正常
OFF-02,办公楼,2026-07-17 09:00,71.26,2.71,4.12,6.8,10.4,31.9,74.5,18.0,OFF-02_METER,正常
OFF-03,办公楼,2026-07-17 09:00,66.4,2.71,3.06,7.3,11.9,30.4,73.0,21.1,OFF-03_METER,正常
OFF-04,办公楼,2026-07-17 09:00,74.5,2.78,2.13,6.2,10.9,29.1,78.3,21.0,OFF-04_METER,正常
OFF-05,办公楼,2026-07-17 09:00,98.28,3.07,4.8,6.2,10.0,32.9,70.0,19.8,OFF-05_METER,正常
TEACH-01,教学楼,2026-07-17 09:00,117.39,5.46,2.89,7.3,11.2,29.3,73.6,33.9,TEACH-01_METER,正常
TEACH-02,教学楼,2026-07-17 09:00,129.58,5.49,3.24,7.1,11.6,29.6,69.2,28.5,TEACH-02_METER,正常
TEACH-03,教学楼,2026-07-17 09:00,136.01,5.67,3.79,6.7,11.3,30.2,74.7,28.6,TEACH-03_METER,正常
LIB-01,公共机构,2026-07-17 09:00,57.96,4.82,4.01,7.8,11.5,31.7,76.2,11.1,LIB-01_METER,正常
GYM-01,公共机构,2026-07-17 09:00,75.19,4.57,4.45,7.5,12.5,32.5,71.5,17.9,GYM-01_METER,正常
OFF-01,办公楼,2026-07-17 10:00,77.92,3.08,3.46,7.5,12.3,31.2,74.8,20.6,OFF-01_METER,正常
OFF-02,办公楼,2026-07-17 10:00,83.49,2.88,2.75,6.0,11.0,29.7,81.3,19.2,OFF-02_METER,正常
OFF-03,办公楼,2026-07-17 10:00,103.11,3.33,4.74,7.2,11.8,32.9,86.4,15.9,OFF-03_METER,正常
OFF-04,办公楼,2026-07-17 10:00,100.92,3.15,4.48,6.1,11.0,32.3,74.0,18.9,OFF-04_METER,正常
OFF-05,办公楼,2026-07-17 10:00,65.11,3.03,4.34,7.8,12.3,31.9,81.2,17.6,OFF-05_METER,正常
TEACH-01,教学楼,2026-07-17 10:00,93.18,5.47,4.5,5.9,10.7,31.0,65.2,37.7,TEACH-01_METER,正常
TEACH-02,教学楼,2026-07-17 10:00,102.46,6.05,4.46,7.2,11.1,31.0,80.1,38.5,TEACH-02_METER,正常
TEACH-03,教学楼,2026-07-17 10:00,124.2,5.42,3.57,5.6,10.0,29.9,72.7,29.1,TEACH-03_METER,正常
LIB-01,公共机构,2026-07-17 10:00,68.8,4.61,3.82,7.0,12.1,31.2,73.0,17.7,LIB-01_METER,异常
GYM-01,公共机构,2026-07-17 10:00,70.46,4.69,1.43,6.7,10.5,28.0,73.5,11.2,GYM-01_METER,正常
OFF-01,办公楼,2026-07-17 11:00,67.96,2.73,2.9,7.2,11.2,29.9,75.0,24.8,OFF-01_METER,正常
OFF-02,办公楼,2026-07-17 11:00,64.0,2.88,4.75,6.8,11.3,33.1,79.3,20.6,OFF-02_METER,正常
OFF-03,办公楼,2026-07-17 11:00,83.75,2.89,3.89,6.5,11.6,31.8,78.3,17.8,OFF-03_METER,正常
OFF-04,办公楼,2026-07-17 11:00,78.53,2.89,4.12,6.3,11.3,31.6,73.4,20.2,OFF-04_METER,正常
OFF-05,办公楼,2026-07-17 11:00,96.61,3.0,2.38,8.3,13.3,29.5,68.6,19.1,OFF-05_METER,正常
TEACH-01,教学楼,2026-07-17 11:00,112.46,5.46,4.55,7.3,12.1,31.0,71.8,26.9,TEACH-01_METER,正常
TEACH-02,教学楼,2026-07-17 11:00,101.64,5.55,5.93,7.2,11.3,32.1,71.5,29.9,TEACH-02_METER,正常
TEACH-03,教学楼,2026-07-17 11:00,145.68,5.5,8.18,5.9,10.7,34.8,80.4,38.8,TEACH-03_METER,正常
LIB-01,公共机构,2026-07-17 11:00,81.55,5.44,1.66,7.5,10.8,28.3,65.8,13.8,LIB-01_METER,正常
GYM-01,公共机构,2026-07-17 11:00,73.11,4.64,5.84,8.8,12.0,34.1,81.3,18.2,GYM-01_METER,正常
OFF-01,办公楼,2026-07-17 12:00,79.43,3.22,3.2,8.0,12.9,30.7,73.7,23.2,OFF-01_METER,正常
OFF-02,办公楼,2026-07-17 12:00,75.04,4.39,4.6,6.7,11.2,32.3,84.2,17.6,OFF-02_METER,正常
OFF-03,办公楼,2026-07-17 12:00,67.54,3.24,3.11,6.9,11.2,30.4,70.5,23.4,OFF-03_METER,正常
OFF-04,办公楼,2026-07-17 12:00,100.96,2.76,7.14,6.7,11.0,36.0,85.1,18.8,OFF-04_METER,正常
OFF-05,办公楼,2026-07-17 12:00,95.43,2.74,4.7,6.3,11.8,33.1,73.8,21.8,OFF-05_METER,正常
TEACH-01,教学楼,2026-07-17 12:00,123.2,5.66,4.36,6.2,12.4,30.6,69.6,31.3,TEACH-01_METER,正常
TEACH-02,教学楼,2026-07-17 12:00,119.34,5.47,4.88,6.6,11.4,31.2,71.1,25.7,TEACH-02_METER,正常
TEACH-03,教学楼,2026-07-17 12:00,97.6,6.3,3.3,6.1,11.4,29.6,70.5,39.9,TEACH-03_METER,正常
LIB-01,公共机构,2026-07-17 12:00,55.21,4.88,3.39,6.1,10.0,31.0,67.3,16.7,LIB-01_METER,正常
GYM-01,公共机构,2026-07-17 12:00,60.43,4.9,4.91,6.7,10.9,33.1,69.0,14.3,GYM-01_METER,正常
OFF-01,办公楼,2026-07-17 13:00,73.33,2.94,5.0,6.0,10.3,32.9,87.1,15.9,OFF-01_METER,正常
OFF-02,办公楼,2026-07-17 13:00,73.88,2.73,3.34,8.2,12.8,30.8,81.7,15.7,OFF-02_METER,正常
OFF-03,办公楼,2026-07-17 13:00,100.86,3.0,4.82,6.6,11.0,33.1,79.4,24.3,OFF-03_METER,正常
OFF-04,办公楼,2026-07-17 13:00,102.31,3.43,4.96,7.6,11.9,32.8,66.2,17.5,OFF-04_METER,正常
OFF-05,办公楼,2026-07-17 13:00,75.52,2.73,4.89,7.0,11.3,33.0,85.2,24.0,OFF-05_METER,正常
TEACH-01,教学楼,2026-07-17 13:00,123.73,5.54,7.87,7.7,11.3,34.7,75.3,30.5,TEACH-01_METER,正常
TEACH-02,教学楼,2026-07-17 13:00,119.71,5.5,6.94,8.0,12.8,33.4,71.0,37.3,TEACH-02_METER,正常
TEACH-03,教学楼,2026-07-17 13:00,116.26,6.3,7.77,6.4,11.5,34.0,81.6,34.6,TEACH-03_METER,正常
LIB-01,公共机构,2026-07-17 13:00,83.19,4.54,6.03,6.9,10.0,34.8,65.8,13.3,LIB-01_METER,正常
GYM-01,公共机构,2026-07-17 13:00,114.47,4.5,4.82,8.0,11.8,33.1,81.0,14.2,GYM-01_METER,正常
OFF-01,办公楼,2026-07-17 14:00,72.77,2.72,6.09,6.7,10.1,34.3,82.6,17.1,OFF-01_METER,正常
OFF-02,办公楼,2026-07-17 14:00,88.38,3.08,4.01,7.3,12.4,31.5,72.5,21.4,OFF-02_METER,正常
OFF-03,办公楼,2026-07-17 14:00,106.25,2.75,5.56,6.0,11.3,33.9,80.7,24.7,OFF-03_METER,正常
OFF-04,办公楼,2026-07-17 14:00,74.96,3.08,4.88,6.3,10.0,33.1,75.2,24.1,OFF-04_METER,正常
OFF-05,办公楼,2026-07-17 14:00,91.62,2.76,3.93,6.3,10.5,31.6,81.7,23.9,OFF-05_METER,正常
TEACH-01,教学楼,2026-07-17 14:00,89.29,5.83,7.08,6.9,11.6,33.6,69.6,34.5,TEACH-01_METER,正常
TEACH-02,教学楼,2026-07-17 14:00,133.04,5.98,6.54,8.2,12.9,33.2,75.8,38.4,TEACH-02_METER,正常
TEACH-03,教学楼,2026-07-17 14:00,98.64,6.43,7.28,6.5,10.0,34.1,70.9,39.3,TEACH-03_METER,正常
LIB-01,公共机构,2026-07-17 14:00,57.25,4.64,4.51,7.1,10.3,32.2,72.9,10.3,LIB-01_METER,正常
GYM-01,公共机构,2026-07-17 14:00,95.5,4.73,5.81,7.8,11.5,34.1,77.7,19.8,GYM-01_METER,正常
OFF-01,办公楼,2026-07-17 15:00,79.69,3.87,4.99,7.1,11.0,33.5,72.1,22.2,OFF-01_METER,正常
OFF-02,办公楼,2026-07-17 15:00,67.03,2.74,5.62,7.8,12.5,34.0,80.8,23.5,OFF-02_METER,正常
OFF-03,办公楼,2026-07-17 15:00,105.3,2.81,5.08,6.1,10.2,33.1,73.5,18.0,OFF-03_METER,正常
OFF-04,办公楼,2026-07-17 15:00,82.71,2.72,6.12,6.4,10.1,35.0,84.3,16.2,OFF-04_METER,正常
OFF-05,办公楼,2026-07-17 15:00,65.89,3.29,4.34,7.2,11.9,32.4,73.6,19.9,OFF-05_METER,正常
TEACH-01,教学楼,2026-07-17 15:00,91.38,5.41,6.07,6.7,11.0,32.3,77.7,33.4,TEACH-01_METER,正常
TEACH-02,教学楼,2026-07-17 15:00,115.35,5.67,9.52,6.2,10.5,36.0,72.3,28.5,TEACH-02_METER,正常
TEACH-03,教学楼,2026-07-17 15:00,127.49,5.41,8.43,6.8,11.6,34.6,76.7,29.2,TEACH-03_METER,正常
LIB-01,公共机构,2026-07-17 15:00,80.83,4.72,6.11,7.3,11.5,34.5,80.1,18.6,LIB-01_METER,正常
GYM-01,公共机构,2026-07-17 15:00,108.25,4.6,3.63,8.2,13.4,31.1,69.5,13.1,GYM-01_METER,正常
OFF-01,办公楼,2026-07-17 16:00,70.11,2.89,6.51,6.7,11.0,34.9,77.3,23.5,OFF-01_METER,正常
OFF-02,办公楼,2026-07-17 16:00,97.72,2.95,4.5,6.7,11.0,32.4,66.3,15.4,OFF-02_METER,正常
OFF-03,办公楼,2026-07-17 16:00,69.5,2.77,7.26,6.7,10.6,36.0,74.2,21.4,OFF-03_METER,正常
OFF-04,办公楼,2026-07-17 16:00,93.57,2.87,4.78,8.0,12.2,32.8,78.0,16.7,OFF-04_METER,正常
OFF-05,办公楼,2026-07-17 16:00,94.94,3.05,5.87,6.7,10.9,34.1,76.8,24.0,OFF-05_METER,正常
TEACH-01,教学楼,2026-07-17 16:00,92.84,5.84,4.34,6.0,10.0,30.9,81.4,27.4,TEACH-01_METER,正常
TEACH-02,教学楼,2026-07-17 16:00,114.09,6.23,7.59,8.3,12.7,34.4,83.7,25.1,TEACH-02_METER,正常
TEACH-03,教学楼,2026-07-17 16:00,138.11,5.55,5.15,7.7,12.3,31.4,79.9,28.5,TEACH-03_METER,正常
LIB-01,公共机构,2026-07-17 16:00,109.86,4.52,5.67,6.1,10.9,33.8,75.5,12.4,LIB-01_METER,正常
GYM-01,公共机构,2026-07-17 16:00,72.21,4.61,3.87,6.6,11.6,31.8,78.6,15.1,GYM-01_METER,正常
OFF-01,办公楼,2026-07-17 17:00,85.88,2.76,6.67,7.5,12.4,36.0,81.2,23.7,OFF-01_METER,正常
OFF-02,办公楼,2026-07-17 17:00,95.21,2.83,5.85,8.2,12.8,34.0,81.6,17.9,OFF-02_METER,正常
OFF-03,办公楼,2026-07-17 17:00,74.07,3.0,5.92,9.0,12.9,34.6,75.8,17.6,OFF-03_METER,正常
OFF-04,办公楼,2026-07-17 17:00,66.76,2.97,4.74,5.6,10.0,32.6,70.3,19.7,OFF-04_METER,正常
OFF-05,办公楼,2026-07-17 17:00,95.86,3.35,4.1,5.0,10.0,32.0,68.4,21.3,OFF-05_METER,正常
TEACH-01,教学楼,2026-07-17 17:00,127.72,5.42,5.51,6.4,10.0,32.0,78.6,38.7,TEACH-01_METER,正常
TEACH-02,教学楼,2026-07-17 17:00,152.26,5.6,8.63,5.4,10.0,35.4,76.8,33.4,TEACH-02_METER,正常
TEACH-03,教学楼,2026-07-17 17:00,98.03,5.4,7.43,7.2,12.3,34.3,78.6,34.2,TEACH-03_METER,正常
LIB-01,公共机构,2026-07-17 17:00,59.26,5.15,6.35,6.7,10.4,34.8,74.8,13.7,LIB-01_METER,正常
GYM-01,公共机构,2026-07-17 17:00,67.14,5.31,5.31,7.7,12.0,33.3,72.5,10.4,GYM-01_METER,正常
OFF-01,办公楼,2026-07-17 18:00,94.98,3.65,4.14,7.6,11.2,33.8,73.0,17.3,OFF-01_METER,正常
OFF-02,办公楼,2026-07-17 18:00,73.18,2.95,3.08,6.8,11.7,31.5,79.6,18.1,OFF-02_METER,正常
OFF-03,办公楼,2026-07-17 18:00,61.83,2.74,3.89,6.4,11.8,33.4,73.1,24.3,OFF-03_METER,正常
OFF-04,办公楼,2026-07-17 18:00,93.42,3.09,5.14,6.0,10.7,35.2,85.4,21.4,OFF-04_METER,正常
OFF-05,办公楼,2026-07-17 18:00,101.86,2.93,5.6,6.4,11.1,36.0,86.2,18.9,OFF-05_METER,正常
TEACH-01,教学楼,2026-07-17 18:00,89.91,5.41,4.19,7.2,11.0,31.7,70.1,25.3,TEACH-01_METER,正常
TEACH-02,教学楼,2026-07-17 18:00,109.85,6.43,4.59,8.4,13.4,32.3,71.6,32.7,TEACH-02_METER,正常
TEACH-03,教学楼,2026-07-17 18:00,108.71,5.93,5.72,7.3,11.7,33.9,74.3,30.6,TEACH-03_METER,正常
LIB-01,公共机构,2026-07-17 18:00,91.88,4.55,3.54,7.7,12.1,32.7,73.1,18.5,LIB-01_METER,正常
GYM-01,公共机构,2026-07-17 18:00,61.91,4.81,5.14,6.8,11.4,36.0,88.1,13.0,GYM-01_METER,正常
OFF-01,办公楼,2026-07-17 19:00,29.78,1.66,4.49,7.0,10.6,34.1,76.5,1.0,OFF-01_METER,正常
OFF-02,办公楼,2026-07-17 19:00,23.35,1.24,2.68,7.6,11.0,31.2,83.2,1.2,OFF-02_METER,正常
OFF-03,办公楼,2026-07-17 19:00,27.63,1.47,5.26,7.2,13.0,36.0,80.0,0.6,OFF-03_METER,正常
OFF-04,办公楼,2026-07-17 19:00,30.67,0.98,4.83,7.6,12.6,35.4,80.1,3.0,OFF-04_METER,正常
OFF-05,办公楼,2026-07-17 19:00,17.13,1.11,4.71,7.1,11.4,35.2,66.3,3.9,OFF-05_METER,正常
TEACH-01,教学楼,2026-07-17 19:00,29.46,2.28,4.79,6.4,10.8,32.5,81.5,0.7,TEACH-01_METER,正常
TEACH-02,教学楼,2026-07-17 19:00,24.63,2.06,4.48,7.2,11.5,32.4,76.8,0.2,TEACH-02_METER,正常
TEACH-03,教学楼,2026-07-17 19:00,22.5,1.88,6.85,7.0,11.2,35.5,81.2,1.4,TEACH-03_METER,正常
LIB-01,公共机构,2026-07-17 19:00,87.76,1.62,4.05,5.8,10.2,33.9,77.3,2.8,LIB-01_METER,正常
GYM-01,公共机构,2026-07-17 19:00,59.5,1.83,4.1,6.5,11.6,33.6,77.0,1.1,GYM-01_METER,正常
OFF-01,办公楼,2026-07-17 20:00,33.65,1.48,3.36,7.1,11.4,32.5,79.4,4.1,OFF-01_METER,正常
OFF-02,办公楼,2026-07-17 20:00,35.61,1.02,5.21,8.0,12.4,36.0,77.4,1.9,OFF-02_METER,正常
OFF-03,办公楼,2026-07-17 20:00,22.59,1.24,3.8,7.7,12.1,33.4,69.6,2.1,OFF-03_METER,正常
OFF-04,办公楼,2026-07-17 20:00,20.89,0.93,4.81,7.5,12.0,35.1,72.9,2.2,OFF-04_METER,正常
OFF-05,办公楼,2026-07-17 20:00,23.83,0.91,5.3,6.8,11.8,36.0,66.9,1.3,OFF-05_METER,正常
TEACH-01,教学楼,2026-07-17 20:00,28.48,1.94,4.4,8.4,14.6,32.1,77.4,1.6,TEACH-01_METER,正常
TEACH-02,教学楼,2026-07-17 20:00,25.59,3.01,5.81,6.8,11.1,34.4,84.6,1.7,TEACH-02_METER,正常
TEACH-03,教学楼,2026-07-17 20:00,23.86,1.92,5.74,7.1,11.1,34.4,72.1,1.2,TEACH-03_METER,正常
LIB-01,公共机构,2026-07-17 20:00,64.77,1.65,3.8,6.4,11.7,32.9,74.6,3.7,LIB-01_METER,正常
GYM-01,公共机构,2026-07-17 20:00,73.47,1.66,3.83,6.8,10.8,33.0,79.8,0.6,GYM-01_METER,正常
OFF-01,办公楼,2026-07-17 21:00,41.34,1.27,3.02,7.4,12.1,31.6,75.3,4.2,OFF-01_METER,正常
OFF-02,办公楼,2026-07-17 21:00,19.87,1.74,3.19,6.8,11.8,31.9,68.0,2.8,OFF-02_METER,正常
OFF-03,办公楼,2026-07-17 21:00,24.77,1.1,4.56,7.0,12.1,34.4,83.2,2.6,OFF-03_METER,正常
OFF-04,办公楼,2026-07-17 21:00,19.22,1.1,4.4,5.4,10.5,33.8,76.8,1.6,OFF-04_METER,正常
OFF-05,办公楼,2026-07-17 21:00,29.06,1.09,2.79,7.8,12.9,31.4,78.6,2.8,OFF-05_METER,正常
TEACH-01,教学楼,2026-07-17 21:00,12.56,1.9,4.44,7.6,12.3,32.4,89.2,1.8,TEACH-01_METER,正常
TEACH-02,教学楼,2026-07-17 21:00,20.85,2.05,4.63,6.8,10.0,32.7,74.3,1.3,TEACH-02_METER,正常
TEACH-03,教学楼,2026-07-17 21:00,23.33,2.0,3.57,7.2,10.7,31.2,71.6,0.4,TEACH-03_METER,正常
LIB-01,公共机构,2026-07-17 21:00,114.96,2.02,4.97,7.3,12.9,34.9,72.6,1.7,LIB-01_METER,正常
GYM-01,公共机构,2026-07-17 21:00,107.86,1.79,3.43,6.5,10.0,32.2,81.1,2.8,GYM-01_METER,正常
OFF-01,办公楼,2026-07-17 22:00,23.1,0.93,4.5,6.8,11.4,34.3,79.4,2.3,OFF-01_METER,正常
OFF-02,办公楼,2026-07-17 22:00,21.02,0.99,4.0,6.2,10.6,33.8,66.6,1.7,OFF-02_METER,正常
OFF-03,办公楼,2026-07-17 22:00,28.55,0.96,4.69,7.8,12.3,35.1,84.3,3.6,OFF-03_METER,正常
OFF-04,办公楼,2026-07-17 22:00,36.25,1.37,3.94,8.2,12.3,33.2,78.4,3.7,OFF-04_METER,正常
OFF-05,办公楼,2026-07-17 22:00,21.06,0.99,5.14,6.5,10.4,35.1,72.4,4.3,OFF-05_METER,正常
TEACH-01,教学楼,2026-07-17 22:00,25.95,1.95,5.51,6.1,11.2,33.7,70.2,1.1,TEACH-01_METER,正常
TEACH-02,教学楼,2026-07-17 22:00,25.31,2.36,4.0,7.9,13.5,31.7,68.0,1.1,TEACH-02_METER,正常
TEACH-03,教学楼,2026-07-17 22:00,25.62,1.94,5.05,6.9,11.3,33.0,82.4,0.0,TEACH-03_METER,正常
LIB-01,公共机构,2026-07-17 22:00,31.12,2.12,4.3,6.3,11.4,34.4,86.1,4.0,LIB-01_METER,正常
GYM-01,公共机构,2026-07-17 22:00,25.5,2.08,2.85,6.0,10.0,31.5,76.1,2.7,GYM-01_METER,正常
OFF-01,办公楼,2026-07-17 23:00,38.71,1.21,4.69,6.1,10.0,35.2,76.5,2.6,OFF-01_METER,正常
OFF-02,办公楼,2026-07-17 23:00,36.04,1.14,3.04,8.1,13.4,31.4,69.5,4.3,OFF-02_METER,正常
OFF-03,办公楼,2026-07-17 23:00,31.11,1.91,2.72,8.3,13.2,31.1,72.4,1.4,OFF-03_METER,正常
OFF-04,办公楼,2026-07-17 23:00,21.72,0.95,4.44,7.8,11.6,34.1,71.8,4.8,OFF-04_METER,正常
OFF-05,办公楼,2026-07-17 23:00,25.44,1.44,5.21,5.9,10.7,35.7,82.5,1.2,OFF-05_METER,正常
TEACH-01,教学楼,2026-07-17 23:00,20.07,1.9,6.11,8.1,12.4,34.1,71.5,1.9,TEACH-01_METER,正常
TEACH-02,教学楼,2026-07-17 23:00,16.51,1.82,4.82,6.0,10.8,32.8,74.4,0.1,TEACH-02_METER,正常
TEACH-03,教学楼,2026-07-17 23:00,27.13,2.06,5.12,7.0,11.3,33.3,66.2,1.5,TEACH-03_METER,正常
LIB-01,公共机构,2026-07-17 23:00,35.93,1.87,3.52,6.1,10.2,32.3,74.6,1.7,LIB-01_METER,正常
GYM-01,公共机构,2026-07-17 23:00,29.02,1.91,3.51,6.2,11.7,32.7,77.7,1.2,GYM-01_METER,正常
OFF-01,办公楼,2026-07-18 00:00,23.23,1.07,0.0,6.6,10.5,25.0,73.1,2.0,OFF-01_METER,正常
OFF-02,办公楼,2026-07-18 00:00,28.17,1.37,0.0,7.0,11.7,25.0,53.6,4.3,OFF-02_METER,正常
OFF-03,办公楼,2026-07-18 00:00,31.66,0.91,0.0,7.3,11.4,25.0,65.2,4.6,OFF-03_METER,正常
OFF-04,办公楼,2026-07-18 00:00,31.47,1.3,0.0,7.5,13.3,25.0,78.3,2.2,OFF-04_METER,正常
OFF-05,办公楼,2026-07-18 00:00,24.5,1.2,0.0,7.0,12.7,25.3,60.3,0.8,OFF-05_METER,正常
TEACH-01,教学楼,2026-07-18 00:00,26.68,2.29,0.0,7.4,13.1,25.1,67.5,0.4,TEACH-01_METER,正常
TEACH-02,教学楼,2026-07-18 00:00,21.51,1.81,0.0,7.8,12.3,25.0,67.1,0.9,TEACH-02_METER,正常
TEACH-03,教学楼,2026-07-18 00:00,25.25,1.92,0.0,8.5,13.4,25.0,67.0,0.7,TEACH-03_METER,正常
LIB-01,公共机构,2026-07-18 00:00,29.35,1.54,0.0,7.2,11.4,25.0,61.2,2.2,LIB-01_METER,正常
GYM-01,公共机构,2026-07-18 00:00,35.15,1.78,0.0,6.6,10.1,25.0,69.0,4.5,GYM-01_METER,正常
OFF-01,办公楼,2026-07-18 01:00,26.29,1.32,0.06,7.9,11.8,26.1,61.4,4.8,OFF-01_METER,正常
OFF-02,办公楼,2026-07-18 01:00,22.28,1.0,0.0,7.5,13.2,25.0,62.2,3.1,OFF-02_METER,正常
OFF-03,办公楼,2026-07-18 01:00,19.74,1.52,0.0,7.5,12.2,25.0,67.2,1.6,OFF-03_METER,正常
OFF-04,办公楼,2026-07-18 01:00,20.63,1.52,0.0,6.7,11.4,25.0,68.0,2.0,OFF-04_METER,正常
OFF-05,办公楼,2026-07-18 01:00,22.54,0.96,0.0,7.3,11.8,25.0,54.5,1.0,OFF-05_METER,正常
TEACH-01,教学楼,2026-07-18 01:00,16.12,2.24,0.0,7.0,12.3,25.1,67.3,0.5,TEACH-01_METER,正常
TEACH-02,教学楼,2026-07-18 01:00,21.74,2.52,0.0,6.5,11.0,25.1,69.4,2.0,TEACH-02_METER,正常
TEACH-03,教学楼,2026-07-18 01:00,9.96,2.06,0.0,7.5,11.9,25.0,57.2,1.7,TEACH-03_METER,正常
LIB-01,公共机构,2026-07-18 01:00,35.77,1.83,0.0,7.0,10.8,25.0,63.6,1.4,LIB-01_METER,正常
GYM-01,公共机构,2026-07-18 01:00,30.4,1.62,0.0,6.1,11.5,25.0,63.2,1.0,GYM-01_METER,正常
OFF-01,办公楼,2026-07-18 02:00,24.4,1.03,0.0,6.3,10.4,25.0,71.4,4.6,OFF-01_METER,正常
OFF-02,办公楼,2026-07-18 02:00,20.9,1.34,0.0,7.7,13.3,25.9,75.0,2.9,OFF-02_METER,正常
OFF-03,办公楼,2026-07-18 02:00,20.11,1.06,0.0,5.9,10.0,25.0,68.0,4.3,OFF-03_METER,正常
OFF-04,办公楼,2026-07-18 02:00,17.19,1.01,0.6,8.0,13.1,27.1,66.4,3.4,OFF-04_METER,正常
OFF-05,办公楼,2026-07-18 02:00,33.94,1.24,0.27,7.2,11.7,26.5,67.0,2.8,OFF-05_METER,正常
TEACH-01,教学楼,2026-07-18 02:00,19.72,2.14,0.06,7.4,12.1,26.1,71.8,0.4,TEACH-01_METER,正常
TEACH-02,教学楼,2026-07-18 02:00,13.46,1.93,0.0,7.1,11.1,25.9,76.8,1.0,TEACH-02_METER,正常
TEACH-03,教学楼,2026-07-18 02:00,14.15,1.86,0.0,5.6,10.6,25.3,69.5,1.1,TEACH-03_METER,正常
LIB-01,公共机构,2026-07-18 02:00,35.02,1.79,0.0,7.3,12.1,25.0,67.3,3.5,LIB-01_METER,正常
GYM-01,公共机构,2026-07-18 02:00,20.83,1.61,0.0,8.0,12.6,25.0,68.6,2.9,GYM-01_METER,正常
OFF-01,办公楼,2026-07-18 03:00,31.04,0.91,1.54,7.3,12.6,28.8,70.4,1.0,OFF-01_METER,正常
OFF-02,办公楼,2026-07-18 03:00,29.98,0.95,0.41,5.7,10.4,26.7,69.0,1.4,OFF-02_METER,异常
OFF-03,办公楼,2026-07-18 03:00,11.93,1.9,0.0,7.8,13.6,25.3,70.1,4.3,OFF-03_METER,正常
OFF-04,办公楼,2026-07-18 03:00,16.71,1.58,0.0,7.1,11.5,25.0,65.1,5.0,OFF-04_METER,正常
OFF-05,办公楼,2026-07-18 03:00,20.83,0.99,0.0,7.1,11.8,25.4,67.1,1.8,OFF-05_METER,正常
TEACH-01,教学楼,2026-07-18 03:00,13.06,1.84,0.0,7.8,13.4,25.0,59.7,0.7,TEACH-01_METER,正常
TEACH-02,教学楼,2026-07-18 03:00,15.19,2.06,0.0,6.4,11.0,25.1,59.3,0.3,TEACH-02_METER,正常
TEACH-03,教学楼,2026-07-18 03:00,15.36,1.82,0.0,6.7,10.0,25.0,76.5,1.3,TEACH-03_METER,正常
LIB-01,公共机构,2026-07-18 03:00,22.75,1.8,0.0,8.0,10.9,25.0,62.1,0.5,LIB-01_METER,正常
GYM-01,公共机构,2026-07-18 03:00,29.76,1.7,0.0,7.8,11.6,25.6,63.0,2.5,GYM-01_METER,正常
OFF-01,办公楼,2026-07-18 04:00,19.68,1.08,1.68,6.1,11.1,29.1,61.9,1.1,OFF-01_METER,正常
OFF-02,办公楼,2026-07-18 04:00,28.29,0.98,0.43,7.6,12.6,26.8,64.6,0.6,OFF-02_METER,正常
OFF-03,办公楼,2026-07-18 04:00,22.95,1.13,1.6,6.5,11.6,28.8,68.2,3.9,OFF-03_METER,正常
OFF-04,办公楼,2026-07-18 04:00,21.11,0.99,1.86,6.9,10.9,29.3,69.4,2.7,OFF-04_METER,正常
OFF-05,办公楼,2026-07-18 04:00,18.23,1.02,0.0,6.6,11.1,25.7,68.0,2.5,OFF-05_METER,正常
TEACH-01,教学楼,2026-07-18 04:00,24.56,2.08,1.47,8.0,13.2,28.1,71.0,0.7,TEACH-01_METER,正常
TEACH-02,教学楼,2026-07-18 04:00,21.22,2.03,0.0,7.1,10.8,25.6,56.4,0.4,TEACH-02_METER,正常
TEACH-03,教学楼,2026-07-18 04:00,7.51,2.36,0.91,7.1,11.6,27.2,69.8,1.5,TEACH-03_METER,正常
LIB-01,公共机构,2026-07-18 04:00,35.17,1.82,0.93,8.5,12.3,27.7,62.8,4.6,LIB-01_METER,正常
GYM-01,公共机构,2026-07-18 04:00,36.92,1.8,0.37,6.5,11.4,26.7,71.0,2.8,GYM-01_METER,正常
OFF-01,办公楼,2026-07-18 05:00,30.78,0.99,1.97,6.7,11.3,29.8,76.7,2.0,OFF-01_METER,正常
OFF-02,办公楼,2026-07-18 05:00,21.61,1.67,0.83,7.3,11.7,27.5,71.7,2.9,OFF-02_METER,正常
OFF-03,办公楼,2026-07-18 05:00,18.7,1.02,0.91,8.0,11.6,27.6,70.5,2.3,OFF-03_METER,正常
OFF-04,办公楼,2026-07-18 05:00,26.94,1.29,0.74,7.3,11.3,27.3,71.2,3.5,OFF-04_METER,正常
OFF-05,办公楼,2026-07-18 05:00,22.25,1.02,0.97,8.2,12.6,27.8,77.7,1.9,OFF-05_METER,正常
TEACH-01,教学楼,2026-07-18 05:00,12.73,2.03,0.39,7.4,13.0,26.5,72.5,1.2,TEACH-01_METER,正常
TEACH-02,教学楼,2026-07-18 05:00,11.08,2.16,2.14,7.5,10.9,29.1,71.0,1.5,TEACH-02_METER,正常
TEACH-03,教学楼,2026-07-18 05:00,18.08,1.97,2.02,6.7,12.0,29.0,77.3,1.2,TEACH-03_METER,正常
LIB-01,公共机构,2026-07-18 05:00,37.3,2.79,0.99,6.8,10.6,27.8,71.4,2.7,LIB-01_METER,正常
GYM-01,公共机构,2026-07-18 05:00,28.89,1.99,0.14,6.1,11.0,26.3,73.3,1.9,GYM-01_METER,正常
OFF-01,办公楼,2026-07-18 06:00,34.15,1.14,1.94,7.5,12.3,29.7,65.5,2.1,OFF-01_METER,正常
OFF-02,办公楼,2026-07-18 06:00,23.89,0.94,1.06,7.7,11.6,27.9,69.6,3.2,OFF-02_METER,正常
OFF-03,办公楼,2026-07-18 06:00,29.64,0.95,0.89,6.3,11.0,27.7,71.4,3.5,OFF-03_METER,正常
OFF-04,办公楼,2026-07-18 06:00,17.05,1.07,0.85,5.7,10.2,27.6,60.4,1.7,OFF-04_METER,正常
OFF-05,办公楼,2026-07-18 06:00,15.75,0.9,1.07,7.1,11.1,28.0,69.0,2.5,OFF-05_METER,正常
TEACH-01,教学楼,2026-07-18 06:00,23.04,2.2,0.96,7.4,12.5,27.4,72.5,0.8,TEACH-01_METER,正常
TEACH-02,教学楼,2026-07-18 06:00,21.83,2.08,1.66,8.7,13.6,28.3,67.1,1.9,TEACH-02_METER,正常
TEACH-03,教学楼,2026-07-18 06:00,18.62,2.04,1.73,5.9,10.0,28.3,64.9,1.3,TEACH-03_METER,正常
LIB-01,公共机构,2026-07-18 06:00,16.01,1.61,0.32,7.0,11.2,26.6,60.4,2.6,LIB-01_METER,正常
GYM-01,公共机构,2026-07-18 06:00,29.63,1.57,1.25,7.2,11.2,28.2,69.9,2.2,GYM-01_METER,正常
OFF-01,办公楼,2026-07-18 07:00,14.28,1.0,0.27,8.2,13.7,26.5,63.2,3.3,OFF-01_METER,正常
OFF-02,办公楼,2026-07-18 07:00,18.6,1.07,1.53,6.8,11.3,28.9,84.0,1.4,OFF-02_METER,正常
OFF-03,办公楼,2026-07-18 07:00,25.04,1.24,0.64,6.7,11.0,27.2,76.9,4.4,OFF-03_METER,正常
OFF-04,办公楼,2026-07-18 07:00,23.95,1.06,1.12,7.7,12.8,28.2,72.2,2.9,OFF-04_METER,正常
OFF-05,办公楼,2026-07-18 07:00,22.9,1.49,1.77,6.2,10.0,29.5,78.1,4.4,OFF-05_METER,正常
TEACH-01,教学楼,2026-07-18 07:00,18.71,1.96,2.86,6.1,10.1,29.8,64.9,0.4,TEACH-01_METER,正常
TEACH-02,教学楼,2026-07-18 07:00,21.45,1.96,2.19,6.5,10.3,28.9,72.2,0.4,TEACH-02_METER,正常
TEACH-03,教学楼,2026-07-18 07:00,16.32,1.85,1.03,6.9,12.0,27.5,68.2,1.6,TEACH-03_METER,正常
LIB-01,公共机构,2026-07-18 07:00,35.2,1.98,1.04,8.5,12.9,27.9,61.1,4.4,LIB-01_METER,正常
GYM-01,公共机构,2026-07-18 07:00,30.01,1.94,1.19,7.4,11.8,28.2,68.2,3.1,GYM-01_METER,正常
OFF-01,办公楼,2026-07-18 08:00,24.53,1.24,2.34,7.2,12.6,30.4,67.0,4.4,OFF-01_METER,正常
OFF-02,办公楼,2026-07-18 08:00,27.21,0.98,1.39,6.5,11.7,28.5,71.5,2.4,OFF-02_METER,正常
OFF-03,办公楼,2026-07-18 08:00,19.64,1.07,1.56,8.6,12.2,28.9,66.2,1.5,OFF-03_METER,正常
OFF-04,办公楼,2026-07-18 08:00,16.65,1.52,0.58,7.3,11.8,27.1,71.4,5.0,OFF-04_METER,正常
OFF-05,办公楼,2026-07-18 08:00,26.02,1.26,2.23,7.0,11.9,30.2,73.1,0.6,OFF-05_METER,正常
TEACH-01,教学楼,2026-07-18 08:00,25.98,2.14,1.83,6.6,10.1,28.4,61.7,0.4,TEACH-01_METER,正常
TEACH-02,教学楼,2026-07-18 08:00,20.76,2.02,3.44,6.9,12.1,30.7,66.5,0.2,TEACH-02_METER,正常
TEACH-03,教学楼,2026-07-18 08:00,15.07,1.98,2.43,7.0,10.5,29.2,76.0,1.4,TEACH-03_METER,正常
LIB-01,公共机构,2026-07-18 08:00,22.37,1.58,1.04,7.0,11.5,27.9,72.9,2.2,LIB-01_METER,正常
GYM-01,公共机构,2026-07-18 08:00,21.33,1.56,1.0,6.7,11.2,27.9,79.6,4.0,GYM-01_METER,正常
OFF-01,办公楼,2026-07-18 09:00,26.0,1.25,2.59,7.9,12.0,31.0,77.4,2.9,OFF-01_METER,正常
OFF-02,办公楼,2026-07-18 09:00,27.07,1.24,2.16,7.0,11.9,30.2,76.7,1.4,OFF-02_METER,正常
OFF-03,办公楼,2026-07-18 09:00,29.87,1.26,1.69,6.8,11.3,29.0,79.3,0.6,OFF-03_METER,正常
OFF-04,办公楼,2026-07-18 09:00,24.43,0.96,2.36,6.2,10.0,30.3,68.0,0.6,OFF-04_METER,正常
OFF-05,办公楼,2026-07-18 09:00,34.11,1.03,2.59,7.1,11.0,30.8,70.7,1.0,OFF-05_METER,正常
TEACH-01,教学楼,2026-07-18 09:00,29.94,2.19,3.36,7.2,12.4,30.4,72.7,0.5,TEACH-01_METER,正常
TEACH-02,教学楼,2026-07-18 09:00,14.04,2.08,2.37,5.7,10.4,29.4,82.3,1.5,TEACH-02_METER,正常
TEACH-03,教学楼,2026-07-18 09:00,9.85,1.86,3.21,7.3,11.6,30.3,71.2,1.6,TEACH-03_METER,正常
LIB-01,公共机构,2026-07-18 09:00,109.87,2.01,3.57,5.6,10.0,32.3,81.5,4.6,LIB-01_METER,正常
GYM-01,公共机构,2026-07-18 09:00,106.97,1.95,1.49,6.7,11.3,28.6,79.4,1.5,GYM-01_METER,正常
OFF-01,办公楼,2026-07-18 10:00,24.29,0.91,3.28,7.9,12.2,31.8,78.8,1.7,OFF-01_METER,正常
OFF-02,办公楼,2026-07-18 10:00,21.09,1.36,1.84,6.6,12.2,29.2,70.4,4.8,OFF-02_METER,正常
OFF-03,办公楼,2026-07-18 10:00,18.0,2.5,2.72,7.7,10.6,30.9,68.2,3.5,OFF-03_METER,正常
OFF-04,办公楼,2026-07-18 10:00,34.23,0.9,3.74,8.3,13.6,32.9,72.2,4.0,OFF-04_METER,正常
OFF-05,办公楼,2026-07-18 10:00,21.96,1.16,3.48,7.3,11.9,32.2,76.7,1.4,OFF-05_METER,正常
TEACH-01,教学楼,2026-07-18 10:00,16.44,2.17,3.21,7.7,12.4,30.6,72.9,1.7,TEACH-01_METER,正常
TEACH-02,教学楼,2026-07-18 10:00,20.7,3.32,4.02,7.7,12.4,31.8,74.7,1.6,TEACH-02_METER,正常
TEACH-03,教学楼,2026-07-18 10:00,17.46,1.82,2.43,7.7,14.3,29.5,68.8,0.2,TEACH-03_METER,正常
LIB-01,公共机构,2026-07-18 10:00,105.91,1.6,2.73,7.2,11.6,30.8,65.7,1.3,LIB-01_METER,正常
GYM-01,公共机构,2026-07-18 10:00,77.51,1.58,1.81,8.1,12.8,29.3,70.8,4.5,GYM-01_METER,正常
OFF-01,办公楼,2026-07-18 11:00,21.33,1.18,3.9,7.4,11.6,32.9,78.9,2.9,OFF-01_METER,正常
OFF-02,办公楼,2026-07-18 11:00,31.36,0.94,2.81,5.2,10.0,31.2,73.2,2.9,OFF-02_METER,正常
OFF-03,办公楼,2026-07-18 11:00,20.34,1.05,1.02,8.2,14.0,27.9,66.8,1.8,OFF-03_METER,正常
OFF-04,办公楼,2026-07-18 11:00,22.95,0.97,2.99,7.8,12.1,31.8,67.0,4.2,OFF-04_METER,正常
OFF-05,办公楼,2026-07-18 11:00,28.97,1.22,3.69,7.2,10.6,32.7,71.1,1.4,OFF-05_METER,正常
TEACH-01,教学楼,2026-07-18 11:00,19.95,2.33,3.67,7.9,11.9,31.2,74.9,0.0,TEACH-01_METER,正常
TEACH-02,教学楼,2026-07-18 11:00,25.68,1.97,3.25,7.4,11.5,30.5,66.5,1.5,TEACH-02_METER,正常
TEACH-03,教学楼,2026-07-18 11:00,21.55,2.39,6.06,6.7,11.7,34.5,73.7,0.7,TEACH-03_METER,正常
LIB-01,公共机构,2026-07-18 11:00,88.73,1.72,3.13,6.3,10.4,31.5,66.6,0.5,LIB-01_METER,正常
GYM-01,公共机构,2026-07-18 11:00,76.47,1.51,1.33,5.9,10.6,28.5,73.1,3.8,GYM-01_METER,正常
OFF-01,办公楼,2026-07-18 12:00,22.88,0.91,3.84,7.3,12.1,32.9,72.4,2.3,OFF-01_METER,正常
OFF-02,办公楼,2026-07-18 12:00,31.12,1.11,3.11,5.3,10.0,32.0,71.0,3.7,OFF-02_METER,正常
OFF-03,办公楼,2026-07-18 12:00,21.77,1.19,2.55,8.0,11.8,30.9,79.4,2.0,OFF-03_METER,正常
OFF-04,办公楼,2026-07-18 12:00,31.27,2.2,4.95,7.0,10.9,35.2,84.0,3.2,OFF-04_METER,正常
OFF-05,办公楼,2026-07-18 12:00,28.12,1.0,4.41,6.9,10.6,33.9,72.4,3.6,OFF-05_METER,正常
TEACH-01,教学楼,2026-07-18 12:00,21.51,2.25,5.08,6.0,10.0,33.2,73.7,1.6,TEACH-01_METER,正常
TEACH-02,教学楼,2026-07-18 12:00,29.52,1.99,4.81,6.9,11.2,32.8,84.2,2.0,TEACH-02_METER,正常
TEACH-03,教学楼,2026-07-18 12:00,23.46,2.41,3.6,6.3,10.0,31.3,70.4,0.6,TEACH-03_METER,正常
LIB-01,公共机构,2026-07-18 12:00,50.57,1.67,1.68,6.8,10.5,29.1,76.1,1.8,LIB-01_METER,正常
GYM-01,公共机构,2026-07-18 12:00,65.97,1.81,4.91,6.4,10.0,34.6,84.5,4.7,GYM-01_METER,正常
OFF-01,办公楼,2026-07-18 13:00,29.82,1.09,3.62,5.9,10.0,32.4,69.3,3.7,OFF-01_METER,正常
OFF-02,办公楼,2026-07-18 13:00,30.36,1.27,2.88,5.0,10.0,31.1,75.4,2.2,OFF-02_METER,正常
OFF-03,办公楼,2026-07-18 13:00,22.95,1.35,4.36,7.4,11.0,34.4,74.3,2.2,OFF-03_METER,正常
OFF-04,办公楼,2026-07-18 13:00,34.87,1.26,4.13,7.7,11.3,33.8,75.0,2.3,OFF-04_METER,正常
OFF-05,办公楼,2026-07-18 13:00,29.59,1.5,2.81,5.0,10.0,31.4,78.9,4.8,OFF-05_METER,正常
TEACH-01,教学楼,2026-07-18 13:00,17.89,1.82,3.2,8.2,13.5,30.5,80.9,0.8,TEACH-01_METER,正常
TEACH-02,教学楼,2026-07-18 13:00,15.28,3.28,4.53,6.9,11.6,32.2,78.5,1.9,TEACH-02_METER,正常
TEACH-03,教学楼,2026-07-18 13:00,31.37,1.88,6.37,9.0,12.9,35.0,74.8,0.7,TEACH-03_METER,正常
LIB-01,公共机构,2026-07-18 13:00,77.93,1.64,4.57,7.0,11.6,34.6,78.2,4.2,LIB-01_METER,正常
GYM-01,公共机构,2026-07-18 13:00,86.77,1.81,5.33,7.8,11.5,35.4,75.3,4.7,GYM-01_METER,正常
OFF-01,办公楼,2026-07-18 14:00,25.55,1.16,3.87,8.3,12.3,33.4,76.1,1.5,OFF-01_METER,正常
OFF-02,办公楼,2026-07-18 14:00,36.55,1.6,5.45,7.8,12.1,35.9,79.0,3.2,OFF-02_METER,正常
OFF-03,办公楼,2026-07-18 14:00,26.48,3.15,2.74,8.3,12.5,31.3,64.9,3.3,OFF-03_METER,正常
OFF-04,办公楼,2026-07-18 14:00,31.16,1.13,4.05,7.7,13.0,33.9,65.2,2.5,OFF-04_METER,正常
OFF-05,办公楼,2026-07-18 14:00,24.86,1.16,3.54,6.7,11.3,32.7,70.8,0.5,OFF-05_METER,正常
TEACH-01,教学楼,2026-07-18 14:00,18.62,1.92,5.64,8.4,12.4,34.3,76.9,0.5,TEACH-01_METER,正常
TEACH-02,教学楼,2026-07-18 14:00,21.17,1.97,4.0,6.7,11.0,31.3,73.1,1.4,TEACH-02_METER,正常
TEACH-03,教学楼,2026-07-18 14:00,24.93,1.82,5.16,7.8,13.1,32.9,81.5,0.3,TEACH-03_METER,正常
LIB-01,公共机构,2026-07-18 14:00,100.98,1.62,3.58,7.6,12.9,32.4,73.7,1.7,LIB-01_METER,正常
GYM-01,公共机构,2026-07-18 14:00,78.87,1.76,4.18,7.0,10.9,33.8,80.6,0.6,GYM-01_METER,正常
OFF-01,办公楼,2026-07-18 15:00,40.9,1.07,4.8,7.0,11.1,35.4,73.7,1.5,OFF-01_METER,正常
OFF-02,办公楼,2026-07-18 15:00,27.18,1.69,5.01,6.8,10.5,35.0,80.0,2.5,OFF-02_METER,正常
OFF-03,办公楼,2026-07-18 15:00,16.88,1.32,3.49,7.2,12.2,32.3,80.0,1.3,OFF-03_METER,正常
OFF-04,办公楼,2026-07-18 15:00,24.31,1.17,4.08,7.3,11.5,33.3,74.8,4.8,OFF-04_METER,正常
OFF-05,办公楼,2026-07-18 15:00,27.72,1.11,3.93,6.1,10.1,33.0,80.5,3.9,OFF-05_METER,正常
TEACH-01,教学楼,2026-07-18 15:00,19.66,2.02,5.51,7.7,12.0,33.9,71.3,0.1,TEACH-01_METER,正常
TEACH-02,教学楼,2026-07-18 15:00,26.14,2.33,4.74,5.8,10.9,32.3,76.8,0.6,TEACH-02_METER,正常
TEACH-03,教学楼,2026-07-18 15:00,25.64,2.74,5.09,6.0,10.4,33.5,69.7,0.4,TEACH-03_METER,正常
LIB-01,公共机构,2026-07-18 15:00,74.31,1.58,3.09,6.3,11.4,31.8,77.7,3.4,LIB-01_METER,正常
GYM-01,公共机构,2026-07-18 15:00,72.43,2.17,3.48,6.6,10.8,32.3,78.0,0.8,GYM-01_METER,正常
OFF-01,办公楼,2026-07-18 16:00,23.32,0.98,4.64,7.3,11.0,34.2,75.5,3.8,OFF-01_METER,正常
OFF-02,办公楼,2026-07-18 16:00,27.83,1.38,4.66,7.2,11.1,34.7,73.4,3.2,OFF-02_METER,正常
OFF-03,办公楼,2026-07-18 16:00,38.46,0.9,3.99,7.9,11.6,33.5,75.7,2.4,OFF-03_METER,正常
OFF-04,办公楼,2026-07-18 16:00,23.58,1.46,2.99,6.8,12.1,31.5,73.4,2.8,OFF-04_METER,正常
OFF-05,办公楼,2026-07-18 16:00,25.64,1.06,3.87,7.5,12.0,32.8,74.7,4.3,OFF-05_METER,正常
TEACH-01,教学楼,2026-07-18 16:00,18.67,1.97,5.98,5.3,10.0,34.4,78.3,1.1,TEACH-01_METER,正常
TEACH-02,教学楼,2026-07-18 16:00,21.78,1.8,5.19,5.5,10.0,32.8,68.9,1.9,TEACH-02_METER,正常
TEACH-03,教学楼,2026-07-18 16:00,26.04,2.65,5.13,8.3,12.3,32.9,76.9,1.1,TEACH-03_METER,正常
LIB-01,公共机构,2026-07-18 16:00,85.62,1.78,3.97,7.0,11.5,33.0,82.5,1.1,LIB-01_METER,正常
GYM-01,公共机构,2026-07-18 16:00,85.55,1.75,4.13,7.2,12.1,34.0,80.1,3.6,GYM-01_METER,正常
OFF-01,办公楼,2026-07-18 17:00,21.8,0.92,3.91,6.1,10.5,33.0,75.7,1.1,OFF-01_METER,正常
OFF-02,办公楼,2026-07-18 17:00,28.14,1.25,3.59,6.4,10.5,33.0,79.6,1.5,OFF-02_METER,正常
OFF-03,办公楼,2026-07-18 17:00,28.96,1.21,4.73,7.3,11.7,35.2,74.7,3.8,OFF-03_METER,正常
OFF-04,办公楼,2026-07-18 17:00,20.23,1.25,4.31,8.6,11.9,33.6,77.5,0.6,OFF-04_METER,正常
OFF-05,办公楼,2026-07-18 17:00,20.65,1.61,4.28,6.1,10.9,34.2,80.5,3.9,OFF-05_METER,正常
TEACH-01,教学楼,2026-07-18 17:00,24.55,1.83,5.7,7.5,12.4,34.2,78.9,0.4,TEACH-01_METER,正常
TEACH-02,教学楼,2026-07-18 17:00,33.78,1.88,5.8,7.5,12.0,34.4,86.9,0.8,TEACH-02_METER,正常
TEACH-03,教学楼,2026-07-18 17:00,24.4,2.26,3.98,7.5,12.3,31.5,80.1,2.0,TEACH-03_METER,正常
LIB-01,公共机构,2026-07-18 17:00,81.13,2.0,3.62,5.7,10.8,32.9,81.6,2.8,LIB-01_METER,正常
GYM-01,公共机构,2026-07-18 17:00,51.96,1.97,4.25,8.5,14.0,34.2,79.4,1.9,GYM-01_METER,正常
OFF-01,办公楼,2026-07-18 18:00,18.52,0.98,4.46,7.1,10.9,34.1,76.7,4.8,OFF-01_METER,正常
OFF-02,办公楼,2026-07-18 18:00,32.1,1.32,5.62,7.8,12.5,36.0,74.3,3.9,OFF-02_METER,正常
OFF-03,办公楼,2026-07-18 18:00,25.0,1.35,4.33,6.5,12.9,33.6,75.8,2.3,OFF-03_METER,正常
OFF-04,办公楼,2026-07-18 18:00,23.09,1.08,3.37,5.8,10.7,32.5,73.7,1.7,OFF-04_METER,正常
OFF-05,办公楼,2026-07-18 18:00,26.25,1.16,2.1,6.9,11.4,29.8,76.1,2.7,OFF-05_METER,正常
TEACH-01,教学楼,2026-07-18 18:00,21.55,3.87,6.45,7.4,12.3,35.4,81.6,1.7,TEACH-01_METER,正常
TEACH-02,教学楼,2026-07-18 18:00,23.71,2.25,7.03,6.9,11.9,36.0,84.5,0.1,TEACH-02_METER,正常
TEACH-03,教学楼,2026-07-18 18:00,29.2,3.94,5.7,6.9,11.9,33.8,85.2,0.3,TEACH-03_METER,正常
LIB-01,公共机构,2026-07-18 18:00,80.78,1.55,5.48,8.4,14.7,36.0,85.3,4.8,LIB-01_METER,正常
GYM-01,公共机构,2026-07-18 18:00,60.97,1.57,4.35,6.5,11.2,33.6,79.1,1.1,GYM-01_METER,正常
OFF-01,办公楼,2026-07-18 19:00,31.07,1.25,4.05,5.6,10.0,33.4,74.7,4.4,OFF-01_METER,正常
OFF-02,办公楼,2026-07-18 19:00,29.48,0.94,5.11,7.5,12.4,35.7,85.6,1.6,OFF-02_METER,正常
OFF-03,办公楼,2026-07-18 19:00,21.2,0.95,5.36,6.4,10.9,36.0,80.4,1.8,OFF-03_METER,正常
OFF-04,办公楼,2026-07-18 19:00,37.59,1.02,4.94,7.1,11.2,34.9,70.3,2.1,OFF-04_METER,正常
OFF-05,办公楼,2026-07-18 19:00,26.19,1.11,2.76,7.0,12.3,31.3,68.2,2.3,OFF-05_METER,正常
TEACH-01,教学楼,2026-07-18 19:00,13.91,2.09,4.28,7.8,11.7,31.6,77.4,0.5,TEACH-01_METER,正常
TEACH-02,教学楼,2026-07-18 19:00,22.81,1.87,7.23,5.9,11.1,35.7,80.5,0.7,TEACH-02_METER,正常
TEACH-03,教学楼,2026-07-18 19:00,18.03,2.1,7.38,6.7,12.2,35.9,82.4,0.5,TEACH-03_METER,正常
LIB-01,公共机构,2026-07-18 19:00,56.97,1.76,3.54,8.7,12.9,32.5,74.2,2.3,LIB-01_METER,正常
GYM-01,公共机构,2026-07-18 19:00,89.25,1.56,4.06,6.0,10.0,33.8,74.4,0.8,GYM-01_METER,正常
OFF-01,办公楼,2026-07-18 20:00,32.24,1.18,5.38,7.0,11.1,36.0,76.4,1.7,OFF-01_METER,正常
OFF-02,办公楼,2026-07-18 20:00,18.46,1.29,2.64,6.9,11.1,31.2,75.7,0.6,OFF-02_METER,正常
OFF-03,办公楼,2026-07-18 20:00,26.18,1.4,4.14,5.4,10.0,34.1,78.4,1.7,OFF-03_METER,正常
OFF-04,办公楼,2026-07-18 20:00,24.89,1.22,4.62,7.9,12.1,34.8,73.9,0.6,OFF-04_METER,正常
OFF-05,办公楼,2026-07-18 20:00,30.94,1.01,4.2,5.3,10.5,34.0,67.9,3.6,OFF-05_METER,正常
TEACH-01,教学楼,2026-07-18 20:00,20.97,2.06,5.86,7.7,12.0,34.1,84.9,0.2,TEACH-01_METER,正常
TEACH-02,教学楼,2026-07-18 20:00,28.42,1.82,6.4,6.7,11.0,35.3,83.7,1.5,TEACH-02_METER,正常
TEACH-03,教学楼,2026-07-18 20:00,24.97,1.8,4.66,6.5,10.4,32.7,61.8,1.2,TEACH-03_METER,正常
LIB-01,公共机构,2026-07-18 20:00,50.38,2.43,2.42,7.0,10.0,30.7,65.4,1.3,LIB-01_METER,正常
GYM-01,公共机构,2026-07-18 20:00,103.02,1.61,3.41,7.3,11.5,32.6,70.3,2.1,GYM-01_METER,正常
OFF-01,办公楼,2026-07-18 21:00,31.81,1.7,3.77,7.2,11.0,33.1,67.6,1.8,OFF-01_METER,正常
OFF-02,办公楼,2026-07-18 21:00,28.4,1.3,4.22,8.0,13.2,33.5,72.1,4.1,OFF-02_METER,正常
OFF-03,办公楼,2026-07-18 21:00,35.76,0.96,4.9,7.4,10.9,34.9,81.1,4.3,OFF-03_METER,正常
OFF-04,办公楼,2026-07-18 21:00,43.65,1.35,4.84,8.5,13.5,35.0,85.8,1.3,OFF-04_METER,正常
OFF-05,办公楼,2026-07-18 21:00,33.6,1.47,5.33,6.9,11.5,36.0,85.0,1.8,OFF-05_METER,正常
TEACH-01,教学楼,2026-07-18 21:00,18.54,2.07,4.19,7.5,12.4,32.1,72.0,0.5,TEACH-01_METER,正常
TEACH-02,教学楼,2026-07-18 21:00,24.26,2.28,4.29,5.8,10.0,32.1,67.4,1.2,TEACH-02_METER,正常
TEACH-03,教学楼,2026-07-18 21:00,18.83,2.29,5.73,7.0,11.5,33.8,81.6,1.6,TEACH-03_METER,正常
LIB-01,公共机构,2026-07-18 21:00,89.18,1.52,5.24,8.4,13.3,36.0,80.9,4.3,LIB-01_METER,正常
GYM-01,公共机构,2026-07-18 21:00,77.94,1.76,4.45,7.5,12.4,34.0,74.8,3.4,GYM-01_METER,正常
OFF-01,办公楼,2026-07-18 22:00,34.87,1.42,3.37,7.2,11.7,32.0,74.8,2.2,OFF-01_METER,正常
OFF-02,办公楼,2026-07-18 22:00,19.34,1.01,1.55,7.7,12.2,28.7,68.5,3.2,OFF-02_METER,正常
OFF-03,办公楼,2026-07-18 22:00,24.49,1.37,4.08,6.3,10.0,33.9,78.3,1.6,OFF-03_METER,正常
OFF-04,办公楼,2026-07-18 22:00,20.22,1.02,3.87,6.4,11.0,33.2,68.0,4.2,OFF-04_METER,正常
OFF-05,办公楼,2026-07-18 22:00,26.98,1.51,3.33,5.7,10.7,31.9,75.6,4.3,OFF-05_METER,正常
TEACH-01,教学楼,2026-07-18 22:00,26.77,2.08,5.56,5.6,10.4,33.3,73.7,1.3,TEACH-01_METER,正常
TEACH-02,教学楼,2026-07-18 22:00,16.93,1.92,3.68,6.5,12.1,30.9,69.4,1.0,TEACH-02_METER,正常
TEACH-03,教学楼,2026-07-18 22:00,22.21,1.86,4.63,8.0,12.1,32.6,75.6,1.0,TEACH-03_METER,正常
LIB-01,公共机构,2026-07-18 22:00,43.33,1.61,3.28,8.1,13.6,31.8,77.2,0.9,LIB-01_METER,正常
GYM-01,公共机构,2026-07-18 22:00,29.32,1.89,2.87,7.7,11.3,31.3,78.6,3.9,GYM-01_METER,正常
OFF-01,办公楼,2026-07-18 23:00,30.71,1.24,2.61,6.1,11.0,31.1,80.0,2.6,OFF-01_METER,正常
OFF-02,办公楼,2026-07-18 23:00,26.89,1.13,4.1,6.4,10.9,33.6,79.5,2.3,OFF-02_METER,正常
OFF-03,办公楼,2026-07-18 23:00,18.06,1.03,3.26,5.2,10.5,32.1,63.7,3.6,OFF-03_METER,正常
OFF-04,办公楼,2026-07-18 23:00,21.36,1.16,3.88,7.9,11.7,33.4,71.7,2.6,OFF-04_METER,正常
OFF-05,办公楼,2026-07-18 23:00,21.62,1.43,3.37,7.7,12.0,32.2,81.0,1.2,OFF-05_METER,正常
TEACH-01,教学楼,2026-07-18 23:00,28.73,2.17,4.39,7.0,12.1,32.2,73.8,0.2,TEACH-01_METER,正常
TEACH-02,教学楼,2026-07-18 23:00,21.5,2.51,6.53,6.7,10.8,34.8,80.6,1.7,TEACH-02_METER,正常
TEACH-03,教学楼,2026-07-18 23:00,19.26,2.08,4.82,6.2,10.7,32.8,76.3,1.6,TEACH-03_METER,正常
LIB-01,公共机构,2026-07-18 23:00,34.32,1.7,3.18,7.2,11.2,31.7,70.4,2.2,LIB-01_METER,正常
GYM-01,公共机构,2026-07-18 23:00,41.92,1.75,3.94,6.9,10.0,33.5,71.5,4.3,GYM-01_METER,正常
OFF-01,办公楼,2026-07-19 00:00,26.3,1.21,0.0,6.5,11.3,25.0,63.0,3.5,OFF-01_METER,正常
OFF-02,办公楼,2026-07-19 00:00,25.17,0.91,0.0,7.8,12.0,25.5,69.5,2.2,OFF-02_METER,正常
OFF-03,办公楼,2026-07-19 00:00,29.47,0.96,0.0,6.8,11.8,25.0,74.7,5.0,OFF-03_METER,正常
OFF-04,办公楼,2026-07-19 00:00,18.02,2.36,0.0,7.9,11.5,25.0,66.6,4.0,OFF-04_METER,正常
OFF-05,办公楼,2026-07-19 00:00,19.73,1.07,0.0,7.0,11.2,25.5,70.7,3.4,OFF-05_METER,正常
TEACH-01,教学楼,2026-07-19 00:00,12.78,2.12,0.0,7.9,12.7,25.0,67.5,0.6,TEACH-01_METER,正常
TEACH-02,教学楼,2026-07-19 00:00,14.28,2.06,0.0,5.0,10.0,25.0,70.1,0.7,TEACH-02_METER,正常
TEACH-03,教学楼,2026-07-19 00:00,18.53,2.1,0.0,7.1,11.2,25.0,70.4,0.6,TEACH-03_METER,正常
LIB-01,公共机构,2026-07-19 00:00,35.86,1.85,0.0,7.1,11.5,25.0,69.3,1.6,LIB-01_METER,正常
GYM-01,公共机构,2026-07-19 00:00,32.44,1.91,0.0,6.2,10.1,25.8,69.7,0.6,GYM-01_METER,正常
OFF-01,办公楼,2026-07-19 01:00,19.02,1.16,0.0,7.2,11.8,25.0,72.7,3.4,OFF-01_METER,正常
OFF-02,办公楼,2026-07-19 01:00,19.89,1.14,0.0,7.6,13.2,26.0,74.5,4.3,OFF-02_METER,正常
OFF-03,办公楼,2026-07-19 01:00,22.48,1.82,0.0,7.4,11.3,25.0,65.2,4.0,OFF-03_METER,正常
OFF-04,办公楼,2026-07-19 01:00,21.91,1.05,0.0,6.9,11.8,25.0,70.8,3.5,OFF-04_METER,正常
OFF-05,办公楼,2026-07-19 01:00,16.33,1.33,0.0,6.4,11.0,25.0,72.7,3.8,OFF-05_METER,正常
TEACH-01,教学楼,2026-07-19 01:00,26.9,2.88,0.0,6.8,11.0,25.2,69.2,0.1,TEACH-01_METER,正常
TEACH-02,教学楼,2026-07-19 01:00,12.05,2.51,0.0,7.6,12.2,25.0,61.4,1.7,TEACH-02_METER,正常
TEACH-03,教学楼,2026-07-19 01:00,22.94,2.26,0.0,6.6,11.1,25.0,64.8,1.8,TEACH-03_METER,正常
LIB-01,公共机构,2026-07-19 01:00,31.27,1.82,0.05,8.2,12.3,26.1,71.6,2.1,LIB-01_METER,正常
GYM-01,公共机构,2026-07-19 01:00,34.89,1.65,0.0,8.0,12.1,25.0,69.2,1.4,GYM-01_METER,正常
OFF-01,办公楼,2026-07-19 02:00,25.37,1.11,0.0,7.6,11.3,25.0,68.8,4.7,OFF-01_METER,正常
OFF-02,办公楼,2026-07-19 02:00,24.61,1.1,0.14,8.5,14.0,26.3,67.8,3.9,OFF-02_METER,正常
OFF-03,办公楼,2026-07-19 02:00,24.99,1.03,0.0,6.8,10.6,25.0,65.2,1.9,OFF-03_METER,正常
OFF-04,办公楼,2026-07-19 02:00,23.81,0.95,0.0,7.1,12.4,25.0,56.0,4.9,OFF-04_METER,正常
OFF-05,办公楼,2026-07-19 02:00,14.99,1.11,0.69,8.1,11.6,27.2,66.9,3.4,OFF-05_METER,正常
TEACH-01,教学楼,2026-07-19 02:00,22.55,2.64,0.2,8.5,13.3,26.3,72.6,0.3,TEACH-01_METER,正常
TEACH-02,教学楼,2026-07-19 02:00,10.59,1.89,0.69,6.8,12.2,26.9,66.7,1.9,TEACH-02_METER,正常
TEACH-03,教学楼,2026-07-19 02:00,12.22,1.85,0.0,7.8,12.2,25.0,72.1,1.1,TEACH-03_METER,正常
LIB-01,公共机构,2026-07-19 02:00,25.34,1.73,0.0,7.5,13.7,25.6,70.0,3.1,LIB-01_METER,正常
GYM-01,公共机构,2026-07-19 02:00,36.42,2.6,0.0,7.0,11.8,25.5,64.8,2.3,GYM-01_METER,正常
OFF-01,办公楼,2026-07-19 03:00,14.68,1.22,0.0,7.2,11.5,25.0,77.1,1.0,OFF-01_METER,正常
OFF-02,办公楼,2026-07-19 03:00,19.0,1.18,0.41,6.5,11.1,26.8,69.3,2.4,OFF-02_METER,正常
OFF-03,办公楼,2026-07-19 03:00,29.52,1.18,0.0,7.7,11.8,25.0,63.6,2.5,OFF-03_METER,正常
OFF-04,办公楼,2026-07-19 03:00,21.8,1.23,0.0,7.4,12.6,25.6,69.2,3.9,OFF-04_METER,正常
OFF-05,办公楼,2026-07-19 03:00,27.31,1.13,0.0,8.3,13.3,25.5,64.2,0.9,OFF-05_METER,正常
TEACH-01,教学楼,2026-07-19 03:00,20.32,1.87,0.0,9.1,13.3,25.3,65.8,1.6,TEACH-01_METER,正常
TEACH-02,教学楼,2026-07-19 03:00,20.99,1.82,0.83,7.0,11.3,27.1,69.5,1.3,TEACH-02_METER,正常
TEACH-03,教学楼,2026-07-19 03:00,20.78,1.82,0.0,6.1,10.2,25.6,70.3,0.8,TEACH-03_METER,正常
LIB-01,公共机构,2026-07-19 03:00,40.82,1.66,0.0,6.7,11.6,25.0,58.8,3.3,LIB-01_METER,正常
GYM-01,公共机构,2026-07-19 03:00,26.2,1.52,0.0,7.2,10.8,25.0,76.6,2.0,GYM-01_METER,正常
OFF-01,办公楼,2026-07-19 04:00,17.6,1.65,0.0,6.9,12.4,25.0,71.8,1.2,OFF-01_METER,正常
OFF-02,办公楼,2026-07-19 04:00,16.49,1.6,0.0,6.9,10.1,25.3,67.1,4.7,OFF-02_METER,正常
OFF-03,办公楼,2026-07-19 04:00,23.38,1.41,0.0,6.8,11.6,25.0,73.3,1.0,OFF-03_METER,正常
OFF-04,办公楼,2026-07-19 04:00,28.78,0.93,0.37,6.7,11.3,26.7,66.1,3.6,OFF-04_METER,正常
OFF-05,办公楼,2026-07-19 04:00,27.22,1.22,0.34,5.9,11.1,26.6,61.9,2.0,OFF-05_METER,正常
TEACH-01,教学楼,2026-07-19 04:00,16.4,2.03,0.51,5.9,11.2,26.7,65.2,1.3,TEACH-01_METER,正常
TEACH-02,教学楼,2026-07-19 04:00,20.52,1.88,1.17,6.3,11.8,27.6,81.3,1.5,TEACH-02_METER,正常
TEACH-03,教学楼,2026-07-19 04:00,11.91,2.04,0.0,6.0,10.8,25.7,72.0,0.6,TEACH-03_METER,正常
LIB-01,公共机构,2026-07-19 04:00,33.23,2.55,0.0,7.6,11.7,25.9,76.6,4.8,LIB-01_METER,正常
GYM-01,公共机构,2026-07-19 04:00,28.78,1.62,0.05,6.8,11.9,26.1,74.4,4.2,GYM-01_METER,正常
OFF-01,办公楼,2026-07-19 05:00,18.03,0.96,0.64,6.2,10.7,27.2,68.5,0.8,OFF-01_METER,正常
OFF-02,办公楼,2026-07-19 05:00,19.22,1.34,0.21,7.3,11.6,26.4,70.2,1.2,OFF-02_METER,正常
OFF-03,办公楼,2026-07-19 05:00,26.67,0.94,0.0,8.4,12.5,25.0,71.3,0.9,OFF-03_METER,正常
OFF-04,办公楼,2026-07-19 05:00,20.04,1.12,1.28,7.0,11.4,28.3,66.8,2.0,OFF-04_METER,正常
OFF-05,办公楼,2026-07-19 05:00,18.04,1.8,0.0,7.1,11.8,25.8,74.7,3.1,OFF-05_METER,正常
TEACH-01,教学楼,2026-07-19 05:00,21.25,2.37,1.64,9.0,13.6,28.2,65.7,2.0,TEACH-01_METER,正常
TEACH-02,教学楼,2026-07-19 05:00,15.21,1.8,1.06,6.5,11.5,27.5,52.4,0.2,TEACH-02_METER,正常
TEACH-03,教学楼,2026-07-19 05:00,12.28,1.89,0.11,6.1,10.5,26.2,67.2,1.4,TEACH-03_METER,正常
LIB-01,公共机构,2026-07-19 05:00,22.37,1.77,1.78,6.4,10.6,29.3,79.2,1.1,LIB-01_METER,正常
GYM-01,公共机构,2026-07-19 05:00,17.29,1.65,0.62,7.7,13.5,27.2,66.1,2.0,GYM-01_METER,正常
OFF-01,办公楼,2026-07-19 06:00,30.14,2.28,0.71,7.4,10.8,27.4,65.6,3.4,OFF-01_METER,正常
OFF-02,办公楼,2026-07-19 06:00,21.89,1.24,1.74,7.3,11.9,29.1,71.3,4.6,OFF-02_METER,正常
OFF-03,办公楼,2026-07-19 06:00,25.27,1.05,1.21,5.5,10.0,28.3,74.4,1.8,OFF-03_METER,正常
OFF-04,办公楼,2026-07-19 06:00,29.11,0.97,1.67,6.4,10.0,29.2,69.0,0.6,OFF-04_METER,正常
OFF-05,办公楼,2026-07-19 06:00,16.65,1.02,0.0,7.5,11.3,25.0,71.9,4.5,OFF-05_METER,异常
TEACH-01,教学楼,2026-07-19 06:00,13.41,1.83,0.0,6.5,10.0,26.0,66.8,1.7,TEACH-01_METER,正常
TEACH-02,教学楼,2026-07-19 06:00,19.06,1.81,1.18,6.5,10.5,27.6,63.1,1.9,TEACH-02_METER,正常
TEACH-03,教学楼,2026-07-19 06:00,14.54,1.89,2.62,6.7,10.7,29.5,67.5,1.5,TEACH-03_METER,正常
LIB-01,公共机构,2026-07-19 06:00,28.21,1.64,2.52,7.4,12.4,30.8,70.0,1.8,LIB-01_METER,正常
GYM-01,公共机构,2026-07-19 06:00,38.47,1.53,1.34,7.3,12.0,28.5,72.1,4.2,GYM-01_METER,正常
OFF-01,办公楼,2026-07-19 07:00,32.44,1.13,1.3,8.6,13.7,28.5,70.7,1.8,OFF-01_METER,正常
OFF-02,办公楼,2026-07-19 07:00,20.33,1.13,0.39,8.7,13.8,26.7,74.4,1.8,OFF-02_METER,正常
OFF-03,办公楼,2026-07-19 07:00,30.26,1.0,1.44,6.3,10.5,28.6,76.4,3.4,OFF-03_METER,正常
OFF-04,办公楼,2026-07-19 07:00,22.92,1.42,1.65,8.9,13.6,29.0,79.0,1.7,OFF-04_METER,正常
OFF-05,办公楼,2026-07-19 07:00,30.48,1.01,1.93,6.1,10.4,29.7,71.0,4.7,OFF-05_METER,正常
TEACH-01,教学楼,2026-07-19 07:00,16.4,2.34,2.24,6.0,10.2,29.2,71.0,0.9,TEACH-01_METER,正常
TEACH-02,教学楼,2026-07-19 07:00,15.18,2.58,1.54,6.0,11.1,28.0,69.6,0.5,TEACH-02_METER,正常
TEACH-03,教学楼,2026-07-19 07:00,16.4,3.04,2.99,8.3,12.0,30.3,69.2,1.1,TEACH-03_METER,正常
LIB-01,公共机构,2026-07-19 07:00,32.04,1.67,1.73,7.9,11.5,29.1,79.5,0.9,LIB-01_METER,正常
GYM-01,公共机构,2026-07-19 07:00,35.78,1.51,2.39,7.2,12.7,30.3,75.6,0.8,GYM-01_METER,正常
OFF-01,办公楼,2026-07-19 08:00,22.69,1.35,2.31,6.9,11.2,30.3,79.7,5.0,OFF-01_METER,正常
OFF-02,办公楼,2026-07-19 08:00,16.85,0.93,1.64,7.7,12.4,29.0,76.5,4.5,OFF-02_METER,正常
OFF-03,办公楼,2026-07-19 08:00,19.02,0.99,2.65,7.9,12.3,30.8,70.5,3.0,OFF-03_METER,正常
OFF-04,办公楼,2026-07-19 08:00,18.32,1.24,1.04,5.6,10.2,27.8,71.8,2.6,OFF-04_METER,正常
OFF-05,办公楼,2026-07-19 08:00,29.93,0.99,2.43,7.1,11.3,30.7,69.6,2.1,OFF-05_METER,正常
TEACH-01,教学楼,2026-07-19 08:00,10.02,2.05,0.88,7.3,12.5,27.2,68.6,1.4,TEACH-01_METER,正常
TEACH-02,教学楼,2026-07-19 08:00,14.4,1.85,3.31,5.9,10.0,30.9,69.8,0.5,TEACH-02_METER,正常
TEACH-03,教学楼,2026-07-19 08:00,12.64,2.02,1.56,7.1,12.3,28.3,66.1,1.2,TEACH-03_METER,正常
LIB-01,公共机构,2026-07-19 08:00,32.73,1.61,2.44,7.2,11.3,30.6,76.5,3.6,LIB-01_METER,正常
GYM-01,公共机构,2026-07-19 08:00,26.07,1.52,1.12,7.6,11.2,28.0,74.5,4.2,GYM-01_METER,正常
OFF-01,办公楼,2026-07-19 09:00,27.41,1.23,2.4,6.6,10.7,30.2,70.8,5.0,OFF-01_METER,正常
OFF-02,办公楼,2026-07-19 09:00,22.88,0.97,2.39,8.1,13.4,30.6,76.1,4.4,OFF-02_METER,正常
OFF-03,办公楼,2026-07-19 09:00,30.3,1.01,2.52,6.5,10.0,30.6,69.7,4.2,OFF-03_METER,正常
OFF-04,办公楼,2026-07-19 09:00,16.4,1.44,2.6,8.1,12.2,30.8,74.5,3.5,OFF-04_METER,正常
OFF-05,办公楼,2026-07-19 09:00,27.6,0.99,2.47,8.0,11.8,30.6,73.2,4.1,OFF-05_METER,正常
TEACH-01,教学楼,2026-07-19 09:00,11.98,1.89,2.99,8.0,12.9,30.3,81.0,1.4,TEACH-01_METER,正常
TEACH-02,教学楼,2026-07-19 09:00,25.48,2.0,2.29,7.7,12.5,29.0,64.3,1.8,TEACH-02_METER,正常
TEACH-03,教学楼,2026-07-19 09:00,29.94,2.0,5.08,7.0,11.9,32.7,74.5,1.6,TEACH-03_METER,正常
LIB-01,公共机构,2026-07-19 09:00,108.54,1.78,2.43,8.0,11.0,30.8,74.3,2.2,LIB-01_METER,正常
GYM-01,公共机构,2026-07-19 09:00,96.32,1.55,2.44,7.0,11.5,30.5,69.4,1.7,GYM-01_METER,正常
OFF-01,办公楼,2026-07-19 10:00,30.58,1.49,1.71,7.5,12.1,29.2,67.1,1.2,OFF-01_METER,正常
OFF-02,办公楼,2026-07-19 10:00,20.35,1.29,2.82,7.7,12.4,31.2,68.5,4.3,OFF-02_METER,正常
OFF-03,办公楼,2026-07-19 10:00,18.53,1.06,1.51,7.8,12.2,28.9,77.0,3.1,OFF-03_METER,正常
OFF-04,办公楼,2026-07-19 10:00,18.24,1.17,2.85,6.7,11.6,31.0,79.0,0.9,OFF-04_METER,正常
OFF-05,办公楼,2026-07-19 10:00,29.76,1.28,2.74,6.0,10.7,30.8,74.0,3.0,OFF-05_METER,正常
TEACH-01,教学楼,2026-07-19 10:00,12.25,2.13,4.52,7.5,11.7,32.2,71.5,1.0,TEACH-01_METER,正常
TEACH-02,教学楼,2026-07-19 10:00,26.5,2.1,2.62,6.7,11.5,29.6,80.7,0.7,TEACH-02_METER,正常
TEACH-03,教学楼,2026-07-19 10:00,25.92,2.01,4.58,6.3,10.6,32.6,89.9,0.6,TEACH-03_METER,正常
LIB-01,公共机构,2026-07-19 10:00,83.72,2.05,1.79,7.7,11.4,29.3,71.1,2.1,LIB-01_METER,正常
GYM-01,公共机构,2026-07-19 10:00,109.33,1.8,1.28,6.1,10.9,28.5,73.6,2.6,GYM-01_METER,正常
OFF-01,办公楼,2026-07-19 11:00,21.45,0.93,1.95,5.7,10.0,29.5,67.2,1.8,OFF-01_METER,正常
OFF-02,办公楼,2026-07-19 11:00,28.2,1.16,3.01,7.5,12.5,31.3,74.4,4.9,OFF-02_METER,正常
OFF-03,办公楼,2026-07-19 11:00,26.35,1.09,2.44,7.3,12.4,30.3,75.3,0.8,OFF-03_METER,正常
OFF-04,办公楼,2026-07-19 11:00,25.12,1.12,3.57,5.0,10.0,32.5,66.6,4.1,OFF-04_METER,正常
OFF-05,办公楼,2026-07-19 11:00,29.96,1.4,2.83,7.3,13.4,31.2,80.1,1.7,OFF-05_METER,正常
TEACH-01,教学楼,2026-07-19 11:00,27.91,2.02,2.8,6.4,10.1,30.1,75.8,1.6,TEACH-01_METER,正常
TEACH-02,教学楼,2026-07-19 11:00,24.63,1.81,6.34,7.2,11.1,34.8,78.1,0.9,TEACH-02_METER,正常
TEACH-03,教学楼,2026-07-19 11:00,12.99,2.36,6.14,7.6,11.8,34.4,89.5,0.7,TEACH-03_METER,正常
LIB-01,公共机构,2026-07-19 11:00,105.97,1.71,2.96,6.9,11.0,31.6,74.6,0.9,LIB-01_METER,正常
GYM-01,公共机构,2026-07-19 11:00,63.24,1.63,2.92,8.2,14.5,31.4,71.5,0.7,GYM-01_METER,正常
OFF-01,办公楼,2026-07-19 12:00,20.66,1.59,2.02,6.0,10.0,29.6,63.8,4.3,OFF-01_METER,正常
OFF-02,办公楼,2026-07-19 12:00,26.4,1.07,2.26,7.3,13.5,30.4,81.5,1.4,OFF-02_METER,正常
OFF-03,办公楼,2026-07-19 12:00,28.15,0.92,3.79,6.9,10.4,32.7,76.7,3.1,OFF-03_METER,正常
OFF-04,办公楼,2026-07-19 12:00,36.66,1.61,3.3,6.4,10.9,32.3,72.9,2.9,OFF-04_METER,正常
OFF-05,办公楼,2026-07-19 12:00,31.74,1.28,3.86,6.9,12.3,33.4,73.2,4.9,OFF-05_METER,正常
TEACH-01,教学楼,2026-07-19 12:00,18.43,1.81,4.38,7.7,13.1,31.8,72.9,1.1,TEACH-01_METER,正常
TEACH-02,教学楼,2026-07-19 12:00,29.1,2.15,4.29,6.3,11.7,31.7,83.1,1.1,TEACH-02_METER,正常
TEACH-03,教学楼,2026-07-19 12:00,19.69,1.85,3.67,7.3,11.0,31.2,70.6,1.8,TEACH-03_METER,正常
LIB-01,公共机构,2026-07-19 12:00,68.84,2.42,3.64,6.9,11.2,32.5,77.0,1.3,LIB-01_METER,正常
GYM-01,公共机构,2026-07-19 12:00,90.86,1.8,2.83,7.7,11.7,31.4,79.6,2.4,GYM-01_METER,正常
OFF-01,办公楼,2026-07-19 13:00,23.63,0.9,3.59,6.7,11.0,32.8,71.0,2.3,OFF-01_METER,正常
OFF-02,办公楼,2026-07-19 13:00,29.62,1.63,3.67,7.6,11.5,32.8,73.6,1.3,OFF-02_METER,正常
OFF-03,办公楼,2026-07-19 13:00,24.9,1.03,1.87,6.8,10.7,29.6,72.0,4.6,OFF-03_METER,正常
OFF-04,办公楼,2026-07-19 13:00,30.93,1.28,4.85,6.9,11.1,34.5,71.9,4.7,OFF-04_METER,正常
OFF-05,办公楼,2026-07-19 13:00,22.64,0.91,3.89,7.6,13.1,33.0,76.8,2.1,OFF-05_METER,正常
TEACH-01,教学楼,2026-07-19 13:00,13.7,2.09,3.16,6.7,10.0,30.5,75.3,2.0,TEACH-01_METER,正常
TEACH-02,教学楼,2026-07-19 13:00,18.94,2.16,4.43,6.1,11.0,32.3,63.4,0.9,TEACH-02_METER,正常
TEACH-03,教学楼,2026-07-19 13:00,21.9,1.97,5.22,5.5,10.0,33.3,80.3,1.6,TEACH-03_METER,正常
LIB-01,公共机构,2026-07-19 13:00,94.68,1.83,5.58,7.4,12.9,36.0,87.4,4.3,LIB-01_METER,正常
GYM-01,公共机构,2026-07-19 13:00,86.61,1.75,3.82,6.1,11.7,33.2,81.9,1.4,GYM-01_METER,正常
OFF-01,办公楼,2026-07-19 14:00,17.03,0.93,2.71,7.0,11.0,31.2,68.4,3.8,OFF-01_METER,正常
OFF-02,办公楼,2026-07-19 14:00,32.79,0.91,4.93,5.9,10.1,35.0,84.5,2.1,OFF-02_METER,正常
OFF-03,办公楼,2026-07-19 14:00,29.28,1.99,3.8,6.4,11.5,33.3,84.6,3.9,OFF-03_METER,正常
OFF-04,办公楼,2026-07-19 14:00,22.3,1.01,3.74,5.8,10.0,32.6,75.2,2.9,OFF-04_METER,正常
OFF-05,办公楼,2026-07-19 14:00,25.2,1.11,2.78,7.3,10.8,31.4,72.7,1.2,OFF-05_METER,正常
TEACH-01,教学楼,2026-07-19 14:00,19.94,2.49,7.21,5.5,10.5,36.0,77.4,1.4,TEACH-01_METER,正常
TEACH-02,教学楼,2026-07-19 14:00,28.05,2.14,4.45,6.0,10.6,32.2,82.2,1.0,TEACH-02_METER,正常
TEACH-03,教学楼,2026-07-19 14:00,22.84,2.02,5.81,5.9,10.0,34.2,74.1,0.3,TEACH-03_METER,正常
LIB-01,公共机构,2026-07-19 14:00,104.83,1.6,4.84,6.5,12.1,34.5,79.1,0.9,LIB-01_METER,正常
GYM-01,公共机构,2026-07-19 14:00,113.03,2.12,4.3,6.9,11.2,34.0,74.4,1.1,GYM-01_METER,正常
OFF-01,办公楼,2026-07-19 15:00,34.25,0.95,4.35,7.1,11.1,34.5,74.0,3.8,OFF-01_METER,正常
OFF-02,办公楼,2026-07-19 15:00,31.89,1.01,2.9,5.8,12.3,31.4,74.5,4.4,OFF-02_METER,正常
OFF-03,办公楼,2026-07-19 15:00,21.21,1.38,3.02,5.2,10.0,31.7,72.9,2.8,OFF-03_METER,正常
OFF-04,办公楼,2026-07-19 15:00,32.54,1.05,5.39,7.0,11.3,35.5,74.8,2.2,OFF-04_METER,正常
OFF-05,办公楼,2026-07-19 15:00,27.34,1.16,2.85,6.2,11.2,31.2,71.2,5.0,OFF-05_METER,正常
TEACH-01,教学楼,2026-07-19 15:00,29.66,2.12,6.58,6.6,11.1,35.2,78.4,1.0,TEACH-01_METER,正常
TEACH-02,教学楼,2026-07-19 15:00,31.74,1.96,5.35,7.5,11.3,33.3,69.0,0.3,TEACH-02_METER,正常
TEACH-03,教学楼,2026-07-19 15:00,32.07,2.36,6.37,5.7,10.0,34.7,78.9,1.7,TEACH-03_METER,正常
LIB-01,公共机构,2026-07-19 15:00,70.24,1.61,5.11,6.4,10.7,35.4,84.0,2.0,LIB-01_METER,正常
GYM-01,公共机构,2026-07-19 15:00,66.63,1.72,4.8,6.4,11.1,35.2,86.5,2.5,GYM-01_METER,正常
OFF-01,办公楼,2026-07-19 16:00,26.05,1.04,5.57,7.4,11.4,36.0,72.4,2.1,OFF-01_METER,正常
OFF-02,办公楼,2026-07-19 16:00,21.3,1.05,4.69,6.8,10.4,34.4,87.7,1.2,OFF-02_METER,正常
OFF-03,办公楼,2026-07-19 16:00,34.55,1.63,3.96,6.2,11.0,33.3,79.0,3.6,OFF-03_METER,正常
OFF-04,办公楼,2026-07-19 16:00,18.27,1.11,4.88,6.3,11.1,35.3,79.0,0.7,OFF-04_METER,正常
OFF-05,办公楼,2026-07-19 16:00,32.64,1.96,4.77,6.9,11.3,34.5,71.7,3.2,OFF-05_METER,正常
TEACH-01,教学楼,2026-07-19 16:00,18.73,1.94,6.26,7.3,11.6,34.7,85.7,0.8,TEACH-01_METER,正常
TEACH-02,教学楼,2026-07-19 16:00,22.3,1.97,6.87,5.6,10.0,35.2,77.0,0.3,TEACH-02_METER,正常
TEACH-03,教学楼,2026-07-19 16:00,19.74,1.95,4.32,6.4,11.0,32.0,80.7,0.1,TEACH-03_METER,正常
LIB-01,公共机构,2026-07-19 16:00,76.0,1.74,4.87,7.3,12.2,34.8,86.2,0.5,LIB-01_METER,正常
GYM-01,公共机构,2026-07-19 16:00,71.6,1.84,4.25,6.7,12.5,33.7,76.2,2.4,GYM-01_METER,正常
OFF-01,办公楼,2026-07-19 17:00,31.87,1.13,4.51,6.7,12.4,34.8,86.8,4.2,OFF-01_METER,正常
OFF-02,办公楼,2026-07-19 17:00,29.65,0.93,4.61,5.6,10.4,34.5,78.1,2.7,OFF-02_METER,正常
OFF-03,办公楼,2026-07-19 17:00,29.07,1.15,5.16,8.1,12.4,36.0,84.2,2.5,OFF-03_METER,正常
OFF-04,办公楼,2026-07-19 17:00,24.51,0.91,2.99,6.6,10.5,31.7,75.3,1.2,OFF-04_METER,正常
OFF-05,办公楼,2026-07-19 17:00,35.42,1.14,3.86,7.2,11.7,33.2,75.4,1.0,OFF-05_METER,正常
TEACH-01,教学楼,2026-07-19 17:00,24.3,2.12,5.13,6.1,11.6,33.2,81.3,0.1,TEACH-01_METER,正常
TEACH-02,教学楼,2026-07-19 17:00,30.48,2.07,4.14,7.3,11.8,31.9,75.3,1.4,TEACH-02_METER,正常
TEACH-03,教学楼,2026-07-19 17:00,23.16,1.97,5.42,5.3,10.0,33.8,75.0,1.7,TEACH-03_METER,正常
LIB-01,公共机构,2026-07-19 17:00,74.04,2.12,3.95,7.7,11.7,33.7,79.7,0.5,LIB-01_METER,正常
GYM-01,公共机构,2026-07-19 17:00,93.18,3.08,4.89,7.1,11.7,34.9,77.2,2.6,GYM-01_METER,正常
OFF-01,办公楼,2026-07-19 18:00,35.15,1.19,5.6,7.5,12.2,36.0,80.2,3.8,OFF-01_METER,正常
OFF-02,办公楼,2026-07-19 18:00,31.38,1.09,3.98,7.7,11.4,33.4,74.0,1.3,OFF-02_METER,正常
OFF-03,办公楼,2026-07-19 18:00,22.25,2.13,4.24,6.0,10.7,33.4,78.5,2.4,OFF-03_METER,正常
OFF-04,办公楼,2026-07-19 18:00,33.1,1.17,4.88,6.8,11.4,34.6,79.9,1.2,OFF-04_METER,正常
OFF-05,办公楼,2026-07-19 18:00,38.22,0.91,3.95,6.5,11.3,33.5,79.5,3.6,OFF-05_METER,正常
TEACH-01,教学楼,2026-07-19 18:00,19.07,1.82,5.95,7.8,12.7,34.7,75.3,0.8,TEACH-01_METER,正常
TEACH-02,教学楼,2026-07-19 18:00,23.02,1.97,5.87,6.2,10.9,34.0,78.7,0.4,TEACH-02_METER,正常
TEACH-03,教学楼,2026-07-19 18:00,24.11,2.52,5.92,6.8,11.6,34.3,82.3,1.5,TEACH-03_METER,正常
LIB-01,公共机构,2026-07-19 18:00,72.78,2.0,4.2,7.1,12.5,33.8,70.2,2.4,LIB-01_METER,正常
GYM-01,公共机构,2026-07-19 18:00,104.39,2.22,3.78,7.1,10.2,32.9,74.7,0.9,GYM-01_METER,正常
OFF-01,办公楼,2026-07-19 19:00,34.02,0.95,3.96,7.2,11.7,33.4,79.4,0.8,OFF-01_METER,正常
OFF-02,办公楼,2026-07-19 19:00,30.22,1.24,5.15,7.2,12.7,36.0,77.5,3.0,OFF-02_METER,正常
OFF-03,办公楼,2026-07-19 19:00,24.2,1.15,4.43,7.1,11.3,34.7,72.2,3.6,OFF-03_METER,正常
OFF-04,办公楼,2026-07-19 19:00,38.45,0.9,3.67,6.9,11.6,32.6,78.1,1.7,OFF-04_METER,正常
OFF-05,办公楼,2026-07-19 19:00,22.13,1.18,4.5,5.9,10.7,34.3,74.7,4.1,OFF-05_METER,正常
TEACH-01,教学楼,2026-07-19 19:00,21.21,2.09,4.4,6.4,10.6,32.2,72.5,0.6,TEACH-01_METER,正常
TEACH-02,教学楼,2026-07-19 19:00,31.19,2.34,7.2,7.3,11.2,35.5,75.3,0.5,TEACH-02_METER,正常
TEACH-03,教学楼,2026-07-19 19:00,29.47,3.34,4.54,7.1,11.2,32.0,76.9,0.5,TEACH-03_METER,正常
LIB-01,公共机构,2026-07-19 19:00,83.68,1.7,4.9,7.8,12.2,34.9,80.2,4.9,LIB-01_METER,正常
GYM-01,公共机构,2026-07-19 19:00,109.89,1.62,5.23,5.6,10.2,36.0,76.2,4.2,GYM-01_METER,正常
OFF-01,办公楼,2026-07-19 20:00,34.69,1.11,4.01,8.6,13.7,33.8,73.0,1.3,OFF-01_METER,正常
OFF-02,办公楼,2026-07-19 20:00,37.05,2.25,3.48,7.0,11.3,32.5,70.3,4.6,OFF-02_METER,正常
OFF-03,办公楼,2026-07-19 20:00,23.47,1.34,4.9,7.4,11.7,35.0,86.7,1.9,OFF-03_METER,正常
OFF-04,办公楼,2026-07-19 20:00,34.61,0.97,4.02,6.1,11.3,33.4,78.8,4.1,OFF-04_METER,正常
OFF-05,办公楼,2026-07-19 20:00,28.3,1.39,3.38,7.9,12.1,32.2,69.5,0.7,OFF-05_METER,正常
TEACH-01,教学楼,2026-07-19 20:00,23.59,2.38,6.38,7.1,11.6,34.8,79.7,0.2,TEACH-01_METER,正常
TEACH-02,教学楼,2026-07-19 20:00,30.66,2.45,6.5,7.5,11.4,34.6,77.6,0.2,TEACH-02_METER,正常
TEACH-03,教学楼,2026-07-19 20:00,23.28,1.83,6.1,7.5,12.1,34.1,68.2,1.0,TEACH-03_METER,正常
LIB-01,公共机构,2026-07-19 20:00,109.69,1.74,4.5,6.9,12.2,34.0,79.9,3.7,LIB-01_METER,正常
GYM-01,公共机构,2026-07-19 20:00,58.36,1.67,2.82,6.0,10.2,31.2,71.9,3.0,GYM-01_METER,正常
OFF-01,办公楼,2026-07-19 21:00,34.45,1.04,4.93,7.1,11.5,35.0,73.2,0.7,OFF-01_METER,正常
OFF-02,办公楼,2026-07-19 21:00,27.79,1.44,3.85,7.4,11.0,33.5,71.1,4.2,OFF-02_METER,正常
OFF-03,办公楼,2026-07-19 21:00,26.63,0.99,4.12,5.5,10.3,33.5,74.4,1.3,OFF-03_METER,正常
OFF-04,办公楼,2026-07-19 21:00,26.48,1.68,3.14,6.9,11.8,31.6,88.5,3.0,OFF-04_METER,正常
OFF-05,办公楼,2026-07-19 21:00,22.4,1.07,4.72,5.2,10.3,34.3,75.1,0.5,OFF-05_METER,正常
TEACH-01,教学楼,2026-07-19 21:00,25.59,2.05,4.13,6.0,10.2,32.0,77.6,1.3,TEACH-01_METER,正常
TEACH-02,教学楼,2026-07-19 21:00,12.19,2.0,5.32,6.0,10.2,33.4,79.0,0.5,TEACH-02_METER,正常
TEACH-03,教学楼,2026-07-19 21:00,15.78,2.46,6.44,7.0,11.9,34.8,70.1,1.3,TEACH-03_METER,正常
LIB-01,公共机构,2026-07-19 21:00,79.01,1.9,4.27,7.0,12.8,33.9,77.7,0.8,LIB-01_METER,正常
GYM-01,公共机构,2026-07-19 21:00,90.14,1.84,4.13,8.4,13.1,33.9,67.2,2.5,GYM-01_METER,正常
OFF-01,办公楼,2026-07-19 22:00,19.22,1.98,5.48,5.7,10.9,35.9,81.8,4.6,OFF-01_METER,正常
OFF-02,办公楼,2026-07-19 22:00,21.31,1.53,4.65,7.6,11.6,34.3,77.0,3.3,OFF-02_METER,正常
OFF-03,办公楼,2026-07-19 22:00,20.84,0.99,4.75,6.8,11.5,34.4,79.1,2.8,OFF-03_METER,正常
OFF-04,办公楼,2026-07-19 22:00,18.28,1.09,3.84,7.4,10.8,33.0,76.8,1.8,OFF-04_METER,正常
OFF-05,办公楼,2026-07-19 22:00,29.59,1.53,4.11,7.6,12.0,33.7,73.6,4.9,OFF-05_METER,正常
TEACH-01,教学楼,2026-07-19 22:00,20.53,2.04,5.85,6.4,11.7,33.8,76.1,0.8,TEACH-01_METER,正常
TEACH-02,教学楼,2026-07-19 22:00,14.44,2.53,5.01,6.0,10.0,33.1,72.9,1.5,TEACH-02_METER,正常
TEACH-03,教学楼,2026-07-19 22:00,27.39,2.21,6.45,5.9,10.2,35.2,71.7,0.0,TEACH-03_METER,正常
LIB-01,公共机构,2026-07-19 22:00,40.16,1.73,3.11,6.9,10.6,31.6,73.8,4.2,LIB-01_METER,正常
GYM-01,公共机构,2026-07-19 22:00,35.97,1.51,4.33,5.7,10.1,33.8,87.9,2.9,GYM-01_METER,正常
OFF-01,办公楼,2026-07-19 23:00,19.18,1.41,3.58,6.4,10.1,33.0,76.1,4.0,OFF-01_METER,正常
OFF-02,办公楼,2026-07-19 23:00,23.28,1.03,3.59,7.0,10.7,32.6,72.2,3.2,OFF-02_METER,正常
OFF-03,办公楼,2026-07-19 23:00,17.47,0.95,1.43,6.5,11.5,28.7,71.3,1.1,OFF-03_METER,正常
OFF-04,办公楼,2026-07-19 23:00,21.56,0.97,3.12,5.7,10.0,31.7,82.7,4.4,OFF-04_METER,正常
OFF-05,办公楼,2026-07-19 23:00,29.2,1.1,2.92,5.9,10.0,31.2,74.2,3.2,OFF-05_METER,正常
TEACH-01,教学楼,2026-07-19 23:00,27.27,1.91,6.12,5.3,10.0,34.6,85.9,1.0,TEACH-01_METER,正常
TEACH-02,教学楼,2026-07-19 23:00,16.57,1.81,6.04,7.1,11.1,34.7,75.0,1.7,TEACH-02_METER,正常
TEACH-03,教学楼,2026-07-19 23:00,15.55,1.87,3.48,5.1,10.0,31.0,75.4,0.8,TEACH-03_METER,正常
LIB-01,公共机构,2026-07-19 23:00,20.8,1.52,3.56,7.6,12.6,32.7,73.3,4.8,LIB-01_METER,正常
GYM-01,公共机构,2026-07-19 23:00,39.56,1.58,4.53,6.7,11.9,34.5,76.0,1.1,GYM-01_METER,正常
OFF-01,办公楼,2026-07-20 00:00,22.53,1.19,0.0,5.5,10.0,25.0,69.4,3.4,OFF-01_METER,正常
OFF-02,办公楼,2026-07-20 00:00,19.89,0.95,0.0,6.9,11.4,25.6,73.7,4.8,OFF-02_METER,正常
OFF-03,办公楼,2026-07-20 00:00,19.02,1.73,0.0,5.7,11.1,25.0,64.9,4.0,OFF-03_METER,正常
OFF-04,办公楼,2026-07-20 00:00,20.24,1.52,0.0,7.0,11.8,25.0,71.3,3.8,OFF-04_METER,正常
OFF-05,办公楼,2026-07-20 00:00,21.1,1.08,0.0,7.4,12.4,25.0,59.0,1.2,OFF-05_METER,正常
TEACH-01,教学楼,2026-07-20 00:00,22.94,2.49,0.0,8.2,12.8,25.0,73.1,0.3,TEACH-01_METER,异常
TEACH-02,教学楼,2026-07-20 00:00,22.44,2.0,0.0,7.7,12.8,25.0,64.7,1.2,TEACH-02_METER,正常
TEACH-03,教学楼,2026-07-20 00:00,15.13,1.89,0.0,6.9,11.2,25.0,71.8,1.4,TEACH-03_METER,正常
LIB-01,公共机构,2026-07-20 00:00,36.83,2.36,0.0,6.2,10.8,25.0,64.4,1.0,LIB-01_METER,正常
GYM-01,公共机构,2026-07-20 00:00,37.91,1.77,0.0,6.0,11.0,25.0,60.4,3.1,GYM-01_METER,正常
OFF-01,办公楼,2026-07-20 01:00,22.73,0.97,0.59,8.3,13.1,27.2,75.5,4.2,OFF-01_METER,正常
OFF-02,办公楼,2026-07-20 01:00,15.27,1.72,0.0,6.5,10.6,25.1,79.2,1.7,OFF-02_METER,正常
OFF-03,办公楼,2026-07-20 01:00,21.28,1.87,0.3,7.0,12.3,26.6,69.1,1.5,OFF-03_METER,正常
OFF-04,办公楼,2026-07-20 01:00,27.0,1.28,0.0,7.7,12.7,26.0,67.8,4.6,OFF-04_METER,正常
OFF-05,办公楼,2026-07-20 01:00,32.11,1.19,0.0,6.0,10.6,25.0,65.9,1.3,OFF-05_METER,正常
TEACH-01,教学楼,2026-07-20 01:00,23.86,2.52,0.0,7.1,11.5,25.3,60.8,1.8,TEACH-01_METER,正常
TEACH-02,教学楼,2026-07-20 01:00,16.97,2.82,0.0,6.5,10.0,25.5,64.9,1.9,TEACH-02_METER,正常
TEACH-03,教学楼,2026-07-20 01:00,13.36,2.18,0.0,7.0,11.6,25.0,69.2,0.5,TEACH-03_METER,正常
LIB-01,公共机构,2026-07-20 01:00,39.75,1.56,0.69,7.7,12.5,27.2,81.3,3.7,LIB-01_METER,正常
GYM-01,公共机构,2026-07-20 01:00,24.65,1.7,0.0,6.6,11.2,25.2,69.1,2.7,GYM-01_METER,正常
OFF-01,办公楼,2026-07-20 02:00,20.74,1.41,0.0,6.3,10.0,25.1,60.5,2.3,OFF-01_METER,正常
OFF-02,办公楼,2026-07-20 02:00,21.91,0.91,0.0,7.3,12.0,25.0,62.2,2.8,OFF-02_METER,正常
OFF-03,办公楼,2026-07-20 02:00,18.42,1.3,0.0,7.5,13.0,25.0,58.5,1.2,OFF-03_METER,正常
OFF-04,办公楼,2026-07-20 02:00,22.72,1.29,0.61,8.3,12.7,27.1,69.1,3.2,OFF-04_METER,正常
OFF-05,办公楼,2026-07-20 02:00,27.3,1.29,0.45,6.5,11.2,26.9,74.1,2.0,OFF-05_METER,正常
TEACH-01,教学楼,2026-07-20 02:00,14.62,1.82,0.0,7.0,11.5,26.0,66.3,0.5,TEACH-01_METER,正常
TEACH-02,教学楼,2026-07-20 02:00,15.14,1.94,0.0,7.4,12.0,25.0,66.1,1.2,TEACH-02_METER,正常
TEACH-03,教学楼,2026-07-20 02:00,24.52,2.12,0.0,8.1,12.9,25.0,66.0,0.5,TEACH-03_METER,正常
LIB-01,公共机构,2026-07-20 02:00,29.56,1.55,0.0,8.3,12.0,25.3,68.2,2.8,LIB-01_METER,正常
GYM-01,公共机构,2026-07-20 02:00,32.11,1.73,0.0,7.0,11.9,25.0,60.6,0.9,GYM-01_METER,正常
OFF-01,办公楼,2026-07-20 03:00,8.21,0.93,0.0,7.9,11.8,25.0,67.1,1.7,OFF-01_METER,正常
OFF-02,办公楼,2026-07-20 03:00,16.32,0.91,0.0,8.8,12.2,25.0,70.5,2.7,OFF-02_METER,正常
OFF-03,办公楼,2026-07-20 03:00,20.92,0.99,0.0,6.8,11.6,25.7,63.3,2.3,OFF-03_METER,正常
OFF-04,办公楼,2026-07-20 03:00,21.27,1.39,0.0,6.6,10.4,25.0,61.2,0.8,OFF-04_METER,正常
OFF-05,办公楼,2026-07-20 03:00,28.2,1.09,0.62,6.8,12.2,27.2,73.8,3.8,OFF-05_METER,正常
TEACH-01,教学楼,2026-07-20 03:00,21.13,1.92,0.02,7.7,12.9,26.0,67.6,1.3,TEACH-01_METER,正常
TEACH-02,教学楼,2026-07-20 03:00,16.03,1.83,0.0,6.2,10.7,25.0,58.4,0.7,TEACH-02_METER,正常
TEACH-03,教学楼,2026-07-20 03:00,11.89,2.34,1.41,7.6,11.4,28.1,71.7,1.9,TEACH-03_METER,正常
LIB-01,公共机构,2026-07-20 03:00,28.24,2.2,0.75,7.3,11.2,27.4,72.6,4.3,LIB-01_METER,正常
GYM-01,公共机构,2026-07-20 03:00,27.08,1.54,0.0,8.2,12.8,25.0,69.4,3.0,GYM-01_METER,正常
OFF-01,办公楼,2026-07-20 04:00,26.91,0.91,0.5,6.9,10.8,26.9,66.2,2.3,OFF-01_METER,正常
OFF-02,办公楼,2026-07-20 04:00,30.68,1.04,0.0,6.0,11.4,25.2,65.6,4.8,OFF-02_METER,正常
OFF-03,办公楼,2026-07-20 04:00,26.98,1.6,0.0,7.0,12.4,25.0,64.4,2.8,OFF-03_METER,正常
OFF-04,办公楼,2026-07-20 04:00,26.85,1.62,0.0,7.3,12.2,25.1,58.3,4.6,OFF-04_METER,正常
OFF-05,办公楼,2026-07-20 04:00,14.67,1.9,0.24,7.6,11.5,26.5,59.5,2.5,OFF-05_METER,正常
TEACH-01,教学楼,2026-07-20 04:00,19.16,1.81,0.0,8.2,12.4,25.1,63.4,1.0,TEACH-01_METER,正常
TEACH-02,教学楼,2026-07-20 04:00,18.8,2.02,0.0,5.6,10.0,25.3,67.9,0.2,TEACH-02_METER,异常
TEACH-03,教学楼,2026-07-20 04:00,14.65,1.91,1.02,6.5,11.4,27.4,75.6,0.5,TEACH-03_METER,正常
LIB-01,公共机构,2026-07-20 04:00,42.55,1.53,1.52,7.0,10.2,28.9,73.6,0.6,LIB-01_METER,正常
GYM-01,公共机构,2026-07-20 04:00,36.35,1.73,0.0,8.0,11.8,25.0,70.8,3.9,GYM-01_METER,正常
OFF-01,办公楼,2026-07-20 05:00,16.36,1.74,0.0,6.0,10.0,26.0,64.7,3.5,OFF-01_METER,正常
OFF-02,办公楼,2026-07-20 05:00,20.12,1.03,1.09,7.7,11.9,28.0,67.7,2.8,OFF-02_METER,正常
OFF-03,办公楼,2026-07-20 05:00,20.73,0.98,0.0,6.6,11.4,25.0,65.8,3.4,OFF-03_METER,正常
OFF-04,办公楼,2026-07-20 05:00,21.17,1.09,0.0,7.4,11.6,25.7,65.9,1.7,OFF-04_METER,正常
OFF-05,办公楼,2026-07-20 05:00,27.9,1.05,1.23,5.0,11.3,28.4,65.1,4.4,OFF-05_METER,正常
TEACH-01,教学楼,2026-07-20 05:00,20.35,2.06,0.25,6.6,12.1,26.3,67.2,0.1,TEACH-01_METER,正常
TEACH-02,教学楼,2026-07-20 05:00,17.52,2.15,2.48,8.1,13.1,29.4,69.7,1.6,TEACH-02_METER,正常
TEACH-03,教学楼,2026-07-20 05:00,13.66,1.83,1.61,5.6,10.0,28.3,79.1,0.4,TEACH-03_METER,正常
LIB-01,公共机构,2026-07-20 05:00,37.43,1.54,1.52,7.1,12.5,28.9,77.4,2.8,LIB-01_METER,正常
GYM-01,公共机构,2026-07-20 05:00,20.03,1.52,1.23,6.5,10.5,28.2,68.9,4.4,GYM-01_METER,正常
OFF-01,办公楼,2026-07-20 06:00,25.89,1.2,1.57,7.1,11.2,28.9,74.6,0.6,OFF-01_METER,正常
OFF-02,办公楼,2026-07-20 06:00,30.94,0.95,1.5,7.0,10.9,28.9,73.8,1.5,OFF-02_METER,正常
OFF-03,办公楼,2026-07-20 06:00,17.64,1.19,1.21,7.4,14.0,28.4,64.3,1.8,OFF-03_METER,正常
OFF-04,办公楼,2026-07-20 06:00,22.26,1.27,1.52,7.4,12.1,28.7,66.2,1.8,OFF-04_METER,正常
OFF-05,办公楼,2026-07-20 06:00,20.84,1.02,0.96,7.8,12.0,27.7,72.7,3.3,OFF-05_METER,正常
TEACH-01,教学楼,2026-07-20 06:00,19.96,2.41,0.96,7.1,11.6,27.3,74.3,2.0,TEACH-01_METER,正常
TEACH-02,教学楼,2026-07-20 06:00,22.71,2.25,0.4,7.0,11.1,26.6,55.0,1.4,TEACH-02_METER,正常
TEACH-03,教学楼,2026-07-20 06:00,18.02,2.27,1.38,8.1,12.3,27.9,64.5,0.4,TEACH-03_METER,正常
LIB-01,公共机构,2026-07-20 06:00,22.81,1.63,1.66,6.6,11.3,29.2,73.0,1.1,LIB-01_METER,正常
GYM-01,公共机构,2026-07-20 06:00,32.94,1.7,1.48,7.5,11.1,28.6,67.0,3.9,GYM-01_METER,正常
OFF-01,办公楼,2026-07-20 07:00,35.62,1.3,1.2,5.7,10.0,28.2,62.8,2.3,OFF-01_METER,正常
OFF-02,办公楼,2026-07-20 07:00,21.2,1.35,2.21,6.4,11.7,30.1,83.6,1.3,OFF-02_METER,正常
OFF-03,办公楼,2026-07-20 07:00,18.96,2.0,1.66,6.9,11.7,29.2,62.0,2.2,OFF-03_METER,正常
OFF-04,办公楼,2026-07-20 07:00,32.38,1.17,0.6,6.2,10.4,27.2,69.1,4.2,OFF-04_METER,正常
OFF-05,办公楼,2026-07-20 07:00,15.49,0.96,1.24,7.6,12.1,28.2,71.1,0.9,OFF-05_METER,正常
TEACH-01,教学楼,2026-07-20 07:00,14.76,1.88,2.85,6.0,11.1,30.2,75.7,1.6,TEACH-01_METER,正常
TEACH-02,教学楼,2026-07-20 07:00,18.26,2.15,1.0,6.2,10.8,27.4,85.2,0.8,TEACH-02_METER,正常
TEACH-03,教学楼,2026-07-20 07:00,19.23,1.85,0.0,7.4,11.7,25.4,74.6,0.1,TEACH-03_METER,正常
LIB-01,公共机构,2026-07-20 07:00,24.19,1.64,0.59,5.9,11.5,27.1,71.1,5.0,LIB-01_METER,正常
GYM-01,公共机构,2026-07-20 07:00,37.49,1.86,0.98,6.9,11.7,27.9,73.2,3.9,GYM-01_METER,正常
OFF-01,办公楼,2026-07-20 08:00,83.1,3.05,2.49,7.7,12.8,30.7,69.5,19.8,OFF-01_METER,正常
OFF-02,办公楼,2026-07-20 08:00,103.54,2.93,1.79,6.4,11.8,29.4,74.1,21.6,OFF-02_METER,正常
OFF-03,办公楼,2026-07-20 08:00,76.67,2.81,1.73,7.6,11.2,29.3,82.3,24.2,OFF-03_METER,正常
OFF-04,办公楼,2026-07-20 08:00,74.44,3.22,4.0,7.8,13.1,33.1,73.0,20.6,OFF-04_METER,正常
OFF-05,办公楼,2026-07-20 08:00,71.82,2.81,0.95,7.4,11.7,27.8,72.3,18.1,OFF-05_METER,正常
TEACH-01,教学楼,2026-07-20 08:00,120.56,5.58,3.2,7.1,11.5,30.4,68.4,30.6,TEACH-01_METER,正常
TEACH-02,教学楼,2026-07-20 08:00,84.25,5.68,3.36,6.5,10.6,30.4,70.5,35.2,TEACH-02_METER,正常
TEACH-03,教学楼,2026-07-20 08:00,90.52,6.24,2.14,7.4,13.1,29.1,70.6,38.0,TEACH-03_METER,正常
LIB-01,公共机构,2026-07-20 08:00,20.18,4.67,2.47,6.5,11.3,30.4,78.4,15.4,LIB-01_METER,正常
GYM-01,公共机构,2026-07-20 08:00,21.71,4.67,1.72,7.6,11.7,29.1,66.3,17.1,GYM-01_METER,正常
OFF-01,办公楼,2026-07-20 09:00,87.36,2.71,1.94,5.0,10.0,28.8,69.5,16.6,OFF-01_METER,正常
OFF-02,办公楼,2026-07-20 09:00,80.43,3.53,1.62,7.2,12.0,28.4,75.4,22.3,OFF-02_METER,正常
OFF-03,办公楼,2026-07-20 09:00,91.59,3.62,3.64,10.0,15.0,31.1,77.3,23.8,OFF-03_METER,正常
OFF-04,办公楼,2026-07-20 09:00,84.54,2.82,2.79,7.3,12.6,30.2,74.6,23.8,OFF-04_METER,正常
OFF-05,办公楼,2026-07-20 09:00,71.18,3.47,3.19,7.6,12.5,30.5,73.2,21.5,OFF-05_METER,正常
TEACH-01,教学楼,2026-07-20 09:00,112.03,5.61,2.9,7.6,10.7,29.0,84.1,39.9,TEACH-01_METER,正常
TEACH-02,教学楼,2026-07-20 09:00,105.37,5.57,1.52,6.5,11.0,27.6,75.7,31.1,TEACH-02_METER,正常
TEACH-03,教学楼,2026-07-20 09:00,135.44,6.19,7.85,6.7,11.4,34.3,66.4,25.3,TEACH-03_METER,正常
LIB-01,公共机构,2026-07-20 09:00,103.33,4.69,3.67,5.8,11.2,31.5,73.9,18.1,LIB-01_METER,正常
GYM-01,公共机构,2026-07-20 09:00,53.89,4.62,4.88,6.9,11.2,33.1,78.5,13.7,GYM-01_METER,正常
OFF-01,办公楼,2026-07-20 10:00,70.95,2.85,4.21,6.7,11.1,32.0,72.5,18.1,OFF-01_METER,正常
OFF-02,办公楼,2026-07-20 10:00,82.83,2.94,2.56,7.0,10.9,29.8,70.8,22.1,OFF-02_METER,正常
OFF-03,办公楼,2026-07-20 10:00,81.73,3.07,4.52,6.4,10.7,32.1,70.1,21.5,OFF-03_METER,正常
OFF-04,办公楼,2026-07-20 10:00,60.51,2.99,2.12,6.3,12.1,28.9,67.6,18.9,OFF-04_METER,正常
OFF-05,办公楼,2026-07-20 10:00,79.41,3.01,3.75,8.3,13.9,31.4,75.3,22.5,OFF-05_METER,正常
TEACH-01,教学楼,2026-07-20 10:00,84.83,5.79,1.86,6.5,12.5,28.1,76.5,30.4,TEACH-01_METER,正常
TEACH-02,教学楼,2026-07-20 10:00,115.6,5.72,6.2,7.0,10.6,32.6,71.4,32.0,TEACH-02_METER,正常
TEACH-03,教学楼,2026-07-20 10:00,129.93,5.43,4.38,6.6,10.9,30.5,72.5,38.1,TEACH-03_METER,正常
LIB-01,公共机构,2026-07-20 10:00,86.94,4.5,3.36,7.0,11.3,30.9,66.6,15.4,LIB-01_METER,正常
GYM-01,公共机构,2026-07-20 10:00,74.88,4.85,2.5,5.7,10.7,29.7,62.9,14.5,GYM-01_METER,正常
OFF-01,办公楼,2026-07-20 11:00,87.13,2.76,3.6,8.0,13.5,31.2,75.1,16.7,OFF-01_METER,正常
OFF-02,办公楼,2026-07-20 11:00,74.92,2.76,3.85,7.5,11.6,31.3,65.8,20.7,OFF-02_METER,正常
OFF-03,办公楼,2026-07-20 11:00,75.42,2.98,5.77,7.4,12.0,33.8,77.7,21.8,OFF-03_METER,正常
OFF-04,办公楼,2026-07-20 11:00,83.45,2.81,4.21,7.2,12.4,32.2,74.0,18.2,OFF-04_METER,正常
OFF-05,办公楼,2026-07-20 11:00,75.73,3.15,4.67,6.3,11.3,32.4,71.5,18.6,OFF-05_METER,正常
TEACH-01,教学楼,2026-07-20 11:00,108.04,6.18,8.12,6.1,10.7,34.9,82.8,31.4,TEACH-01_METER,正常
TEACH-02,教学楼,2026-07-20 11:00,134.85,5.49,3.49,7.1,11.6,29.8,76.7,38.8,TEACH-02_METER,正常
TEACH-03,教学楼,2026-07-20 11:00,90.69,5.54,5.93,7.3,12.5,32.2,72.0,25.6,TEACH-03_METER,正常
LIB-01,公共机构,2026-07-20 11:00,67.94,4.53,3.72,7.7,12.6,31.4,77.1,17.0,LIB-01_METER,正常
GYM-01,公共机构,2026-07-20 11:00,94.48,4.77,3.72,7.7,11.4,31.4,74.1,17.6,GYM-01_METER,正常
OFF-01,办公楼,2026-07-20 12:00,86.7,2.76,2.73,6.8,11.3,29.8,72.2,20.9,OFF-01_METER,正常
OFF-02,办公楼,2026-07-20 12:00,105.37,3.13,5.19,5.8,11.1,33.1,70.6,15.8,OFF-02_METER,正常
OFF-03,办公楼,2026-07-20 12:00,74.34,2.82,4.55,6.6,11.9,32.8,79.9,24.5,OFF-03_METER,正常
OFF-04,办公楼,2026-07-20 12:00,94.45,2.83,4.68,6.9,12.1,32.4,75.9,16.1,OFF-04_METER,正常
OFF-05,办公楼,2026-07-20 12:00,94.59,2.98,4.87,7.0,11.0,32.9,72.4,20.3,OFF-05_METER,正常
TEACH-01,教学楼,2026-07-20 12:00,118.52,6.01,6.03,6.7,12.2,32.8,85.2,31.4,TEACH-01_METER,正常
TEACH-02,教学楼,2026-07-20 12:00,106.93,5.87,5.42,6.3,10.0,32.0,77.0,25.0,TEACH-02_METER,正常
TEACH-03,教学楼,2026-07-20 12:00,102.06,5.43,4.04,6.3,10.8,30.2,61.5,34.9,TEACH-03_METER,正常
LIB-01,公共机构,2026-07-20 12:00,79.24,4.65,5.64,6.5,10.1,34.0,76.6,18.5,LIB-01_METER,正常
GYM-01,公共机构,2026-07-20 12:00,115.01,4.66,4.92,6.8,11.5,33.4,68.1,18.8,GYM-01_METER,正常
OFF-01,办公楼,2026-07-20 13:00,82.9,2.77,5.56,6.6,13.0,34.3,80.3,21.8,OFF-01_METER,正常
OFF-02,办公楼,2026-07-20 13:00,63.79,2.8,5.55,7.4,12.5,33.7,71.6,18.3,OFF-02_METER,正常
OFF-03,办公楼,2026-07-20 13:00,94.37,2.88,5.47,6.5,10.0,33.9,79.6,17.2,OFF-03_METER,正常
OFF-04,办公楼,2026-07-20 13:00,100.78,2.79,5.26,5.8,10.8,33.8,80.5,22.8,OFF-04_METER,正常
OFF-05,办公楼,2026-07-20 13:00,85.53,2.94,5.64,7.0,12.2,33.9,83.6,19.0,OFF-05_METER,正常
TEACH-01,教学楼,2026-07-20 13:00,131.95,5.75,6.3,6.8,10.8,32.5,71.5,38.9,TEACH-01_METER,正常
TEACH-02,教学楼,2026-07-20 13:00,100.73,5.93,7.1,6.5,10.4,33.5,72.2,28.9,TEACH-02_METER,正常
TEACH-03,教学楼,2026-07-20 13:00,88.08,6.0,5.65,6.3,11.8,31.7,69.0,25.4,TEACH-03_METER,正常
LIB-01,公共机构,2026-07-20 13:00,104.87,4.69,6.55,7.8,12.5,35.3,73.5,13.4,LIB-01_METER,正常
GYM-01,公共机构,2026-07-20 13:00,64.86,4.92,4.5,7.1,11.7,32.6,70.7,16.5,GYM-01_METER,正常
OFF-01,办公楼,2026-07-20 14:00,104.36,2.82,3.75,7.0,10.0,31.5,72.7,19.5,OFF-01_METER,正常
OFF-02,办公楼,2026-07-20 14:00,66.3,3.15,4.11,6.6,11.7,32.2,83.6,22.5,OFF-02_METER,正常
OFF-03,办公楼,2026-07-20 14:00,67.64,3.17,5.69,5.7,10.7,34.1,80.6,23.0,OFF-03_METER,正常
OFF-04,办公楼,2026-07-20 14:00,88.34,3.48,7.04,6.4,11.3,36.0,78.7,20.3,OFF-04_METER,正常
OFF-05,办公楼,2026-07-20 14:00,73.51,2.88,5.08,5.6,10.5,33.4,76.2,21.7,OFF-05_METER,正常
TEACH-01,教学楼,2026-07-20 14:00,140.41,5.69,5.77,6.1,10.1,32.5,66.8,31.7,TEACH-01_METER,正常
TEACH-02,教学楼,2026-07-20 14:00,125.9,5.6,8.77,7.3,12.4,35.9,88.2,37.3,TEACH-02_METER,正常
TEACH-03,教学楼,2026-07-20 14:00,123.93,6.02,5.87,8.7,14.6,32.3,77.2,39.4,TEACH-03_METER,正常
LIB-01,公共机构,2026-07-20 14:00,58.68,5.8,4.43,7.1,12.6,32.5,80.4,14.9,LIB-01_METER,正常
GYM-01,公共机构,2026-07-20 14:00,63.78,5.19,5.01,6.9,10.8,33.0,76.3,17.7,GYM-01_METER,正常
OFF-01,办公楼,2026-07-20 15:00,87.07,2.74,4.25,7.2,10.9,32.0,70.7,16.4,OFF-01_METER,正常
OFF-02,办公楼,2026-07-20 15:00,63.49,3.27,4.55,7.8,12.1,32.7,78.9,21.5,OFF-02_METER,正常
OFF-03,办公楼,2026-07-20 15:00,100.46,3.07,3.49,6.1,10.9,31.1,71.5,18.6,OFF-03_METER,正常
OFF-04,办公楼,2026-07-20 15:00,90.66,3.0,4.61,7.1,12.1,32.8,76.3,19.2,OFF-04_METER,正常
OFF-05,办公楼,2026-07-20 15:00,91.76,2.9,5.04,6.9,10.3,33.1,76.9,24.8,OFF-05_METER,正常
TEACH-01,教学楼,2026-07-20 15:00,94.71,5.69,6.16,5.6,10.5,32.5,77.0,29.5,TEACH-01_METER,正常
TEACH-02,教学楼,2026-07-20 15:00,91.84,5.46,6.69,7.9,11.8,33.5,84.0,33.4,TEACH-02_METER,正常
TEACH-03,教学楼,2026-07-20 15:00,93.22,5.73,4.99,6.4,10.8,31.6,66.9,25.6,TEACH-03_METER,正常
LIB-01,公共机构,2026-07-20 15:00,89.47,5.19,5.98,6.7,11.6,34.7,74.3,13.8,LIB-01_METER,正常
GYM-01,公共机构,2026-07-20 15:00,89.75,4.72,6.01,5.3,10.0,34.2,75.5,16.7,GYM-01_METER,正常
OFF-01,办公楼,2026-07-20 16:00,86.78,3.11,5.45,7.7,11.7,33.8,73.3,23.8,OFF-01_METER,正常
OFF-02,办公楼,2026-07-20 16:00,97.26,2.85,4.67,6.0,10.3,32.8,74.0,21.2,OFF-02_METER,正常
OFF-03,办公楼,2026-07-20 16:00,96.36,2.9,4.09,6.3,10.0,31.8,76.1,23.3,OFF-03_METER,正常
OFF-04,办公楼,2026-07-20 16:00,75.96,2.75,5.41,6.7,11.1,33.7,71.8,15.7,OFF-04_METER,正常
OFF-05,办公楼,2026-07-20 16:00,99.32,2.78,6.0,7.5,12.0,34.9,69.9,23.1,OFF-05_METER,正常
TEACH-01,教学楼,2026-07-20 16:00,110.54,5.65,7.66,8.0,11.7,34.6,78.9,37.8,TEACH-01_METER,正常
TEACH-02,教学楼,2026-07-20 16:00,84.38,5.84,3.23,6.5,11.8,29.6,62.0,33.0,TEACH-02_METER,正常
TEACH-03,教学楼,2026-07-20 16:00,118.97,5.48,5.42,6.8,12.1,32.1,76.7,34.9,TEACH-03_METER,正常
LIB-01,公共机构,2026-07-20 16:00,74.02,5.0,4.12,8.2,13.1,31.8,74.8,13.7,LIB-01_METER,正常
GYM-01,公共机构,2026-07-20 16:00,75.81,4.7,6.55,6.7,10.1,35.1,69.2,17.5,GYM-01_METER,正常
OFF-01,办公楼,2026-07-20 17:00,61.26,3.1,5.24,6.7,10.4,33.9,75.2,19.1,OFF-01_METER,正常
OFF-02,办公楼,2026-07-20 17:00,94.78,3.28,3.82,7.3,12.4,31.5,70.7,15.0,OFF-02_METER,正常
OFF-03,办公楼,2026-07-20 17:00,77.2,2.83,6.74,5.9,10.4,35.3,76.5,17.7,OFF-03_METER,正常
OFF-04,办公楼,2026-07-20 17:00,71.92,2.75,5.73,6.2,11.9,33.8,83.6,24.5,OFF-04_METER,正常
OFF-05,办公楼,2026-07-20 17:00,98.39,2.98,5.96,8.3,13.1,34.5,87.0,16.5,OFF-05_METER,正常
TEACH-01,教学楼,2026-07-20 17:00,128.88,5.8,5.54,6.3,11.4,31.6,70.0,30.5,TEACH-01_METER,正常
TEACH-02,教学楼,2026-07-20 17:00,127.56,5.86,6.8,7.0,11.9,33.4,74.3,28.7,TEACH-02_METER,正常
TEACH-03,教学楼,2026-07-20 17:00,113.69,5.69,7.45,6.2,10.0,34.4,83.6,37.4,TEACH-03_METER,正常
LIB-01,公共机构,2026-07-20 17:00,55.6,4.75,5.49,7.0,11.5,33.9,78.5,14.9,LIB-01_METER,正常
GYM-01,公共机构,2026-07-20 17:00,67.33,4.84,4.14,5.4,10.2,32.0,71.3,11.7,GYM-01_METER,正常
OFF-01,办公楼,2026-07-20 18:00,98.18,3.02,4.21,7.2,12.0,33.5,76.3,22.0,OFF-01_METER,异常
OFF-02,办公楼,2026-07-20 18:00,80.73,3.02,4.97,6.2,10.7,35.1,74.7,21.4,OFF-02_METER,正常
OFF-03,办公楼,2026-07-20 18:00,70.86,2.95,3.61,6.2,10.6,32.8,80.9,17.6,OFF-03_METER,正常
OFF-04,办公楼,2026-07-20 18:00,85.76,2.97,4.39,6.4,10.0,34.5,75.4,24.1,OFF-04_METER,正常
OFF-05,办公楼,2026-07-20 18:00,83.53,2.85,3.92,5.9,10.0,33.7,73.3,16.0,OFF-05_METER,正常
TEACH-01,教学楼,2026-07-20 18:00,124.99,6.25,4.86,5.9,10.0,33.0,78.4,25.7,TEACH-01_METER,正常
TEACH-02,教学楼,2026-07-20 18:00,144.47,5.44,7.15,5.9,10.0,35.8,81.8,34.1,TEACH-02_METER,正常
TEACH-03,教学楼,2026-07-20 18:00,125.38,5.51,7.16,8.3,12.9,35.6,80.7,32.9,TEACH-03_METER,正常
LIB-01,公共机构,2026-07-20 18:00,98.68,4.52,4.74,8.6,13.6,35.3,80.8,17.0,LIB-01_METER,正常
GYM-01,公共机构,2026-07-20 18:00,95.05,5.11,5.29,6.7,11.5,36.0,82.9,14.6,GYM-01_METER,正常
OFF-01,办公楼,2026-07-20 19:00,32.59,1.4,5.65,6.0,10.5,36.0,71.4,4.4,OFF-01_METER,正常
OFF-02,办公楼,2026-07-20 19:00,19.65,1.71,3.61,5.5,10.0,32.9,77.9,2.3,OFF-02_METER,正常
OFF-03,办公楼,2026-07-20 19:00,26.84,1.0,4.18,6.2,10.9,34.0,73.7,1.7,OFF-03_METER,正常
OFF-04,办公楼,2026-07-20 19:00,28.26,0.99,4.44,7.3,13.0,34.0,74.1,0.6,OFF-04_METER,正常
OFF-05,办公楼,2026-07-20 19:00,29.57,1.02,3.59,6.6,10.3,32.5,69.4,2.8,OFF-05_METER,正常
TEACH-01,教学楼,2026-07-20 19:00,27.45,2.31,5.18,7.4,12.2,33.6,70.6,0.8,TEACH-01_METER,正常
TEACH-02,教学楼,2026-07-20 19:00,33.0,2.01,6.71,8.0,12.0,34.9,61.8,1.2,TEACH-02_METER,正常
TEACH-03,教学楼,2026-07-20 19:00,24.9,1.83,6.39,7.4,11.8,35.2,81.5,0.2,TEACH-03_METER,正常
LIB-01,公共机构,2026-07-20 19:00,84.67,2.11,3.81,7.2,12.8,33.2,84.1,1.2,LIB-01_METER,正常
GYM-01,公共机构,2026-07-20 19:00,115.9,1.78,5.37,7.0,11.8,35.5,70.1,2.4,GYM-01_METER,正常
OFF-01,办公楼,2026-07-20 20:00,35.83,0.93,3.88,5.9,10.1,33.2,75.8,2.3,OFF-01_METER,正常
OFF-02,办公楼,2026-07-20 20:00,23.41,1.44,5.08,8.0,11.8,35.6,76.0,3.9,OFF-02_METER,正常
OFF-03,办公楼,2026-07-20 20:00,23.6,1.46,4.87,6.6,11.7,35.4,78.9,2.8,OFF-03_METER,正常
OFF-04,办公楼,2026-07-20 20:00,28.29,1.05,4.6,7.1,11.6,34.9,81.7,4.2,OFF-04_METER,正常
OFF-05,办公楼,2026-07-20 20:00,39.34,1.61,3.51,7.8,11.4,32.3,74.4,4.2,OFF-05_METER,正常
TEACH-01,教学楼,2026-07-20 20:00,14.98,1.88,3.47,7.1,12.0,30.8,73.1,1.3,TEACH-01_METER,正常
TEACH-02,教学楼,2026-07-20 20:00,32.04,1.8,6.89,6.6,12.5,35.8,77.0,0.9,TEACH-02_METER,正常
TEACH-03,教学楼,2026-07-20 20:00,33.65,2.05,6.24,6.8,11.6,34.9,88.3,0.8,TEACH-03_METER,正常
LIB-01,公共机构,2026-07-20 20:00,61.07,1.75,3.23,8.4,11.7,31.7,80.4,2.5,LIB-01_METER,正常
GYM-01,公共机构,2026-07-20 20:00,110.14,1.52,4.01,6.2,11.2,33.7,86.0,2.0,GYM-01_METER,正常
OFF-01,办公楼,2026-07-20 21:00,17.7,0.97,4.58,8.1,12.8,34.6,76.8,3.6,OFF-01_METER,正常
OFF-02,办公楼,2026-07-20 21:00,23.94,0.9,4.37,7.6,12.7,34.2,84.4,1.3,OFF-02_METER,正常
OFF-03,办公楼,2026-07-20 21:00,33.02,1.63,4.46,6.4,11.6,34.1,78.4,4.1,OFF-03_METER,正常
OFF-04,办公楼,2026-07-20 21:00,26.54,0.96,3.91,6.8,11.1,32.9,71.3,3.3,OFF-04_METER,正常
OFF-05,办公楼,2026-07-20 21:00,21.91,1.18,4.61,6.1,10.4,34.1,69.9,3.2,OFF-05_METER,正常
TEACH-01,教学楼,2026-07-20 21:00,24.22,1.88,7.5,6.3,10.9,36.0,85.6,0.2,TEACH-01_METER,正常
TEACH-02,教学楼,2026-07-20 21:00,17.16,2.1,5.36,7.1,12.8,33.4,84.9,0.1,TEACH-02_METER,正常
TEACH-03,教学楼,2026-07-20 21:00,24.02,1.84,6.32,7.7,12.2,34.7,74.8,0.6,TEACH-03_METER,正常
LIB-01,公共机构,2026-07-20 21:00,80.5,1.64,3.11,6.2,11.3,31.6,73.5,2.8,LIB-01_METER,正常
GYM-01,公共机构,2026-07-20 21:00,64.1,1.66,4.08,6.8,10.7,33.8,79.9,4.8,GYM-01_METER,正常
OFF-01,办公楼,2026-07-20 22:00,35.17,1.06,5.01,8.1,11.4,35.0,75.0,2.1,OFF-01_METER,正常
OFF-02,办公楼,2026-07-20 22:00,23.22,1.15,4.19,6.8,11.1,33.6,82.9,1.6,OFF-02_METER,正常
OFF-03,办公楼,2026-07-20 22:00,21.76,1.0,5.12,5.6,10.0,35.4,76.4,2.5,OFF-03_METER,正常
OFF-04,办公楼,2026-07-20 22:00,21.93,0.98,3.26,7.2,12.4,32.4,85.4,4.6,OFF-04_METER,正常
OFF-05,办公楼,2026-07-20 22:00,33.33,0.96,2.84,7.4,10.3,31.5,67.2,4.1,OFF-05_METER,正常
TEACH-01,教学楼,2026-07-20 22:00,21.29,2.16,4.3,7.3,12.0,32.0,72.7,0.2,TEACH-01_METER,正常
TEACH-02,教学楼,2026-07-20 22:00,24.09,1.9,3.53,7.5,11.0,30.9,76.8,0.2,TEACH-02_METER,正常
TEACH-03,教学楼,2026-07-20 22:00,23.35,1.96,6.2,7.2,11.9,34.4,74.8,1.1,TEACH-03_METER,正常
LIB-01,公共机构,2026-07-20 22:00,42.83,1.69,4.08,6.0,11.1,33.7,78.1,2.1,LIB-01_METER,正常
GYM-01,公共机构,2026-07-20 22:00,42.14,1.52,3.18,7.6,12.4,32.0,75.6,2.5,GYM-01_METER,正常
OFF-01,办公楼,2026-07-20 23:00,19.92,1.48,5.45,7.5,11.5,36.0,82.5,3.5,OFF-01_METER,正常
OFF-02,办公楼,2026-07-20 23:00,28.09,1.19,4.88,5.9,10.6,35.3,89.7,1.5,OFF-02_METER,正常
OFF-03,办公楼,2026-07-20 23:00,28.9,1.73,2.36,6.4,10.6,30.1,75.8,3.8,OFF-03_METER,正常
OFF-04,办公楼,2026-07-20 23:00,28.82,1.26,2.58,7.1,12.4,30.7,80.9,1.9,OFF-04_METER,正常
OFF-05,办公楼,2026-07-20 23:00,29.92,0.95,3.8,6.5,11.5,33.4,76.9,3.6,OFF-05_METER,正常
TEACH-01,教学楼,2026-07-20 23:00,17.72,2.25,4.01,7.8,13.1,31.4,74.2,1.2,TEACH-01_METER,正常
TEACH-02,教学楼,2026-07-20 23:00,24.4,1.81,4.7,7.6,11.0,32.7,75.4,0.3,TEACH-02_METER,正常
TEACH-03,教学楼,2026-07-20 23:00,18.97,1.83,4.67,6.7,10.9,32.6,81.9,2.0,TEACH-03_METER,正常
LIB-01,公共机构,2026-07-20 23:00,41.18,1.56,2.99,6.3,10.8,31.5,78.0,4.0,LIB-01_METER,正常
GYM-01,公共机构,2026-07-20 23:00,37.17,1.78,2.75,5.6,10.0,31.0,70.6,1.9,GYM-01_METER,正常
OFF-01,办公楼,2026-07-21 00:00,25.57,0.98,0.0,7.5,13.8,25.0,63.4,3.5,OFF-01_METER,正常
OFF-02,办公楼,2026-07-21 00:00,21.6,1.2,0.0,8.6,12.5,25.1,65.0,2.4,OFF-02_METER,正常
OFF-03,办公楼,2026-07-21 00:00,17.87,1.38,0.0,7.0,11.2,25.1,59.6,2.8,OFF-03_METER,正常
OFF-04,办公楼,2026-07-21 00:00,20.69,1.07,0.0,7.8,12.3,25.0,66.1,2.9,OFF-04_METER,正常
OFF-05,办公楼,2026-07-21 00:00,16.57,0.95,0.0,6.8,11.4,25.0,67.7,3.9,OFF-05_METER,正常
TEACH-01,教学楼,2026-07-21 00:00,23.62,1.86,0.0,8.3,11.6,25.0,66.4,1.2,TEACH-01_METER,正常
TEACH-02,教学楼,2026-07-21 00:00,20.9,1.88,0.0,7.3,12.2,25.1,63.6,1.5,TEACH-02_METER,正常
TEACH-03,教学楼,2026-07-21 00:00,13.33,3.14,0.0,8.7,13.6,25.0,62.5,0.8,TEACH-03_METER,正常
LIB-01,公共机构,2026-07-21 00:00,36.43,1.86,0.18,6.9,11.0,26.4,70.6,3.1,LIB-01_METER,正常
GYM-01,公共机构,2026-07-21 00:00,27.01,1.54,0.0,5.8,10.3,25.3,70.6,2.9,GYM-01_METER,正常
OFF-01,办公楼,2026-07-21 01:00,24.22,0.95,0.0,7.9,12.5,25.5,57.3,0.5,OFF-01_METER,正常
OFF-02,办公楼,2026-07-21 01:00,21.81,0.97,0.0,6.7,11.7,25.0,69.1,2.3,OFF-02_METER,正常
OFF-03,办公楼,2026-07-21 01:00,13.29,1.35,0.0,5.9,10.4,25.0,61.7,4.9,OFF-03_METER,正常
OFF-04,办公楼,2026-07-21 01:00,16.85,0.95,0.0,6.6,10.0,25.0,68.9,4.9,OFF-04_METER,正常
OFF-05,办公楼,2026-07-21 01:00,19.87,1.05,0.0,5.8,10.3,25.0,60.6,1.6,OFF-05_METER,正常
TEACH-01,教学楼,2026-07-21 01:00,22.35,2.04,0.0,7.2,11.5,25.0,62.3,1.5,TEACH-01_METER,正常
TEACH-02,教学楼,2026-07-21 01:00,19.86,2.67,0.0,7.1,11.9,25.6,65.4,1.4,TEACH-02_METER,正常
TEACH-03,教学楼,2026-07-21 01:00,10.74,2.03,0.0,8.0,12.3,25.0,76.4,1.3,TEACH-03_METER,正常
LIB-01,公共机构,2026-07-21 01:00,41.96,1.64,0.0,6.7,11.0,25.2,65.5,2.4,LIB-01_METER,正常
GYM-01,公共机构,2026-07-21 01:00,28.74,1.62,0.0,5.9,11.0,25.4,62.7,1.7,GYM-01_METER,正常
OFF-01,办公楼,2026-07-21 02:00,27.27,1.64,0.19,8.1,13.0,26.4,74.2,3.5,OFF-01_METER,正常
OFF-02,办公楼,2026-07-21 02:00,14.12,1.04,0.0,7.8,11.4,25.0,77.6,0.9,OFF-02_METER,正常
OFF-03,办公楼,2026-07-21 02:00,24.01,0.95,0.82,7.8,12.5,27.5,72.4,0.8,OFF-03_METER,正常
OFF-04,办公楼,2026-07-21 02:00,19.17,1.37,0.0,7.8,13.3,25.7,61.7,1.0,OFF-04_METER,正常
OFF-05,办公楼,2026-07-21 02:00,32.13,1.17,1.42,7.2,12.0,28.6,75.2,1.8,OFF-05_METER,正常
TEACH-01,教学楼,2026-07-21 02:00,15.75,2.07,0.0,6.9,10.5,25.0,67.8,1.0,TEACH-01_METER,正常
TEACH-02,教学楼,2026-07-21 02:00,10.16,2.26,0.0,7.0,13.0,25.0,69.2,0.1,TEACH-02_METER,正常
TEACH-03,教学楼,2026-07-21 02:00,14.93,3.49,0.0,6.9,11.1,25.0,61.6,1.7,TEACH-03_METER,正常
LIB-01,公共机构,2026-07-21 02:00,28.25,1.66,0.0,7.1,12.7,25.0,65.1,4.3,LIB-01_METER,正常
GYM-01,公共机构,2026-07-21 02:00,25.31,1.73,0.0,7.6,12.1,25.0,68.0,2.9,GYM-01_METER,正常
OFF-01,办公楼,2026-07-21 03:00,20.58,1.35,0.0,7.2,11.2,25.0,73.7,2.6,OFF-01_METER,正常
OFF-02,办公楼,2026-07-21 03:00,28.31,1.3,0.0,6.9,10.9,25.1,56.8,4.0,OFF-02_METER,正常
OFF-03,办公楼,2026-07-21 03:00,23.36,0.91,1.21,7.6,11.7,28.3,83.0,0.9,OFF-03_METER,正常
OFF-04,办公楼,2026-07-21 03:00,20.88,1.45,1.01,6.1,10.6,27.8,70.2,4.8,OFF-04_METER,正常
OFF-05,办公楼,2026-07-21 03:00,26.12,1.08,0.89,6.0,10.0,27.7,66.4,1.1,OFF-05_METER,正常
TEACH-01,教学楼,2026-07-21 03:00,9.88,1.84,0.0,6.3,10.0,25.0,64.9,0.5,TEACH-01_METER,正常
TEACH-02,教学楼,2026-07-21 03:00,16.3,1.85,0.0,7.6,13.3,25.0,63.2,0.7,TEACH-02_METER,正常
TEACH-03,教学楼,2026-07-21 03:00,26.64,2.12,1.25,8.0,12.7,27.8,65.1,1.0,TEACH-03_METER,正常
LIB-01,公共机构,2026-07-21 03:00,18.64,1.68,0.67,8.1,12.0,27.2,74.4,3.5,LIB-01_METER,正常
GYM-01,公共机构,2026-07-21 03:00,33.93,2.1,0.89,7.1,12.2,27.6,69.3,1.3,GYM-01_METER,正常
OFF-01,办公楼,2026-07-21 04:00,22.33,1.14,0.0,7.0,12.4,25.9,67.2,0.9,OFF-01_METER,正常
OFF-02,办公楼,2026-07-21 04:00,23.59,0.91,0.32,6.9,10.8,26.6,68.7,2.0,OFF-02_METER,正常
OFF-03,办公楼,2026-07-21 04:00,30.13,1.01,0.84,7.4,12.4,27.6,65.9,2.4,OFF-03_METER,正常
OFF-04,办公楼,2026-07-21 04:00,25.53,1.0,0.25,7.0,11.9,26.4,69.1,1.9,OFF-04_METER,正常
OFF-05,办公楼,2026-07-21 04:00,26.38,1.25,1.72,7.7,13.1,29.3,72.6,2.2,OFF-05_METER,正常
TEACH-01,教学楼,2026-07-21 04:00,5.98,1.88,0.0,6.3,10.7,25.0,68.3,1.6,TEACH-01_METER,正常
TEACH-02,教学楼,2026-07-21 04:00,16.51,2.38,0.91,8.4,13.3,27.2,65.5,0.7,TEACH-02_METER,正常
TEACH-03,教学楼,2026-07-21 04:00,12.97,1.88,0.0,6.8,12.4,25.2,65.0,0.3,TEACH-03_METER,正常
LIB-01,公共机构,2026-07-21 04:00,39.43,2.0,0.9,7.0,10.8,27.6,67.5,4.3,LIB-01_METER,正常
GYM-01,公共机构,2026-07-21 04:00,38.88,1.79,0.0,7.6,12.1,25.0,67.5,2.6,GYM-01_METER,正常
OFF-01,办公楼,2026-07-21 05:00,16.67,1.03,1.99,7.1,12.9,29.6,78.9,2.8,OFF-01_METER,正常
OFF-02,办公楼,2026-07-21 05:00,30.41,0.96,0.7,6.5,10.4,27.4,59.5,4.2,OFF-02_METER,正常
OFF-03,办公楼,2026-07-21 05:00,23.99,1.43,1.84,6.6,11.3,29.5,73.6,2.7,OFF-03_METER,正常
OFF-04,办公楼,2026-07-21 05:00,20.71,0.98,0.0,7.4,10.7,25.8,69.0,3.5,OFF-04_METER,正常
OFF-05,办公楼,2026-07-21 05:00,20.45,1.05,0.84,6.8,10.3,27.6,70.6,2.8,OFF-05_METER,正常
TEACH-01,教学楼,2026-07-21 05:00,21.77,2.18,2.94,6.9,10.8,30.0,77.1,0.8,TEACH-01_METER,正常
TEACH-02,教学楼,2026-07-21 05:00,12.02,2.13,0.0,7.2,11.1,25.7,67.5,1.9,TEACH-02_METER,正常
TEACH-03,教学楼,2026-07-21 05:00,24.62,2.33,0.4,6.7,11.6,26.5,69.4,1.3,TEACH-03_METER,正常
LIB-01,公共机构,2026-07-21 05:00,27.28,1.9,0.58,6.5,10.0,27.1,77.3,4.9,LIB-01_METER,正常
GYM-01,公共机构,2026-07-21 05:00,22.63,2.16,1.78,7.4,12.9,29.2,71.2,1.4,GYM-01_METER,正常
OFF-01,办公楼,2026-07-21 06:00,15.97,0.98,0.75,6.4,10.3,27.4,63.5,3.1,OFF-01_METER,正常
OFF-02,办公楼,2026-07-21 06:00,26.44,1.1,0.0,6.3,10.0,25.0,66.4,2.0,OFF-02_METER,正常
OFF-03,办公楼,2026-07-21 06:00,17.18,0.98,0.43,7.4,11.9,26.8,72.9,4.5,OFF-03_METER,正常
OFF-04,办公楼,2026-07-21 06:00,25.04,1.63,1.98,7.5,11.0,29.5,68.1,1.5,OFF-04_METER,正常
OFF-05,办公楼,2026-07-21 06:00,23.2,0.97,0.41,6.0,10.7,26.8,70.1,4.4,OFF-05_METER,正常
TEACH-01,教学楼,2026-07-21 06:00,15.98,1.82,0.0,7.5,12.5,26.0,74.5,1.1,TEACH-01_METER,正常
TEACH-02,教学楼,2026-07-21 06:00,17.69,2.72,2.16,7.1,12.4,28.9,72.7,0.7,TEACH-02_METER,正常
TEACH-03,教学楼,2026-07-21 06:00,15.39,1.86,1.36,7.9,12.8,27.9,73.8,0.1,TEACH-03_METER,正常
LIB-01,公共机构,2026-07-21 06:00,32.98,1.61,1.87,6.8,11.3,29.6,75.6,1.3,LIB-01_METER,正常
GYM-01,公共机构,2026-07-21 06:00,34.93,1.53,0.22,7.7,12.1,26.4,79.3,0.8,GYM-01_METER,正常
OFF-01,办公楼,2026-07-21 07:00,31.41,1.16,2.39,5.8,10.3,30.3,72.5,2.6,OFF-01_METER,正常
OFF-02,办公楼,2026-07-21 07:00,32.38,1.57,0.85,6.6,10.0,27.5,75.1,1.8,OFF-02_METER,正常
OFF-03,办公楼,2026-07-21 07:00,26.34,1.38,0.66,7.7,12.6,27.2,68.8,1.1,OFF-03_METER,正常
OFF-04,办公楼,2026-07-21 07:00,16.0,1.55,2.6,7.2,13.2,30.6,74.4,2.5,OFF-04_METER,正常
OFF-05,办公楼,2026-07-21 07:00,24.85,1.23,1.18,7.2,11.9,28.2,75.5,3.1,OFF-05_METER,正常
TEACH-01,教学楼,2026-07-21 07:00,22.51,1.86,3.82,8.9,13.8,31.4,74.2,0.4,TEACH-01_METER,正常
TEACH-02,教学楼,2026-07-21 07:00,26.95,3.4,1.64,5.8,10.0,28.3,66.0,1.2,TEACH-02_METER,正常
TEACH-03,教学楼,2026-07-21 07:00,13.57,2.36,1.83,6.0,10.2,28.7,73.7,1.8,TEACH-03_METER,正常
LIB-01,公共机构,2026-07-21 07:00,30.4,1.81,0.02,7.2,10.9,26.0,70.6,3.3,LIB-01_METER,正常
GYM-01,公共机构,2026-07-21 07:00,29.88,1.75,1.11,6.0,11.2,28.1,69.0,1.6,GYM-01_METER,异常
OFF-01,办公楼,2026-07-21 08:00,68.89,3.03,2.56,6.2,10.9,30.8,72.4,21.7,OFF-01_METER,正常
OFF-02,办公楼,2026-07-21 08:00,88.0,2.8,2.9,5.3,10.0,31.6,69.8,16.2,OFF-02_METER,正常
OFF-03,办公楼,2026-07-21 08:00,94.25,2.85,0.97,7.2,12.4,27.8,68.4,20.5,OFF-03_METER,正常
OFF-04,办公楼,2026-07-21 08:00,105.52,2.73,2.99,7.0,11.4,31.6,73.8,23.5,OFF-04_METER,正常
OFF-05,办公楼,2026-07-21 08:00,66.48,2.92,1.47,5.0,10.1,28.6,65.5,18.6,OFF-05_METER,正常
TEACH-01,教学楼,2026-07-21 08:00,123.91,5.64,3.33,7.0,11.8,30.5,71.6,31.5,TEACH-01_METER,正常
TEACH-02,教学楼,2026-07-21 08:00,87.54,5.44,3.67,6.3,10.5,31.0,71.0,36.8,TEACH-02_METER,正常
TEACH-03,教学楼,2026-07-21 08:00,90.37,5.6,4.23,7.2,11.7,31.7,77.0,27.0,TEACH-03_METER,正常
LIB-01,公共机构,2026-07-21 08:00,41.93,4.54,2.77,8.9,13.1,31.3,77.8,14.0,LIB-01_METER,正常
GYM-01,公共机构,2026-07-21 08:00,32.54,5.11,2.19,7.1,11.3,30.0,72.4,16.7,GYM-01_METER,正常
OFF-01,办公楼,2026-07-21 09:00,83.59,2.92,3.09,7.3,11.1,30.6,74.3,23.7,OFF-01_METER,正常
OFF-02,办公楼,2026-07-21 09:00,99.95,2.85,4.91,7.6,11.7,33.2,73.1,18.2,OFF-02_METER,正常
OFF-03,办公楼,2026-07-21 09:00,60.81,2.9,2.78,7.1,11.0,29.8,78.0,21.2,OFF-03_METER,正常
OFF-04,办公楼,2026-07-21 09:00,98.42,3.17,3.16,6.0,10.0,30.4,74.1,23.7,OFF-04_METER,正常
OFF-05,办公楼,2026-07-21 09:00,96.81,2.8,4.07,6.1,10.9,32.1,58.5,24.7,OFF-05_METER,正常
TEACH-01,教学楼,2026-07-21 09:00,94.49,5.91,3.92,6.3,10.5,30.2,63.7,27.1,TEACH-01_METER,异常
TEACH-02,教学楼,2026-07-21 09:00,138.94,5.41,4.7,7.6,12.2,30.9,70.1,33.6,TEACH-02_METER,正常
TEACH-03,教学楼,2026-07-21 09:00,102.19,5.97,5.22,7.1,12.2,31.8,75.5,28.3,TEACH-03_METER,正常
LIB-01,公共机构,2026-07-21 09:00,66.79,4.94,1.44,8.0,13.1,28.2,71.0,14.0,LIB-01_METER,正常
GYM-01,公共机构,2026-07-21 09:00,110.33,5.27,4.0,5.3,10.0,31.8,79.4,14.7,GYM-01_METER,正常
OFF-01,办公楼,2026-07-21 10:00,88.77,3.14,2.68,6.8,11.3,29.7,70.0,22.5,OFF-01_METER,正常
OFF-02,办公楼,2026-07-21 10:00,83.04,2.7,1.94,8.4,12.6,28.9,75.8,16.2,OFF-02_METER,正常
OFF-03,办公楼,2026-07-21 10:00,60.68,3.03,2.19,8.0,13.0,29.2,71.6,17.3,OFF-03_METER,正常
OFF-04,办公楼,2026-07-21 10:00,89.36,3.04,3.23,7.6,12.3,30.6,71.5,18.9,OFF-04_METER,正常
OFF-05,办公楼,2026-07-21 10:00,71.64,2.91,3.69,7.8,12.8,31.1,77.9,22.0,OFF-05_METER,正常
TEACH-01,教学楼,2026-07-21 10:00,143.89,5.55,6.67,6.1,10.0,33.1,79.5,33.6,TEACH-01_METER,正常
TEACH-02,教学楼,2026-07-21 10:00,124.24,5.53,3.01,5.8,10.3,29.1,72.5,26.9,TEACH-02_METER,正常
TEACH-03,教学楼,2026-07-21 10:00,132.78,5.46,4.55,7.2,12.3,30.9,67.8,30.9,TEACH-03_METER,正常
LIB-01,公共机构,2026-07-21 10:00,65.14,5.12,1.41,8.1,11.6,28.0,69.1,16.7,LIB-01_METER,正常
GYM-01,公共机构,2026-07-21 10:00,106.05,4.55,1.6,5.0,10.0,28.3,77.5,12.6,GYM-01_METER,正常
OFF-01,办公楼,2026-07-21 11:00,103.02,3.21,2.5,6.7,11.2,29.6,80.5,17.0,OFF-01_METER,正常
OFF-02,办公楼,2026-07-21 11:00,69.11,3.04,3.74,7.7,12.7,31.2,73.9,21.4,OFF-02_METER,正常
OFF-03,办公楼,2026-07-21 11:00,63.78,2.82,4.33,7.7,12.2,32.5,77.7,15.5,OFF-03_METER,正常
OFF-04,办公楼,2026-07-21 11:00,66.17,3.21,3.14,7.3,11.9,30.5,67.2,20.9,OFF-04_METER,正常
OFF-05,办公楼,2026-07-21 11:00,76.81,2.81,4.25,6.7,11.1,32.0,72.6,24.5,OFF-05_METER,正常
TEACH-01,教学楼,2026-07-21 11:00,117.58,5.71,4.63,6.2,10.4,31.0,74.4,36.4,TEACH-01_METER,正常
TEACH-02,教学楼,2026-07-21 11:00,113.88,5.41,6.64,6.7,10.7,32.8,67.9,27.3,TEACH-02_METER,正常
TEACH-03,教学楼,2026-07-21 11:00,114.64,6.03,4.08,7.0,10.7,30.3,81.6,34.2,TEACH-03_METER,正常
LIB-01,公共机构,2026-07-21 11:00,62.94,4.72,4.32,5.0,10.2,31.9,67.6,16.7,LIB-01_METER,正常
GYM-01,公共机构,2026-07-21 11:00,101.43,5.74,1.81,6.7,10.8,28.5,79.2,15.5,GYM-01_METER,正常
OFF-01,办公楼,2026-07-21 12:00,59.15,2.9,5.01,6.4,11.1,33.5,68.8,24.8,OFF-01_METER,正常
OFF-02,办公楼,2026-07-21 12:00,82.14,2.99,3.81,9.2,13.2,31.4,71.9,15.6,OFF-02_METER,正常
OFF-03,办公楼,2026-07-21 12:00,98.45,2.72,4.47,6.8,10.5,32.1,82.7,16.0,OFF-03_METER,正常
OFF-04,办公楼,2026-07-21 12:00,101.99,3.05,4.74,7.2,11.8,32.7,72.5,23.9,OFF-04_METER,正常
OFF-05,办公楼,2026-07-21 12:00,80.23,3.0,4.66,8.7,14.0,32.9,81.7,24.7,OFF-05_METER,正常
TEACH-01,教学楼,2026-07-21 12:00,134.38,6.3,0.37,6.4,11.2,26.4,66.8,38.8,TEACH-01_METER,正常
TEACH-02,教学楼,2026-07-21 12:00,133.85,5.66,3.55,7.6,11.4,29.7,72.6,26.6,TEACH-02_METER,正常
TEACH-03,教学楼,2026-07-21 12:00,119.96,5.68,6.28,7.6,12.4,33.1,77.7,32.8,TEACH-03_METER,正常
LIB-01,公共机构,2026-07-21 12:00,94.4,5.07,2.76,7.1,11.2,29.8,79.0,14.9,LIB-01_METER,正常
GYM-01,公共机构,2026-07-21 12:00,120.64,4.67,6.28,6.8,11.7,34.8,82.0,10.1,GYM-01_METER,正常
OFF-01,办公楼,2026-07-21 13:00,71.34,3.63,4.45,7.1,11.2,32.6,73.5,16.6,OFF-01_METER,正常
OFF-02,办公楼,2026-07-21 13:00,75.03,3.05,3.96,8.6,13.2,31.5,75.5,21.2,OFF-02_METER,正常
OFF-03,办公楼,2026-07-21 13:00,83.99,2.86,4.9,6.6,10.2,33.1,77.6,22.9,OFF-03_METER,正常
OFF-04,办公楼,2026-07-21 13:00,72.1,2.93,3.32,7.9,12.7,30.9,72.7,17.7,OFF-04_METER,正常
OFF-05,办公楼,2026-07-21 13:00,79.33,3.07,5.62,7.6,12.8,33.7,70.3,16.1,OFF-05_METER,正常
TEACH-01,教学楼,2026-07-21 13:00,112.95,5.67,7.52,7.2,11.1,33.8,82.5,36.3,TEACH-01_METER,正常
TEACH-02,教学楼,2026-07-21 13:00,126.22,5.52,6.04,6.7,11.5,32.4,68.9,30.5,TEACH-02_METER,正常
TEACH-03,教学楼,2026-07-21 13:00,96.62,6.26,6.43,6.3,10.7,32.6,75.6,38.6,TEACH-03_METER,正常
LIB-01,公共机构,2026-07-21 13:00,79.93,4.58,5.46,6.4,10.2,33.7,70.9,15.6,LIB-01_METER,正常
GYM-01,公共机构,2026-07-21 13:00,83.14,4.53,3.93,5.6,10.0,31.5,71.7,11.3,GYM-01_METER,正常
OFF-01,办公楼,2026-07-21 14:00,77.34,2.94,6.29,6.9,11.4,35.1,85.2,19.2,OFF-01_METER,正常
OFF-02,办公楼,2026-07-21 14:00,95.07,2.79,4.63,6.3,10.0,32.3,77.0,15.1,OFF-02_METER,正常
OFF-03,办公楼,2026-07-21 14:00,79.78,2.88,3.87,7.3,11.1,31.8,79.0,16.0,OFF-03_METER,正常
OFF-04,办公楼,2026-07-21 14:00,90.32,3.16,6.16,6.9,11.0,35.0,75.9,21.6,OFF-04_METER,正常
OFF-05,办公楼,2026-07-21 14:00,82.47,3.52,4.16,7.6,12.0,32.2,71.8,22.9,OFF-05_METER,正常
TEACH-01,教学楼,2026-07-21 14:00,139.36,5.74,8.4,7.4,12.6,34.6,66.3,38.9,TEACH-01_METER,正常
TEACH-02,教学楼,2026-07-21 14:00,118.45,5.42,6.22,6.5,11.4,32.8,74.6,37.4,TEACH-02_METER,正常
TEACH-03,教学楼,2026-07-21 14:00,108.71,5.42,7.27,6.4,10.3,33.7,70.7,33.4,TEACH-03_METER,正常
LIB-01,公共机构,2026-07-21 14:00,112.07,4.68,5.04,6.9,11.6,33.2,76.7,14.1,LIB-01_METER,正常
GYM-01,公共机构,2026-07-21 14:00,89.57,5.53,7.21,7.7,10.2,36.0,85.4,12.8,GYM-01_METER,正常
OFF-01,办公楼,2026-07-21 15:00,72.74,2.91,6.4,6.6,11.3,35.0,78.0,22.3,OFF-01_METER,正常
OFF-02,办公楼,2026-07-21 15:00,90.17,3.08,6.14,7.4,12.4,35.0,76.2,15.1,OFF-02_METER,正常
OFF-03,办公楼,2026-07-21 15:00,91.77,3.02,4.2,8.0,12.7,31.9,69.2,23.6,OFF-03_METER,正常
OFF-04,办公楼,2026-07-21 15:00,80.41,2.95,4.27,7.4,11.9,32.1,71.3,20.8,OFF-04_METER,正常
OFF-05,办公楼,2026-07-21 15:00,69.55,3.07,5.0,7.4,10.9,33.4,75.2,17.1,OFF-05_METER,正常
TEACH-01,教学楼,2026-07-21 15:00,122.51,6.1,5.38,7.7,12.2,31.8,73.4,39.2,TEACH-01_METER,正常
TEACH-02,教学楼,2026-07-21 15:00,106.39,5.54,6.51,6.6,10.3,33.2,74.0,33.5,TEACH-02_METER,正常
TEACH-03,教学楼,2026-07-21 15:00,119.12,5.53,7.25,7.1,10.9,33.4,82.7,36.7,TEACH-03_METER,正常
LIB-01,公共机构,2026-07-21 15:00,94.67,4.88,4.24,7.6,11.6,31.9,69.3,10.7,LIB-01_METER,正常
GYM-01,公共机构,2026-07-21 15:00,92.89,4.74,5.06,6.1,11.0,32.9,64.5,19.3,GYM-01_METER,正常
OFF-01,办公楼,2026-07-21 16:00,102.88,2.84,4.88,6.8,11.8,32.8,73.7,23.7,OFF-01_METER,正常
OFF-02,办公楼,2026-07-21 16:00,90.56,2.99,6.31,6.7,12.0,34.7,72.5,21.4,OFF-02_METER,正常
OFF-03,办公楼,2026-07-21 16:00,91.45,3.17,4.68,7.1,12.2,32.5,74.6,20.2,OFF-03_METER,正常
OFF-04,办公楼,2026-07-21 16:00,92.87,3.47,6.73,7.0,12.0,35.3,77.6,20.2,OFF-04_METER,正常
OFF-05,办公楼,2026-07-21 16:00,65.17,2.71,5.71,7.3,12.5,34.3,81.1,16.7,OFF-05_METER,正常
TEACH-01,教学楼,2026-07-21 16:00,140.2,5.6,9.43,6.1,10.4,36.0,73.9,28.5,TEACH-01_METER,正常
TEACH-02,教学楼,2026-07-21 16:00,135.89,5.79,6.65,7.6,12.5,33.4,73.7,39.8,TEACH-02_METER,正常
TEACH-03,教学楼,2026-07-21 16:00,129.74,5.63,8.07,7.2,12.5,34.3,79.2,25.1,TEACH-03_METER,正常
LIB-01,公共机构,2026-07-21 16:00,64.68,4.56,6.04,6.7,10.4,34.3,74.3,11.2,LIB-01_METER,正常
GYM-01,公共机构,2026-07-21 16:00,108.4,5.06,5.02,8.0,12.5,33.3,71.2,11.1,GYM-01_METER,正常
OFF-01,办公楼,2026-07-21 17:00,70.44,3.06,7.21,7.5,12.4,36.0,87.5,21.2,OFF-01_METER,正常
OFF-02,办公楼,2026-07-21 17:00,104.34,3.01,5.76,8.5,13.3,34.5,76.7,20.0,OFF-02_METER,正常
OFF-03,办公楼,2026-07-21 17:00,89.44,2.82,5.54,6.2,11.8,33.8,77.6,15.2,OFF-03_METER,正常
OFF-04,办公楼,2026-07-21 17:00,67.64,2.89,4.88,6.2,10.1,32.9,79.2,22.3,OFF-04_METER,正常
OFF-05,办公楼,2026-07-21 17:00,77.38,2.73,6.46,8.1,11.6,35.5,89.3,17.8,OFF-05_METER,正常
TEACH-01,教学楼,2026-07-21 17:00,148.95,5.46,6.56,6.6,12.2,33.0,82.8,25.1,TEACH-01_METER,正常
TEACH-02,教学楼,2026-07-21 17:00,101.84,5.54,8.06,7.2,11.6,35.0,80.7,35.9,TEACH-02_METER,正常
TEACH-03,教学楼,2026-07-21 17:00,112.28,5.42,8.12,7.0,12.8,34.6,85.5,25.9,TEACH-03_METER,正常
LIB-01,公共机构,2026-07-21 17:00,94.85,4.8,6.29,7.9,12.5,34.8,82.5,17.4,LIB-01_METER,正常
GYM-01,公共机构,2026-07-21 17:00,98.24,4.64,5.53,7.3,10.4,33.9,74.4,15.3,GYM-01_METER,正常
OFF-01,办公楼,2026-07-21 18:00,98.55,2.81,5.07,7.2,11.6,35.0,68.7,21.8,OFF-01_METER,正常
OFF-02,办公楼,2026-07-21 18:00,78.3,3.11,4.52,7.0,12.3,33.9,81.5,18.0,OFF-02_METER,正常
OFF-03,办公楼,2026-07-21 18:00,66.51,3.36,4.44,8.8,11.7,34.3,74.4,21.7,OFF-03_METER,正常
OFF-04,办公楼,2026-07-21 18:00,93.02,2.8,3.59,6.5,10.9,32.4,72.6,22.2,OFF-04_METER,正常
OFF-05,办公楼,2026-07-21 18:00,101.71,3.11,4.07,6.9,11.6,34.0,81.0,16.2,OFF-05_METER,正常
TEACH-01,教学楼,2026-07-21 18:00,130.02,5.45,5.12,8.2,14.0,33.1,71.5,37.2,TEACH-01_METER,正常
TEACH-02,教学楼,2026-07-21 18:00,140.18,5.61,5.72,6.2,10.5,34.2,81.5,27.3,TEACH-02_METER,正常
TEACH-03,教学楼,2026-07-21 18:00,112.34,5.49,5.73,8.1,13.1,33.5,65.6,37.8,TEACH-03_METER,正常
LIB-01,公共机构,2026-07-21 18:00,65.01,4.71,5.07,7.0,11.0,35.5,83.0,16.1,LIB-01_METER,正常
GYM-01,公共机构,2026-07-21 18:00,74.18,4.91,4.17,8.9,13.5,33.4,81.0,10.5,GYM-01_METER,正常
OFF-01,办公楼,2026-07-21 19:00,25.72,0.92,5.03,7.5,11.8,35.3,88.1,2.2,OFF-01_METER,正常
OFF-02,办公楼,2026-07-21 19:00,22.54,1.11,2.68,6.4,10.5,30.8,78.2,1.0,OFF-02_METER,正常
OFF-03,办公楼,2026-07-21 19:00,22.19,1.04,4.54,6.9,10.7,34.7,79.8,4.2,OFF-03_METER,正常
OFF-04,办公楼,2026-07-21 19:00,29.12,1.29,2.56,6.2,11.1,30.8,66.4,4.9,OFF-04_METER,正常
OFF-05,办公楼,2026-07-21 19:00,36.77,1.14,4.7,7.5,12.4,34.6,81.2,1.8,OFF-05_METER,正常
TEACH-01,教学楼,2026-07-21 19:00,23.25,1.96,4.95,8.8,13.2,32.7,73.6,2.0,TEACH-01_METER,正常
TEACH-02,教学楼,2026-07-21 19:00,16.9,1.92,5.96,6.7,11.8,34.4,80.9,0.2,TEACH-02_METER,正常
TEACH-03,教学楼,2026-07-21 19:00,26.14,2.65,6.05,6.2,11.2,34.5,72.4,1.7,TEACH-03_METER,正常
LIB-01,公共机构,2026-07-21 19:00,75.06,1.86,5.27,7.7,11.7,36.0,77.1,3.2,LIB-01_METER,正常
GYM-01,公共机构,2026-07-21 19:00,95.12,1.79,3.98,7.0,10.8,33.5,77.8,3.9,GYM-01_METER,正常
OFF-01,办公楼,2026-07-21 20:00,27.85,1.2,4.02,6.7,11.2,33.7,83.4,3.5,OFF-01_METER,正常
OFF-02,办公楼,2026-07-21 20:00,24.71,0.97,3.8,7.1,12.0,32.9,75.2,1.6,OFF-02_METER,正常
OFF-03,办公楼,2026-07-21 20:00,25.87,1.09,4.16,7.7,13.0,33.5,75.6,0.8,OFF-03_METER,正常
OFF-04,办公楼,2026-07-21 20:00,26.51,0.95,3.97,8.2,12.9,33.7,73.6,0.9,OFF-04_METER,正常
OFF-05,办公楼,2026-07-21 20:00,21.05,0.97,3.64,7.4,11.2,32.8,80.8,1.3,OFF-05_METER,正常
TEACH-01,教学楼,2026-07-21 20:00,28.28,2.04,5.71,7.5,11.2,34.3,73.3,0.6,TEACH-01_METER,正常
TEACH-02,教学楼,2026-07-21 20:00,14.85,1.99,5.91,6.7,11.2,34.4,76.4,0.4,TEACH-02_METER,正常
TEACH-03,教学楼,2026-07-21 20:00,34.05,1.9,6.11,7.3,11.4,34.6,79.8,1.9,TEACH-03_METER,正常
LIB-01,公共机构,2026-07-21 20:00,66.22,1.82,4.63,7.4,12.6,34.6,74.4,0.9,LIB-01_METER,正常
GYM-01,公共机构,2026-07-21 20:00,60.43,1.74,3.23,6.3,10.0,32.3,79.3,4.1,GYM-01_METER,正常
OFF-01,办公楼,2026-07-21 21:00,31.03,1.69,4.34,6.9,11.9,34.4,77.4,1.4,OFF-01_METER,正常
OFF-02,办公楼,2026-07-21 21:00,38.26,1.65,4.49,8.6,13.1,34.5,81.7,2.1,OFF-02_METER,正常
OFF-03,办公楼,2026-07-21 21:00,23.82,1.02,5.21,8.2,12.5,35.3,74.0,2.8,OFF-03_METER,正常
OFF-04,办公楼,2026-07-21 21:00,23.56,1.3,3.47,7.1,12.3,32.8,69.7,2.8,OFF-04_METER,正常
OFF-05,办公楼,2026-07-21 21:00,26.42,0.96,3.65,5.9,11.4,33.1,78.6,1.3,OFF-05_METER,正常
TEACH-01,教学楼,2026-07-21 21:00,19.54,2.76,6.47,6.6,10.6,34.6,81.3,1.6,TEACH-01_METER,正常
TEACH-02,教学楼,2026-07-21 21:00,27.24,1.91,6.47,6.3,10.0,34.8,74.4,1.0,TEACH-02_METER,正常
TEACH-03,教学楼,2026-07-21 21:00,23.47,2.61,4.29,7.6,11.9,31.9,74.5,0.3,TEACH-03_METER,正常
LIB-01,公共机构,2026-07-21 21:00,63.84,1.81,4.27,6.1,10.7,33.7,70.9,4.9,LIB-01_METER,异常
GYM-01,公共机构,2026-07-21 21:00,103.13,3.18,4.04,7.3,11.6,33.4,68.9,0.7,GYM-01_METER,正常
OFF-01,办公楼,2026-07-21 22:00,24.1,0.99,4.61,8.2,13.8,34.6,76.0,4.1,OFF-01_METER,正常
OFF-02,办公楼,2026-07-21 22:00,28.21,1.31,5.02,8.2,12.0,35.3,69.9,4.9,OFF-02_METER,正常
OFF-03,办公楼,2026-07-21 22:00,31.73,1.27,4.13,6.3,10.6,33.7,75.2,4.8,OFF-03_METER,正常
OFF-04,办公楼,2026-07-21 22:00,14.64,1.28,2.86,7.2,11.4,31.4,73.4,1.4,OFF-04_METER,正常
OFF-05,办公楼,2026-07-21 22:00,30.14,1.23,3.27,5.9,10.0,32.1,75.8,3.8,OFF-05_METER,正常
TEACH-01,教学楼,2026-07-21 22:00,18.34,2.18,4.84,9.3,12.8,33.1,78.9,1.6,TEACH-01_METER,正常
TEACH-02,教学楼,2026-07-21 22:00,23.64,2.03,4.87,7.0,11.2,32.5,72.7,1.3,TEACH-02_METER,正常
TEACH-03,教学楼,2026-07-21 22:00,24.51,1.87,5.24,7.4,12.4,33.3,78.6,0.3,TEACH-03_METER,正常
LIB-01,公共机构,2026-07-21 22:00,28.31,1.5,2.67,8.0,13.2,31.2,76.4,3.0,LIB-01_METER,正常
GYM-01,公共机构,2026-07-21 22:00,29.26,1.51,3.46,7.2,11.3,32.3,75.4,3.3,GYM-01_METER,正常
OFF-01,办公楼,2026-07-21 23:00,32.71,1.21,3.17,7.1,12.1,32.1,78.7,1.4,OFF-01_METER,正常
OFF-02,办公楼,2026-07-21 23:00,18.77,0.94,2.4,9.1,13.0,30.6,75.2,1.4,OFF-02_METER,正常
OFF-03,办公楼,2026-07-21 23:00,25.81,0.95,3.43,7.7,11.9,32.2,68.6,4.1,OFF-03_METER,正常
OFF-04,办公楼,2026-07-21 23:00,18.05,1.22,2.72,6.6,11.0,31.3,70.5,4.2,OFF-04_METER,正常
OFF-05,办公楼,2026-07-21 23:00,21.58,1.13,3.95,6.1,10.9,33.5,74.6,2.7,OFF-05_METER,正常
TEACH-01,教学楼,2026-07-21 23:00,30.33,1.85,6.51,7.7,13.1,35.4,87.3,1.2,TEACH-01_METER,正常
TEACH-02,教学楼,2026-07-21 23:00,19.89,1.86,3.9,5.9,10.4,31.3,76.1,1.0,TEACH-02_METER,正常
TEACH-03,教学楼,2026-07-21 23:00,31.44,1.91,4.25,6.7,11.5,32.2,74.6,1.7,TEACH-03_METER,正常
LIB-01,公共机构,2026-07-21 23:00,31.84,1.58,5.12,7.1,11.8,35.1,71.0,4.8,LIB-01_METER,正常
GYM-01,公共机构,2026-07-21 23:00,33.41,1.56,3.75,6.8,10.4,33.1,75.9,4.5,GYM-01_METER,正常
OFF-01,办公楼,2026-07-22 00:00,25.16,0.94,0.69,7.1,11.0,27.3,75.3,2.1,OFF-01_METER,正常
OFF-02,办公楼,2026-07-22 00:00,29.59,1.38,0.01,7.6,12.3,26.0,63.1,3.6,OFF-02_METER,正常
OFF-03,办公楼,2026-07-22 00:00,20.78,1.31,0.0,8.2,12.9,25.0,61.2,0.9,OFF-03_METER,正常
OFF-04,办公楼,2026-07-22 00:00,21.21,2.48,0.0,8.0,11.9,25.0,71.3,4.8,OFF-04_METER,正常
OFF-05,办公楼,2026-07-22 00:00,26.0,1.0,0.0,6.0,10.0,25.0,66.8,1.0,OFF-05_METER,正常
TEACH-01,教学楼,2026-07-22 00:00,13.29,1.99,0.0,6.3,10.7,25.0,69.1,1.9,TEACH-01_METER,正常
TEACH-02,教学楼,2026-07-22 00:00,29.51,2.1,0.0,7.8,13.5,25.0,64.9,2.0,TEACH-02_METER,正常
TEACH-03,教学楼,2026-07-22 00:00,18.39,2.06,0.0,7.0,12.4,25.0,62.2,0.7,TEACH-03_METER,正常
LIB-01,公共机构,2026-07-22 00:00,33.92,1.77,0.0,6.2,12.4,25.0,67.2,0.6,LIB-01_METER,正常
GYM-01,公共机构,2026-07-22 00:00,34.98,1.92,0.0,5.7,10.0,25.0,71.3,3.8,GYM-01_METER,正常
OFF-01,办公楼,2026-07-22 01:00,24.44,1.32,0.0,7.4,12.7,25.0,66.8,2.0,OFF-01_METER,正常
OFF-02,办公楼,2026-07-22 01:00,14.92,0.98,0.0,7.0,11.6,25.6,69.0,4.1,OFF-02_METER,正常
OFF-03,办公楼,2026-07-22 01:00,27.01,1.56,0.48,8.8,13.6,26.9,66.9,3.2,OFF-03_METER,正常
OFF-04,办公楼,2026-07-22 01:00,28.53,1.12,0.0,7.9,11.3,25.0,68.4,2.8,OFF-04_METER,正常
OFF-05,办公楼,2026-07-22 01:00,21.15,1.1,0.0,6.7,11.8,25.0,63.8,1.1,OFF-05_METER,正常
TEACH-01,教学楼,2026-07-22 01:00,19.81,2.02,0.0,7.0,10.4,25.0,61.1,0.5,TEACH-01_METER,正常
TEACH-02,教学楼,2026-07-22 01:00,7.9,1.85,0.0,7.7,12.0,25.0,61.6,1.9,TEACH-02_METER,正常
TEACH-03,教学楼,2026-07-22 01:00,23.09,2.95,0.0,7.1,12.6,25.6,71.8,1.0,TEACH-03_METER,正常
LIB-01,公共机构,2026-07-22 01:00,28.53,2.32,0.0,8.0,13.1,25.0,67.7,1.0,LIB-01_METER,正常
GYM-01,公共机构,2026-07-22 01:00,27.61,1.54,0.0,6.7,11.0,25.0,69.8,1.0,GYM-01_METER,正常
OFF-01,办公楼,2026-07-22 02:00,16.57,1.11,0.0,6.4,11.3,25.0,67.5,3.1,OFF-01_METER,正常
OFF-02,办公楼,2026-07-22 02:00,16.78,1.24,0.0,6.3,10.4,25.0,66.3,3.9,OFF-02_METER,正常
OFF-03,办公楼,2026-07-22 02:00,25.6,1.02,0.4,6.0,11.8,26.7,62.3,2.9,OFF-03_METER,正常
OFF-04,办公楼,2026-07-22 02:00,22.61,1.09,0.0,6.7,10.5,25.0,70.2,3.8,OFF-04_METER,正常
OFF-05,办公楼,2026-07-22 02:00,9.98,1.01,0.5,7.7,12.6,26.9,60.8,0.7,OFF-05_METER,正常
TEACH-01,教学楼,2026-07-22 02:00,15.01,1.93,0.0,6.1,10.3,25.0,72.3,1.4,TEACH-01_METER,正常
TEACH-02,教学楼,2026-07-22 02:00,20.12,2.24,0.0,7.3,11.1,25.6,73.7,1.1,TEACH-02_METER,正常
TEACH-03,教学楼,2026-07-22 02:00,27.16,1.97,0.36,6.0,10.6,26.5,70.5,0.2,TEACH-03_METER,正常
LIB-01,公共机构,2026-07-22 02:00,31.3,1.92,0.0,8.0,11.8,25.0,70.9,1.6,LIB-01_METER,正常
GYM-01,公共机构,2026-07-22 02:00,21.16,1.6,0.0,7.4,11.6,25.0,66.8,4.0,GYM-01_METER,正常
OFF-01,办公楼,2026-07-22 03:00,23.17,1.4,1.16,5.2,10.0,28.2,68.7,4.9,OFF-01_METER,正常
OFF-02,办公楼,2026-07-22 03:00,21.53,1.11,0.51,6.7,12.0,26.9,75.0,0.8,OFF-02_METER,正常
OFF-03,办公楼,2026-07-22 03:00,31.98,1.03,0.44,7.7,12.6,26.8,71.8,4.3,OFF-03_METER,正常
OFF-04,办公楼,2026-07-22 03:00,23.72,1.4,0.0,5.9,11.3,25.9,64.4,2.9,OFF-04_METER,正常
OFF-05,办公楼,2026-07-22 03:00,24.47,1.07,0.0,7.4,12.6,25.0,59.6,3.3,OFF-05_METER,正常
TEACH-01,教学楼,2026-07-22 03:00,14.38,1.91,0.0,7.8,12.7,25.0,60.9,0.1,TEACH-01_METER,正常
TEACH-02,教学楼,2026-07-22 03:00,20.52,1.85,0.86,7.2,12.7,27.2,67.7,0.4,TEACH-02_METER,正常
TEACH-03,教学楼,2026-07-22 03:00,19.88,1.9,2.23,6.8,11.4,29.2,74.7,0.6,TEACH-03_METER,正常
LIB-01,公共机构,2026-07-22 03:00,27.38,1.77,0.0,7.1,10.5,25.9,71.3,3.1,LIB-01_METER,正常
GYM-01,公共机构,2026-07-22 03:00,36.67,1.64,0.0,6.8,11.7,25.4,67.0,2.3,GYM-01_METER,正常
OFF-01,办公楼,2026-07-22 04:00,23.37,1.09,0.0,6.9,12.3,25.0,65.4,3.4,OFF-01_METER,正常
OFF-02,办公楼,2026-07-22 04:00,32.8,1.07,0.9,7.8,12.3,27.7,64.4,2.0,OFF-02_METER,正常
OFF-03,办公楼,2026-07-22 04:00,21.98,0.91,0.0,8.2,12.1,25.4,67.2,1.8,OFF-03_METER,正常
OFF-04,办公楼,2026-07-22 04:00,21.8,2.32,1.18,7.3,11.9,28.1,67.2,4.7,OFF-04_METER,正常
OFF-05,办公楼,2026-07-22 04:00,19.76,0.95,0.87,5.2,10.9,27.6,65.5,4.2,OFF-05_METER,正常
TEACH-01,教学楼,2026-07-22 04:00,16.69,2.27,0.3,7.0,11.4,26.4,59.7,0.8,TEACH-01_METER,正常
TEACH-02,教学楼,2026-07-22 04:00,21.56,1.93,0.69,8.1,12.9,27.0,65.7,1.5,TEACH-02_METER,正常
TEACH-03,教学楼,2026-07-22 04:00,20.57,1.93,0.0,7.6,11.3,25.0,70.4,0.6,TEACH-03_METER,正常
LIB-01,公共机构,2026-07-22 04:00,29.25,2.22,0.14,7.7,11.2,26.3,64.7,2.8,LIB-01_METER,正常
GYM-01,公共机构,2026-07-22 04:00,27.93,1.66,0.0,5.8,10.0,25.8,66.7,2.9,GYM-01_METER,正常
OFF-01,办公楼,2026-07-22 05:00,17.05,1.12,0.0,6.6,10.2,25.8,64.4,4.9,OFF-01_METER,正常
OFF-02,办公楼,2026-07-22 05:00,27.92,1.03,0.74,6.3,10.0,27.3,72.8,3.2,OFF-02_METER,正常
OFF-03,办公楼,2026-07-22 05:00,18.41,1.3,0.0,6.6,11.8,25.0,71.6,3.1,OFF-03_METER,正常
OFF-04,办公楼,2026-07-22 05:00,23.33,1.0,0.36,8.3,12.7,26.7,65.3,2.8,OFF-04_METER,正常
OFF-05,办公楼,2026-07-22 05:00,20.75,0.91,0.13,9.0,13.3,26.2,65.3,1.3,OFF-05_METER,正常
TEACH-01,教学楼,2026-07-22 05:00,17.39,2.67,0.0,6.3,10.5,25.8,73.1,0.7,TEACH-01_METER,正常
TEACH-02,教学楼,2026-07-22 05:00,27.12,2.28,0.0,6.5,12.1,25.7,65.8,0.1,TEACH-02_METER,正常
TEACH-03,教学楼,2026-07-22 05:00,16.39,2.59,2.04,5.7,11.1,29.0,64.6,1.8,TEACH-03_METER,正常
LIB-01,公共机构,2026-07-22 05:00,37.56,1.7,0.93,7.9,12.1,27.7,68.5,4.5,LIB-01_METER,正常
GYM-01,公共机构,2026-07-22 05:00,27.72,1.75,1.7,7.6,12.7,29.1,76.3,0.8,GYM-01_METER,正常
OFF-01,办公楼,2026-07-22 06:00,33.39,0.93,0.0,8.4,12.5,25.0,70.1,0.8,OFF-01_METER,正常
OFF-02,办公楼,2026-07-22 06:00,28.91,1.06,0.37,6.5,12.4,26.7,66.0,3.2,OFF-02_METER,正常
OFF-03,办公楼,2026-07-22 06:00,21.89,1.06,0.21,7.7,12.2,26.4,70.6,2.6,OFF-03_METER,正常
OFF-04,办公楼,2026-07-22 06:00,32.51,0.9,1.69,7.3,12.0,29.2,69.3,1.6,OFF-04_METER,正常
OFF-05,办公楼,2026-07-22 06:00,15.5,0.96,1.12,5.3,10.0,28.1,65.1,4.2,OFF-05_METER,正常
TEACH-01,教学楼,2026-07-22 06:00,11.33,2.1,1.68,7.9,12.2,28.3,58.7,0.6,TEACH-01_METER,正常
TEACH-02,教学楼,2026-07-22 06:00,19.48,2.17,0.15,6.7,10.3,26.2,56.8,1.3,TEACH-02_METER,正常
TEACH-03,教学楼,2026-07-22 06:00,16.95,2.66,2.98,6.7,10.8,30.0,72.2,1.4,TEACH-03_METER,正常
LIB-01,公共机构,2026-07-22 06:00,38.78,1.74,1.41,7.5,12.3,28.6,64.8,4.1,LIB-01_METER,正常
GYM-01,公共机构,2026-07-22 06:00,29.78,2.71,0.88,6.8,11.5,27.7,68.6,0.6,GYM-01_METER,正常
OFF-01,办公楼,2026-07-22 07:00,16.45,1.09,2.41,7.0,11.6,30.7,79.4,3.4,OFF-01_METER,异常
OFF-02,办公楼,2026-07-22 07:00,28.21,1.36,2.14,7.3,12.2,29.9,73.8,4.8,OFF-02_METER,正常
OFF-03,办公楼,2026-07-22 07:00,24.98,1.38,2.28,6.9,11.7,30.4,72.5,3.3,OFF-03_METER,正常
OFF-04,办公楼,2026-07-22 07:00,27.54,0.97,1.34,7.5,12.7,28.4,75.8,1.2,OFF-04_METER,正常
OFF-05,办公楼,2026-07-22 07:00,18.68,1.04,1.05,6.0,11.7,27.9,78.4,3.8,OFF-05_METER,正常
TEACH-01,教学楼,2026-07-22 07:00,20.25,1.82,4.37,7.2,11.2,31.9,69.6,0.6,TEACH-01_METER,异常
TEACH-02,教学楼,2026-07-22 07:00,11.07,1.84,1.06,8.1,13.0,27.5,74.8,0.7,TEACH-02_METER,正常
TEACH-03,教学楼,2026-07-22 07:00,21.31,2.19,2.37,6.0,10.9,29.2,74.2,0.9,TEACH-03_METER,正常
LIB-01,公共机构,2026-07-22 07:00,39.99,1.53,0.01,6.7,12.0,26.0,59.8,0.7,LIB-01_METER,正常
GYM-01,公共机构,2026-07-22 07:00,38.34,1.54,2.17,7.5,11.4,29.9,67.3,2.2,GYM-01_METER,正常
OFF-01,办公楼,2026-07-22 08:00,88.09,3.57,3.68,8.3,14.4,32.7,74.4,19.4,OFF-01_METER,正常
OFF-02,办公楼,2026-07-22 08:00,79.13,3.15,1.14,5.9,10.4,28.1,73.4,24.2,OFF-02_METER,正常
OFF-03,办公楼,2026-07-22 08:00,86.16,2.94,1.99,7.4,11.6,29.7,66.5,15.2,OFF-03_METER,正常
OFF-04,办公楼,2026-07-22 08:00,98.86,2.79,1.9,5.6,10.0,29.4,78.0,23.3,OFF-04_METER,正常
OFF-05,办公楼,2026-07-22 08:00,82.82,3.37,2.21,7.1,12.2,30.1,75.1,24.9,OFF-05_METER,正常
TEACH-01,教学楼,2026-07-22 08:00,131.59,6.51,4.3,5.8,10.0,31.8,73.7,29.9,TEACH-01_METER,正常
TEACH-02,教学楼,2026-07-22 08:00,142.53,5.54,2.21,7.3,12.9,29.1,71.0,35.9,TEACH-02_METER,正常
TEACH-03,教学楼,2026-07-22 08:00,113.17,5.55,1.98,8.4,12.7,28.9,72.2,36.5,TEACH-03_METER,正常
LIB-01,公共机构,2026-07-22 08:00,33.04,4.59,1.26,6.6,10.3,28.2,71.2,14.9,LIB-01_METER,正常
GYM-01,公共机构,2026-07-22 08:00,23.35,4.52,0.0,7.4,13.2,25.5,65.3,18.4,GYM-01_METER,正常
OFF-01,办公楼,2026-07-22 09:00,96.59,3.0,4.81,7.7,11.3,33.2,77.5,22.5,OFF-01_METER,正常
OFF-02,办公楼,2026-07-22 09:00,67.62,3.39,3.22,6.2,10.9,30.7,70.5,19.9,OFF-02_METER,正常
OFF-03,办公楼,2026-07-22 09:00,95.58,2.73,3.44,8.0,11.9,30.9,70.5,19.8,OFF-03_METER,正常
OFF-04,办公楼,2026-07-22 09:00,69.08,2.71,2.66,7.5,12.0,29.8,66.3,24.0,OFF-04_METER,正常
OFF-05,办公楼,2026-07-22 09:00,72.63,3.42,1.1,5.9,10.4,27.6,77.5,18.2,OFF-05_METER,正常
TEACH-01,教学楼,2026-07-22 09:00,115.36,5.49,4.26,6.9,11.7,30.8,69.7,33.5,TEACH-01_METER,正常
TEACH-02,教学楼,2026-07-22 09:00,119.59,5.58,4.92,7.3,12.4,31.5,80.3,37.5,TEACH-02_METER,正常
TEACH-03,教学楼,2026-07-22 09:00,111.73,5.46,4.22,6.3,10.0,30.7,76.4,29.9,TEACH-03_METER,正常
LIB-01,公共机构,2026-07-22 09:00,77.11,4.79,2.42,7.6,11.3,29.4,74.1,10.4,LIB-01_METER,正常
GYM-01,公共机构,2026-07-22 09:00,62.42,4.64,5.69,7.7,13.2,34.3,78.2,18.1,GYM-01_METER,正常
OFF-01,办公楼,2026-07-22 10:00,66.94,2.89,3.77,7.0,11.7,31.3,69.5,17.7,OFF-01_METER,正常
OFF-02,办公楼,2026-07-22 10:00,71.09,3.02,6.2,7.0,11.8,34.4,63.1,18.2,OFF-02_METER,正常
OFF-03,办公楼,2026-07-22 10:00,67.61,3.12,2.48,7.0,11.7,29.4,76.0,22.9,OFF-03_METER,正常
OFF-04,办公楼,2026-07-22 10:00,91.55,2.87,3.07,8.4,13.0,30.5,74.1,16.3,OFF-04_METER,正常
OFF-05,办公楼,2026-07-22 10:00,79.7,2.84,4.92,7.1,10.1,33.1,70.3,15.7,OFF-05_METER,正常
TEACH-01,教学楼,2026-07-22 10:00,108.37,5.64,5.05,5.8,10.3,31.7,73.3,28.1,TEACH-01_METER,正常
TEACH-02,教学楼,2026-07-22 10:00,147.18,5.45,5.53,7.4,12.3,32.2,77.2,36.5,TEACH-02_METER,正常
TEACH-03,教学楼,2026-07-22 10:00,96.24,5.4,2.97,8.5,12.1,29.2,72.0,30.3,TEACH-03_METER,正常
LIB-01,公共机构,2026-07-22 10:00,88.39,5.07,3.01,5.2,10.0,30.5,76.9,16.4,LIB-01_METER,正常
GYM-01,公共机构,2026-07-22 10:00,74.08,4.54,3.16,7.4,11.5,30.5,79.4,12.9,GYM-01_METER,正常
OFF-01,办公楼,2026-07-22 11:00,88.03,2.96,1.74,7.4,12.1,28.5,69.2,18.0,OFF-01_METER,正常
OFF-02,办公楼,2026-07-22 11:00,91.69,2.71,4.82,8.0,11.5,32.8,68.5,15.8,OFF-02_METER,正常
OFF-03,办公楼,2026-07-22 11:00,97.44,3.14,3.5,7.3,11.2,31.1,75.9,22.4,OFF-03_METER,正常
OFF-04,办公楼,2026-07-22 11:00,81.96,2.88,3.12,7.5,12.5,30.6,62.7,15.5,OFF-04_METER,正常
OFF-05,办公楼,2026-07-22 11:00,80.93,2.86,3.54,7.2,11.8,30.9,68.6,17.0,OFF-05_METER,正常
TEACH-01,教学楼,2026-07-22 11:00,115.55,5.57,7.14,6.1,10.3,33.5,71.3,34.8,TEACH-01_METER,正常
TEACH-02,教学楼,2026-07-22 11:00,92.32,5.63,5.14,6.9,10.5,31.3,76.0,38.4,TEACH-02_METER,正常
TEACH-03,教学楼,2026-07-22 11:00,96.42,5.49,5.68,5.8,10.5,32.2,73.2,38.2,TEACH-03_METER,正常
LIB-01,公共机构,2026-07-22 11:00,111.1,4.99,3.7,6.3,11.5,31.3,75.5,14.4,LIB-01_METER,正常
GYM-01,公共机构,2026-07-22 11:00,56.03,4.53,3.13,7.2,10.9,30.3,74.0,17.4,GYM-01_METER,正常
OFF-01,办公楼,2026-07-22 12:00,98.79,3.0,6.05,8.6,12.6,34.5,76.7,23.8,OFF-01_METER,正常
OFF-02,办公楼,2026-07-22 12:00,93.74,3.01,3.53,6.5,10.7,30.9,77.0,24.0,OFF-02_METER,正常
OFF-03,办公楼,2026-07-22 12:00,98.7,3.03,4.78,5.6,10.3,33.1,77.4,24.0,OFF-03_METER,正常
OFF-04,办公楼,2026-07-22 12:00,101.23,2.82,5.22,7.0,12.4,33.7,84.9,23.5,OFF-04_METER,正常
OFF-05,办公楼,2026-07-22 12:00,71.76,2.93,3.41,7.0,11.3,31.0,61.6,22.8,OFF-05_METER,正常
TEACH-01,教学楼,2026-07-22 12:00,109.03,5.47,6.55,6.5,11.1,32.8,74.2,31.0,TEACH-01_METER,正常
TEACH-02,教学楼,2026-07-22 12:00,117.47,5.78,3.95,8.0,12.3,30.4,70.9,38.5,TEACH-02_METER,正常
TEACH-03,教学楼,2026-07-22 12:00,144.15,5.43,5.1,8.2,13.3,31.7,67.4,28.9,TEACH-03_METER,正常
LIB-01,公共机构,2026-07-22 12:00,68.46,4.74,4.33,5.5,10.0,31.9,68.2,12.1,LIB-01_METER,正常
GYM-01,公共机构,2026-07-22 12:00,101.59,4.66,2.78,7.6,11.8,30.1,71.0,19.4,GYM-01_METER,正常
OFF-01,办公楼,2026-07-22 13:00,91.24,2.76,5.41,7.1,10.2,33.3,76.6,16.5,OFF-01_METER,正常
OFF-02,办公楼,2026-07-22 13:00,84.42,2.83,7.17,6.6,11.0,36.0,71.6,23.1,OFF-02_METER,正常
OFF-03,办公楼,2026-07-22 13:00,90.19,2.75,5.48,7.8,11.6,33.5,68.3,17.5,OFF-03_METER,正常
OFF-04,办公楼,2026-07-22 13:00,91.4,2.97,6.29,5.9,10.1,35.4,79.5,24.3,OFF-04_METER,正常
OFF-05,办公楼,2026-07-22 13:00,78.97,2.81,5.28,6.6,10.0,33.7,78.4,21.1,OFF-05_METER,正常
TEACH-01,教学楼,2026-07-22 13:00,133.09,5.66,5.74,6.3,10.0,32.0,72.4,37.2,TEACH-01_METER,正常
TEACH-02,教学楼,2026-07-22 13:00,87.71,5.42,3.8,7.6,11.3,30.1,75.1,26.0,TEACH-02_METER,正常
TEACH-03,教学楼,2026-07-22 13:00,105.51,6.31,7.94,7.8,13.1,34.9,78.7,32.8,TEACH-03_METER,正常
LIB-01,公共机构,2026-07-22 13:00,64.41,4.61,4.13,8.7,13.8,31.8,78.9,12.8,LIB-01_METER,正常
GYM-01,公共机构,2026-07-22 13:00,89.53,4.62,3.07,7.5,11.2,30.5,64.7,11.5,GYM-01_METER,正常
OFF-01,办公楼,2026-07-22 14:00,74.26,2.87,3.95,8.1,12.6,31.9,73.0,23.0,OFF-01_METER,正常
OFF-02,办公楼,2026-07-22 14:00,96.64,2.99,7.12,5.0,10.0,36.0,77.1,15.9,OFF-02_METER,正常
OFF-03,办公楼,2026-07-22 14:00,77.53,2.85,5.33,5.9,10.0,33.7,76.6,18.0,OFF-03_METER,正常
OFF-04,办公楼,2026-07-22 14:00,82.28,3.18,3.32,6.0,10.6,30.6,73.3,21.1,OFF-04_METER,正常
OFF-05,办公楼,2026-07-22 14:00,91.19,2.86,5.05,6.9,11.8,33.0,80.6,20.9,OFF-05_METER,正常
TEACH-01,教学楼,2026-07-22 14:00,95.48,5.45,8.0,5.7,10.0,34.1,77.4,34.9,TEACH-01_METER,正常
TEACH-02,教学楼,2026-07-22 14:00,122.29,5.59,5.08,6.0,10.3,31.4,76.9,36.6,TEACH-02_METER,正常
TEACH-03,教学楼,2026-07-22 14:00,118.67,5.88,4.73,6.8,11.3,31.0,67.9,28.6,TEACH-03_METER,正常
LIB-01,公共机构,2026-07-22 14:00,91.38,4.6,3.87,7.3,11.9,31.8,83.0,13.7,LIB-01_METER,正常
GYM-01,公共机构,2026-07-22 14:00,109.94,4.84,3.61,7.2,11.4,31.0,70.0,18.9,GYM-01_METER,正常
OFF-01,办公楼,2026-07-22 15:00,69.19,2.85,5.09,7.0,10.6,33.4,76.3,16.7,OFF-01_METER,正常
OFF-02,办公楼,2026-07-22 15:00,104.67,3.27,4.19,7.1,11.1,31.8,81.4,18.3,OFF-02_METER,正常
OFF-03,办公楼,2026-07-22 15:00,82.64,2.77,5.17,8.6,13.0,33.1,70.4,20.7,OFF-03_METER,正常
OFF-04,办公楼,2026-07-22 15:00,70.43,3.95,5.37,7.5,12.4,33.8,80.7,15.5,OFF-04_METER,正常
OFF-05,办公楼,2026-07-22 15:00,78.73,2.76,4.26,7.4,12.1,32.3,76.4,15.7,OFF-05_METER,正常
TEACH-01,教学楼,2026-07-22 15:00,134.15,6.19,8.43,7.9,13.5,35.5,77.4,31.0,TEACH-01_METER,正常
TEACH-02,教学楼,2026-07-22 15:00,104.54,5.52,7.25,5.6,10.4,33.6,79.0,36.8,TEACH-02_METER,正常
TEACH-03,教学楼,2026-07-22 15:00,142.32,5.56,7.93,6.2,11.9,34.2,79.3,36.0,TEACH-03_METER,正常
LIB-01,公共机构,2026-07-22 15:00,57.85,4.65,4.49,7.0,11.9,32.3,72.5,11.8,LIB-01_METER,正常
GYM-01,公共机构,2026-07-22 15:00,98.53,4.83,6.79,7.2,12.2,36.0,67.2,18.5,GYM-01_METER,正常
OFF-01,办公楼,2026-07-22 16:00,96.39,2.78,5.87,6.0,10.9,34.7,80.6,21.1,OFF-01_METER,正常
OFF-02,办公楼,2026-07-22 16:00,103.76,3.16,4.3,6.3,11.2,32.4,81.5,21.2,OFF-02_METER,正常
OFF-03,办公楼,2026-07-22 16:00,82.0,2.71,5.39,5.0,10.0,33.6,69.0,17.4,OFF-03_METER,正常
OFF-04,办公楼,2026-07-22 16:00,107.32,2.75,5.0,7.1,12.2,33.2,81.7,20.2,OFF-04_METER,正常
OFF-05,办公楼,2026-07-22 16:00,84.49,3.0,4.06,7.5,12.8,32.0,73.6,15.1,OFF-05_METER,正常
TEACH-01,教学楼,2026-07-22 16:00,116.24,5.71,4.84,6.0,11.4,31.1,82.1,33.7,TEACH-01_METER,正常
TEACH-02,教学楼,2026-07-22 16:00,104.14,5.58,7.96,8.1,13.8,34.2,79.4,25.3,TEACH-02_METER,正常
TEACH-03,教学楼,2026-07-22 16:00,112.59,5.84,5.19,6.2,11.3,31.8,72.3,38.3,TEACH-03_METER,正常
LIB-01,公共机构,2026-07-22 16:00,111.53,4.58,4.96,7.1,11.9,33.1,73.5,12.2,LIB-01_METER,正常
GYM-01,公共机构,2026-07-22 16:00,117.61,4.7,6.11,7.1,11.3,34.9,86.5,16.9,GYM-01_METER,正常
OFF-01,办公楼,2026-07-22 17:00,76.69,2.73,5.23,7.0,10.3,33.1,79.9,21.0,OFF-01_METER,正常
OFF-02,办公楼,2026-07-22 17:00,65.12,3.12,6.05,7.3,11.5,34.9,81.4,15.9,OFF-02_METER,正常
OFF-03,办公楼,2026-07-22 17:00,88.24,2.7,6.09,7.2,11.9,34.7,73.5,20.1,OFF-03_METER,正常
OFF-04,办公楼,2026-07-22 17:00,72.31,3.03,6.84,6.2,12.2,36.0,82.6,20.9,OFF-04_METER,正常
OFF-05,办公楼,2026-07-22 17:00,84.34,3.31,5.11,6.7,12.0,33.1,77.8,18.1,OFF-05_METER,正常
TEACH-01,教学楼,2026-07-22 17:00,120.99,5.69,6.33,8.4,11.1,32.8,76.8,34.5,TEACH-01_METER,正常
TEACH-02,教学楼,2026-07-22 17:00,100.36,5.57,5.86,7.8,11.7,32.3,81.9,28.6,TEACH-02_METER,正常
TEACH-03,教学楼,2026-07-22 17:00,106.29,5.4,5.66,8.8,13.5,31.9,78.2,29.4,TEACH-03_METER,正常
LIB-01,公共机构,2026-07-22 17:00,83.53,4.67,5.98,5.8,10.0,34.9,81.7,15.9,LIB-01_METER,正常
GYM-01,公共机构,2026-07-22 17:00,80.89,5.02,3.97,7.9,13.3,31.5,70.0,19.5,GYM-01_METER,正常
OFF-01,办公楼,2026-07-22 18:00,99.37,3.01,5.07,6.7,12.0,35.9,82.1,17.6,OFF-01_METER,正常
OFF-02,办公楼,2026-07-22 18:00,99.21,3.23,3.22,7.4,12.3,32.2,81.9,22.0,OFF-02_METER,正常
OFF-03,办公楼,2026-07-22 18:00,67.4,2.74,5.42,7.2,12.1,35.7,83.5,22.4,OFF-03_METER,正常
OFF-04,办公楼,2026-07-22 18:00,100.92,3.05,3.86,6.7,11.6,33.4,81.6,22.8,OFF-04_METER,正常
OFF-05,办公楼,2026-07-22 18:00,100.59,3.1,4.58,6.8,11.8,34.5,80.6,21.0,OFF-05_METER,正常
TEACH-01,教学楼,2026-07-22 18:00,124.67,5.69,5.46,6.8,10.1,33.6,76.0,39.6,TEACH-01_METER,正常
TEACH-02,教学楼,2026-07-22 18:00,136.6,5.44,6.92,7.7,10.8,36.0,87.8,36.0,TEACH-02_METER,正常
TEACH-03,教学楼,2026-07-22 18:00,84.11,5.63,5.2,8.4,12.1,33.4,82.7,29.5,TEACH-03_METER,正常
LIB-01,公共机构,2026-07-22 18:00,85.26,4.59,4.74,7.0,11.9,34.3,83.0,18.5,LIB-01_METER,正常
GYM-01,公共机构,2026-07-22 18:00,85.27,4.5,5.42,7.2,11.9,36.0,78.7,10.1,GYM-01_METER,正常
OFF-01,办公楼,2026-07-22 19:00,27.85,1.45,2.35,8.0,11.1,30.2,70.9,0.5,OFF-01_METER,正常
OFF-02,办公楼,2026-07-22 19:00,31.55,1.02,4.36,6.0,10.0,34.3,82.1,3.9,OFF-02_METER,正常
OFF-03,办公楼,2026-07-22 19:00,37.93,0.92,3.8,6.9,10.5,33.0,83.5,3.0,OFF-03_METER,正常
OFF-04,办公楼,2026-07-22 19:00,28.97,1.42,3.75,6.0,10.1,33.0,71.1,4.0,OFF-04_METER,正常
OFF-05,办公楼,2026-07-22 19:00,30.86,3.27,5.39,6.3,11.4,36.0,76.6,3.0,OFF-05_METER,正常
TEACH-01,教学楼,2026-07-22 19:00,18.93,2.42,4.61,6.4,10.0,32.7,77.8,1.5,TEACH-01_METER,正常
TEACH-02,教学楼,2026-07-22 19:00,27.24,1.93,5.27,6.5,10.5,33.7,74.7,1.7,TEACH-02_METER,正常
TEACH-03,教学楼,2026-07-22 19:00,29.44,2.26,5.09,5.4,10.0,33.1,67.5,0.5,TEACH-03_METER,正常
LIB-01,公共机构,2026-07-22 19:00,87.58,1.54,4.62,7.7,13.3,34.6,80.8,3.8,LIB-01_METER,正常
GYM-01,公共机构,2026-07-22 19:00,87.58,1.59,2.9,6.1,10.0,31.3,73.0,3.6,GYM-01_METER,正常
OFF-01,办公楼,2026-07-22 20:00,36.39,0.96,4.36,8.8,14.0,33.9,76.7,1.3,OFF-01_METER,正常
OFF-02,办公楼,2026-07-22 20:00,27.98,0.9,5.12,8.4,12.4,35.2,69.5,1.3,OFF-02_METER,正常
OFF-03,办公楼,2026-07-22 20:00,27.87,0.97,3.19,7.8,12.6,32.0,79.1,1.2,OFF-03_METER,正常
OFF-04,办公楼,2026-07-22 20:00,31.88,1.09,3.36,5.8,10.8,32.4,78.5,0.6,OFF-04_METER,正常
OFF-05,办公楼,2026-07-22 20:00,28.89,1.11,3.76,6.2,10.0,32.9,72.7,4.7,OFF-05_METER,正常
TEACH-01,教学楼,2026-07-22 20:00,20.18,2.01,5.83,6.8,11.1,33.9,65.9,1.5,TEACH-01_METER,正常
TEACH-02,教学楼,2026-07-22 20:00,18.97,2.01,4.25,7.4,11.8,31.9,79.1,1.7,TEACH-02_METER,正常
TEACH-03,教学楼,2026-07-22 20:00,22.25,2.35,4.51,6.7,11.4,32.0,71.3,0.5,TEACH-03_METER,正常
LIB-01,公共机构,2026-07-22 20:00,105.1,1.7,4.08,7.7,11.7,33.3,74.5,3.7,LIB-01_METER,正常
GYM-01,公共机构,2026-07-22 20:00,115.83,1.52,4.55,7.1,10.8,34.5,78.8,2.5,GYM-01_METER,正常
OFF-01,办公楼,2026-07-22 21:00,24.19,1.21,2.92,5.6,10.2,31.4,73.1,2.8,OFF-01_METER,正常
OFF-02,办公楼,2026-07-22 21:00,17.0,1.42,3.28,6.8,10.5,32.4,67.6,4.8,OFF-02_METER,正常
OFF-03,办公楼,2026-07-22 21:00,33.46,1.17,3.52,7.3,12.6,32.2,69.3,4.6,OFF-03_METER,正常
OFF-04,办公楼,2026-07-22 21:00,28.5,1.45,5.27,7.2,10.1,35.9,72.0,0.6,OFF-04_METER,正常
OFF-05,办公楼,2026-07-22 21:00,29.77,0.9,4.16,7.3,10.7,33.9,77.9,2.4,OFF-05_METER,正常
TEACH-01,教学楼,2026-07-22 21:00,22.49,1.98,3.86,5.9,10.2,31.5,66.8,2.0,TEACH-01_METER,正常
TEACH-02,教学楼,2026-07-22 21:00,23.47,1.97,6.86,7.7,10.9,35.7,87.2,0.0,TEACH-02_METER,正常
TEACH-03,教学楼,2026-07-22 21:00,13.86,2.1,5.25,6.8,10.6,33.2,76.8,1.9,TEACH-03_METER,正常
LIB-01,公共机构,2026-07-22 21:00,54.8,1.78,4.08,6.5,11.1,33.9,70.5,0.5,LIB-01_METER,正常
GYM-01,公共机构,2026-07-22 21:00,108.28,1.7,2.89,7.0,11.7,31.2,70.4,4.0,GYM-01_METER,正常
OFF-01,办公楼,2026-07-22 22:00,29.72,1.17,2.97,7.0,11.2,31.7,73.7,1.4,OFF-01_METER,正常
OFF-02,办公楼,2026-07-22 22:00,21.96,0.94,3.78,7.9,12.3,33.2,76.4,0.8,OFF-02_METER,正常
OFF-03,办公楼,2026-07-22 22:00,24.61,0.92,3.33,6.4,11.4,32.1,81.3,2.6,OFF-03_METER,正常
OFF-04,办公楼,2026-07-22 22:00,28.65,1.57,3.52,8.0,12.1,32.7,76.9,4.2,OFF-04_METER,正常
OFF-05,办公楼,2026-07-22 22:00,15.99,1.16,3.07,7.4,12.3,31.9,82.6,4.0,OFF-05_METER,正常
TEACH-01,教学楼,2026-07-22 22:00,29.91,2.03,6.05,5.1,10.0,34.0,79.0,1.3,TEACH-01_METER,正常
TEACH-02,教学楼,2026-07-22 22:00,24.42,2.35,3.38,6.2,10.2,30.6,76.3,1.6,TEACH-02_METER,正常
TEACH-03,教学楼,2026-07-22 22:00,26.85,2.0,4.94,6.6,11.2,33.2,78.4,0.4,TEACH-03_METER,正常
LIB-01,公共机构,2026-07-22 22:00,39.13,2.45,4.12,6.8,11.5,33.2,77.9,3.8,LIB-01_METER,正常
GYM-01,公共机构,2026-07-22 22:00,29.6,1.81,4.68,8.0,12.5,34.4,81.8,4.7,GYM-01_METER,正常
OFF-01,办公楼,2026-07-22 23:00,32.53,1.16,3.29,5.6,10.7,32.2,78.9,0.7,OFF-01_METER,正常
OFF-02,办公楼,2026-07-22 23:00,29.33,1.81,3.01,6.3,10.5,31.6,75.3,1.8,OFF-02_METER,正常
OFF-03,办公楼,2026-07-22 23:00,34.53,1.28,3.77,9.8,14.8,32.9,83.8,3.0,OFF-03_METER,正常
OFF-04,办公楼,2026-07-22 23:00,23.97,1.18,4.36,5.9,10.1,34.3,74.4,2.2,OFF-04_METER,正常
OFF-05,办公楼,2026-07-22 23:00,17.03,0.96,4.51,7.0,11.4,34.5,74.4,1.0,OFF-05_METER,正常
TEACH-01,教学楼,2026-07-22 23:00,16.49,1.85,5.9,5.1,10.0,33.8,72.4,1.0,TEACH-01_METER,正常
TEACH-02,教学楼,2026-07-22 23:00,22.23,1.84,6.46,6.3,11.0,34.5,76.1,1.0,TEACH-02_METER,正常
TEACH-03,教学楼,2026-07-22 23:00,17.95,1.91,3.38,7.6,13.4,30.8,74.4,1.3,TEACH-03_METER,正常
LIB-01,公共机构,2026-07-22 23:00,36.33,1.54,3.64,7.1,12.4,32.7,75.8,4.5,LIB-01_METER,正常
GYM-01,公共机构,2026-07-22 23:00,21.16,2.22,3.41,7.4,12.1,32.7,83.4,1.0,GYM-01_METER,正常
OFF-01,办公楼,2026-07-23 00:00,17.79,1.04,0.0,6.3,10.8,25.0,62.0,2.9,OFF-01_METER,正常
OFF-02,办公楼,2026-07-23 00:00,23.05,0.98,0.0,7.8,12.5,25.0,60.3,4.8,OFF-02_METER,正常
OFF-03,办公楼,2026-07-23 00:00,18.82,0.91,0.0,5.3,10.0,25.3,59.3,2.6,OFF-03_METER,正常
OFF-04,办公楼,2026-07-23 00:00,26.22,1.07,0.0,6.0,11.2,25.0,68.5,1.3,OFF-04_METER,正常
OFF-05,办公楼,2026-07-23 00:00,22.67,0.97,0.0,8.6,13.4,25.0,67.7,2.8,OFF-05_METER,正常
TEACH-01,教学楼,2026-07-23 00:00,23.73,2.03,0.0,5.8,10.0,25.0,67.5,0.1,TEACH-01_METER,正常
TEACH-02,教学楼,2026-07-23 00:00,22.69,2.34,0.74,6.8,11.6,27.0,72.9,0.9,TEACH-02_METER,正常
TEACH-03,教学楼,2026-07-23 00:00,22.0,1.85,0.0,6.9,11.8,25.0,61.3,1.0,TEACH-03_METER,正常
LIB-01,公共机构,2026-07-23 00:00,25.85,1.58,0.0,7.0,12.2,25.0,71.2,1.1,LIB-01_METER,正常
GYM-01,公共机构,2026-07-23 00:00,26.75,1.8,0.0,7.5,12.0,25.0,66.1,1.3,GYM-01_METER,正常
OFF-01,办公楼,2026-07-23 01:00,27.49,0.99,0.0,6.3,11.0,25.0,68.2,1.9,OFF-01_METER,正常
OFF-02,办公楼,2026-07-23 01:00,20.74,1.01,0.0,7.3,12.1,25.0,58.8,3.7,OFF-02_METER,正常
OFF-03,办公楼,2026-07-23 01:00,26.07,2.09,0.11,7.0,12.0,26.2,72.4,4.4,OFF-03_METER,正常
OFF-04,办公楼,2026-07-23 01:00,15.52,1.44,0.0,7.6,12.3,25.0,64.2,2.7,OFF-04_METER,正常
OFF-05,办公楼,2026-07-23 01:00,19.5,0.91,0.0,5.4,10.0,25.0,59.8,1.3,OFF-05_METER,正常
TEACH-01,教学楼,2026-07-23 01:00,12.85,1.92,1.73,7.8,11.6,28.3,70.1,1.3,TEACH-01_METER,正常
TEACH-02,教学楼,2026-07-23 01:00,15.36,2.24,0.0,6.1,10.0,25.0,66.4,1.5,TEACH-02_METER,正常
TEACH-03,教学楼,2026-07-23 01:00,20.14,1.85,0.0,8.1,12.5,25.0,69.1,0.2,TEACH-03_METER,正常
LIB-01,公共机构,2026-07-23 01:00,21.28,1.92,0.0,5.6,10.4,25.0,75.3,2.5,LIB-01_METER,正常
GYM-01,公共机构,2026-07-23 01:00,38.46,1.51,0.0,6.7,12.7,25.0,68.0,1.1,GYM-01_METER,正常
OFF-01,办公楼,2026-07-23 02:00,20.53,1.08,0.0,8.2,13.6,25.0,65.0,1.1,OFF-01_METER,正常
OFF-02,办公楼,2026-07-23 02:00,14.72,1.18,0.15,5.4,10.2,26.3,74.2,2.1,OFF-02_METER,正常
OFF-03,办公楼,2026-07-23 02:00,27.08,1.38,0.0,6.5,12.3,25.0,68.3,3.0,OFF-03_METER,正常
OFF-04,办公楼,2026-07-23 02:00,18.78,1.4,0.0,8.0,11.7,25.0,67.6,0.8,OFF-04_METER,正常
OFF-05,办公楼,2026-07-23 02:00,23.29,1.07,0.0,6.0,10.0,25.0,63.9,2.5,OFF-05_METER,正常
TEACH-01,教学楼,2026-07-23 02:00,24.61,2.26,0.0,6.3,10.7,25.5,73.7,1.7,TEACH-01_METER,正常
TEACH-02,教学楼,2026-07-23 02:00,26.96,2.02,0.0,7.1,11.1,25.0,73.6,1.7,TEACH-02_METER,正常
TEACH-03,教学楼,2026-07-23 02:00,19.34,2.4,0.2,6.3,10.0,26.3,67.7,0.7,TEACH-03_METER,正常
LIB-01,公共机构,2026-07-23 02:00,30.85,1.76,0.0,5.7,10.9,25.3,67.8,2.4,LIB-01_METER,正常
GYM-01,公共机构,2026-07-23 02:00,22.5,1.54,0.0,7.7,13.1,25.0,56.6,4.5,GYM-01_METER,正常
OFF-01,办公楼,2026-07-23 03:00,28.94,0.91,0.33,7.8,13.2,26.6,61.3,4.0,OFF-01_METER,正常
OFF-02,办公楼,2026-07-23 03:00,19.15,0.92,0.22,6.7,11.6,26.4,70.3,1.3,OFF-02_METER,正常
OFF-03,办公楼,2026-07-23 03:00,24.62,1.05,0.99,6.9,10.6,27.9,83.4,3.1,OFF-03_METER,正常
OFF-04,办公楼,2026-07-23 03:00,33.69,1.22,1.69,6.1,11.0,29.3,67.9,1.2,OFF-04_METER,正常
OFF-05,办公楼,2026-07-23 03:00,14.02,1.14,1.04,8.3,13.8,28.0,69.4,4.9,OFF-05_METER,正常
TEACH-01,教学楼,2026-07-23 03:00,23.84,2.08,0.0,6.0,10.0,25.0,66.3,2.0,TEACH-01_METER,正常
TEACH-02,教学楼,2026-07-23 03:00,21.27,2.09,0.0,7.5,12.4,25.0,67.6,1.4,TEACH-02_METER,正常
TEACH-03,教学楼,2026-07-23 03:00,20.17,2.08,0.0,6.6,11.5,25.9,65.1,1.7,TEACH-03_METER,正常
LIB-01,公共机构,2026-07-23 03:00,16.01,1.54,0.0,7.1,12.2,25.7,68.4,4.3,LIB-01_METER,正常
GYM-01,公共机构,2026-07-23 03:00,24.77,1.53,0.0,6.7,11.5,25.0,67.1,5.0,GYM-01_METER,正常
OFF-01,办公楼,2026-07-23 04:00,35.41,0.91,0.0,6.6,10.3,25.0,68.0,3.3,OFF-01_METER,正常
OFF-02,办公楼,2026-07-23 04:00,30.83,1.04,0.0,6.6,11.2,25.0,68.1,2.0,OFF-02_METER,正常
OFF-03,办公楼,2026-07-23 04:00,28.48,1.15,0.76,7.2,10.6,27.5,63.4,4.8,OFF-03_METER,正常
OFF-04,办公楼,2026-07-23 04:00,27.89,1.02,0.0,6.4,10.8,25.8,63.4,2.5,OFF-04_METER,正常
OFF-05,办公楼,2026-07-23 04:00,20.21,0.97,0.0,7.9,12.0,26.0,67.0,3.1,OFF-05_METER,正常
TEACH-01,教学楼,2026-07-23 04:00,15.93,1.99,0.08,5.5,10.0,26.1,68.3,1.2,TEACH-01_METER,正常
TEACH-02,教学楼,2026-07-23 04:00,18.67,2.61,0.0,6.9,11.6,25.3,59.9,0.2,TEACH-02_METER,正常
TEACH-03,教学楼,2026-07-23 04:00,14.16,2.19,1.08,6.5,10.8,27.5,63.9,0.9,TEACH-03_METER,正常
LIB-01,公共机构,2026-07-23 04:00,25.84,1.75,0.0,8.2,13.0,25.3,71.0,4.6,LIB-01_METER,正常
GYM-01,公共机构,2026-07-23 04:00,29.15,2.08,1.39,7.2,12.4,28.7,76.5,1.0,GYM-01_METER,正常
OFF-01,办公楼,2026-07-23 05:00,15.27,1.36,0.52,6.4,10.2,27.0,65.2,2.3,OFF-01_METER,正常
OFF-02,办公楼,2026-07-23 05:00,32.14,1.29,0.41,7.8,12.2,26.7,63.9,2.4,OFF-02_METER,正常
OFF-03,办公楼,2026-07-23 05:00,32.75,1.09,1.59,7.2,11.9,28.9,67.6,2.0,OFF-03_METER,正常
OFF-04,办公楼,2026-07-23 05:00,29.77,1.33,0.25,8.4,12.7,26.5,65.1,0.9,OFF-04_METER,正常
OFF-05,办公楼,2026-07-23 05:00,23.24,1.34,0.0,7.2,11.1,25.2,64.7,3.5,OFF-05_METER,正常
TEACH-01,教学楼,2026-07-23 05:00,25.61,1.87,0.69,6.9,10.9,27.0,66.6,0.0,TEACH-01_METER,正常
TEACH-02,教学楼,2026-07-23 05:00,21.44,1.88,1.8,6.5,11.6,28.5,59.3,0.7,TEACH-02_METER,正常
TEACH-03,教学楼,2026-07-23 05:00,18.42,2.18,0.56,7.0,11.3,26.8,73.0,1.8,TEACH-03_METER,正常
LIB-01,公共机构,2026-07-23 05:00,30.0,1.61,0.0,6.9,12.0,25.0,68.7,2.9,LIB-01_METER,正常
GYM-01,公共机构,2026-07-23 05:00,34.95,1.65,1.14,6.0,10.7,28.1,67.3,4.2,GYM-01_METER,正常
OFF-01,办公楼,2026-07-23 06:00,28.22,1.36,1.16,6.8,10.8,28.1,63.7,2.0,OFF-01_METER,正常
OFF-02,办公楼,2026-07-23 06:00,21.56,1.35,0.18,8.3,14.1,26.3,59.9,1.3,OFF-02_METER,正常
OFF-03,办公楼,2026-07-23 06:00,21.72,1.16,0.69,9.2,12.8,27.2,74.8,2.2,OFF-03_METER,正常
OFF-04,办公楼,2026-07-23 06:00,25.22,0.94,1.86,8.0,11.9,29.3,70.9,4.8,OFF-04_METER,正常
OFF-05,办公楼,2026-07-23 06:00,23.78,1.23,2.84,7.1,12.3,31.2,69.0,4.7,OFF-05_METER,正常
TEACH-01,教学楼,2026-07-23 06:00,31.91,1.86,2.7,7.3,12.9,29.6,72.8,0.9,TEACH-01_METER,正常
TEACH-02,教学楼,2026-07-23 06:00,27.4,2.13,1.47,6.9,11.1,28.1,67.6,0.0,TEACH-02_METER,正常
TEACH-03,教学楼,2026-07-23 06:00,13.47,2.02,1.73,6.4,11.7,28.3,74.6,1.2,TEACH-03_METER,正常
LIB-01,公共机构,2026-07-23 06:00,22.28,1.69,1.47,5.3,10.0,28.9,68.7,3.0,LIB-01_METER,正常
GYM-01,公共机构,2026-07-23 06:00,38.52,1.64,1.26,7.1,13.2,28.2,72.0,2.6,GYM-01_METER,正常
OFF-01,办公楼,2026-07-23 07:00,18.76,1.31,0.42,7.0,12.2,26.8,57.4,2.4,OFF-01_METER,正常
OFF-02,办公楼,2026-07-23 07:00,17.67,0.93,2.06,7.7,11.4,29.7,76.2,1.7,OFF-02_METER,正常
OFF-03,办公楼,2026-07-23 07:00,31.8,0.94,1.68,9.7,14.3,29.1,67.5,4.1,OFF-03_METER,正常
OFF-04,办公楼,2026-07-23 07:00,23.25,0.98,3.06,6.9,11.9,31.5,69.9,4.9,OFF-04_METER,正常
OFF-05,办公楼,2026-07-23 07:00,25.28,1.41,0.75,6.3,11.6,27.3,82.5,3.4,OFF-05_METER,正常
TEACH-01,教学楼,2026-07-23 07:00,25.71,2.04,1.12,7.8,11.9,27.6,83.5,0.2,TEACH-01_METER,正常
TEACH-02,教学楼,2026-07-23 07:00,17.56,2.22,1.99,8.4,12.2,28.9,79.4,1.3,TEACH-02_METER,正常
TEACH-03,教学楼,2026-07-23 07:00,18.55,1.87,2.16,6.8,12.7,29.0,72.2,1.2,TEACH-03_METER,正常
LIB-01,公共机构,2026-07-23 07:00,23.05,1.86,0.48,8.5,11.8,26.8,70.6,2.9,LIB-01_METER,正常
GYM-01,公共机构,2026-07-23 07:00,39.1,2.7,2.99,6.6,10.4,31.5,62.2,1.4,GYM-01_METER,正常
OFF-01,办公楼,2026-07-23 08:00,93.22,3.05,2.14,7.8,12.6,30.1,65.6,22.4,OFF-01_METER,正常
OFF-02,办公楼,2026-07-23 08:00,93.39,2.74,3.17,6.1,10.0,31.6,71.2,18.1,OFF-02_METER,正常
OFF-03,办公楼,2026-07-23 08:00,83.3,2.87,2.06,7.8,10.8,29.7,63.4,25.0,OFF-03_METER,正常
OFF-04,办公楼,2026-07-23 08:00,66.54,3.46,2.05,6.3,11.6,29.7,72.1,24.6,OFF-04_METER,正常
OFF-05,办公楼,2026-07-23 08:00,72.8,3.02,1.33,7.8,10.9,28.5,68.8,17.9,OFF-05_METER,正常
TEACH-01,教学楼,2026-07-23 08:00,84.02,6.03,2.79,6.7,10.0,29.9,77.6,36.2,TEACH-01_METER,正常
TEACH-02,教学楼,2026-07-23 08:00,101.09,6.33,1.75,7.7,13.0,28.5,80.1,29.3,TEACH-02_METER,正常
TEACH-03,教学楼,2026-07-23 08:00,89.84,5.91,3.44,7.6,12.1,30.9,71.0,38.2,TEACH-03_METER,正常
LIB-01,公共机构,2026-07-23 08:00,25.65,4.51,1.59,7.2,11.5,28.9,72.2,13.6,LIB-01_METER,正常
GYM-01,公共机构,2026-07-23 08:00,21.49,5.04,2.68,6.7,10.6,31.1,73.3,12.2,GYM-01_METER,正常
OFF-01,办公楼,2026-07-23 09:00,94.66,2.74,5.06,6.3,10.7,33.6,76.1,19.3,OFF-01_METER,正常
OFF-02,办公楼,2026-07-23 09:00,79.46,2.79,4.34,6.0,11.0,32.3,78.7,22.7,OFF-02_METER,正常
OFF-03,办公楼,2026-07-23 09:00,64.32,2.86,2.15,6.5,11.0,28.9,72.4,16.9,OFF-03_METER,正常
OFF-04,办公楼,2026-07-23 09:00,71.09,3.15,4.39,7.0,10.7,32.1,64.2,24.7,OFF-04_METER,正常
OFF-05,办公楼,2026-07-23 09:00,92.11,3.01,2.73,6.0,10.0,30.0,67.7,24.4,OFF-05_METER,正常
TEACH-01,教学楼,2026-07-23 09:00,104.5,5.4,3.59,6.8,11.6,29.7,71.2,37.8,TEACH-01_METER,正常
TEACH-02,教学楼,2026-07-23 09:00,132.47,5.83,4.8,7.5,12.3,31.0,77.1,27.5,TEACH-02_METER,正常
TEACH-03,教学楼,2026-07-23 09:00,91.04,5.6,4.55,6.5,10.6,30.9,79.0,27.1,TEACH-03_METER,正常
LIB-01,公共机构,2026-07-23 09:00,105.98,4.53,2.22,5.0,10.0,29.2,68.5,16.8,LIB-01_METER,正常
GYM-01,公共机构,2026-07-23 09:00,69.47,4.62,3.13,6.3,11.8,30.5,66.7,17.2,GYM-01_METER,正常
OFF-01,办公楼,2026-07-23 10:00,80.22,3.68,2.62,6.6,11.4,29.8,61.8,23.4,OFF-01_METER,正常
OFF-02,办公楼,2026-07-23 10:00,96.74,2.87,2.59,6.2,10.8,29.7,71.9,25.0,OFF-02_METER,正常
OFF-03,办公楼,2026-07-23 10:00,98.65,2.77,4.95,6.2,10.9,32.8,82.0,19.9,OFF-03_METER,正常
OFF-04,办公楼,2026-07-23 10:00,81.16,2.72,3.64,7.2,12.8,31.5,72.9,15.2,OFF-04_METER,正常
OFF-05,办公楼,2026-07-23 10:00,70.56,3.05,3.08,6.3,10.4,30.4,74.0,20.2,OFF-05_METER,正常
TEACH-01,教学楼,2026-07-23 10:00,117.61,6.76,4.21,6.8,10.7,30.4,65.3,30.7,TEACH-01_METER,正常
TEACH-02,教学楼,2026-07-23 10:00,98.87,5.67,5.12,6.4,11.1,31.6,73.0,33.2,TEACH-02_METER,正常
TEACH-03,教学楼,2026-07-23 10:00,95.41,5.52,5.82,6.9,12.4,32.3,74.8,28.9,TEACH-03_METER,正常
LIB-01,公共机构,2026-07-23 10:00,100.31,4.62,4.09,6.7,12.1,31.9,64.7,18.6,LIB-01_METER,正常
GYM-01,公共机构,2026-07-23 10:00,75.21,4.87,2.89,7.7,11.7,30.2,66.9,15.9,GYM-01_METER,正常
OFF-01,办公楼,2026-07-23 11:00,102.35,2.91,3.99,7.4,12.4,32.0,70.6,16.4,OFF-01_METER,正常
OFF-02,办公楼,2026-07-23 11:00,82.64,3.56,3.06,6.8,11.5,30.3,70.0,15.2,OFF-02_METER,正常
OFF-03,办公楼,2026-07-23 11:00,104.46,2.74,3.37,8.6,13.6,30.7,71.7,16.1,OFF-03_METER,正常
OFF-04,办公楼,2026-07-23 11:00,78.13,2.78,4.22,6.0,10.0,32.1,72.2,21.2,OFF-04_METER,正常
OFF-05,办公楼,2026-07-23 11:00,101.57,4.09,3.98,6.7,11.0,31.7,67.0,18.7,OFF-05_METER,正常
TEACH-01,教学楼,2026-07-23 11:00,114.41,5.41,5.6,6.8,11.6,32.1,70.0,38.9,TEACH-01_METER,正常
TEACH-02,教学楼,2026-07-23 11:00,101.37,6.44,0.63,6.3,11.3,26.7,56.1,28.1,TEACH-02_METER,正常
TEACH-03,教学楼,2026-07-23 11:00,90.99,6.44,5.16,7.2,12.3,31.2,73.2,31.1,TEACH-03_METER,正常
LIB-01,公共机构,2026-07-23 11:00,105.39,4.88,5.57,6.8,11.1,34.3,80.0,14.2,LIB-01_METER,正常
GYM-01,公共机构,2026-07-23 11:00,73.66,5.11,4.7,7.3,11.6,32.7,80.7,19.9,GYM-01_METER,正常
OFF-01,办公楼,2026-07-23 12:00,103.44,2.9,4.59,7.7,12.0,32.7,76.7,16.4,OFF-01_METER,正常
OFF-02,办公楼,2026-07-23 12:00,96.29,2.84,5.37,6.1,11.0,33.6,72.6,21.4,OFF-02_METER,正常
OFF-03,办公楼,2026-07-23 12:00,66.02,2.75,4.36,7.5,11.7,32.3,79.4,21.8,OFF-03_METER,正常
OFF-04,办公楼,2026-07-23 12:00,66.43,2.7,6.33,5.8,10.6,35.1,74.3,15.3,OFF-04_METER,正常
OFF-05,办公楼,2026-07-23 12:00,72.66,2.84,3.49,6.6,10.4,30.8,70.7,22.8,OFF-05_METER,正常
TEACH-01,教学楼,2026-07-23 12:00,134.77,5.41,2.62,6.4,11.7,28.7,69.9,37.7,TEACH-01_METER,正常
TEACH-02,教学楼,2026-07-23 12:00,89.99,5.57,5.36,8.0,13.2,31.5,75.1,28.3,TEACH-02_METER,正常
TEACH-03,教学楼,2026-07-23 12:00,139.31,6.01,3.26,6.1,11.3,29.6,67.9,30.0,TEACH-03_METER,正常
LIB-01,公共机构,2026-07-23 12:00,96.47,4.59,3.46,6.9,11.0,30.7,70.1,11.7,LIB-01_METER,正常
GYM-01,公共机构,2026-07-23 12:00,69.03,4.61,5.01,8.8,13.8,32.8,81.1,12.2,GYM-01_METER,正常
OFF-01,办公楼,2026-07-23 13:00,96.22,2.74,3.17,7.9,12.7,30.8,84.4,19.9,OFF-01_METER,正常
OFF-02,办公楼,2026-07-23 13:00,78.95,3.46,5.57,6.7,10.6,34.4,74.9,17.4,OFF-02_METER,正常
OFF-03,办公楼,2026-07-23 13:00,86.75,2.98,4.84,7.5,12.5,32.6,65.6,19.6,OFF-03_METER,正常
OFF-04,办公楼,2026-07-23 13:00,76.07,2.87,4.41,6.5,12.3,32.1,65.1,21.6,OFF-04_METER,正常
OFF-05,办公楼,2026-07-23 13:00,89.66,4.03,3.87,7.4,11.8,31.7,74.4,20.4,OFF-05_METER,正常
TEACH-01,教学楼,2026-07-23 13:00,119.61,6.06,7.79,6.8,10.1,34.2,90.2,38.9,TEACH-01_METER,正常
TEACH-02,教学楼,2026-07-23 13:00,107.22,5.88,7.48,6.1,12.9,33.7,81.1,37.9,TEACH-02_METER,正常
TEACH-03,教学楼,2026-07-23 13:00,135.56,5.89,6.85,6.8,10.8,33.5,76.4,27.5,TEACH-03_METER,正常
LIB-01,公共机构,2026-07-23 13:00,78.07,5.38,3.82,6.9,12.5,31.5,69.1,17.5,LIB-01_METER,正常
GYM-01,公共机构,2026-07-23 13:00,120.04,4.91,5.59,7.9,12.1,33.8,74.7,17.0,GYM-01_METER,正常
OFF-01,办公楼,2026-07-23 14:00,64.59,2.98,4.82,6.8,11.4,33.2,74.4,19.8,OFF-01_METER,正常
OFF-02,办公楼,2026-07-23 14:00,94.95,3.0,6.12,7.6,11.3,34.6,83.4,23.4,OFF-02_METER,正常
OFF-03,办公楼,2026-07-23 14:00,91.83,2.96,6.11,8.5,13.5,34.3,76.4,19.3,OFF-03_METER,正常
OFF-04,办公楼,2026-07-23 14:00,84.4,3.21,4.55,6.2,11.2,32.4,69.2,22.5,OFF-04_METER,正常
OFF-05,办公楼,2026-07-23 14:00,90.88,3.01,4.17,5.5,10.0,31.9,72.8,24.8,OFF-05_METER,正常
TEACH-01,教学楼,2026-07-23 14:00,106.1,6.78,5.23,6.7,12.0,31.3,72.9,36.0,TEACH-01_METER,正常
TEACH-02,教学楼,2026-07-23 14:00,132.04,5.44,7.5,7.2,12.8,33.7,79.2,32.9,TEACH-02_METER,正常
TEACH-03,教学楼,2026-07-23 14:00,87.7,5.58,5.23,8.0,12.4,31.7,72.9,38.0,TEACH-03_METER,正常
LIB-01,公共机构,2026-07-23 14:00,117.32,4.51,5.01,6.2,10.7,33.1,75.5,11.6,LIB-01_METER,正常
GYM-01,公共机构,2026-07-23 14:00,88.46,5.12,6.72,7.0,11.7,35.2,82.6,10.9,GYM-01_METER,正常
OFF-01,办公楼,2026-07-23 15:00,88.84,3.3,5.77,6.5,10.0,34.5,82.3,16.5,OFF-01_METER,正常
OFF-02,办公楼,2026-07-23 15:00,67.06,3.64,4.58,6.8,10.9,32.3,77.5,15.1,OFF-02_METER,正常
OFF-03,办公楼,2026-07-23 15:00,98.81,3.58,5.57,7.8,12.5,33.8,67.4,23.8,OFF-03_METER,正常
OFF-04,办公楼,2026-07-23 15:00,81.7,2.71,4.17,5.5,10.6,31.9,82.2,15.6,OFF-04_METER,正常
OFF-05,办公楼,2026-07-23 15:00,93.48,2.7,4.11,6.5,11.8,31.7,75.7,15.6,OFF-05_METER,正常
TEACH-01,教学楼,2026-07-23 15:00,131.96,5.78,8.78,7.5,11.9,35.1,78.4,30.1,TEACH-01_METER,正常
TEACH-02,教学楼,2026-07-23 15:00,103.65,5.4,6.08,7.7,12.3,32.4,71.8,37.3,TEACH-02_METER,正常
TEACH-03,教学楼,2026-07-23 15:00,111.46,5.72,6.59,6.4,11.6,33.4,75.0,25.7,TEACH-03_METER,正常
LIB-01,公共机构,2026-07-23 15:00,67.76,4.54,6.98,6.4,10.9,35.9,79.5,18.6,LIB-01_METER,正常
GYM-01,公共机构,2026-07-23 15:00,90.33,4.61,3.3,7.5,12.9,30.8,74.7,14.0,GYM-01_METER,正常
OFF-01,办公楼,2026-07-23 16:00,80.11,2.79,4.9,6.7,12.0,33.2,73.2,21.5,OFF-01_METER,正常
OFF-02,办公楼,2026-07-23 16:00,97.81,3.55,5.89,6.5,11.1,34.4,79.8,17.8,OFF-02_METER,正常
OFF-03,办公楼,2026-07-23 16:00,67.81,2.92,6.11,7.2,10.8,34.5,80.9,23.4,OFF-03_METER,正常
OFF-04,办公楼,2026-07-23 16:00,70.42,2.84,5.19,5.8,11.1,33.2,73.2,23.1,OFF-04_METER,正常
OFF-05,办公楼,2026-07-23 16:00,74.89,2.84,3.43,6.7,10.4,31.0,72.3,23.4,OFF-05_METER,正常
TEACH-01,教学楼,2026-07-23 16:00,103.88,5.47,5.49,6.9,11.5,31.7,75.3,39.2,TEACH-01_METER,正常
TEACH-02,教学楼,2026-07-23 16:00,136.67,5.83,8.34,6.4,10.0,34.4,86.8,34.7,TEACH-02_METER,正常
TEACH-03,教学楼,2026-07-23 16:00,126.15,5.5,5.6,6.9,11.5,31.9,76.6,30.6,TEACH-03_METER,正常
LIB-01,公共机构,2026-07-23 16:00,101.98,4.54,5.14,6.0,11.1,33.4,77.2,17.0,LIB-01_METER,正常
GYM-01,公共机构,2026-07-23 16:00,72.27,4.96,5.0,5.6,10.0,32.9,71.4,11.5,GYM-01_METER,正常
OFF-01,办公楼,2026-07-23 17:00,87.7,2.8,6.19,8.1,12.8,34.5,72.7,17.2,OFF-01_METER,正常
OFF-02,办公楼,2026-07-23 17:00,72.6,2.82,7.08,7.2,10.7,36.0,69.2,21.5,OFF-02_METER,正常
OFF-03,办公楼,2026-07-23 17:00,62.35,2.94,5.37,7.3,10.5,33.5,79.6,19.4,OFF-03_METER,正常
OFF-04,办公楼,2026-07-23 17:00,110.25,2.72,6.46,6.2,11.1,35.6,87.6,17.2,OFF-04_METER,正常
OFF-05,办公楼,2026-07-23 17:00,61.78,2.72,5.16,7.4,11.4,33.2,72.1,20.2,OFF-05_METER,正常
TEACH-01,教学楼,2026-07-23 17:00,138.14,5.53,9.12,6.7,11.5,35.8,80.8,31.4,TEACH-01_METER,正常
TEACH-02,教学楼,2026-07-23 17:00,105.4,5.46,5.72,6.4,10.0,32.2,81.1,30.2,TEACH-02_METER,正常
TEACH-03,教学楼,2026-07-23 17:00,117.97,5.73,9.22,5.7,10.0,35.6,81.6,25.8,TEACH-03_METER,正常
LIB-01,公共机构,2026-07-23 17:00,108.1,4.67,3.07,6.2,10.6,30.6,72.4,16.3,LIB-01_METER,正常
GYM-01,公共机构,2026-07-23 17:00,76.49,4.51,6.16,6.3,10.0,34.3,77.0,19.9,GYM-01_METER,正常
OFF-01,办公楼,2026-07-23 18:00,79.01,3.4,4.38,7.0,11.0,34.3,77.2,22.3,OFF-01_METER,正常
OFF-02,办公楼,2026-07-23 18:00,80.95,2.72,3.63,7.0,11.4,32.8,76.2,15.6,OFF-02_METER,正常
OFF-03,办公楼,2026-07-23 18:00,67.67,3.53,5.36,6.5,11.4,35.6,71.8,22.0,OFF-03_METER,正常
OFF-04,办公楼,2026-07-23 18:00,87.03,3.03,2.34,7.9,13.3,30.3,73.9,22.0,OFF-04_METER,正常
OFF-05,办公楼,2026-07-23 18:00,71.95,2.99,3.91,7.4,11.5,33.5,78.7,24.8,OFF-05_METER,正常
TEACH-01,教学楼,2026-07-23 18:00,138.35,5.41,6.86,7.1,11.2,35.5,81.1,30.5,TEACH-01_METER,正常
TEACH-02,教学楼,2026-07-23 18:00,83.12,5.49,5.22,7.7,12.9,33.3,81.5,31.3,TEACH-02_METER,正常
TEACH-03,教学楼,2026-07-23 18:00,89.28,5.75,4.83,7.2,11.0,32.4,74.8,37.3,TEACH-03_METER,正常
LIB-01,公共机构,2026-07-23 18:00,108.77,4.53,5.66,5.9,10.0,36.0,82.1,14.5,LIB-01_METER,正常
GYM-01,公共机构,2026-07-23 18:00,111.88,4.71,3.73,7.1,10.9,33.2,78.2,19.0,GYM-01_METER,正常
OFF-01,办公楼,2026-07-23 19:00,17.48,1.09,3.15,7.0,10.9,31.9,82.1,2.0,OFF-01_METER,正常
OFF-02,办公楼,2026-07-23 19:00,21.36,1.05,4.15,7.7,11.8,33.4,84.6,3.5,OFF-02_METER,正常
OFF-03,办公楼,2026-07-23 19:00,21.43,0.95,4.62,5.7,10.2,34.2,69.0,2.1,OFF-03_METER,正常
OFF-04,办公楼,2026-07-23 19:00,26.47,0.98,4.06,6.7,10.6,33.9,78.5,1.9,OFF-04_METER,正常
OFF-05,办公楼,2026-07-23 19:00,19.94,1.15,4.27,7.7,11.6,33.9,79.1,2.9,OFF-05_METER,正常
TEACH-01,教学楼,2026-07-23 19:00,27.48,1.98,4.68,6.0,11.3,32.5,73.7,1.1,TEACH-01_METER,正常
TEACH-02,教学楼,2026-07-23 19:00,31.74,1.9,5.88,8.0,11.8,34.3,74.7,0.4,TEACH-02_METER,正常
TEACH-03,教学楼,2026-07-23 19:00,26.5,1.9,7.29,8.6,13.7,36.0,80.9,1.7,TEACH-03_METER,正常
LIB-01,公共机构,2026-07-23 19:00,107.69,1.81,3.12,8.5,12.1,31.7,80.5,2.8,LIB-01_METER,正常
GYM-01,公共机构,2026-07-23 19:00,95.21,1.53,5.63,8.1,12.2,36.0,71.5,4.6,GYM-01_METER,正常
OFF-01,办公楼,2026-07-23 20:00,21.62,1.0,4.48,7.2,11.9,34.4,80.3,4.3,OFF-01_METER,正常
OFF-02,办公楼,2026-07-23 20:00,29.47,1.25,3.43,6.8,11.3,32.0,76.6,4.5,OFF-02_METER,正常
OFF-03,办公楼,2026-07-23 20:00,21.7,1.06,1.94,6.7,10.8,29.7,69.3,2.8,OFF-03_METER,正常
OFF-04,办公楼,2026-07-23 20:00,32.24,0.92,5.34,7.2,11.6,36.0,81.3,3.2,OFF-04_METER,正常
OFF-05,办公楼,2026-07-23 20:00,18.17,1.24,4.32,8.0,12.7,33.7,84.4,2.9,OFF-05_METER,正常
TEACH-01,教学楼,2026-07-23 20:00,18.23,1.82,2.46,6.3,10.2,29.5,70.4,1.0,TEACH-01_METER,正常
TEACH-02,教学楼,2026-07-23 20:00,23.46,2.06,4.68,8.0,12.9,32.9,67.3,0.4,TEACH-02_METER,正常
TEACH-03,教学楼,2026-07-23 20:00,21.66,2.14,7.37,5.7,10.0,36.0,90.8,0.3,TEACH-03_METER,正常
LIB-01,公共机构,2026-07-23 20:00,102.47,1.66,3.45,7.2,10.7,32.6,72.2,1.6,LIB-01_METER,正常
GYM-01,公共机构,2026-07-23 20:00,110.45,2.06,4.83,5.9,10.0,34.9,74.6,3.9,GYM-01_METER,正常
OFF-01,办公楼,2026-07-23 21:00,31.06,0.9,3.59,7.7,11.3,32.9,72.3,0.9,OFF-01_METER,正常
OFF-02,办公楼,2026-07-23 21:00,33.55,1.13,4.51,7.0,11.4,34.7,87.4,4.1,OFF-02_METER,正常
OFF-03,办公楼,2026-07-23 21:00,32.8,0.95,4.2,7.7,11.6,33.4,79.5,1.5,OFF-03_METER,正常
OFF-04,办公楼,2026-07-23 21:00,24.51,0.94,2.65,7.0,11.5,30.7,72.9,1.6,OFF-04_METER,正常
OFF-05,办公楼,2026-07-23 21:00,30.04,1.58,3.16,7.4,11.8,31.9,73.3,2.3,OFF-05_METER,正常
TEACH-01,教学楼,2026-07-23 21:00,22.09,1.95,6.89,6.5,10.0,35.4,77.4,1.9,TEACH-01_METER,正常
TEACH-02,教学楼,2026-07-23 21:00,16.18,2.87,6.61,6.0,10.0,34.9,83.4,1.5,TEACH-02_METER,正常
TEACH-03,教学楼,2026-07-23 21:00,14.16,2.08,4.1,6.9,11.7,31.8,71.6,1.6,TEACH-03_METER,正常
LIB-01,公共机构,2026-07-23 21:00,69.17,1.7,3.07,8.3,12.3,31.8,65.5,3.6,LIB-01_METER,正常
GYM-01,公共机构,2026-07-23 21:00,63.75,1.78,5.61,7.2,11.6,36.0,82.8,3.4,GYM-01_METER,正常
OFF-01,办公楼,2026-07-23 22:00,20.17,1.07,3.25,7.6,13.3,31.9,77.7,4.2,OFF-01_METER,正常
OFF-02,办公楼,2026-07-23 22:00,19.16,1.02,4.75,6.1,11.5,34.8,77.4,1.7,OFF-02_METER,正常
OFF-03,办公楼,2026-07-23 22:00,19.53,0.94,3.52,7.0,11.9,32.5,75.7,1.7,OFF-03_METER,正常
OFF-04,办公楼,2026-07-23 22:00,32.81,1.65,4.44,5.0,10.0,33.8,81.0,3.7,OFF-04_METER,正常
OFF-05,办公楼,2026-07-23 22:00,32.47,1.19,4.01,7.4,11.6,33.4,80.1,4.3,OFF-05_METER,正常
TEACH-01,教学楼,2026-07-23 22:00,31.22,1.81,4.61,7.1,12.6,32.1,75.0,1.0,TEACH-01_METER,正常
TEACH-02,教学楼,2026-07-23 22:00,25.96,1.9,4.09,7.6,13.0,31.8,76.5,1.3,TEACH-02_METER,正常
TEACH-03,教学楼,2026-07-23 22:00,26.57,2.14,4.12,7.3,11.2,31.8,67.7,1.1,TEACH-03_METER,正常
LIB-01,公共机构,2026-07-23 22:00,45.24,1.66,5.23,7.1,11.9,35.2,90.4,3.2,LIB-01_METER,正常
GYM-01,公共机构,2026-07-23 22:00,31.07,1.66,4.59,5.8,10.0,34.1,72.8,3.6,GYM-01_METER,正常
OFF-01,办公楼,2026-07-23 23:00,26.7,1.44,3.2,8.4,13.2,31.7,74.1,1.3,OFF-01_METER,正常
OFF-02,办公楼,2026-07-23 23:00,36.43,2.07,5.16,5.2,10.6,35.7,79.2,2.6,OFF-02_METER,正常
OFF-03,办公楼,2026-07-23 23:00,25.8,0.92,3.72,7.2,12.8,33.0,78.7,1.6,OFF-03_METER,正常
OFF-04,办公楼,2026-07-23 23:00,20.2,1.79,2.94,8.0,13.2,31.4,74.7,3.8,OFF-04_METER,正常
OFF-05,办公楼,2026-07-23 23:00,26.34,1.6,4.12,7.9,12.5,34.0,77.4,0.9,OFF-05_METER,正常
TEACH-01,教学楼,2026-07-23 23:00,21.5,2.0,6.36,6.6,11.1,34.9,72.6,1.4,TEACH-01_METER,正常
TEACH-02,教学楼,2026-07-23 23:00,39.89,1.99,4.12,7.8,13.3,31.9,70.7,0.8,TEACH-02_METER,正常
TEACH-03,教学楼,2026-07-23 23:00,17.46,2.15,6.66,7.1,11.9,35.1,69.1,1.9,TEACH-03_METER,正常
LIB-01,公共机构,2026-07-23 23:00,25.42,1.51,3.2,6.1,10.5,31.9,73.9,1.5,LIB-01_METER,正常
GYM-01,公共机构,2026-07-23 23:00,33.78,1.51,2.75,5.9,10.7,30.9,67.8,2.5,GYM-01_METER,正常
OFF-01,办公楼,2026-07-24 00:00,25.91,1.01,0.0,5.7,10.2,25.0,69.2,2.3,OFF-01_METER,正常
OFF-02,办公楼,2026-07-24 00:00,17.87,0.94,0.0,7.9,11.9,25.0,71.4,4.6,OFF-02_METER,正常
OFF-03,办公楼,2026-07-24 00:00,22.59,1.0,0.0,7.0,12.0,25.0,73.2,1.4,OFF-03_METER,正常
OFF-04,办公楼,2026-07-24 00:00,27.04,1.06,0.0,7.2,11.2,25.5,63.1,2.6,OFF-04_METER,正常
OFF-05,办公楼,2026-07-24 00:00,18.95,0.92,0.0,5.3,10.0,25.0,71.2,4.5,OFF-05_METER,正常
TEACH-01,教学楼,2026-07-24 00:00,18.69,1.81,0.0,6.1,10.0,25.0,66.0,0.9,TEACH-01_METER,正常
TEACH-02,教学楼,2026-07-24 00:00,16.0,2.02,0.0,6.7,10.3,25.0,66.7,0.1,TEACH-02_METER,正常
TEACH-03,教学楼,2026-07-24 00:00,11.5,2.32,0.0,5.9,10.2,25.6,72.8,0.5,TEACH-03_METER,正常
LIB-01,公共机构,2026-07-24 00:00,35.55,1.64,0.0,7.1,11.6,25.5,67.2,1.8,LIB-01_METER,正常
GYM-01,公共机构,2026-07-24 00:00,38.47,2.22,0.0,6.2,11.4,25.0,72.8,1.0,GYM-01_METER,正常
OFF-01,办公楼,2026-07-24 01:00,22.66,1.23,0.0,7.1,12.5,25.0,61.9,3.5,OFF-01_METER,正常
OFF-02,办公楼,2026-07-24 01:00,24.68,0.93,0.0,6.7,12.3,25.3,68.7,0.7,OFF-02_METER,正常
OFF-03,办公楼,2026-07-24 01:00,15.07,1.25,0.0,6.7,10.6,25.0,65.2,2.5,OFF-03_METER,正常
OFF-04,办公楼,2026-07-24 01:00,26.8,1.99,0.9,8.1,13.5,27.7,76.6,1.7,OFF-04_METER,正常
OFF-05,办公楼,2026-07-24 01:00,29.86,1.16,0.0,6.8,10.2,25.0,65.4,1.6,OFF-05_METER,正常
TEACH-01,教学楼,2026-07-24 01:00,12.76,1.92,0.82,7.8,12.1,27.1,63.2,1.5,TEACH-01_METER,正常
TEACH-02,教学楼,2026-07-24 01:00,23.29,1.83,0.0,7.2,10.4,25.0,69.3,2.0,TEACH-02_METER,正常
TEACH-03,教学楼,2026-07-24 01:00,10.93,2.11,0.0,6.4,11.4,25.0,71.1,1.5,TEACH-03_METER,正常
LIB-01,公共机构,2026-07-24 01:00,23.51,2.22,0.0,7.0,11.4,25.0,69.0,3.4,LIB-01_METER,正常
GYM-01,公共机构,2026-07-24 01:00,34.51,1.92,0.21,6.5,10.6,26.4,72.7,3.8,GYM-01_METER,正常
OFF-01,办公楼,2026-07-24 02:00,22.52,1.14,0.0,7.7,12.3,25.0,68.2,0.6,OFF-01_METER,正常
OFF-02,办公楼,2026-07-24 02:00,26.05,0.92,0.0,7.7,11.9,25.0,66.2,2.9,OFF-02_METER,正常
OFF-03,办公楼,2026-07-24 02:00,22.71,1.01,0.0,7.8,12.0,25.0,70.0,3.6,OFF-03_METER,正常
OFF-04,办公楼,2026-07-24 02:00,20.57,1.36,0.0,8.0,12.9,25.0,66.2,0.8,OFF-04_METER,正常
OFF-05,办公楼,2026-07-24 02:00,25.04,1.39,0.0,7.4,13.1,25.0,62.8,3.5,OFF-05_METER,正常
TEACH-01,教学楼,2026-07-24 02:00,10.33,2.4,0.0,8.0,10.8,25.0,71.8,1.0,TEACH-01_METER,正常
TEACH-02,教学楼,2026-07-24 02:00,16.95,2.01,0.0,6.6,10.9,25.0,62.5,0.9,TEACH-02_METER,正常
TEACH-03,教学楼,2026-07-24 02:00,18.08,1.8,0.0,6.1,10.2,25.0,66.2,1.2,TEACH-03_METER,正常
LIB-01,公共机构,2026-07-24 02:00,33.73,2.13,0.16,6.6,11.6,26.3,66.6,2.8,LIB-01_METER,正常
GYM-01,公共机构,2026-07-24 02:00,22.75,2.01,0.0,6.3,10.0,25.0,63.3,4.6,GYM-01_METER,正常
OFF-01,办公楼,2026-07-24 03:00,27.57,1.23,0.88,6.8,10.9,27.6,70.5,1.0,OFF-01_METER,正常
OFF-02,办公楼,2026-07-24 03:00,20.4,1.33,0.62,7.6,12.3,27.1,74.4,2.2,OFF-02_METER,正常
OFF-03,办公楼,2026-07-24 03:00,19.61,0.94,0.0,7.5,12.8,25.0,58.5,2.8,OFF-03_METER,正常
OFF-04,办公楼,2026-07-24 03:00,20.68,0.96,0.52,7.3,11.7,27.0,71.1,4.0,OFF-04_METER,正常
OFF-05,办公楼,2026-07-24 03:00,18.07,1.34,0.0,6.4,11.5,25.0,57.7,0.6,OFF-05_METER,正常
TEACH-01,教学楼,2026-07-24 03:00,14.09,1.99,0.0,6.1,10.5,25.0,58.4,1.0,TEACH-01_METER,正常
TEACH-02,教学楼,2026-07-24 03:00,15.42,1.82,0.0,7.4,13.8,25.0,63.1,0.5,TEACH-02_METER,正常
TEACH-03,教学楼,2026-07-24 03:00,17.83,2.06,0.0,6.9,12.6,25.0,64.9,1.1,TEACH-03_METER,正常
LIB-01,公共机构,2026-07-24 03:00,24.43,1.79,0.0,7.2,11.2,25.0,68.0,4.6,LIB-01_METER,正常
GYM-01,公共机构,2026-07-24 03:00,13.37,1.54,0.0,7.3,12.0,25.1,64.9,2.8,GYM-01_METER,正常
OFF-01,办公楼,2026-07-24 04:00,26.88,1.13,0.0,6.7,11.2,25.8,65.6,1.8,OFF-01_METER,正常
OFF-02,办公楼,2026-07-24 04:00,22.31,0.96,1.01,7.8,13.1,27.9,71.2,1.0,OFF-02_METER,正常
OFF-03,办公楼,2026-07-24 04:00,30.8,0.97,1.37,7.9,10.9,28.7,76.2,4.5,OFF-03_METER,正常
OFF-04,办公楼,2026-07-24 04:00,17.89,0.93,0.51,7.6,12.5,26.9,67.3,1.8,OFF-04_METER,正常
OFF-05,办公楼,2026-07-24 04:00,32.42,1.09,1.63,6.2,10.0,28.9,74.9,0.8,OFF-05_METER,正常
TEACH-01,教学楼,2026-07-24 04:00,13.29,2.67,0.0,6.4,12.5,25.9,67.6,0.7,TEACH-01_METER,正常
TEACH-02,教学楼,2026-07-24 04:00,22.57,1.84,0.16,6.2,11.0,26.2,67.1,1.4,TEACH-02_METER,正常
TEACH-03,教学楼,2026-07-24 04:00,9.8,2.38,0.28,6.5,11.2,26.4,73.4,0.1,TEACH-03_METER,正常
LIB-01,公共机构,2026-07-24 04:00,32.4,1.99,0.69,6.0,10.0,27.3,75.6,4.1,LIB-01_METER,正常
GYM-01,公共机构,2026-07-24 04:00,29.01,1.64,0.57,6.6,10.8,27.0,73.4,2.5,GYM-01_METER,正常
OFF-01,办公楼,2026-07-24 05:00,23.83,1.01,0.0,6.2,10.2,25.8,73.3,1.2,OFF-01_METER,正常
OFF-02,办公楼,2026-07-24 05:00,26.87,1.26,0.19,6.5,11.2,26.4,70.3,4.1,OFF-02_METER,正常
OFF-03,办公楼,2026-07-24 05:00,28.78,0.96,0.68,6.3,10.0,27.2,62.9,3.2,OFF-03_METER,正常
OFF-04,办公楼,2026-07-24 05:00,19.7,2.51,0.57,5.7,10.6,27.1,68.4,1.4,OFF-04_METER,正常
OFF-05,办公楼,2026-07-24 05:00,24.12,1.5,1.07,7.4,12.9,28.0,66.9,4.7,OFF-05_METER,正常
TEACH-01,教学楼,2026-07-24 05:00,26.21,1.9,1.75,7.6,11.0,28.4,66.0,1.0,TEACH-01_METER,正常
TEACH-02,教学楼,2026-07-24 05:00,16.1,2.02,0.0,7.0,12.9,25.5,73.6,1.8,TEACH-02_METER,正常
TEACH-03,教学楼,2026-07-24 05:00,17.11,1.93,1.5,7.1,11.1,28.0,71.8,0.6,TEACH-03_METER,正常
LIB-01,公共机构,2026-07-24 05:00,39.31,2.18,1.1,7.5,11.1,28.1,69.9,3.5,LIB-01_METER,正常
GYM-01,公共机构,2026-07-24 05:00,31.12,1.79,0.0,6.5,10.6,25.0,64.4,2.3,GYM-01_METER,正常
OFF-01,办公楼,2026-07-24 06:00,22.94,0.94,0.42,8.0,12.9,26.8,72.8,3.6,OFF-01_METER,正常
OFF-02,办公楼,2026-07-24 06:00,22.97,1.17,2.27,6.1,11.3,30.1,65.6,2.0,OFF-02_METER,正常
OFF-03,办公楼,2026-07-24 06:00,13.17,1.26,1.09,7.4,10.6,27.9,70.1,3.3,OFF-03_METER,正常
OFF-04,办公楼,2026-07-24 06:00,23.16,1.0,0.78,7.0,11.5,27.4,62.8,1.6,OFF-04_METER,正常
OFF-05,办公楼,2026-07-24 06:00,10.99,0.95,0.39,7.6,11.8,26.7,67.1,4.2,OFF-05_METER,正常
TEACH-01,教学楼,2026-07-24 06:00,18.45,2.15,0.76,5.9,10.2,27.0,66.3,1.3,TEACH-01_METER,正常
TEACH-02,教学楼,2026-07-24 06:00,22.06,1.92,1.41,6.1,10.3,27.9,73.7,0.6,TEACH-02_METER,正常
TEACH-03,教学楼,2026-07-24 06:00,21.35,2.94,0.0,6.7,11.5,25.0,69.4,0.5,TEACH-03_METER,正常
LIB-01,公共机构,2026-07-24 06:00,39.09,1.52,0.16,6.1,10.3,26.3,70.3,3.9,LIB-01_METER,正常
GYM-01,公共机构,2026-07-24 06:00,26.05,1.68,1.63,7.6,11.1,29.0,76.4,1.6,GYM-01_METER,正常
OFF-01,办公楼,2026-07-24 07:00,28.19,1.29,1.11,6.9,11.6,28.0,65.4,2.3,OFF-01_METER,正常
OFF-02,办公楼,2026-07-24 07:00,15.38,1.38,1.64,5.8,10.0,28.9,65.9,2.8,OFF-02_METER,正常
OFF-03,办公楼,2026-07-24 07:00,16.94,1.14,0.59,7.6,14.1,27.1,65.3,3.9,OFF-03_METER,正常
OFF-04,办公楼,2026-07-24 07:00,29.83,1.57,1.84,7.1,12.3,29.4,64.5,2.4,OFF-04_METER,正常
OFF-05,办公楼,2026-07-24 07:00,15.3,1.09,1.27,6.7,11.2,28.3,64.3,3.3,OFF-05_METER,正常
TEACH-01,教学楼,2026-07-24 07:00,12.27,2.25,1.43,8.5,11.9,27.9,69.3,0.0,TEACH-01_METER,正常
TEACH-02,教学楼,2026-07-24 07:00,18.05,2.18,0.85,6.4,10.7,27.2,64.4,0.4,TEACH-02_METER,正常
TEACH-03,教学楼,2026-07-24 07:00,16.72,2.43,3.02,6.1,10.5,30.2,76.5,0.1,TEACH-03_METER,正常
LIB-01,公共机构,2026-07-24 07:00,37.81,1.64,1.54,7.6,11.3,28.9,70.4,1.5,LIB-01_METER,正常
GYM-01,公共机构,2026-07-24 07:00,35.1,1.82,3.25,7.2,12.0,31.8,73.2,1.8,GYM-01_METER,正常
OFF-01,办公楼,2026-07-24 08:00,88.4,2.84,1.5,6.5,11.0,28.9,73.3,24.0,OFF-01_METER,正常
OFF-02,办公楼,2026-07-24 08:00,93.33,2.74,1.85,6.0,10.1,29.5,74.9,17.7,OFF-02_METER,正常
OFF-03,办公楼,2026-07-24 08:00,72.24,2.94,2.11,7.1,10.8,29.9,69.5,22.1,OFF-03_METER,正常
OFF-04,办公楼,2026-07-24 08:00,82.33,3.16,3.1,5.8,11.1,31.8,67.4,20.2,OFF-04_METER,正常
OFF-05,办公楼,2026-07-24 08:00,65.49,3.12,1.38,7.6,12.3,28.5,78.0,21.2,OFF-05_METER,正常
TEACH-01,教学楼,2026-07-24 08:00,111.58,5.83,3.55,7.2,11.2,31.0,73.4,31.1,TEACH-01_METER,正常
TEACH-02,教学楼,2026-07-24 08:00,95.73,5.45,2.51,7.4,11.7,29.4,71.1,31.3,TEACH-02_METER,正常
TEACH-03,教学楼,2026-07-24 08:00,109.22,6.22,2.56,7.7,13.0,29.7,74.8,34.1,TEACH-03_METER,正常
LIB-01,公共机构,2026-07-24 08:00,27.65,4.56,0.98,5.9,10.5,27.8,69.8,17.1,LIB-01_METER,正常
GYM-01,公共机构,2026-07-24 08:00,32.99,4.52,0.57,6.2,10.9,27.0,70.5,11.0,GYM-01_METER,正常
OFF-01,办公楼,2026-07-24 09:00,66.18,2.92,3.1,7.6,12.2,30.5,72.8,23.9,OFF-01_METER,正常
OFF-02,办公楼,2026-07-24 09:00,95.64,2.72,3.21,7.9,12.7,30.7,74.0,21.1,OFF-02_METER,正常
OFF-03,办公楼,2026-07-24 09:00,102.24,3.25,3.58,6.4,12.4,30.8,76.9,24.9,OFF-03_METER,正常
OFF-04,办公楼,2026-07-24 09:00,71.68,2.85,3.15,6.2,10.6,30.6,75.7,24.9,OFF-04_METER,正常
OFF-05,办公楼,2026-07-24 09:00,105.6,2.81,2.94,5.8,10.0,30.1,72.1,24.8,OFF-05_METER,正常
TEACH-01,教学楼,2026-07-24 09:00,106.57,5.87,3.93,7.9,12.5,30.2,74.8,25.5,TEACH-01_METER,正常
TEACH-02,教学楼,2026-07-24 09:00,127.55,5.44,4.39,7.3,12.5,30.5,70.5,30.7,TEACH-02_METER,正常
TEACH-03,教学楼,2026-07-24 09:00,119.3,5.53,2.51,8.1,13.4,28.7,66.6,31.5,TEACH-03_METER,正常
LIB-01,公共机构,2026-07-24 09:00,76.64,4.71,4.36,7.7,11.0,32.4,81.1,10.0,LIB-01_METER,正常
GYM-01,公共机构,2026-07-24 09:00,89.91,4.78,5.36,7.4,13.4,33.8,79.8,13.0,GYM-01_METER,异常
OFF-01,办公楼,2026-07-24 10:00,91.22,3.07,2.91,6.4,10.0,29.9,70.3,24.0,OFF-01_METER,正常
OFF-02,办公楼,2026-07-24 10:00,102.88,2.84,3.84,6.2,10.1,31.7,67.1,17.8,OFF-02_METER,正常
OFF-03,办公楼,2026-07-24 10:00,71.48,3.05,3.31,6.8,12.1,30.8,76.4,20.6,OFF-03_METER,正常
OFF-04,办公楼,2026-07-24 10:00,90.09,3.21,3.91,6.9,12.7,31.5,69.7,24.0,OFF-04_METER,正常
OFF-05,办公楼,2026-07-24 10:00,69.29,3.1,4.26,7.7,11.6,32.0,76.0,23.0,OFF-05_METER,正常
TEACH-01,教学楼,2026-07-24 10:00,126.21,5.81,2.86,7.8,11.9,29.2,55.4,39.0,TEACH-01_METER,正常
TEACH-02,教学楼,2026-07-24 10:00,111.95,5.47,4.37,7.1,12.7,30.6,70.7,36.7,TEACH-02_METER,正常
TEACH-03,教学楼,2026-07-24 10:00,99.64,5.66,4.78,6.5,11.4,30.9,80.9,26.9,TEACH-03_METER,正常
LIB-01,公共机构,2026-07-24 10:00,61.44,4.83,3.99,6.9,10.3,31.9,62.2,16.9,LIB-01_METER,正常
GYM-01,公共机构,2026-07-24 10:00,111.61,4.6,5.02,6.7,10.3,32.9,77.3,18.4,GYM-01_METER,正常
OFF-01,办公楼,2026-07-24 11:00,90.16,2.76,2.21,6.2,10.7,29.2,74.0,18.8,OFF-01_METER,正常
OFF-02,办公楼,2026-07-24 11:00,81.33,2.82,4.33,6.5,11.9,32.1,78.1,17.9,OFF-02_METER,正常
OFF-03,办公楼,2026-07-24 11:00,89.64,4.25,3.73,6.6,10.6,31.4,74.8,20.1,OFF-03_METER,正常
OFF-04,办公楼,2026-07-24 11:00,86.76,3.22,1.03,7.9,10.4,27.5,70.5,23.1,OFF-04_METER,正常
OFF-05,办公楼,2026-07-24 11:00,81.86,3.8,4.78,6.9,10.9,33.1,66.1,23.9,OFF-05_METER,正常
TEACH-01,教学楼,2026-07-24 11:00,126.88,5.79,7.25,6.1,10.6,33.4,80.0,38.3,TEACH-01_METER,正常
TEACH-02,教学楼,2026-07-24 11:00,99.6,5.58,4.0,7.3,12.5,30.3,73.0,35.3,TEACH-02_METER,正常
TEACH-03,教学楼,2026-07-24 11:00,130.29,5.54,3.99,7.1,11.8,30.1,70.6,39.6,TEACH-03_METER,正常
LIB-01,公共机构,2026-07-24 11:00,71.49,5.41,3.48,7.3,12.7,31.1,67.1,14.4,LIB-01_METER,正常
GYM-01,公共机构,2026-07-24 11:00,107.44,4.53,5.09,7.5,12.0,33.3,75.5,18.4,GYM-01_METER,正常
OFF-01,办公楼,2026-07-24 12:00,94.72,3.69,4.31,6.7,11.0,32.0,67.5,18.6,OFF-01_METER,正常
OFF-02,办公楼,2026-07-24 12:00,84.85,2.76,5.23,7.8,13.5,33.4,75.0,17.9,OFF-02_METER,正常
OFF-03,办公楼,2026-07-24 12:00,66.15,2.87,4.2,7.6,11.7,32.0,76.7,15.6,OFF-03_METER,正常
OFF-04,办公楼,2026-07-24 12:00,98.87,2.76,3.99,7.2,11.6,31.9,76.0,22.0,OFF-04_METER,正常
OFF-05,办公楼,2026-07-24 12:00,84.19,3.16,3.74,5.9,10.0,31.2,65.6,17.6,OFF-05_METER,正常
TEACH-01,教学楼,2026-07-24 12:00,100.57,5.82,6.15,5.9,10.5,32.3,76.3,30.9,TEACH-01_METER,正常
TEACH-02,教学楼,2026-07-24 12:00,96.24,5.44,4.29,7.0,12.2,30.6,69.6,27.5,TEACH-02_METER,正常
TEACH-03,教学楼,2026-07-24 12:00,143.56,5.76,5.96,6.5,13.3,32.1,84.4,30.8,TEACH-03_METER,正常
LIB-01,公共机构,2026-07-24 12:00,89.29,4.73,2.86,7.0,11.9,30.3,75.7,19.9,LIB-01_METER,正常
GYM-01,公共机构,2026-07-24 12:00,63.19,4.84,2.73,7.2,11.6,30.1,69.3,12.0,GYM-01_METER,正常
OFF-01,办公楼,2026-07-24 13:00,77.33,3.03,4.64,6.8,12.4,32.6,68.3,24.4,OFF-01_METER,正常
OFF-02,办公楼,2026-07-24 13:00,88.92,2.97,6.31,7.0,10.1,34.9,91.7,20.1,OFF-02_METER,正常
OFF-03,办公楼,2026-07-24 13:00,84.72,2.74,5.75,6.2,10.0,34.4,77.9,19.4,OFF-03_METER,正常
OFF-04,办公楼,2026-07-24 13:00,86.53,2.79,6.38,7.6,11.9,35.2,81.2,15.6,OFF-04_METER,正常
OFF-05,办公楼,2026-07-24 13:00,65.26,3.1,3.95,8.7,12.9,31.4,77.2,22.3,OFF-05_METER,正常
TEACH-01,教学楼,2026-07-24 13:00,117.98,5.5,6.39,6.4,10.5,32.5,78.4,33.1,TEACH-01_METER,正常
TEACH-02,教学楼,2026-07-24 13:00,127.18,5.46,6.89,6.5,11.1,33.1,85.2,34.8,TEACH-02_METER,正常
TEACH-03,教学楼,2026-07-24 13:00,114.32,5.75,4.3,6.9,10.9,30.7,60.9,34.8,TEACH-03_METER,正常
LIB-01,公共机构,2026-07-24 13:00,62.56,4.51,4.61,7.2,11.2,32.2,79.1,13.4,LIB-01_METER,正常
GYM-01,公共机构,2026-07-24 13:00,85.61,4.61,4.46,6.6,10.8,32.2,78.8,14.0,GYM-01_METER,正常
OFF-01,办公楼,2026-07-24 14:00,90.28,2.97,5.44,6.4,10.0,33.5,79.8,20.1,OFF-01_METER,正常
OFF-02,办公楼,2026-07-24 14:00,81.33,2.96,5.94,6.7,12.4,34.1,78.4,18.1,OFF-02_METER,正常
OFF-03,办公楼,2026-07-24 14:00,103.61,2.71,5.79,6.9,12.1,33.9,75.1,23.6,OFF-03_METER,正常
OFF-04,办公楼,2026-07-24 14:00,69.95,2.98,4.62,6.4,11.8,32.8,74.9,17.0,OFF-04_METER,正常
OFF-05,办公楼,2026-07-24 14:00,101.49,2.8,5.56,6.7,11.5,34.1,77.9,24.0,OFF-05_METER,正常
TEACH-01,教学楼,2026-07-24 14:00,112.19,5.42,5.76,6.2,12.0,32.4,69.0,30.2,TEACH-01_METER,正常
TEACH-02,教学楼,2026-07-24 14:00,111.93,5.69,6.84,7.6,11.5,33.3,79.2,38.7,TEACH-02_METER,正常
TEACH-03,教学楼,2026-07-24 14:00,135.62,5.48,5.67,8.8,13.4,32.3,71.1,37.8,TEACH-03_METER,正常
LIB-01,公共机构,2026-07-24 14:00,111.53,4.77,6.23,6.3,11.1,35.0,80.0,10.6,LIB-01_METER,正常
GYM-01,公共机构,2026-07-24 14:00,92.88,4.98,4.95,7.1,11.0,33.4,76.9,19.5,GYM-01_METER,正常
OFF-01,办公楼,2026-07-24 15:00,78.78,2.81,5.19,7.1,13.5,33.1,73.4,20.6,OFF-01_METER,正常
OFF-02,办公楼,2026-07-24 15:00,69.72,2.72,4.53,6.3,11.2,32.6,74.9,20.4,OFF-02_METER,正常
OFF-03,办公楼,2026-07-24 15:00,89.8,2.91,4.75,6.7,13.6,32.7,68.5,17.9,OFF-03_METER,正常
OFF-04,办公楼,2026-07-24 15:00,76.64,2.7,5.08,6.2,10.0,32.9,79.7,19.7,OFF-04_METER,正常
OFF-05,办公楼,2026-07-24 15:00,86.86,4.05,6.64,6.6,11.8,35.7,76.6,20.1,OFF-05_METER,正常
TEACH-01,教学楼,2026-07-24 15:00,142.17,5.4,6.91,6.2,10.7,33.6,86.4,30.5,TEACH-01_METER,正常
TEACH-02,教学楼,2026-07-24 15:00,90.78,5.45,5.59,7.0,10.8,32.0,75.9,26.3,TEACH-02_METER,正常
TEACH-03,教学楼,2026-07-24 15:00,108.3,5.75,7.93,5.9,10.9,34.5,76.4,27.9,TEACH-03_METER,正常
LIB-01,公共机构,2026-07-24 15:00,77.33,4.76,5.45,7.5,11.7,33.9,78.1,17.4,LIB-01_METER,正常
GYM-01,公共机构,2026-07-24 15:00,102.29,4.58,5.36,8.2,12.7,33.2,61.4,11.2,GYM-01_METER,正常
OFF-01,办公楼,2026-07-24 16:00,74.39,2.86,7.38,6.0,10.0,36.0,77.1,24.4,OFF-01_METER,正常
OFF-02,办公楼,2026-07-24 16:00,68.26,3.81,6.32,6.7,11.0,34.9,83.7,20.9,OFF-02_METER,正常
OFF-03,办公楼,2026-07-24 16:00,90.62,3.01,5.82,9.0,13.7,34.3,77.3,15.8,OFF-03_METER,正常
OFF-04,办公楼,2026-07-24 16:00,77.64,3.05,6.39,6.9,10.0,35.6,80.4,19.0,OFF-04_METER,正常
OFF-05,办公楼,2026-07-24 16:00,85.18,3.37,4.68,6.2,10.5,32.6,68.6,24.3,OFF-05_METER,正常
TEACH-01,教学楼,2026-07-24 16:00,132.87,5.55,5.8,7.4,13.4,32.5,73.8,37.2,TEACH-01_METER,正常
TEACH-02,教学楼,2026-07-24 16:00,106.06,6.02,8.03,5.1,10.0,34.2,78.0,34.7,TEACH-02_METER,正常
TEACH-03,教学楼,2026-07-24 16:00,113.6,5.62,7.15,7.5,11.8,33.9,74.5,27.8,TEACH-03_METER,正常
LIB-01,公共机构,2026-07-24 16:00,109.49,4.93,5.58,7.8,11.1,33.8,76.1,15.0,LIB-01_METER,正常
GYM-01,公共机构,2026-07-24 16:00,70.07,4.65,4.6,7.7,12.7,32.6,82.2,14.9,GYM-01_METER,正常
OFF-01,办公楼,2026-07-24 17:00,101.81,2.7,7.2,7.0,11.9,35.8,87.1,15.6,OFF-01_METER,正常
OFF-02,办公楼,2026-07-24 17:00,73.27,3.73,4.96,6.5,11.0,33.4,78.6,21.2,OFF-02_METER,正常
OFF-03,办公楼,2026-07-24 17:00,75.35,2.98,6.53,7.3,13.1,35.2,84.9,20.7,OFF-03_METER,正常
OFF-04,办公楼,2026-07-24 17:00,97.08,2.82,5.27,5.4,10.0,33.7,73.9,18.0,OFF-04_METER,正常
OFF-05,办公楼,2026-07-24 17:00,92.18,2.74,5.51,5.5,11.6,33.6,72.3,17.4,OFF-05_METER,正常
TEACH-01,教学楼,2026-07-24 17:00,147.17,6.54,7.18,8.0,13.9,33.5,76.0,39.9,TEACH-01_METER,正常
TEACH-02,教学楼,2026-07-24 17:00,110.35,5.86,6.54,7.4,11.7,32.9,84.9,38.8,TEACH-02_METER,正常
TEACH-03,教学楼,2026-07-24 17:00,104.43,5.75,6.94,6.2,10.8,33.3,78.2,37.0,TEACH-03_METER,正常
LIB-01,公共机构,2026-07-24 17:00,92.69,5.02,4.88,7.5,12.1,33.0,81.1,19.8,LIB-01_METER,正常
GYM-01,公共机构,2026-07-24 17:00,89.39,4.64,3.82,7.3,11.8,31.4,75.4,14.0,GYM-01_METER,正常
OFF-01,办公楼,2026-07-24 18:00,95.5,3.06,4.6,5.5,10.3,34.9,79.7,17.8,OFF-01_METER,正常
OFF-02,办公楼,2026-07-24 18:00,83.81,3.16,4.34,6.4,10.6,34.0,78.5,22.9,OFF-02_METER,正常
OFF-03,办公楼,2026-07-24 18:00,83.78,2.72,3.7,8.1,12.0,33.2,75.9,22.5,OFF-03_METER,正常
OFF-04,办公楼,2026-07-24 18:00,85.41,3.36,5.52,8.1,11.4,36.0,72.9,21.5,OFF-04_METER,正常
OFF-05,办公楼,2026-07-24 18:00,96.45,3.07,4.58,8.6,12.2,34.6,72.2,24.4,OFF-05_METER,正常
TEACH-01,教学楼,2026-07-24 18:00,130.48,5.72,5.35,6.7,11.1,33.8,78.1,35.0,TEACH-01_METER,正常
TEACH-02,教学楼,2026-07-24 18:00,106.69,5.84,6.16,7.6,12.6,34.3,71.0,27.4,TEACH-02_METER,正常
TEACH-03,教学楼,2026-07-24 18:00,97.79,5.67,7.37,7.2,12.4,35.8,82.7,26.9,TEACH-03_METER,正常
LIB-01,公共机构,2026-07-24 18:00,104.28,4.6,3.8,6.6,11.0,33.0,75.4,17.9,LIB-01_METER,正常
GYM-01,公共机构,2026-07-24 18:00,63.77,4.89,4.22,7.1,11.9,33.6,71.6,17.1,GYM-01_METER,正常
OFF-01,办公楼,2026-07-24 19:00,32.86,1.5,4.4,6.9,10.8,34.0,66.6,3.8,OFF-01_METER,正常
OFF-02,办公楼,2026-07-24 19:00,27.4,1.24,5.02,6.4,10.3,35.7,84.2,3.2,OFF-02_METER,正常
OFF-03,办公楼,2026-07-24 19:00,28.05,0.98,2.82,7.1,10.9,31.1,76.2,2.6,OFF-03_METER,正常
OFF-04,办公楼,2026-07-24 19:00,16.03,0.93,3.98,7.0,12.1,33.8,81.0,3.4,OFF-04_METER,正常
OFF-05,办公楼,2026-07-24 19:00,31.06,1.15,4.08,7.8,11.7,33.4,80.1,4.4,OFF-05_METER,正常
TEACH-01,教学楼,2026-07-24 19:00,24.55,1.88,4.83,6.4,11.2,32.4,69.1,1.6,TEACH-01_METER,正常
TEACH-02,教学楼,2026-07-24 19:00,17.36,1.96,4.92,8.5,13.8,32.9,77.5,1.7,TEACH-02_METER,正常
TEACH-03,教学楼,2026-07-24 19:00,23.27,2.38,5.31,7.4,12.1,33.7,78.2,2.0,TEACH-03_METER,正常
LIB-01,公共机构,2026-07-24 19:00,70.13,1.98,5.37,6.1,10.9,35.9,84.9,3.5,LIB-01_METER,正常
GYM-01,公共机构,2026-07-24 19:00,64.36,1.62,3.11,7.3,11.5,31.6,72.5,0.9,GYM-01_METER,正常
OFF-01,办公楼,2026-07-24 20:00,25.48,1.03,2.94,7.5,13.0,31.4,71.2,3.5,OFF-01_METER,正常
OFF-02,办公楼,2026-07-24 20:00,19.57,0.92,2.81,7.0,10.5,31.4,70.2,0.5,OFF-02_METER,正常
OFF-03,办公楼,2026-07-24 20:00,18.87,1.01,2.92,6.3,11.6,31.6,79.5,2.5,OFF-03_METER,正常
OFF-04,办公楼,2026-07-24 20:00,26.22,0.94,5.08,6.8,10.9,35.6,81.3,4.0,OFF-04_METER,正常
OFF-05,办公楼,2026-07-24 20:00,31.16,0.99,4.66,5.6,10.6,34.6,75.9,2.8,OFF-05_METER,正常
TEACH-01,教学楼,2026-07-24 20:00,15.85,1.85,5.34,6.4,11.2,33.4,76.9,0.5,TEACH-01_METER,正常
TEACH-02,教学楼,2026-07-24 20:00,26.11,2.44,3.01,6.4,11.5,30.3,69.9,1.4,TEACH-02_METER,正常
TEACH-03,教学楼,2026-07-24 20:00,24.41,2.49,6.3,7.6,12.2,34.3,75.5,1.4,TEACH-03_METER,正常
LIB-01,公共机构,2026-07-24 20:00,87.24,1.63,3.52,6.5,10.0,32.5,81.2,3.1,LIB-01_METER,正常
GYM-01,公共机构,2026-07-24 20:00,69.42,1.6,4.23,8.0,11.7,33.5,74.8,2.2,GYM-01_METER,正常
OFF-01,办公楼,2026-07-24 21:00,21.65,0.91,5.21,7.4,13.0,35.4,69.7,0.6,OFF-01_METER,正常
OFF-02,办公楼,2026-07-24 21:00,24.59,0.92,4.29,6.6,10.0,33.6,80.5,4.3,OFF-02_METER,正常
OFF-03,办公楼,2026-07-24 21:00,28.93,0.97,3.28,6.4,10.9,32.3,79.4,2.6,OFF-03_METER,正常
OFF-04,办公楼,2026-07-24 21:00,20.57,1.12,3.93,6.3,10.6,33.5,83.4,1.5,OFF-04_METER,正常
OFF-05,办公楼,2026-07-24 21:00,20.18,1.13,3.23,7.2,10.6,32.0,80.3,3.4,OFF-05_METER,正常
TEACH-01,教学楼,2026-07-24 21:00,23.5,2.47,5.75,7.6,11.3,34.0,70.2,1.3,TEACH-01_METER,正常
TEACH-02,教学楼,2026-07-24 21:00,20.95,2.21,3.73,6.1,10.0,31.4,76.8,1.5,TEACH-02_METER,正常
TEACH-03,教学楼,2026-07-24 21:00,25.77,3.31,6.97,6.7,10.0,35.3,67.3,1.0,TEACH-03_METER,正常
LIB-01,公共机构,2026-07-24 21:00,105.3,1.67,4.12,6.6,11.4,33.7,73.9,0.8,LIB-01_METER,正常
GYM-01,公共机构,2026-07-24 21:00,101.95,1.67,4.71,7.6,12.3,34.4,77.3,3.9,GYM-01_METER,正常
OFF-01,办公楼,2026-07-24 22:00,26.97,1.71,3.97,6.4,12.2,33.7,79.8,1.3,OFF-01_METER,正常
OFF-02,办公楼,2026-07-24 22:00,28.0,1.02,3.36,7.4,12.6,32.5,74.6,3.3,OFF-02_METER,正常
OFF-03,办公楼,2026-07-24 22:00,34.3,1.13,4.77,6.6,10.0,34.8,79.7,3.4,OFF-03_METER,正常
OFF-04,办公楼,2026-07-24 22:00,30.71,1.3,4.63,7.2,11.6,34.5,79.9,1.9,OFF-04_METER,正常
OFF-05,办公楼,2026-07-24 22:00,22.63,1.11,3.06,5.9,11.4,31.7,82.9,0.6,OFF-05_METER,正常
TEACH-01,教学楼,2026-07-24 22:00,24.72,2.58,5.13,5.7,11.2,32.8,69.3,0.1,TEACH-01_METER,正常
TEACH-02,教学楼,2026-07-24 22:00,29.43,1.8,5.57,5.3,10.7,33.6,80.7,1.1,TEACH-02_METER,正常
TEACH-03,教学楼,2026-07-24 22:00,20.16,1.81,3.22,7.8,11.3,30.4,76.0,0.4,TEACH-03_METER,正常
LIB-01,公共机构,2026-07-24 22:00,30.54,1.66,4.29,6.6,11.3,34.1,81.1,2.4,LIB-01_METER,正常
GYM-01,公共机构,2026-07-24 22:00,30.53,1.93,2.88,6.1,10.1,31.1,73.1,2.4,GYM-01_METER,正常
OFF-01,办公楼,2026-07-24 23:00,33.07,1.03,2.93,7.2,11.0,31.4,77.6,2.2,OFF-01_METER,正常
OFF-02,办公楼,2026-07-24 23:00,26.33,1.28,4.91,6.8,10.5,34.8,74.9,4.6,OFF-02_METER,正常
OFF-03,办公楼,2026-07-24 23:00,28.41,0.99,4.16,8.2,13.7,33.8,77.0,4.4,OFF-03_METER,正常
OFF-04,办公楼,2026-07-24 23:00,17.33,0.94,4.85,8.0,13.6,34.7,77.2,1.7,OFF-04_METER,正常
OFF-05,办公楼,2026-07-24 23:00,28.81,1.02,3.9,6.6,10.6,33.3,74.3,4.1,OFF-05_METER,正常
TEACH-01,教学楼,2026-07-24 23:00,14.73,2.57,5.08,5.0,10.4,32.7,81.6,0.6,TEACH-01_METER,正常
TEACH-02,教学楼,2026-07-24 23:00,18.65,2.16,1.55,7.2,11.6,28.1,73.8,0.4,TEACH-02_METER,正常
TEACH-03,教学楼,2026-07-24 23:00,21.11,1.9,4.57,5.3,10.0,32.5,71.4,0.7,TEACH-03_METER,正常
LIB-01,公共机构,2026-07-24 23:00,37.8,1.89,4.51,6.1,10.7,33.9,78.0,2.7,LIB-01_METER,正常
GYM-01,公共机构,2026-07-24 23:00,26.83,1.7,2.75,6.3,10.0,31.2,72.3,4.3,GYM-01_METER,正常
OFF-01,办公楼,2026-07-25 00:00,17.16,1.09,0.11,6.7,11.0,26.2,64.8,1.3,OFF-01_METER,正常
OFF-02,办公楼,2026-07-25 00:00,14.64,1.68,0.0,5.8,10.0,25.8,68.0,2.5,OFF-02_METER,正常
OFF-03,办公楼,2026-07-25 00:00,26.03,1.49,0.0,6.6,11.1,25.0,65.8,0.8,OFF-03_METER,正常
OFF-04,办公楼,2026-07-25 00:00,22.41,0.93,0.0,7.7,12.5,25.0,56.6,4.3,OFF-04_METER,正常
OFF-05,办公楼,2026-07-25 00:00,28.47,1.31,0.48,5.3,10.1,26.9,75.5,1.2,OFF-05_METER,正常
TEACH-01,教学楼,2026-07-25 00:00,15.66,2.65,0.0,7.2,10.8,25.0,64.3,0.8,TEACH-01_METER,正常
TEACH-02,教学楼,2026-07-25 00:00,8.58,1.85,0.0,6.9,11.7,25.0,69.3,1.2,TEACH-02_METER,正常
TEACH-03,教学楼,2026-07-25 00:00,24.47,1.91,0.0,6.5,11.3,25.9,62.6,1.6,TEACH-03_METER,正常
LIB-01,公共机构,2026-07-25 00:00,35.03,1.6,0.0,6.2,10.6,25.0,75.0,1.9,LIB-01_METER,正常
GYM-01,公共机构,2026-07-25 00:00,21.55,1.62,0.0,8.1,12.3,25.0,62.0,3.4,GYM-01_METER,正常
OFF-01,办公楼,2026-07-25 01:00,23.86,1.28,0.0,7.6,12.7,25.0,59.7,1.2,OFF-01_METER,正常
OFF-02,办公楼,2026-07-25 01:00,14.78,1.1,0.22,8.8,14.1,26.4,65.1,4.3,OFF-02_METER,正常
OFF-03,办公楼,2026-07-25 01:00,25.17,0.96,0.0,6.4,11.4,25.0,58.1,3.1,OFF-03_METER,正常
OFF-04,办公楼,2026-07-25 01:00,25.94,1.05,0.0,6.6,11.2,25.0,65.6,2.0,OFF-04_METER,正常
OFF-05,办公楼,2026-07-25 01:00,20.19,1.2,0.0,6.7,12.0,25.0,67.1,1.5,OFF-05_METER,正常
TEACH-01,教学楼,2026-07-25 01:00,13.03,1.95,0.0,7.4,10.9,25.0,63.9,0.3,TEACH-01_METER,正常
TEACH-02,教学楼,2026-07-25 01:00,20.95,1.99,0.0,5.7,10.5,25.0,58.8,0.8,TEACH-02_METER,正常
TEACH-03,教学楼,2026-07-25 01:00,15.15,1.8,0.0,7.8,11.9,25.0,64.4,0.2,TEACH-03_METER,正常
LIB-01,公共机构,2026-07-25 01:00,22.67,1.78,0.0,6.5,12.0,25.0,58.9,4.3,LIB-01_METER,正常
GYM-01,公共机构,2026-07-25 01:00,36.78,1.51,0.0,6.1,10.0,25.0,57.6,2.7,GYM-01_METER,正常
OFF-01,办公楼,2026-07-25 02:00,32.06,0.93,0.0,6.4,10.6,25.7,75.9,1.0,OFF-01_METER,正常
OFF-02,办公楼,2026-07-25 02:00,26.19,0.97,0.64,6.2,11.5,27.1,62.7,3.8,OFF-02_METER,正常
OFF-03,办公楼,2026-07-25 02:00,26.3,0.92,0.0,6.9,10.5,25.4,66.8,1.9,OFF-03_METER,正常
OFF-04,办公楼,2026-07-25 02:00,22.31,1.37,0.0,5.9,10.0,25.4,59.4,2.8,OFF-04_METER,正常
OFF-05,办公楼,2026-07-25 02:00,20.34,0.94,0.0,7.6,10.7,25.0,69.5,2.8,OFF-05_METER,正常
TEACH-01,教学楼,2026-07-25 02:00,18.87,2.97,0.0,6.8,11.7,25.3,63.3,0.3,TEACH-01_METER,正常
TEACH-02,教学楼,2026-07-25 02:00,17.53,1.81,0.0,5.3,11.0,25.5,66.2,1.6,TEACH-02_METER,正常
TEACH-03,教学楼,2026-07-25 02:00,22.52,1.94,0.03,7.1,12.0,26.0,72.4,1.7,TEACH-03_METER,正常
LIB-01,公共机构,2026-07-25 02:00,22.64,1.6,0.01,6.0,10.3,26.0,75.1,1.6,LIB-01_METER,正常
GYM-01,公共机构,2026-07-25 02:00,34.18,1.64,0.0,8.8,14.1,25.1,69.6,1.9,GYM-01_METER,正常
OFF-01,办公楼,2026-07-25 03:00,17.84,0.9,0.38,8.0,12.1,26.7,71.3,1.2,OFF-01_METER,正常
OFF-02,办公楼,2026-07-25 03:00,18.47,1.07,0.0,8.1,12.1,25.8,72.0,4.5,OFF-02_METER,正常
OFF-03,办公楼,2026-07-25 03:00,27.84,0.99,0.0,6.3,11.2,25.0,64.9,3.8,OFF-03_METER,正常
OFF-04,办公楼,2026-07-25 03:00,24.5,0.9,0.0,5.3,10.0,25.6,71.0,2.2,OFF-04_METER,正常
OFF-05,办公楼,2026-07-25 03:00,23.47,1.42,0.0,7.8,12.1,25.4,62.6,2.4,OFF-05_METER,正常
TEACH-01,教学楼,2026-07-25 03:00,11.83,1.81,0.11,7.9,11.8,26.2,65.6,0.5,TEACH-01_METER,正常
TEACH-02,教学楼,2026-07-25 03:00,14.49,1.85,0.0,7.0,12.6,25.7,64.9,0.7,TEACH-02_METER,正常
TEACH-03,教学楼,2026-07-25 03:00,21.6,1.88,0.14,8.0,11.7,26.2,68.0,0.6,TEACH-03_METER,正常
LIB-01,公共机构,2026-07-25 03:00,22.09,1.62,0.0,7.6,12.4,25.0,64.3,4.1,LIB-01_METER,正常
GYM-01,公共机构,2026-07-25 03:00,38.52,1.59,0.06,7.8,12.3,26.1,64.5,4.3,GYM-01_METER,正常
OFF-01,办公楼,2026-07-25 04:00,25.88,0.97,0.0,7.4,12.0,25.0,70.2,4.2,OFF-01_METER,正常
OFF-02,办公楼,2026-07-25 04:00,21.81,1.41,0.08,5.4,10.0,26.2,72.6,1.5,OFF-02_METER,正常
OFF-03,办公楼,2026-07-25 04:00,19.45,1.39,0.0,7.3,12.0,25.0,65.8,3.1,OFF-03_METER,正常
OFF-04,办公楼,2026-07-25 04:00,29.38,1.4,0.0,7.8,13.6,26.0,74.4,1.9,OFF-04_METER,正常
OFF-05,办公楼,2026-07-25 04:00,31.64,0.99,0.71,7.9,11.8,27.3,73.6,3.0,OFF-05_METER,正常
TEACH-01,教学楼,2026-07-25 04:00,27.32,1.99,2.34,8.1,13.3,29.4,70.2,0.3,TEACH-01_METER,正常
TEACH-02,教学楼,2026-07-25 04:00,12.28,1.99,0.0,6.0,10.0,25.5,66.2,1.5,TEACH-02_METER,正常
TEACH-03,教学楼,2026-07-25 04:00,11.31,1.84,1.58,5.7,10.5,28.1,71.5,0.6,TEACH-03_METER,正常
LIB-01,公共机构,2026-07-25 04:00,34.06,2.03,0.0,6.4,10.9,25.1,64.9,2.1,LIB-01_METER,正常
GYM-01,公共机构,2026-07-25 04:00,23.29,1.53,0.66,7.4,11.2,27.2,72.8,4.3,GYM-01_METER,正常
OFF-01,办公楼,2026-07-25 05:00,26.71,1.11,0.1,7.1,11.7,26.2,64.7,3.8,OFF-01_METER,正常
OFF-02,办公楼,2026-07-25 05:00,20.9,1.01,0.0,6.3,10.4,25.3,63.9,1.6,OFF-02_METER,正常
OFF-03,办公楼,2026-07-25 05:00,25.49,1.13,1.29,7.0,11.4,28.4,74.5,4.5,OFF-03_METER,正常
OFF-04,办公楼,2026-07-25 05:00,23.9,0.99,0.0,6.5,11.2,25.0,65.3,0.6,OFF-04_METER,正常
OFF-05,办公楼,2026-07-25 05:00,12.93,0.99,0.16,6.3,11.7,26.3,64.5,0.6,OFF-05_METER,正常
TEACH-01,教学楼,2026-07-25 05:00,24.33,1.81,1.42,7.7,13.2,28.0,73.9,0.4,TEACH-01_METER,正常
TEACH-02,教学楼,2026-07-25 05:00,14.35,1.85,0.8,6.8,11.8,27.1,68.0,1.7,TEACH-02_METER,正常
TEACH-03,教学楼,2026-07-25 05:00,10.66,2.24,0.27,7.7,12.9,26.4,69.5,1.4,TEACH-03_METER,正常
LIB-01,公共机构,2026-07-25 05:00,27.56,2.01,0.0,5.5,10.0,25.1,70.7,4.4,LIB-01_METER,正常
GYM-01,公共机构,2026-07-25 05:00,33.74,1.97,0.81,7.7,12.9,27.6,62.8,3.4,GYM-01_METER,正常
OFF-01,办公楼,2026-07-25 06:00,20.59,1.08,1.23,6.7,11.4,28.2,68.6,1.6,OFF-01_METER,正常
OFF-02,办公楼,2026-07-25 06:00,20.02,0.99,0.09,9.0,12.8,26.2,66.2,2.2,OFF-02_METER,正常
OFF-03,办公楼,2026-07-25 06:00,25.46,1.14,1.2,8.2,12.8,28.1,80.2,3.3,OFF-03_METER,正常
OFF-04,办公楼,2026-07-25 06:00,21.37,1.55,0.0,6.8,12.4,25.3,72.9,3.4,OFF-04_METER,正常
OFF-05,办公楼,2026-07-25 06:00,23.18,0.9,0.54,5.9,11.7,27.0,72.7,4.2,OFF-05_METER,正常
TEACH-01,教学楼,2026-07-25 06:00,22.45,2.44,1.77,6.6,10.0,28.5,63.8,1.8,TEACH-01_METER,正常
TEACH-02,教学楼,2026-07-25 06:00,24.77,2.41,0.8,6.0,11.0,27.1,69.5,1.4,TEACH-02_METER,正常
TEACH-03,教学楼,2026-07-25 06:00,8.3,1.92,1.19,7.2,11.7,27.7,67.1,0.5,TEACH-03_METER,正常
LIB-01,公共机构,2026-07-25 06:00,33.43,1.77,0.0,7.2,10.8,25.6,72.3,4.4,LIB-01_METER,正常
GYM-01,公共机构,2026-07-25 06:00,26.83,1.54,1.37,8.1,12.2,28.5,71.8,3.2,GYM-01_METER,正常
OFF-01,办公楼,2026-07-25 07:00,29.22,1.44,1.59,6.8,10.0,29.0,68.4,1.0,OFF-01_METER,正常
OFF-02,办公楼,2026-07-25 07:00,31.58,0.92,1.79,7.0,11.4,29.3,75.5,4.8,OFF-02_METER,正常
OFF-03,办公楼,2026-07-25 07:00,22.56,1.29,1.83,7.0,10.7,29.6,66.5,2.9,OFF-03_METER,正常
OFF-04,办公楼,2026-07-25 07:00,22.63,1.29,1.76,6.9,10.3,29.3,70.5,3.0,OFF-04_METER,正常
OFF-05,办公楼,2026-07-25 07:00,27.89,1.01,1.8,6.6,11.3,29.4,61.7,3.6,OFF-05_METER,正常
TEACH-01,教学楼,2026-07-25 07:00,24.89,2.11,1.86,7.6,12.2,28.7,76.8,0.4,TEACH-01_METER,正常
TEACH-02,教学楼,2026-07-25 07:00,27.24,1.9,3.52,6.5,11.7,31.1,73.9,1.1,TEACH-02_METER,正常
TEACH-03,教学楼,2026-07-25 07:00,21.36,2.42,2.11,6.9,11.2,29.0,66.4,1.8,TEACH-03_METER,正常
LIB-01,公共机构,2026-07-25 07:00,31.69,1.57,2.44,8.0,13.3,30.4,74.1,4.8,LIB-01_METER,正常
GYM-01,公共机构,2026-07-25 07:00,39.67,1.65,1.53,6.8,11.0,29.0,74.9,5.0,GYM-01_METER,正常
OFF-01,办公楼,2026-07-25 08:00,23.22,1.35,3.19,8.4,13.1,32.1,77.6,1.3,OFF-01_METER,正常
OFF-02,办公楼,2026-07-25 08:00,21.59,1.96,2.1,7.0,11.9,30.0,76.8,3.6,OFF-02_METER,正常
OFF-03,办公楼,2026-07-25 08:00,27.31,1.41,1.56,6.7,10.0,28.8,73.9,2.9,OFF-03_METER,正常
OFF-04,办公楼,2026-07-25 08:00,22.21,1.2,2.06,7.0,10.0,30.0,67.3,3.4,OFF-04_METER,正常
OFF-05,办公楼,2026-07-25 08:00,34.53,1.45,1.84,6.5,12.6,29.6,76.9,2.1,OFF-05_METER,正常
TEACH-01,教学楼,2026-07-25 08:00,20.2,2.32,2.96,6.6,11.6,30.0,65.9,0.3,TEACH-01_METER,正常
TEACH-02,教学楼,2026-07-25 08:00,17.22,2.11,2.8,6.8,10.9,29.8,74.7,1.7,TEACH-02_METER,正常
TEACH-03,教学楼,2026-07-25 08:00,16.37,2.17,4.18,6.6,11.5,32.1,65.0,0.7,TEACH-03_METER,正常
LIB-01,公共机构,2026-07-25 08:00,26.17,1.76,1.84,7.2,11.4,29.6,61.2,4.3,LIB-01_METER,正常
GYM-01,公共机构,2026-07-25 08:00,27.14,1.9,1.58,6.5,10.6,28.8,71.4,2.6,GYM-01_METER,正常
OFF-01,办公楼,2026-07-25 09:00,28.06,0.95,3.57,5.5,10.0,32.7,71.0,0.8,OFF-01_METER,正常
OFF-02,办公楼,2026-07-25 09:00,16.85,1.19,2.6,7.0,12.5,30.7,77.5,1.0,OFF-02_METER,正常
OFF-03,办公楼,2026-07-25 09:00,34.35,0.91,4.03,6.5,10.3,33.2,66.5,1.3,OFF-03_METER,正常
OFF-04,办公楼,2026-07-25 09:00,34.36,1.07,2.92,7.3,10.7,31.3,77.5,2.4,OFF-04_METER,正常
OFF-05,办公楼,2026-07-25 09:00,31.12,1.17,2.32,6.3,11.6,30.4,74.0,3.1,OFF-05_METER,正常
TEACH-01,教学楼,2026-07-25 09:00,28.88,2.42,2.06,6.9,11.8,28.9,73.7,0.7,TEACH-01_METER,正常
TEACH-02,教学楼,2026-07-25 09:00,18.01,2.59,2.76,8.1,12.6,29.7,71.5,0.7,TEACH-02_METER,正常
TEACH-03,教学楼,2026-07-25 09:00,21.9,1.8,4.96,6.8,10.9,32.7,79.9,0.9,TEACH-03_METER,正常
LIB-01,公共机构,2026-07-25 09:00,54.77,1.52,2.95,7.5,12.6,31.3,71.1,2.3,LIB-01_METER,正常
GYM-01,公共机构,2026-07-25 09:00,90.11,1.64,3.62,6.2,11.8,32.9,74.8,2.9,GYM-01_METER,正常
OFF-01,办公楼,2026-07-25 10:00,20.53,1.36,3.12,7.9,12.6,31.8,82.3,1.2,OFF-01_METER,正常
OFF-02,办公楼,2026-07-25 10:00,26.85,1.91,3.02,6.5,10.5,31.5,76.3,3.9,OFF-02_METER,正常
OFF-03,办公楼,2026-07-25 10:00,20.58,1.26,2.91,7.0,12.2,31.5,78.9,2.4,OFF-03_METER,正常
OFF-04,办公楼,2026-07-25 10:00,29.49,1.05,2.2,6.1,11.5,30.1,69.7,1.5,OFF-04_METER,正常
OFF-05,办公楼,2026-07-25 10:00,18.57,1.5,1.35,5.3,10.0,28.6,71.4,3.6,OFF-05_METER,正常
TEACH-01,教学楼,2026-07-25 10:00,18.59,1.8,1.9,6.0,10.4,28.6,80.9,0.3,TEACH-01_METER,正常
TEACH-02,教学楼,2026-07-25 10:00,13.66,3.0,3.94,6.8,11.2,31.7,62.8,0.5,TEACH-02_METER,正常
TEACH-03,教学楼,2026-07-25 10:00,28.71,2.56,4.11,7.0,12.1,31.8,72.0,1.0,TEACH-03_METER,正常
LIB-01,公共机构,2026-07-25 10:00,98.55,1.72,2.14,7.7,11.9,29.9,73.0,4.1,LIB-01_METER,正常
GYM-01,公共机构,2026-07-25 10:00,62.42,2.02,1.58,7.7,12.3,29.0,70.4,4.5,GYM-01_METER,正常
OFF-01,办公楼,2026-07-25 11:00,19.78,1.06,3.07,8.6,12.4,31.8,66.2,2.5,OFF-01_METER,正常
OFF-02,办公楼,2026-07-25 11:00,25.57,1.28,2.73,6.9,10.8,31.3,76.2,2.3,OFF-02_METER,正常
OFF-03,办公楼,2026-07-25 11:00,31.67,1.14,2.83,6.9,10.8,31.1,75.8,2.7,OFF-03_METER,正常
OFF-04,办公楼,2026-07-25 11:00,18.34,1.43,2.13,7.8,12.6,29.9,72.3,1.7,OFF-04_METER,正常
OFF-05,办公楼,2026-07-25 11:00,33.71,1.11,3.38,6.1,10.6,32.4,71.8,0.8,OFF-05_METER,正常
TEACH-01,教学楼,2026-07-25 11:00,21.41,2.72,3.51,7.5,11.1,31.0,71.4,0.8,TEACH-01_METER,正常
TEACH-02,教学楼,2026-07-25 11:00,27.79,1.83,5.17,6.6,11.4,33.0,73.6,0.8,TEACH-02_METER,正常
TEACH-03,教学楼,2026-07-25 11:00,19.43,2.45,5.21,6.1,10.2,33.5,72.1,0.4,TEACH-03_METER,正常
LIB-01,公共机构,2026-07-25 11:00,77.63,1.5,4.48,8.1,12.7,34.3,77.4,0.6,LIB-01_METER,正常
GYM-01,公共机构,2026-07-25 11:00,74.65,1.56,3.26,5.8,10.0,32.3,70.1,4.1,GYM-01_METER,正常
OFF-01,办公楼,2026-07-25 12:00,31.7,1.02,2.52,6.5,11.8,30.5,69.6,2.1,OFF-01_METER,正常
OFF-02,办公楼,2026-07-25 12:00,25.63,1.69,2.07,7.3,11.1,29.8,73.0,4.6,OFF-02_METER,正常
OFF-03,办公楼,2026-07-25 12:00,32.16,0.99,3.74,7.1,12.4,32.7,71.8,0.8,OFF-03_METER,正常
OFF-04,办公楼,2026-07-25 12:00,22.39,1.06,4.37,6.7,10.7,33.7,80.6,1.0,OFF-04_METER,正常
OFF-05,办公楼,2026-07-25 12:00,34.49,1.69,3.94,7.1,11.3,33.0,81.1,4.9,OFF-05_METER,正常
TEACH-01,教学楼,2026-07-25 12:00,19.7,1.94,5.11,7.4,12.9,33.2,78.1,0.3,TEACH-01_METER,正常
TEACH-02,教学楼,2026-07-25 12:00,28.66,2.52,5.76,6.6,10.7,33.7,76.9,1.2,TEACH-02_METER,正常
TEACH-03,教学楼,2026-07-25 12:00,29.78,1.88,7.48,6.1,10.0,36.0,81.3,1.0,TEACH-03_METER,正常
LIB-01,公共机构,2026-07-25 12:00,68.85,2.88,3.74,7.3,10.6,33.3,77.4,3.3,LIB-01_METER,正常
GYM-01,公共机构,2026-07-25 12:00,92.88,1.79,3.04,7.7,11.9,31.4,75.0,2.4,GYM-01_METER,正常
OFF-01,办公楼,2026-07-25 13:00,21.86,2.35,3.84,6.2,10.9,33.5,71.3,1.7,OFF-01_METER,正常
OFF-02,办公楼,2026-07-25 13:00,33.16,1.03,3.86,6.0,11.0,33.2,79.9,1.5,OFF-02_METER,正常
OFF-03,办公楼,2026-07-25 13:00,26.51,1.3,2.31,7.3,12.3,30.5,74.5,4.4,OFF-03_METER,正常
OFF-04,办公楼,2026-07-25 13:00,17.62,1.02,4.26,7.0,10.0,33.6,79.1,2.3,OFF-04_METER,正常
OFF-05,办公楼,2026-07-25 13:00,29.38,0.96,1.69,6.5,11.2,29.3,67.5,3.2,OFF-05_METER,正常
TEACH-01,教学楼,2026-07-25 13:00,16.09,1.82,4.49,8.0,12.9,32.4,78.4,0.2,TEACH-01_METER,正常
TEACH-02,教学楼,2026-07-25 13:00,14.27,2.21,4.69,8.2,12.2,32.5,69.6,1.2,TEACH-02_METER,正常
TEACH-03,教学楼,2026-07-25 13:00,16.51,2.23,2.78,6.3,10.0,29.7,72.3,0.1,TEACH-03_METER,正常
LIB-01,公共机构,2026-07-25 13:00,67.68,1.66,4.36,6.8,10.5,34.4,69.3,2.7,LIB-01_METER,正常
GYM-01,公共机构,2026-07-25 13:00,73.78,2.42,2.17,7.0,11.6,30.0,76.2,4.6,GYM-01_METER,正常
OFF-01,办公楼,2026-07-25 14:00,29.03,1.56,4.21,6.6,10.4,33.6,74.9,0.6,OFF-01_METER,正常
OFF-02,办公楼,2026-07-25 14:00,22.13,1.0,4.33,7.6,12.1,33.8,75.8,1.0,OFF-02_METER,正常
OFF-03,办公楼,2026-07-25 14:00,32.71,1.31,3.02,7.6,11.4,31.8,73.2,3.6,OFF-03_METER,正常
OFF-04,办公楼,2026-07-25 14:00,34.54,1.04,3.42,7.0,12.7,32.1,70.2,4.2,OFF-04_METER,正常
OFF-05,办公楼,2026-07-25 14:00,34.06,0.92,2.97,7.6,11.3,31.2,70.5,0.5,OFF-05_METER,正常
TEACH-01,教学楼,2026-07-25 14:00,27.79,2.24,4.87,8.1,11.9,33.1,83.8,1.6,TEACH-01_METER,正常
TEACH-02,教学楼,2026-07-25 14:00,24.56,1.9,5.4,5.8,11.0,33.7,80.9,0.6,TEACH-02_METER,正常
TEACH-03,教学楼,2026-07-25 14:00,26.99,2.1,5.76,5.7,10.9,34.4,75.8,1.7,TEACH-03_METER,正常
LIB-01,公共机构,2026-07-25 14:00,54.31,1.66,3.97,8.1,12.1,33.2,85.9,2.5,LIB-01_METER,正常
GYM-01,公共机构,2026-07-25 14:00,105.95,1.61,4.23,5.6,10.1,33.8,80.8,3.2,GYM-01_METER,正常
OFF-01,办公楼,2026-07-25 15:00,33.55,1.05,2.29,6.2,11.1,30.2,77.3,4.6,OFF-01_METER,正常
OFF-02,办公楼,2026-07-25 15:00,23.22,1.02,3.3,7.7,11.5,32.0,78.8,4.6,OFF-02_METER,正常
OFF-03,办公楼,2026-07-25 15:00,22.31,1.26,1.55,6.7,10.8,28.9,82.3,3.8,OFF-03_METER,正常
OFF-04,办公楼,2026-07-25 15:00,23.99,1.59,2.87,7.7,11.9,31.3,78.9,1.9,OFF-04_METER,正常
OFF-05,办公楼,2026-07-25 15:00,24.93,0.9,4.66,5.6,10.0,34.2,78.2,2.6,OFF-05_METER,正常
TEACH-01,教学楼,2026-07-25 15:00,10.89,2.72,2.82,6.7,13.2,29.8,78.2,0.2,TEACH-01_METER,正常
TEACH-02,教学楼,2026-07-25 15:00,17.36,1.93,4.54,7.5,12.3,32.1,72.0,0.1,TEACH-02_METER,正常
TEACH-03,教学楼,2026-07-25 15:00,18.61,2.16,5.6,8.1,13.1,34.1,72.3,1.5,TEACH-03_METER,正常
LIB-01,公共机构,2026-07-25 15:00,83.92,3.69,3.02,8.1,13.8,31.8,72.2,4.3,LIB-01_METER,正常
GYM-01,公共机构,2026-07-25 15:00,69.58,2.67,3.03,7.7,12.0,31.7,69.6,3.2,GYM-01_METER,正常
OFF-01,办公楼,2026-07-25 16:00,22.71,0.96,4.16,6.3,11.0,33.4,72.7,3.3,OFF-01_METER,正常
OFF-02,办公楼,2026-07-25 16:00,28.39,1.19,5.3,7.8,12.2,35.8,79.5,3.7,OFF-02_METER,正常
OFF-03,办公楼,2026-07-25 16:00,29.59,1.72,3.8,7.1,11.1,33.4,79.1,4.8,OFF-03_METER,正常
OFF-04,办公楼,2026-07-25 16:00,30.1,1.52,4.81,7.3,11.9,34.9,78.8,0.6,OFF-04_METER,正常
OFF-05,办公楼,2026-07-25 16:00,24.76,1.1,3.42,6.6,11.3,32.3,73.8,3.3,OFF-05_METER,正常
TEACH-01,教学楼,2026-07-25 16:00,15.79,1.99,4.69,6.7,11.0,32.6,74.2,1.5,TEACH-01_METER,正常
TEACH-02,教学楼,2026-07-25 16:00,31.43,2.13,5.94,6.8,11.1,34.6,70.5,1.5,TEACH-02_METER,正常
TEACH-03,教学楼,2026-07-25 16:00,26.27,1.84,6.29,6.6,10.9,34.9,83.2,0.4,TEACH-03_METER,正常
LIB-01,公共机构,2026-07-25 16:00,88.63,1.68,4.86,6.5,10.9,34.6,73.5,3.0,LIB-01_METER,正常
GYM-01,公共机构,2026-07-25 16:00,65.3,1.56,4.68,7.4,10.6,34.6,79.7,2.8,GYM-01_METER,正常
OFF-01,办公楼,2026-07-25 17:00,40.22,1.09,3.95,7.7,12.5,33.7,82.1,2.8,OFF-01_METER,正常
OFF-02,办公楼,2026-07-25 17:00,19.07,0.93,5.55,6.9,12.2,36.0,78.1,3.2,OFF-02_METER,正常
OFF-03,办公楼,2026-07-25 17:00,21.25,1.05,5.01,7.2,13.1,35.0,67.7,1.5,OFF-03_METER,正常
OFF-04,办公楼,2026-07-25 17:00,21.49,1.89,3.17,7.8,12.3,31.7,82.1,1.2,OFF-04_METER,正常
OFF-05,办公楼,2026-07-25 17:00,25.3,1.18,5.32,6.4,11.3,36.0,75.9,2.3,OFF-05_METER,正常
TEACH-01,教学楼,2026-07-25 17:00,23.15,2.02,3.91,6.5,10.8,31.6,72.9,0.7,TEACH-01_METER,正常
TEACH-02,教学楼,2026-07-25 17:00,24.83,2.16,5.54,6.5,10.4,33.4,69.6,0.3,TEACH-02_METER,正常
TEACH-03,教学楼,2026-07-25 17:00,20.07,1.93,7.39,6.8,11.4,36.0,79.8,0.6,TEACH-03_METER,正常
LIB-01,公共机构,2026-07-25 17:00,98.02,1.71,4.64,7.8,11.4,34.8,85.1,2.2,LIB-01_METER,正常
GYM-01,公共机构,2026-07-25 17:00,91.43,1.9,4.52,6.3,10.1,34.6,74.5,3.6,GYM-01_METER,正常
OFF-01,办公楼,2026-07-25 18:00,21.53,0.97,4.55,7.4,12.0,34.3,73.7,3.2,OFF-01_METER,正常
OFF-02,办公楼,2026-07-25 18:00,31.17,0.94,3.7,7.3,11.6,33.2,79.6,4.8,OFF-02_METER,正常
OFF-03,办公楼,2026-07-25 18:00,30.32,1.01,4.69,5.6,10.0,34.8,79.2,1.2,OFF-03_METER,正常
OFF-04,办公楼,2026-07-25 18:00,38.17,1.09,3.42,7.8,12.4,32.6,78.1,4.7,OFF-04_METER,正常
OFF-05,办公楼,2026-07-25 18:00,32.7,1.1,5.7,7.0,11.5,36.0,74.0,4.2,OFF-05_METER,正常
TEACH-01,教学楼,2026-07-25 18:00,34.87,2.13,6.15,5.2,10.0,35.0,69.9,1.3,TEACH-01_METER,正常
TEACH-02,教学楼,2026-07-25 18:00,23.32,1.91,5.52,7.5,13.1,33.8,73.9,0.3,TEACH-02_METER,正常
TEACH-03,教学楼,2026-07-25 18:00,22.23,1.97,3.88,8.7,12.4,31.6,75.0,1.5,TEACH-03_METER,正常
LIB-01,公共机构,2026-07-25 18:00,96.29,1.56,4.55,7.0,12.5,34.8,75.5,2.4,LIB-01_METER,正常
GYM-01,公共机构,2026-07-25 18:00,76.87,1.55,4.51,6.0,10.7,34.2,85.4,4.7,GYM-01_METER,正常
OFF-01,办公楼,2026-07-25 19:00,22.16,1.07,3.14,6.3,12.0,32.0,80.5,4.4,OFF-01_METER,正常
OFF-02,办公楼,2026-07-25 19:00,21.04,1.92,3.02,7.7,12.1,31.7,70.2,1.8,OFF-02_METER,正常
OFF-03,办公楼,2026-07-25 19:00,25.91,1.22,3.48,7.0,10.8,32.2,73.3,4.1,OFF-03_METER,正常
OFF-04,办公楼,2026-07-25 19:00,23.35,1.09,4.64,7.3,10.0,34.6,76.7,4.0,OFF-04_METER,正常
OFF-05,办公楼,2026-07-25 19:00,23.78,1.29,3.48,6.7,12.2,32.4,72.8,1.8,OFF-05_METER,正常
TEACH-01,教学楼,2026-07-25 19:00,27.78,1.86,4.05,7.4,11.1,31.7,79.6,0.4,TEACH-01_METER,正常
TEACH-02,教学楼,2026-07-25 19:00,19.78,2.22,4.31,5.9,10.2,31.8,74.8,1.9,TEACH-02_METER,正常
TEACH-03,教学楼,2026-07-25 19:00,14.64,2.3,4.55,6.6,11.4,32.6,71.3,0.9,TEACH-03_METER,正常
LIB-01,公共机构,2026-07-25 19:00,79.26,1.55,3.74,8.2,11.9,33.2,72.9,4.6,LIB-01_METER,正常
GYM-01,公共机构,2026-07-25 19:00,114.32,1.97,4.12,6.9,11.5,33.3,68.9,3.2,GYM-01_METER,正常
OFF-01,办公楼,2026-07-25 20:00,33.21,0.98,4.32,7.3,11.9,33.6,66.7,2.4,OFF-01_METER,正常
OFF-02,办公楼,2026-07-25 20:00,21.11,1.35,2.95,6.1,10.0,31.6,74.2,1.3,OFF-02_METER,正常
OFF-03,办公楼,2026-07-25 20:00,19.34,1.52,2.44,7.7,11.8,30.3,71.9,3.7,OFF-03_METER,正常
OFF-04,办公楼,2026-07-25 20:00,20.41,1.03,2.24,6.4,11.8,30.3,71.9,3.4,OFF-04_METER,正常
OFF-05,办公楼,2026-07-25 20:00,21.8,1.17,3.84,6.9,10.3,33.4,78.2,0.9,OFF-05_METER,正常
TEACH-01,教学楼,2026-07-25 20:00,27.19,1.82,5.03,6.4,10.0,33.0,73.0,1.1,TEACH-01_METER,正常
TEACH-02,教学楼,2026-07-25 20:00,22.7,2.05,6.91,7.1,10.3,35.7,81.8,0.3,TEACH-02_METER,正常
TEACH-03,教学楼,2026-07-25 20:00,28.16,2.2,7.36,6.9,10.9,36.0,84.9,1.3,TEACH-03_METER,正常
LIB-01,公共机构,2026-07-25 20:00,74.44,1.87,5.51,7.9,13.7,36.0,82.8,4.8,LIB-01_METER,正常
GYM-01,公共机构,2026-07-25 20:00,82.11,1.78,5.54,5.0,10.0,35.8,88.7,2.8,GYM-01_METER,正常
OFF-01,办公楼,2026-07-25 21:00,29.02,1.14,4.56,7.4,12.4,34.3,84.1,3.1,OFF-01_METER,正常
OFF-02,办公楼,2026-07-25 21:00,31.18,1.1,3.11,8.1,12.1,31.8,80.1,1.9,OFF-02_METER,正常
OFF-03,办公楼,2026-07-25 21:00,33.31,1.57,4.82,7.1,12.2,34.9,86.4,3.9,OFF-03_METER,正常
OFF-04,办公楼,2026-07-25 21:00,32.19,0.94,4.32,6.3,10.0,33.8,72.8,1.3,OFF-04_METER,正常
OFF-05,办公楼,2026-07-25 21:00,28.6,1.45,4.54,6.5,10.0,34.9,72.9,4.5,OFF-05_METER,正常
TEACH-01,教学楼,2026-07-25 21:00,22.72,1.83,6.32,6.0,10.4,34.4,79.1,1.9,TEACH-01_METER,正常
TEACH-02,教学楼,2026-07-25 21:00,21.33,2.42,2.45,6.1,10.4,29.4,78.3,1.1,TEACH-02_METER,正常
TEACH-03,教学楼,2026-07-25 21:00,27.81,1.96,4.44,7.6,12.7,32.5,79.2,1.5,TEACH-03_METER,正常
LIB-01,公共机构,2026-07-25 21:00,100.55,1.58,3.72,7.2,12.8,32.8,80.4,1.4,LIB-01_METER,正常
GYM-01,公共机构,2026-07-25 21:00,65.55,2.55,4.0,6.8,11.9,33.4,76.6,3.5,GYM-01_METER,正常
OFF-01,办公楼,2026-07-25 22:00,33.5,1.68,3.46,5.6,10.1,32.7,73.5,0.7,OFF-01_METER,正常
OFF-02,办公楼,2026-07-25 22:00,27.79,0.93,3.65,7.6,12.1,32.5,74.5,2.8,OFF-02_METER,正常
OFF-03,办公楼,2026-07-25 22:00,39.53,1.14,3.88,8.0,11.3,33.5,83.6,2.3,OFF-03_METER,正常
OFF-04,办公楼,2026-07-25 22:00,24.75,1.18,5.12,8.3,13.6,36.0,84.2,1.3,OFF-04_METER,正常
OFF-05,办公楼,2026-07-25 22:00,36.97,2.97,3.74,6.4,10.8,33.2,69.4,4.8,OFF-05_METER,正常
TEACH-01,教学楼,2026-07-25 22:00,17.25,1.88,6.35,5.9,10.0,34.5,71.3,0.5,TEACH-01_METER,正常
TEACH-02,教学楼,2026-07-25 22:00,26.2,2.35,6.98,6.5,10.6,35.7,78.0,1.0,TEACH-02_METER,正常
TEACH-03,教学楼,2026-07-25 22:00,30.69,2.14,6.97,5.0,10.0,35.6,76.2,0.2,TEACH-03_METER,正常
LIB-01,公共机构,2026-07-25 22:00,32.04,1.56,4.77,8.9,13.4,35.1,81.3,4.0,LIB-01_METER,正常
GYM-01,公共机构,2026-07-25 22:00,34.78,1.58,4.04,6.8,11.9,33.2,79.5,0.8,GYM-01_METER,正常
OFF-01,办公楼,2026-07-25 23:00,37.76,1.25,4.16,7.3,11.8,33.6,68.4,2.1,OFF-01_METER,正常
OFF-02,办公楼,2026-07-25 23:00,29.27,0.98,2.57,7.2,11.4,31.0,66.7,1.6,OFF-02_METER,正常
OFF-03,办公楼,2026-07-25 23:00,25.17,1.12,3.09,6.5,11.5,31.7,69.9,1.6,OFF-03_METER,正常
OFF-04,办公楼,2026-07-25 23:00,34.86,1.46,3.51,8.4,14.1,32.4,75.1,4.3,OFF-04_METER,正常
OFF-05,办公楼,2026-07-25 23:00,25.65,1.66,3.41,7.3,12.0,32.3,76.9,2.3,OFF-05_METER,正常
TEACH-01,教学楼,2026-07-25 23:00,23.28,1.85,6.46,6.1,12.1,34.8,75.2,0.8,TEACH-01_METER,正常
TEACH-02,教学楼,2026-07-25 23:00,13.32,2.03,2.89,7.9,11.9,30.0,67.6,0.2,TEACH-02_METER,正常
TEACH-03,教学楼,2026-07-25 23:00,16.05,1.94,6.98,6.5,10.0,35.2,81.6,1.2,TEACH-03_METER,正常
LIB-01,公共机构,2026-07-25 23:00,27.88,2.16,4.23,6.7,11.4,33.5,69.7,3.1,LIB-01_METER,正常
GYM-01,公共机构,2026-07-25 23:00,42.61,2.3,4.15,8.7,14.1,33.4,85.9,4.0,GYM-01_METER,正常
OFF-01,办公楼,2026-07-26 00:00,19.53,1.46,0.0,7.5,12.6,25.0,67.8,1.1,OFF-01_METER,正常
OFF-02,办公楼,2026-07-26 00:00,26.29,1.07,0.0,7.1,10.0,25.0,69.1,4.4,OFF-02_METER,正常
OFF-03,办公楼,2026-07-26 00:00,24.36,0.92,0.0,7.6,10.6,25.0,71.0,4.0,OFF-03_METER,正常
OFF-04,办公楼,2026-07-26 00:00,26.56,0.92,0.0,6.5,11.1,25.0,64.8,3.1,OFF-04_METER,正常
OFF-05,办公楼,2026-07-26 00:00,23.59,2.42,0.0,9.1,12.6,25.0,66.0,4.2,OFF-05_METER,正常
TEACH-01,教学楼,2026-07-26 00:00,20.4,2.36,0.0,7.8,12.6,25.2,56.9,1.1,TEACH-01_METER,正常
TEACH-02,教学楼,2026-07-26 00:00,13.18,2.87,0.0,6.9,12.5,25.0,62.1,1.9,TEACH-02_METER,正常
TEACH-03,教学楼,2026-07-26 00:00,11.81,1.82,0.0,7.3,10.3,25.0,65.6,1.2,TEACH-03_METER,正常
LIB-01,公共机构,2026-07-26 00:00,32.52,1.61,0.0,6.8,10.5,25.0,65.3,0.7,LIB-01_METER,正常
GYM-01,公共机构,2026-07-26 00:00,22.7,1.56,0.14,7.1,11.7,26.3,71.7,1.4,GYM-01_METER,正常
OFF-01,办公楼,2026-07-26 01:00,20.24,1.04,0.0,6.8,12.7,25.0,67.2,3.2,OFF-01_METER,正常
OFF-02,办公楼,2026-07-26 01:00,30.1,0.94,0.0,8.2,13.6,25.0,66.4,3.8,OFF-02_METER,正常
OFF-03,办公楼,2026-07-26 01:00,30.9,1.63,0.66,6.7,10.2,27.2,69.5,4.8,OFF-03_METER,正常
OFF-04,办公楼,2026-07-26 01:00,27.58,0.91,0.8,6.7,10.6,27.4,69.6,4.7,OFF-04_METER,正常
OFF-05,办公楼,2026-07-26 01:00,17.71,1.03,0.0,8.1,12.1,25.0,60.9,2.7,OFF-05_METER,正常
TEACH-01,教学楼,2026-07-26 01:00,3.25,1.85,0.0,6.9,11.7,25.0,77.5,1.4,TEACH-01_METER,正常
TEACH-02,教学楼,2026-07-26 01:00,21.04,2.37,0.0,6.8,11.0,25.0,69.3,0.8,TEACH-02_METER,正常
TEACH-03,教学楼,2026-07-26 01:00,14.18,2.31,0.0,7.2,10.4,25.0,68.1,1.6,TEACH-03_METER,正常
LIB-01,公共机构,2026-07-26 01:00,34.29,3.04,0.0,7.1,11.1,25.0,64.6,2.3,LIB-01_METER,正常
GYM-01,公共机构,2026-07-26 01:00,38.03,1.6,0.0,6.8,11.9,25.0,60.3,2.5,GYM-01_METER,正常
OFF-01,办公楼,2026-07-26 02:00,23.19,1.26,0.0,7.1,12.7,25.0,64.8,3.8,OFF-01_METER,正常
OFF-02,办公楼,2026-07-26 02:00,26.09,1.99,0.03,6.4,10.2,26.1,69.7,2.6,OFF-02_METER,正常
OFF-03,办公楼,2026-07-26 02:00,20.54,0.94,0.31,7.0,12.0,26.5,69.5,2.1,OFF-03_METER,正常
OFF-04,办公楼,2026-07-26 02:00,21.89,0.9,0.0,7.4,12.0,25.0,62.2,4.3,OFF-04_METER,正常
OFF-05,办公楼,2026-07-26 02:00,26.28,0.96,0.31,5.0,10.0,26.6,61.8,2.7,OFF-05_METER,正常
TEACH-01,教学楼,2026-07-26 02:00,23.11,1.97,0.0,5.4,10.0,25.0,61.3,1.3,TEACH-01_METER,正常
TEACH-02,教学楼,2026-07-26 02:00,10.68,1.87,0.45,7.3,10.0,26.6,67.6,1.4,TEACH-02_METER,正常
TEACH-03,教学楼,2026-07-26 02:00,16.44,2.38,0.0,6.8,11.1,26.0,62.5,0.4,TEACH-03_METER,正常
LIB-01,公共机构,2026-07-26 02:00,36.8,1.66,0.0,5.8,10.5,25.2,72.7,2.4,LIB-01_METER,正常
GYM-01,公共机构,2026-07-26 02:00,37.16,1.85,0.55,6.7,11.3,27.0,60.2,4.5,GYM-01_METER,正常
OFF-01,办公楼,2026-07-26 03:00,15.3,1.18,0.0,6.5,12.0,25.0,64.4,1.6,OFF-01_METER,正常
OFF-02,办公楼,2026-07-26 03:00,21.24,2.54,0.0,6.5,10.0,25.3,73.9,3.0,OFF-02_METER,正常
OFF-03,办公楼,2026-07-26 03:00,26.95,0.99,0.76,8.5,11.3,27.5,81.7,1.8,OFF-03_METER,正常
OFF-04,办公楼,2026-07-26 03:00,28.18,0.93,0.0,8.2,12.5,25.0,74.3,1.7,OFF-04_METER,正常
OFF-05,办公楼,2026-07-26 03:00,16.77,1.13,0.12,7.2,11.8,26.2,65.6,2.2,OFF-05_METER,正常
TEACH-01,教学楼,2026-07-26 03:00,12.57,1.99,0.0,8.1,12.0,25.6,71.2,0.8,TEACH-01_METER,正常
TEACH-02,教学楼,2026-07-26 03:00,19.53,2.02,1.15,7.2,11.3,27.5,73.7,0.5,TEACH-02_METER,正常
TEACH-03,教学楼,2026-07-26 03:00,24.29,2.15,0.07,7.5,11.7,26.1,69.2,1.4,TEACH-03_METER,正常
LIB-01,公共机构,2026-07-26 03:00,23.94,1.51,0.58,6.4,10.4,27.1,69.2,2.4,LIB-01_METER,正常
GYM-01,公共机构,2026-07-26 03:00,31.34,2.06,0.0,6.2,10.8,25.0,68.5,4.1,GYM-01_METER,正常
OFF-01,办公楼,2026-07-26 04:00,24.66,0.93,0.8,6.5,11.4,27.4,63.5,3.6,OFF-01_METER,正常
OFF-02,办公楼,2026-07-26 04:00,24.87,0.94,0.85,8.6,13.5,27.6,67.4,4.1,OFF-02_METER,正常
OFF-03,办公楼,2026-07-26 04:00,31.49,1.14,0.0,7.5,12.4,25.0,70.8,3.7,OFF-03_METER,正常
OFF-04,办公楼,2026-07-26 04:00,20.24,1.05,0.0,6.0,10.7,25.1,64.2,1.8,OFF-04_METER,正常
OFF-05,办公楼,2026-07-26 04:00,28.65,1.14,0.88,6.5,11.2,27.7,71.2,2.4,OFF-05_METER,正常
TEACH-01,教学楼,2026-07-26 04:00,13.72,1.97,0.77,5.7,10.4,27.1,76.0,1.9,TEACH-01_METER,正常
TEACH-02,教学楼,2026-07-26 04:00,11.56,1.82,2.18,7.1,11.3,29.2,80.1,1.8,TEACH-02_METER,正常
TEACH-03,教学楼,2026-07-26 04:00,13.12,2.04,0.0,7.3,11.2,25.3,69.9,1.4,TEACH-03_METER,正常
LIB-01,公共机构,2026-07-26 04:00,26.77,1.54,1.2,7.3,11.7,28.1,72.3,2.2,LIB-01_METER,正常
GYM-01,公共机构,2026-07-26 04:00,36.7,1.73,1.22,7.8,11.8,28.3,73.9,2.8,GYM-01_METER,正常
OFF-01,办公楼,2026-07-26 05:00,25.02,1.13,0.0,7.2,11.5,25.2,65.3,4.7,OFF-01_METER,正常
OFF-02,办公楼,2026-07-26 05:00,21.3,0.97,0.69,7.7,12.5,27.3,66.5,1.1,OFF-02_METER,正常
OFF-03,办公楼,2026-07-26 05:00,28.25,1.03,0.0,6.1,10.8,25.3,59.9,3.7,OFF-03_METER,正常
OFF-04,办公楼,2026-07-26 05:00,25.52,0.9,0.84,8.4,13.4,27.5,62.2,2.1,OFF-04_METER,正常
OFF-05,办公楼,2026-07-26 05:00,27.51,0.97,0.17,6.5,10.0,26.3,60.3,0.7,OFF-05_METER,正常
TEACH-01,教学楼,2026-07-26 05:00,12.02,1.95,2.12,7.3,13.0,29.1,70.3,1.8,TEACH-01_METER,正常
TEACH-02,教学楼,2026-07-26 05:00,21.08,1.96,0.28,7.4,12.0,26.4,62.3,1.4,TEACH-02_METER,正常
TEACH-03,教学楼,2026-07-26 05:00,22.31,2.38,0.99,7.6,10.7,27.3,72.6,0.9,TEACH-03_METER,正常
LIB-01,公共机构,2026-07-26 05:00,27.98,1.93,0.2,7.6,11.3,26.4,78.4,3.3,LIB-01_METER,正常
GYM-01,公共机构,2026-07-26 05:00,38.08,1.84,1.14,6.3,12.4,28.0,70.9,4.2,GYM-01_METER,正常
OFF-01,办公楼,2026-07-26 06:00,24.6,1.62,0.85,5.6,10.0,27.6,71.2,1.7,OFF-01_METER,正常
OFF-02,办公楼,2026-07-26 06:00,23.96,1.7,0.66,6.1,10.7,27.3,67.4,4.5,OFF-02_METER,正常
OFF-03,办公楼,2026-07-26 06:00,31.95,0.92,2.25,6.5,11.4,30.2,59.7,2.6,OFF-03_METER,正常
OFF-04,办公楼,2026-07-26 06:00,23.73,0.91,3.03,7.7,11.7,31.7,76.9,1.2,OFF-04_METER,正常
OFF-05,办公楼,2026-07-26 06:00,30.44,1.2,2.2,6.3,11.3,29.9,65.5,1.9,OFF-05_METER,正常
TEACH-01,教学楼,2026-07-26 06:00,22.52,2.0,0.11,6.6,11.2,26.1,73.8,1.4,TEACH-01_METER,正常
TEACH-02,教学楼,2026-07-26 06:00,27.24,1.97,1.75,6.7,12.3,28.3,72.8,1.6,TEACH-02_METER,正常
TEACH-03,教学楼,2026-07-26 06:00,22.29,2.0,0.0,5.9,11.0,25.0,64.5,1.9,TEACH-03_METER,正常
LIB-01,公共机构,2026-07-26 06:00,33.93,1.53,0.69,6.9,11.1,27.3,67.0,2.4,LIB-01_METER,正常
GYM-01,公共机构,2026-07-26 06:00,34.75,1.73,0.81,7.1,12.1,27.6,75.6,3.9,GYM-01_METER,正常
OFF-01,办公楼,2026-07-26 07:00,21.49,1.06,1.5,7.7,12.4,28.8,79.4,4.7,OFF-01_METER,正常
OFF-02,办公楼,2026-07-26 07:00,24.17,1.21,1.47,6.7,10.4,28.6,63.8,4.1,OFF-02_METER,正常
OFF-03,办公楼,2026-07-26 07:00,31.06,1.85,2.03,5.9,10.6,29.9,76.8,3.8,OFF-03_METER,正常
OFF-04,办公楼,2026-07-26 07:00,22.18,1.1,3.3,7.2,11.4,31.9,77.4,4.3,OFF-04_METER,正常
OFF-05,办公楼,2026-07-26 07:00,23.52,0.96,2.79,7.7,12.8,31.3,81.1,1.0,OFF-05_METER,正常
TEACH-01,教学楼,2026-07-26 07:00,13.86,1.88,1.25,5.9,11.0,27.8,69.9,0.6,TEACH-01_METER,正常
TEACH-02,教学楼,2026-07-26 07:00,17.84,2.6,3.81,7.3,11.5,31.4,65.7,2.0,TEACH-02_METER,正常
TEACH-03,教学楼,2026-07-26 07:00,20.29,2.49,2.52,8.8,13.6,29.6,65.8,1.5,TEACH-03_METER,正常
LIB-01,公共机构,2026-07-26 07:00,33.89,1.59,1.08,7.6,12.3,27.9,73.7,4.1,LIB-01_METER,正常
GYM-01,公共机构,2026-07-26 07:00,32.04,2.12,3.99,6.7,11.0,33.0,77.4,1.8,GYM-01_METER,正常
OFF-01,办公楼,2026-07-26 08:00,19.6,1.21,1.9,6.5,10.4,29.5,69.6,2.1,OFF-01_METER,正常
OFF-02,办公楼,2026-07-26 08:00,20.14,1.3,1.04,7.2,11.4,27.9,70.7,5.0,OFF-02_METER,正常
OFF-03,办公楼,2026-07-26 08:00,28.62,1.14,2.91,8.4,12.1,31.7,73.2,1.5,OFF-03_METER,正常
OFF-04,办公楼,2026-07-26 08:00,16.78,1.56,1.27,7.8,13.0,28.5,65.7,0.8,OFF-04_METER,正常
OFF-05,办公楼,2026-07-26 08:00,34.0,1.3,2.65,6.8,11.8,30.7,65.6,4.9,OFF-05_METER,正常
TEACH-01,教学楼,2026-07-26 08:00,20.03,2.08,3.61,5.8,10.0,31.0,74.0,1.0,TEACH-01_METER,正常
TEACH-02,教学楼,2026-07-26 08:00,23.99,1.81,3.26,8.1,12.3,30.5,62.7,2.0,TEACH-02_METER,正常
TEACH-03,教学楼,2026-07-26 08:00,16.4,2.11,3.14,8.5,14.0,30.4,62.6,0.6,TEACH-03_METER,正常
LIB-01,公共机构,2026-07-26 08:00,31.23,1.62,0.0,7.7,11.9,26.0,69.0,4.2,LIB-01_METER,正常
GYM-01,公共机构,2026-07-26 08:00,31.89,2.03,2.7,6.5,10.0,31.3,74.4,4.0,GYM-01_METER,正常
OFF-01,办公楼,2026-07-26 09:00,23.48,1.0,2.75,6.2,10.7,31.0,70.7,3.5,OFF-01_METER,正常
OFF-02,办公楼,2026-07-26 09:00,31.99,1.02,1.42,7.8,11.7,28.5,68.3,4.5,OFF-02_METER,正常
OFF-03,办公楼,2026-07-26 09:00,20.53,1.66,2.31,6.7,11.5,30.3,72.6,4.9,OFF-03_METER,正常
OFF-04,办公楼,2026-07-26 09:00,16.88,1.6,1.57,7.0,11.9,28.9,74.8,3.8,OFF-04_METER,正常
OFF-05,办公楼,2026-07-26 09:00,15.3,1.01,2.62,6.9,11.1,30.8,77.4,3.2,OFF-05_METER,正常
TEACH-01,教学楼,2026-07-26 09:00,20.06,1.8,3.25,7.4,11.6,30.3,66.0,1.4,TEACH-01_METER,正常
TEACH-02,教学楼,2026-07-26 09:00,23.36,1.87,2.62,7.7,12.8,29.7,65.4,0.1,TEACH-02_METER,正常
TEACH-03,教学楼,2026-07-26 09:00,31.65,1.85,4.61,5.9,10.5,32.2,75.5,0.9,TEACH-03_METER,正常
LIB-01,公共机构,2026-07-26 09:00,79.15,1.62,4.52,8.3,13.2,33.9,74.0,3.2,LIB-01_METER,正常
GYM-01,公共机构,2026-07-26 09:00,99.13,1.54,1.72,6.4,11.5,29.0,71.6,2.1,GYM-01_METER,正常
OFF-01,办公楼,2026-07-26 10:00,27.79,0.96,3.16,6.8,11.5,31.6,60.8,2.4,OFF-01_METER,正常
OFF-02,办公楼,2026-07-26 10:00,29.12,1.14,3.59,8.4,13.0,32.6,80.3,2.2,OFF-02_METER,正常
OFF-03,办公楼,2026-07-26 10:00,23.21,2.23,2.88,7.0,11.0,31.4,63.8,2.7,OFF-03_METER,正常
OFF-04,办公楼,2026-07-26 10:00,26.36,2.29,2.81,7.2,11.2,30.9,79.3,1.1,OFF-04_METER,正常
OFF-05,办公楼,2026-07-26 10:00,32.98,2.04,2.98,6.9,11.2,31.4,72.3,1.0,OFF-05_METER,正常
TEACH-01,教学楼,2026-07-26 10:00,21.22,2.07,2.56,7.2,11.9,29.6,76.1,2.0,TEACH-01_METER,正常
TEACH-02,教学楼,2026-07-26 10:00,28.7,2.41,3.9,6.7,11.8,31.4,79.1,0.4,TEACH-02_METER,正常
TEACH-03,教学楼,2026-07-26 10:00,14.94,1.85,4.67,6.7,10.9,32.3,70.2,1.4,TEACH-03_METER,正常
LIB-01,公共机构,2026-07-26 10:00,66.9,1.71,3.35,6.2,10.7,32.1,73.0,4.4,LIB-01_METER,正常
GYM-01,公共机构,2026-07-26 10:00,62.66,1.85,2.4,7.0,11.0,30.4,66.0,3.1,GYM-01_METER,正常
OFF-01,办公楼,2026-07-26 11:00,25.37,1.11,2.33,7.2,12.1,30.3,70.4,1.0,OFF-01_METER,正常
OFF-02,办公楼,2026-07-26 11:00,21.01,1.23,4.52,7.8,11.2,34.1,82.3,3.2,OFF-02_METER,正常
OFF-03,办公楼,2026-07-26 11:00,21.09,1.71,1.73,8.3,13.5,29.4,69.0,2.0,OFF-03_METER,正常
OFF-04,办公楼,2026-07-26 11:00,24.28,1.47,3.03,6.0,12.0,31.7,72.9,4.0,OFF-04_METER,正常
OFF-05,办公楼,2026-07-26 11:00,21.59,1.31,2.25,6.7,11.0,30.0,71.3,1.2,OFF-05_METER,正常
TEACH-01,教学楼,2026-07-26 11:00,12.09,1.84,2.85,6.4,10.6,29.8,74.6,0.1,TEACH-01_METER,正常
TEACH-02,教学楼,2026-07-26 11:00,17.51,2.13,3.61,6.7,11.0,31.2,69.2,1.4,TEACH-02_METER,正常
TEACH-03,教学楼,2026-07-26 11:00,17.16,2.45,4.33,6.2,10.0,32.0,85.8,0.1,TEACH-03_METER,正常
LIB-01,公共机构,2026-07-26 11:00,56.46,1.7,2.75,8.6,12.9,31.0,67.7,2.4,LIB-01_METER,正常
GYM-01,公共机构,2026-07-26 11:00,111.66,1.59,3.8,7.0,11.5,33.1,76.2,4.2,GYM-01_METER,正常
OFF-01,办公楼,2026-07-26 12:00,17.19,1.03,4.28,7.2,12.3,33.6,73.7,3.9,OFF-01_METER,正常
OFF-02,办公楼,2026-07-26 12:00,24.33,1.36,3.88,8.5,13.5,33.3,67.3,2.6,OFF-02_METER,正常
OFF-03,办公楼,2026-07-26 12:00,29.59,1.14,4.49,6.9,11.3,34.4,78.3,0.9,OFF-03_METER,正常
OFF-04,办公楼,2026-07-26 12:00,22.47,1.65,3.49,7.0,11.4,32.3,72.3,1.2,OFF-04_METER,正常
OFF-05,办公楼,2026-07-26 12:00,27.25,1.58,2.86,6.0,11.4,31.3,74.2,4.6,OFF-05_METER,正常
TEACH-01,教学楼,2026-07-26 12:00,18.75,1.95,4.69,6.1,11.2,32.8,81.4,0.2,TEACH-01_METER,正常
TEACH-02,教学楼,2026-07-26 12:00,31.29,2.28,3.37,6.6,10.9,30.9,73.0,0.2,TEACH-02_METER,正常
TEACH-03,教学楼,2026-07-26 12:00,20.25,2.47,2.94,7.1,11.3,30.2,86.9,1.3,TEACH-03_METER,正常
LIB-01,公共机构,2026-07-26 12:00,67.27,1.65,2.73,7.0,11.9,31.3,72.2,1.2,LIB-01_METER,正常
GYM-01,公共机构,2026-07-26 12:00,109.57,1.55,4.32,7.0,11.2,33.7,79.4,3.6,GYM-01_METER,正常
OFF-01,办公楼,2026-07-26 13:00,27.94,0.92,2.82,7.7,12.5,31.2,73.2,2.8,OFF-01_METER,正常
OFF-02,办公楼,2026-07-26 13:00,29.14,1.26,4.72,6.9,11.9,34.5,68.3,1.6,OFF-02_METER,正常
OFF-03,办公楼,2026-07-26 13:00,20.58,1.08,3.77,6.0,10.0,33.1,70.1,3.2,OFF-03_METER,正常
OFF-04,办公楼,2026-07-26 13:00,33.65,1.02,4.75,7.4,12.4,35.1,79.9,3.5,OFF-04_METER,正常
OFF-05,办公楼,2026-07-26 13:00,22.59,1.46,2.75,6.5,11.0,31.4,79.9,4.5,OFF-05_METER,正常
TEACH-01,教学楼,2026-07-26 13:00,25.12,1.86,1.28,7.6,13.0,27.7,64.7,0.6,TEACH-01_METER,正常
TEACH-02,教学楼,2026-07-26 13:00,22.58,2.2,6.12,6.1,10.9,34.5,70.3,0.4,TEACH-02_METER,正常
TEACH-03,教学楼,2026-07-26 13:00,14.13,1.86,4.3,7.1,11.4,32.2,78.7,2.0,TEACH-03_METER,正常
LIB-01,公共机构,2026-07-26 13:00,104.81,2.42,5.13,7.3,11.7,35.6,83.4,0.7,LIB-01_METER,正常
GYM-01,公共机构,2026-07-26 13:00,72.22,1.59,4.45,8.0,13.6,34.5,77.8,4.0,GYM-01_METER,正常
OFF-01,办公楼,2026-07-26 14:00,34.95,1.08,4.46,6.7,12.4,34.1,77.7,3.2,OFF-01_METER,正常
OFF-02,办公楼,2026-07-26 14:00,17.37,1.55,4.25,6.0,10.0,33.6,75.5,2.3,OFF-02_METER,正常
OFF-03,办公楼,2026-07-26 14:00,37.0,1.15,4.82,7.8,12.1,35.2,80.1,2.7,OFF-03_METER,正常
OFF-04,办公楼,2026-07-26 14:00,25.55,1.31,3.97,7.4,13.4,33.5,86.2,1.5,OFF-04_METER,正常
OFF-05,办公楼,2026-07-26 14:00,18.87,1.19,2.71,6.9,12.0,30.8,75.7,3.3,OFF-05_METER,正常
TEACH-01,教学楼,2026-07-26 14:00,29.71,2.44,4.18,6.8,11.2,31.9,73.5,0.1,TEACH-01_METER,正常
TEACH-02,教学楼,2026-07-26 14:00,24.7,1.83,5.42,7.6,11.3,33.8,82.2,1.2,TEACH-02_METER,正常
TEACH-03,教学楼,2026-07-26 14:00,31.88,1.95,5.91,7.4,11.4,34.0,85.7,0.3,TEACH-03_METER,正常
LIB-01,公共机构,2026-07-26 14:00,114.24,1.54,4.02,6.6,11.8,33.3,81.3,2.9,LIB-01_METER,正常
GYM-01,公共机构,2026-07-26 14:00,81.79,1.8,4.2,5.4,10.1,33.4,74.2,1.1,GYM-01_METER,正常
OFF-01,办公楼,2026-07-26 15:00,27.77,0.97,4.85,7.0,10.0,34.8,78.3,2.0,OFF-01_METER,正常
OFF-02,办公楼,2026-07-26 15:00,31.1,0.9,5.36,7.7,12.7,35.8,77.0,3.8,OFF-02_METER,正常
OFF-03,办公楼,2026-07-26 15:00,24.35,2.31,4.19,8.2,12.7,33.5,69.0,4.8,OFF-03_METER,正常
OFF-04,办公楼,2026-07-26 15:00,24.61,1.4,3.13,6.0,12.0,31.7,65.7,3.9,OFF-04_METER,正常
OFF-05,办公楼,2026-07-26 15:00,32.65,0.98,4.76,6.7,11.5,34.5,84.8,3.7,OFF-05_METER,正常
TEACH-01,教学楼,2026-07-26 15:00,26.47,2.61,4.98,5.6,10.0,33.0,75.7,1.8,TEACH-01_METER,正常
TEACH-02,教学楼,2026-07-26 15:00,22.46,1.94,3.46,8.2,12.3,30.8,88.2,1.4,TEACH-02_METER,正常
TEACH-03,教学楼,2026-07-26 15:00,14.15,1.8,5.79,7.2,12.1,34.3,75.0,1.7,TEACH-03_METER,正常
LIB-01,公共机构,2026-07-26 15:00,88.31,1.62,3.63,7.6,10.9,32.7,76.6,2.7,LIB-01_METER,正常
GYM-01,公共机构,2026-07-26 15:00,76.43,2.05,3.25,6.8,12.0,32.2,79.0,2.1,GYM-01_METER,正常
OFF-01,办公楼,2026-07-26 16:00,19.47,1.61,4.42,7.0,11.5,34.2,82.2,4.9,OFF-01_METER,正常
OFF-02,办公楼,2026-07-26 16:00,33.43,1.37,5.29,7.2,12.2,36.0,76.3,2.0,OFF-02_METER,正常
OFF-03,办公楼,2026-07-26 16:00,36.11,1.37,4.99,7.5,11.9,35.2,70.1,3.3,OFF-03_METER,正常
OFF-04,办公楼,2026-07-26 16:00,35.63,0.93,4.73,7.3,12.3,34.6,67.9,1.3,OFF-04_METER,正常
OFF-05,办公楼,2026-07-26 16:00,19.53,0.92,3.45,7.0,12.4,32.1,75.6,1.2,OFF-05_METER,正常
TEACH-01,教学楼,2026-07-26 16:00,12.31,1.82,3.34,7.3,12.2,30.7,80.7,1.3,TEACH-01_METER,正常
TEACH-02,教学楼,2026-07-26 16:00,32.01,2.3,5.89,6.1,11.0,34.3,78.7,1.7,TEACH-02_METER,正常
TEACH-03,教学楼,2026-07-26 16:00,21.69,1.96,6.49,5.8,10.2,35.3,82.5,1.8,TEACH-03_METER,正常
LIB-01,公共机构,2026-07-26 16:00,94.74,2.02,3.01,7.9,12.0,31.7,72.1,0.9,LIB-01_METER,正常
GYM-01,公共机构,2026-07-26 16:00,74.11,1.56,4.69,7.2,11.0,34.5,75.1,1.0,GYM-01_METER,正常
OFF-01,办公楼,2026-07-26 17:00,31.06,1.1,3.81,6.8,10.9,32.7,71.3,4.7,OFF-01_METER,正常
OFF-02,办公楼,2026-07-26 17:00,22.71,1.08,4.64,6.9,10.9,34.8,76.6,1.3,OFF-02_METER,正常
OFF-03,办公楼,2026-07-26 17:00,18.98,0.94,3.87,7.0,11.7,32.9,76.4,2.4,OFF-03_METER,正常
OFF-04,办公楼,2026-07-26 17:00,26.17,1.1,4.38,6.9,12.0,33.7,78.7,4.2,OFF-04_METER,正常
OFF-05,办公楼,2026-07-26 17:00,28.27,1.08,3.55,7.1,12.4,32.9,80.7,4.1,OFF-05_METER,正常
TEACH-01,教学楼,2026-07-26 17:00,25.26,1.83,4.14,6.8,10.9,32.0,67.7,1.3,TEACH-01_METER,正常
TEACH-02,教学楼,2026-07-26 17:00,32.11,2.07,5.78,7.0,12.8,34.2,74.2,0.7,TEACH-02_METER,正常
TEACH-03,教学楼,2026-07-26 17:00,21.33,2.14,5.71,7.6,13.0,33.8,79.5,1.5,TEACH-03_METER,正常
LIB-01,公共机构,2026-07-26 17:00,56.05,1.53,5.24,8.4,12.6,35.9,84.0,3.2,LIB-01_METER,正常
GYM-01,公共机构,2026-07-26 17:00,108.0,2.71,4.62,6.9,11.2,34.2,83.5,3.4,GYM-01_METER,正常
OFF-01,办公楼,2026-07-26 18:00,26.62,1.27,4.48,6.5,10.2,34.2,80.6,1.9,OFF-01_METER,正常
OFF-02,办公楼,2026-07-26 18:00,20.39,1.04,4.42,6.5,11.1,33.9,80.7,3.0,OFF-02_METER,正常
OFF-03,办公楼,2026-07-26 18:00,31.95,1.34,4.73,6.0,10.0,34.5,81.2,3.7,OFF-03_METER,正常
OFF-04,办公楼,2026-07-26 18:00,17.62,1.36,4.27,6.2,10.5,34.2,72.5,3.1,OFF-04_METER,正常
OFF-05,办公楼,2026-07-26 18:00,29.51,1.27,3.8,5.7,10.2,33.3,73.0,0.7,OFF-05_METER,正常
TEACH-01,教学楼,2026-07-26 18:00,23.67,2.32,5.58,6.9,11.1,34.0,79.2,0.8,TEACH-01_METER,正常
TEACH-02,教学楼,2026-07-26 18:00,24.42,1.84,6.46,7.0,11.5,35.1,87.8,1.3,TEACH-02_METER,正常
TEACH-03,教学楼,2026-07-26 18:00,19.21,2.21,6.31,5.0,10.2,34.7,79.6,1.6,TEACH-03_METER,正常
LIB-01,公共机构,2026-07-26 18:00,66.03,2.29,3.81,6.4,10.3,32.9,78.3,0.8,LIB-01_METER,正常
GYM-01,公共机构,2026-07-26 18:00,95.45,2.47,3.36,7.2,12.1,32.0,80.6,2.7,GYM-01_METER,正常
OFF-01,办公楼,2026-07-26 19:00,25.34,1.09,4.47,6.9,12.7,34.2,79.3,4.3,OFF-01_METER,正常
OFF-02,办公楼,2026-07-26 19:00,32.0,1.26,4.53,7.0,11.3,34.4,77.5,1.0,OFF-02_METER,正常
OFF-03,办公楼,2026-07-26 19:00,26.36,1.2,3.41,8.5,13.1,32.1,78.1,4.7,OFF-03_METER,正常
OFF-04,办公楼,2026-07-26 19:00,24.52,1.17,2.96,6.4,10.5,31.4,71.2,2.3,OFF-04_METER,正常
OFF-05,办公楼,2026-07-26 19:00,27.12,1.09,4.38,6.9,12.3,33.9,78.1,0.7,OFF-05_METER,正常
TEACH-01,教学楼,2026-07-26 19:00,29.54,2.1,6.68,6.9,11.9,35.2,86.1,1.3,TEACH-01_METER,正常
TEACH-02,教学楼,2026-07-26 19:00,20.9,2.08,5.47,7.0,10.7,33.8,79.5,1.9,TEACH-02_METER,正常
TEACH-03,教学楼,2026-07-26 19:00,20.79,3.24,5.53,7.7,12.2,33.5,71.4,1.0,TEACH-03_METER,正常
LIB-01,公共机构,2026-07-26 19:00,66.56,1.88,5.31,8.0,12.0,35.3,82.5,1.4,LIB-01_METER,正常
GYM-01,公共机构,2026-07-26 19:00,115.06,1.6,4.11,6.4,11.2,33.8,94.2,3.3,GYM-01_METER,正常
OFF-01,办公楼,2026-07-26 20:00,16.38,1.31,3.41,6.7,11.3,32.0,70.7,2.4,OFF-01_METER,正常
OFF-02,办公楼,2026-07-26 20:00,34.82,1.23,4.17,6.7,10.7,34.1,77.1,2.2,OFF-02_METER,正常
OFF-03,办公楼,2026-07-26 20:00,24.99,1.58,5.51,7.0,11.2,36.0,85.1,3.2,OFF-03_METER,正常
OFF-04,办公楼,2026-07-26 20:00,31.22,1.74,3.49,6.3,11.2,32.3,77.6,3.6,OFF-04_METER,正常
OFF-05,办公楼,2026-07-26 20:00,24.07,0.96,5.2,7.8,12.7,36.0,73.6,2.9,OFF-05_METER,正常
TEACH-01,教学楼,2026-07-26 20:00,19.9,2.78,5.42,7.0,11.6,33.6,73.7,0.0,TEACH-01_METER,正常
TEACH-02,教学楼,2026-07-26 20:00,23.54,2.17,5.1,7.8,12.4,33.0,78.2,0.5,TEACH-02_METER,正常
TEACH-03,教学楼,2026-07-26 20:00,24.64,1.91,3.86,7.2,12.6,31.2,71.1,0.1,TEACH-03_METER,正常
LIB-01,公共机构,2026-07-26 20:00,105.63,1.56,4.82,7.8,12.7,35.1,74.8,2.0,LIB-01_METER,正常
GYM-01,公共机构,2026-07-26 20:00,60.01,2.2,4.55,6.9,11.5,34.7,71.9,4.7,GYM-01_METER,正常
OFF-01,办公楼,2026-07-26 21:00,28.86,1.02,4.81,6.8,12.0,34.6,73.8,1.4,OFF-01_METER,正常
OFF-02,办公楼,2026-07-26 21:00,21.73,1.13,3.74,7.1,12.2,32.9,76.2,2.5,OFF-02_METER,正常
OFF-03,办公楼,2026-07-26 21:00,16.58,1.19,3.2,6.8,10.9,31.7,70.0,3.0,OFF-03_METER,正常
OFF-04,办公楼,2026-07-26 21:00,25.02,0.99,4.0,5.8,10.0,33.7,78.4,1.5,OFF-04_METER,正常
OFF-05,办公楼,2026-07-26 21:00,29.57,2.02,4.98,5.7,10.2,35.6,87.9,1.6,OFF-05_METER,正常
TEACH-01,教学楼,2026-07-26 21:00,23.59,1.86,4.66,5.0,10.0,32.5,62.0,1.1,TEACH-01_METER,正常
TEACH-02,教学楼,2026-07-26 21:00,26.65,1.8,5.78,6.4,10.9,34.5,76.3,0.5,TEACH-02_METER,正常
TEACH-03,教学楼,2026-07-26 21:00,14.96,1.94,4.78,8.1,12.9,32.6,69.6,1.0,TEACH-03_METER,正常
LIB-01,公共机构,2026-07-26 21:00,54.18,1.69,5.02,7.5,11.6,34.8,76.5,2.8,LIB-01_METER,正常
GYM-01,公共机构,2026-07-26 21:00,61.71,1.66,4.68,7.4,11.8,35.1,82.5,4.2,GYM-01_METER,正常
OFF-01,办公楼,2026-07-26 22:00,26.86,1.06,4.73,6.6,12.1,34.7,80.1,1.8,OFF-01_METER,正常
OFF-02,办公楼,2026-07-26 22:00,26.38,1.3,3.32,5.4,10.1,32.0,73.1,1.8,OFF-02_METER,正常
OFF-03,办公楼,2026-07-26 22:00,27.51,1.5,4.59,7.6,11.9,34.7,79.9,0.9,OFF-03_METER,正常
OFF-04,办公楼,2026-07-26 22:00,24.9,0.97,3.28,7.1,12.6,32.4,73.5,0.9,OFF-04_METER,正常
OFF-05,办公楼,2026-07-26 22:00,27.97,0.97,3.75,7.1,11.7,32.7,69.0,4.3,OFF-05_METER,正常
TEACH-01,教学楼,2026-07-26 22:00,32.54,2.87,4.75,8.4,12.5,32.8,77.4,0.8,TEACH-01_METER,正常
TEACH-02,教学楼,2026-07-26 22:00,21.55,1.8,6.29,6.0,10.6,34.5,83.5,0.8,TEACH-02_METER,正常
TEACH-03,教学楼,2026-07-26 22:00,24.52,2.04,6.03,7.3,11.1,34.0,80.6,1.5,TEACH-03_METER,正常
LIB-01,公共机构,2026-07-26 22:00,37.84,1.79,1.98,5.8,10.3,29.8,65.1,4.7,LIB-01_METER,正常
GYM-01,公共机构,2026-07-26 22:00,32.32,1.64,2.16,6.7,10.9,30.0,75.2,2.1,GYM-01_METER,异常
OFF-01,办公楼,2026-07-26 23:00,28.01,0.92,3.95,7.4,13.3,33.4,78.9,3.9,OFF-01_METER,正常
OFF-02,办公楼,2026-07-26 23:00,23.38,1.46,4.97,6.7,11.5,35.3,84.7,0.5,OFF-02_METER,正常
OFF-03,办公楼,2026-07-26 23:00,27.18,0.94,2.49,6.3,10.8,30.8,75.0,4.7,OFF-03_METER,正常
OFF-04,办公楼,2026-07-26 23:00,23.98,1.22,3.79,5.5,10.1,33.4,78.0,5.0,OFF-04_METER,正常
OFF-05,办公楼,2026-07-26 23:00,26.55,1.01,3.76,5.4,11.2,33.0,74.1,2.8,OFF-05_METER,正常
TEACH-01,教学楼,2026-07-26 23:00,16.06,1.82,5.4,6.5,11.1,33.4,74.8,0.9,TEACH-01_METER,正常
TEACH-02,教学楼,2026-07-26 23:00,23.3,2.04,5.11,6.5,10.8,33.2,79.7,1.2,TEACH-02_METER,正常
TEACH-03,教学楼,2026-07-26 23:00,15.04,1.88,5.54,6.6,10.5,34.0,83.9,0.1,TEACH-03_METER,正常
LIB-01,公共机构,2026-07-26 23:00,39.66,1.96,4.22,8.1,11.1,33.5,81.5,4.7,LIB-01_METER,正常
GYM-01,公共机构,2026-07-26 23:00,40.51,1.79,3.72,6.8,11.0,33.0,73.3,4.1,GYM-01_METER,正常
OFF-01,办公楼,2026-07-27 00:00,33.56,1.0,0.0,6.4,11.3,25.0,65.1,0.6,OFF-01_METER,正常
OFF-02,办公楼,2026-07-27 00:00,29.4,1.4,0.0,6.9,10.8,25.0,62.5,4.2,OFF-02_METER,正常
OFF-03,办公楼,2026-07-27 00:00,26.96,0.9,0.0,6.3,12.0,25.0,66.1,0.5,OFF-03_METER,正常
OFF-04,办公楼,2026-07-27 00:00,28.43,1.15,0.0,8.5,12.3,25.0,56.9,4.5,OFF-04_METER,正常
OFF-05,办公楼,2026-07-27 00:00,27.57,0.97,0.0,6.6,10.0,25.0,72.1,3.5,OFF-05_METER,正常
TEACH-01,教学楼,2026-07-27 00:00,24.21,2.29,0.0,7.7,12.1,25.0,70.4,1.7,TEACH-01_METER,正常
TEACH-02,教学楼,2026-07-27 00:00,18.73,1.87,0.0,7.8,13.2,25.0,62.1,1.8,TEACH-02_METER,正常
TEACH-03,教学楼,2026-07-27 00:00,14.27,2.25,0.0,7.4,11.5,25.5,66.8,1.9,TEACH-03_METER,正常
LIB-01,公共机构,2026-07-27 00:00,27.4,1.79,0.0,7.7,12.1,25.0,67.5,0.8,LIB-01_METER,正常
GYM-01,公共机构,2026-07-27 00:00,34.45,2.03,0.0,7.2,10.6,25.0,63.0,2.9,GYM-01_METER,正常
OFF-01,办公楼,2026-07-27 01:00,29.96,1.94,0.0,8.3,13.0,25.0,67.2,3.5,OFF-01_METER,正常
OFF-02,办公楼,2026-07-27 01:00,12.89,0.95,0.0,5.7,10.2,25.0,74.0,0.7,OFF-02_METER,正常
OFF-03,办公楼,2026-07-27 01:00,20.07,0.92,0.52,6.8,12.3,27.0,64.8,1.3,OFF-03_METER,正常
OFF-04,办公楼,2026-07-27 01:00,18.08,0.97,0.0,6.8,11.7,25.0,69.1,1.1,OFF-04_METER,正常
OFF-05,办公楼,2026-07-27 01:00,14.85,1.96,0.0,5.0,10.1,25.0,64.7,0.9,OFF-05_METER,正常
TEACH-01,教学楼,2026-07-27 01:00,11.44,1.8,0.0,6.1,11.2,25.0,64.3,0.7,TEACH-01_METER,正常
TEACH-02,教学楼,2026-07-27 01:00,9.68,2.28,0.0,6.1,10.3,25.3,69.2,1.9,TEACH-02_METER,正常
TEACH-03,教学楼,2026-07-27 01:00,7.7,2.02,0.0,7.6,12.3,25.0,71.1,1.5,TEACH-03_METER,正常
LIB-01,公共机构,2026-07-27 01:00,31.07,1.99,0.0,7.8,13.8,25.0,65.6,3.0,LIB-01_METER,正常
GYM-01,公共机构,2026-07-27 01:00,35.12,1.86,0.17,8.1,12.4,26.3,69.9,1.3,GYM-01_METER,正常
OFF-01,办公楼,2026-07-27 02:00,26.35,0.93,0.0,6.9,11.3,26.0,62.0,2.9,OFF-01_METER,正常
OFF-02,办公楼,2026-07-27 02:00,26.58,0.97,0.0,7.6,11.9,25.0,60.3,2.7,OFF-02_METER,正常
OFF-03,办公楼,2026-07-27 02:00,18.82,1.08,0.0,7.0,11.0,25.7,72.5,4.8,OFF-03_METER,正常
OFF-04,办公楼,2026-07-27 02:00,22.19,1.26,0.7,6.5,11.2,27.3,65.9,3.3,OFF-04_METER,正常
OFF-05,办公楼,2026-07-27 02:00,18.14,0.95,0.0,7.0,11.1,25.0,64.1,3.8,OFF-05_METER,正常
TEACH-01,教学楼,2026-07-27 02:00,9.9,2.89,0.0,7.1,12.5,25.0,69.2,1.3,TEACH-01_METER,正常
TEACH-02,教学楼,2026-07-27 02:00,15.09,1.81,0.3,7.2,11.0,26.4,64.9,1.5,TEACH-02_METER,正常
TEACH-03,教学楼,2026-07-27 02:00,15.83,1.97,0.0,9.3,13.3,25.0,69.8,1.1,TEACH-03_METER,正常
LIB-01,公共机构,2026-07-27 02:00,28.54,1.54,0.0,7.0,12.1,25.0,71.2,1.9,LIB-01_METER,正常
GYM-01,公共机构,2026-07-27 02:00,17.5,1.56,0.0,8.6,13.6,25.0,63.2,3.3,GYM-01_METER,正常
OFF-01,办公楼,2026-07-27 03:00,28.6,1.13,0.0,5.2,10.0,25.5,72.3,4.7,OFF-01_METER,正常
OFF-02,办公楼,2026-07-27 03:00,17.21,1.5,0.69,6.6,11.0,27.3,64.4,3.4,OFF-02_METER,正常
OFF-03,办公楼,2026-07-27 03:00,15.45,1.0,0.75,7.0,11.4,27.4,71.1,3.2,OFF-03_METER,正常
OFF-04,办公楼,2026-07-27 03:00,26.21,1.3,0.0,7.5,11.9,25.0,57.3,4.0,OFF-04_METER,正常
OFF-05,办公楼,2026-07-27 03:00,25.43,0.91,1.0,7.6,11.4,27.8,66.4,2.2,OFF-05_METER,正常
TEACH-01,教学楼,2026-07-27 03:00,12.49,2.13,0.0,6.3,10.8,25.0,60.6,1.9,TEACH-01_METER,正常
TEACH-02,教学楼,2026-07-27 03:00,18.0,1.97,0.0,7.1,11.2,25.0,68.5,0.7,TEACH-02_METER,正常
TEACH-03,教学楼,2026-07-27 03:00,19.2,1.95,0.0,6.6,10.9,25.0,67.9,1.9,TEACH-03_METER,正常
LIB-01,公共机构,2026-07-27 03:00,42.57,1.6,0.93,6.8,10.1,27.8,66.6,2.4,LIB-01_METER,正常
GYM-01,公共机构,2026-07-27 03:00,35.32,1.73,0.0,7.9,12.5,25.0,72.3,2.8,GYM-01_METER,正常
OFF-01,办公楼,2026-07-27 04:00,13.66,1.22,0.03,6.2,10.6,26.1,74.5,1.5,OFF-01_METER,正常
OFF-02,办公楼,2026-07-27 04:00,14.35,1.08,0.69,8.6,11.9,27.3,71.6,3.3,OFF-02_METER,正常
OFF-03,办公楼,2026-07-27 04:00,21.87,1.32,1.61,5.6,11.7,28.8,69.9,4.7,OFF-03_METER,正常
OFF-04,办公楼,2026-07-27 04:00,31.6,0.92,2.02,7.5,12.4,29.6,72.1,3.3,OFF-04_METER,正常
OFF-05,办公楼,2026-07-27 04:00,28.23,0.93,0.34,6.2,12.6,26.6,74.2,1.7,OFF-05_METER,正常
TEACH-01,教学楼,2026-07-27 04:00,13.57,2.04,0.0,6.2,11.2,25.7,65.4,0.5,TEACH-01_METER,正常
TEACH-02,教学楼,2026-07-27 04:00,23.13,1.92,1.26,8.4,12.1,27.7,70.2,0.4,TEACH-02_METER,正常
TEACH-03,教学楼,2026-07-27 04:00,20.98,1.91,0.6,6.5,11.0,26.9,67.3,2.0,TEACH-03_METER,正常
LIB-01,公共机构,2026-07-27 04:00,31.37,1.68,1.32,7.6,12.0,28.4,75.1,4.6,LIB-01_METER,正常
GYM-01,公共机构,2026-07-27 04:00,34.62,1.54,0.0,6.3,10.4,25.6,72.1,1.4,GYM-01_METER,正常
OFF-01,办公楼,2026-07-27 05:00,23.93,1.25,1.24,7.3,11.0,28.3,76.4,4.3,OFF-01_METER,正常
OFF-02,办公楼,2026-07-27 05:00,23.69,1.17,0.0,8.0,12.0,25.9,69.7,0.5,OFF-02_METER,正常
OFF-03,办公楼,2026-07-27 05:00,24.42,1.03,1.29,6.0,10.0,28.5,65.6,3.8,OFF-03_METER,正常
OFF-04,办公楼,2026-07-27 05:00,23.9,1.06,1.17,7.5,11.4,28.1,69.2,2.1,OFF-04_METER,正常
OFF-05,办公楼,2026-07-27 05:00,29.05,1.61,1.32,7.1,11.2,28.3,68.0,2.9,OFF-05_METER,正常
TEACH-01,教学楼,2026-07-27 05:00,29.36,1.86,1.08,6.5,10.6,27.6,70.0,1.5,TEACH-01_METER,正常
TEACH-02,教学楼,2026-07-27 05:00,20.36,2.24,0.0,7.8,11.4,25.1,66.5,0.9,TEACH-02_METER,正常
TEACH-03,教学楼,2026-07-27 05:00,26.5,1.82,0.5,7.5,13.0,26.7,72.9,1.8,TEACH-03_METER,正常
LIB-01,公共机构,2026-07-27 05:00,20.06,1.59,0.39,6.1,10.0,26.7,68.2,2.2,LIB-01_METER,正常
GYM-01,公共机构,2026-07-27 05:00,24.69,1.53,0.3,5.9,10.7,26.6,63.8,2.7,GYM-01_METER,正常
OFF-01,办公楼,2026-07-27 06:00,24.43,1.24,1.11,6.8,12.3,28.1,61.6,2.7,OFF-01_METER,正常
OFF-02,办公楼,2026-07-27 06:00,32.13,0.96,1.03,6.2,10.8,27.9,64.7,3.5,OFF-02_METER,正常
OFF-03,办公楼,2026-07-27 06:00,18.69,1.23,1.5,6.1,10.5,28.6,72.8,4.9,OFF-03_METER,正常
OFF-04,办公楼,2026-07-27 06:00,21.11,2.05,1.81,7.4,12.1,29.2,71.7,4.4,OFF-04_METER,正常
OFF-05,办公楼,2026-07-27 06:00,18.87,2.03,0.88,5.7,10.8,27.7,66.2,4.2,OFF-05_METER,正常
TEACH-01,教学楼,2026-07-27 06:00,14.48,2.02,0.83,8.5,11.5,27.1,75.3,1.9,TEACH-01_METER,正常
TEACH-02,教学楼,2026-07-27 06:00,10.28,2.18,0.73,7.7,11.8,27.0,77.3,1.9,TEACH-02_METER,正常
TEACH-03,教学楼,2026-07-27 06:00,15.61,1.88,0.1,7.3,13.6,26.1,70.5,0.6,TEACH-03_METER,正常
LIB-01,公共机构,2026-07-27 06:00,31.58,1.65,1.44,7.7,11.8,28.7,74.8,4.4,LIB-01_METER,正常
GYM-01,公共机构,2026-07-27 06:00,29.23,1.53,0.0,6.8,11.2,25.3,70.7,2.5,GYM-01_METER,正常
OFF-01,办公楼,2026-07-27 07:00,18.73,0.96,1.66,8.2,12.8,29.1,72.1,2.5,OFF-01_METER,正常
OFF-02,办公楼,2026-07-27 07:00,28.35,1.36,2.36,6.4,10.6,30.2,68.2,4.9,OFF-02_METER,正常
OFF-03,办公楼,2026-07-27 07:00,32.99,1.6,2.64,6.6,12.0,30.8,78.0,1.9,OFF-03_METER,正常
OFF-04,办公楼,2026-07-27 07:00,22.1,1.08,0.03,7.8,11.9,26.1,70.8,1.5,OFF-04_METER,正常
OFF-05,办公楼,2026-07-27 07:00,29.53,0.95,2.4,7.1,12.0,30.5,76.4,4.5,OFF-05_METER,正常
TEACH-01,教学楼,2026-07-27 07:00,30.34,1.82,1.9,6.9,12.6,28.7,71.1,1.9,TEACH-01_METER,正常
TEACH-02,教学楼,2026-07-27 07:00,24.56,2.45,3.14,5.9,10.0,30.4,68.4,0.4,TEACH-02_METER,正常
TEACH-03,教学楼,2026-07-27 07:00,12.41,1.84,0.0,6.5,10.9,25.8,66.0,0.2,TEACH-03_METER,正常
LIB-01,公共机构,2026-07-27 07:00,38.12,1.94,2.03,7.7,13.0,29.9,65.4,1.0,LIB-01_METER,正常
GYM-01,公共机构,2026-07-27 07:00,18.44,1.93,0.75,6.8,11.7,27.4,61.8,3.8,GYM-01_METER,正常
OFF-01,办公楼,2026-07-27 08:00,69.82,2.98,1.97,8.7,13.5,29.6,66.6,21.7,OFF-01_METER,正常
OFF-02,办公楼,2026-07-27 08:00,98.2,3.24,1.63,7.0,10.9,28.9,76.2,23.4,OFF-02_METER,正常
OFF-03,办公楼,2026-07-27 08:00,86.25,3.01,2.98,7.2,11.3,31.6,66.7,17.3,OFF-03_METER,正常
OFF-04,办公楼,2026-07-27 08:00,89.66,2.89,1.14,7.7,12.5,28.2,72.0,20.7,OFF-04_METER,正常
OFF-05,办公楼,2026-07-27 08:00,79.64,2.81,2.28,7.2,11.7,30.1,72.6,24.7,OFF-05_METER,正常
TEACH-01,教学楼,2026-07-27 08:00,109.48,6.33,3.94,7.0,12.4,31.5,69.4,39.6,TEACH-01_METER,正常
TEACH-02,教学楼,2026-07-27 08:00,132.1,5.44,1.87,7.9,11.9,28.7,66.7,37.2,TEACH-02_METER,正常
TEACH-03,教学楼,2026-07-27 08:00,100.09,6.34,4.08,7.0,10.7,31.8,74.0,35.4,TEACH-03_METER,正常
LIB-01,公共机构,2026-07-27 08:00,21.89,4.55,1.84,6.9,11.5,29.3,68.6,13.7,LIB-01_METER,正常
GYM-01,公共机构,2026-07-27 08:00,47.53,4.65,2.55,7.2,10.5,30.7,80.2,16.1,GYM-01_METER,正常
OFF-01,办公楼,2026-07-27 09:00,73.51,3.06,3.32,6.4,10.8,30.6,70.1,18.7,OFF-01_METER,正常
OFF-02,办公楼,2026-07-27 09:00,65.08,2.73,3.32,8.0,11.9,30.8,67.1,23.9,OFF-02_METER,正常
OFF-03,办公楼,2026-07-27 09:00,91.57,2.9,3.42,7.3,11.6,31.0,75.6,23.2,OFF-03_METER,正常
OFF-04,办公楼,2026-07-27 09:00,81.23,2.73,5.15,6.8,12.1,33.3,78.3,18.6,OFF-04_METER,正常
OFF-05,办公楼,2026-07-27 09:00,95.91,2.86,2.95,5.0,10.0,30.2,69.3,24.8,OFF-05_METER,正常
TEACH-01,教学楼,2026-07-27 09:00,131.35,5.72,3.83,5.7,10.0,29.9,71.4,25.0,TEACH-01_METER,正常
TEACH-02,教学楼,2026-07-27 09:00,92.47,5.48,2.88,8.6,14.6,29.2,68.0,36.5,TEACH-02_METER,正常
TEACH-03,教学楼,2026-07-27 09:00,140.74,5.59,6.06,7.5,11.5,32.3,72.9,35.2,TEACH-03_METER,正常
LIB-01,公共机构,2026-07-27 09:00,102.64,4.52,1.58,6.4,10.3,28.2,64.9,11.1,LIB-01_METER,正常
GYM-01,公共机构,2026-07-27 09:00,50.64,5.54,0.96,7.6,12.8,27.3,79.9,19.7,GYM-01_METER,正常
OFF-01,办公楼,2026-07-27 10:00,76.35,3.4,6.43,7.5,11.9,34.9,77.9,18.8,OFF-01_METER,正常
OFF-02,办公楼,2026-07-27 10:00,92.58,2.76,4.46,6.7,11.6,32.3,82.2,17.4,OFF-02_METER,正常
OFF-03,办公楼,2026-07-27 10:00,84.81,2.87,2.26,6.1,11.3,29.2,72.6,15.8,OFF-03_METER,正常
OFF-04,办公楼,2026-07-27 10:00,80.0,2.71,5.23,6.1,11.0,33.6,71.7,21.0,OFF-04_METER,正常
OFF-05,办公楼,2026-07-27 10:00,95.09,3.06,3.5,7.9,12.4,31.0,70.8,22.4,OFF-05_METER,正常
TEACH-01,教学楼,2026-07-27 10:00,143.89,5.4,2.82,7.2,12.0,28.9,71.9,28.5,TEACH-01_METER,正常
TEACH-02,教学楼,2026-07-27 10:00,122.21,5.44,4.65,7.4,12.3,30.8,82.4,30.2,TEACH-02_METER,正常
TEACH-03,教学楼,2026-07-27 10:00,117.46,5.48,3.46,6.3,10.5,29.7,73.4,26.8,TEACH-03_METER,正常
LIB-01,公共机构,2026-07-27 10:00,94.11,4.88,3.05,7.4,11.7,30.5,79.3,13.0,LIB-01_METER,正常
GYM-01,公共机构,2026-07-27 10:00,112.88,4.66,6.22,6.3,10.7,34.5,80.4,14.5,GYM-01_METER,正常
OFF-01,办公楼,2026-07-27 11:00,102.22,2.9,5.07,6.4,10.9,33.0,68.5,15.4,OFF-01_METER,正常
OFF-02,办公楼,2026-07-27 11:00,104.88,3.14,5.21,7.1,11.8,33.1,79.6,15.9,OFF-02_METER,正常
OFF-03,办公楼,2026-07-27 11:00,80.03,2.75,5.05,7.0,10.7,33.0,87.4,17.0,OFF-03_METER,正常
OFF-04,办公楼,2026-07-27 11:00,75.41,2.76,4.79,6.1,11.0,33.0,74.5,20.2,OFF-04_METER,正常
OFF-05,办公楼,2026-07-27 11:00,65.14,3.18,3.11,6.3,10.0,30.5,78.3,24.4,OFF-05_METER,正常
TEACH-01,教学楼,2026-07-27 11:00,122.4,5.53,5.22,6.2,10.7,31.4,76.6,37.5,TEACH-01_METER,正常
TEACH-02,教学楼,2026-07-27 11:00,101.48,5.45,2.94,6.4,10.8,29.2,78.6,36.7,TEACH-02_METER,正常
TEACH-03,教学楼,2026-07-27 11:00,92.27,5.56,3.96,7.3,11.4,30.2,75.0,34.7,TEACH-03_METER,正常
LIB-01,公共机构,2026-07-27 11:00,71.39,4.91,4.54,6.7,11.6,32.6,79.4,10.2,LIB-01_METER,正常
GYM-01,公共机构,2026-07-27 11:00,89.29,4.68,5.35,6.7,10.0,33.8,74.0,15.1,GYM-01_METER,正常
OFF-01,办公楼,2026-07-27 12:00,100.34,2.8,2.98,7.8,13.6,30.5,77.0,15.5,OFF-01_METER,正常
OFF-02,办公楼,2026-07-27 12:00,89.13,3.5,4.55,6.1,10.6,32.8,75.7,19.5,OFF-02_METER,正常
OFF-03,办公楼,2026-07-27 12:00,72.83,2.78,4.56,6.0,10.1,32.4,71.0,23.2,OFF-03_METER,正常
OFF-04,办公楼,2026-07-27 12:00,88.42,3.37,5.39,7.2,10.9,34.0,84.6,21.0,OFF-04_METER,正常
OFF-05,办公楼,2026-07-27 12:00,80.49,2.73,4.26,7.4,12.2,32.0,81.6,20.7,OFF-05_METER,正常
TEACH-01,教学楼,2026-07-27 12:00,113.6,5.73,8.12,6.8,11.1,34.2,83.1,33.1,TEACH-01_METER,正常
TEACH-02,教学楼,2026-07-27 12:00,126.76,5.4,5.23,6.3,10.7,31.5,79.8,36.7,TEACH-02_METER,正常
TEACH-03,教学楼,2026-07-27 12:00,126.28,5.46,4.42,7.4,12.3,30.8,68.3,37.0,TEACH-03_METER,正常
LIB-01,公共机构,2026-07-27 12:00,75.62,4.75,3.53,6.4,10.9,31.2,68.6,12.2,LIB-01_METER,正常
GYM-01,公共机构,2026-07-27 12:00,82.15,4.78,4.98,8.0,12.8,33.5,72.3,13.5,GYM-01_METER,正常
OFF-01,办公楼,2026-07-27 13:00,74.81,2.95,6.91,6.4,10.8,35.5,77.5,15.5,OFF-01_METER,正常
OFF-02,办公楼,2026-07-27 13:00,79.43,3.1,5.08,8.1,12.1,33.4,72.3,20.2,OFF-02_METER,正常
OFF-03,办公楼,2026-07-27 13:00,99.7,2.84,4.94,7.0,12.5,32.8,75.1,19.1,OFF-03_METER,正常
OFF-04,办公楼,2026-07-27 13:00,64.52,3.11,4.6,7.4,12.5,32.3,81.7,17.3,OFF-04_METER,正常
OFF-05,办公楼,2026-07-27 13:00,100.99,2.77,4.02,6.6,10.4,31.8,76.7,20.4,OFF-05_METER,正常
TEACH-01,教学楼,2026-07-27 13:00,126.48,5.7,6.2,6.0,10.0,32.6,70.8,33.5,TEACH-01_METER,正常
TEACH-02,教学楼,2026-07-27 13:00,88.73,5.57,4.32,8.1,13.0,30.8,78.8,25.6,TEACH-02_METER,正常
TEACH-03,教学楼,2026-07-27 13:00,91.69,5.41,4.32,7.3,11.8,30.7,69.9,25.0,TEACH-03_METER,正常
LIB-01,公共机构,2026-07-27 13:00,70.4,4.73,4.07,8.5,13.0,31.8,77.8,12.8,LIB-01_METER,正常
GYM-01,公共机构,2026-07-27 13:00,102.94,5.21,4.67,6.8,11.5,32.5,72.6,15.8,GYM-01_METER,正常
OFF-01,办公楼,2026-07-27 14:00,80.97,2.74,5.42,7.9,12.7,34.1,85.6,23.9,OFF-01_METER,正常
OFF-02,办公楼,2026-07-27 14:00,69.8,3.09,3.41,7.6,11.7,30.8,68.9,16.6,OFF-02_METER,正常
OFF-03,办公楼,2026-07-27 14:00,78.26,2.79,6.4,6.2,10.5,35.1,81.6,17.2,OFF-03_METER,正常
OFF-04,办公楼,2026-07-27 14:00,63.12,2.77,2.22,8.3,12.2,29.2,68.3,18.8,OFF-04_METER,正常
OFF-05,办公楼,2026-07-27 14:00,100.93,2.95,4.25,6.2,10.3,32.3,79.5,18.9,OFF-05_METER,正常
TEACH-01,教学楼,2026-07-27 14:00,147.18,5.52,6.31,6.8,11.2,32.8,78.7,25.2,TEACH-01_METER,正常
TEACH-02,教学楼,2026-07-27 14:00,108.69,6.01,4.22,7.9,11.2,30.5,74.7,37.5,TEACH-02_METER,异常
TEACH-03,教学楼,2026-07-27 14:00,130.56,5.41,7.25,6.2,10.3,33.6,80.3,25.6,TEACH-03_METER,正常
LIB-01,公共机构,2026-07-27 14:00,100.5,4.72,6.22,7.5,12.4,35.4,74.2,11.6,LIB-01_METER,正常
GYM-01,公共机构,2026-07-27 14:00,66.16,4.65,5.66,6.8,10.3,34.2,77.6,13.5,GYM-01_METER,正常
OFF-01,办公楼,2026-07-27 15:00,102.05,2.77,6.68,7.0,12.1,36.0,71.3,21.7,OFF-01_METER,正常
OFF-02,办公楼,2026-07-27 15:00,95.77,3.58,5.08,7.0,10.3,33.2,77.0,15.5,OFF-02_METER,正常
OFF-03,办公楼,2026-07-27 15:00,97.5,3.61,5.08,7.0,12.5,33.1,82.4,18.5,OFF-03_METER,正常
OFF-04,办公楼,2026-07-27 15:00,67.02,3.06,4.54,7.7,13.1,32.4,73.9,18.2,OFF-04_METER,正常
OFF-05,办公楼,2026-07-27 15:00,69.22,2.81,6.53,6.6,10.4,35.5,85.0,15.9,OFF-05_METER,正常
TEACH-01,教学楼,2026-07-27 15:00,144.21,7.34,7.9,6.4,11.5,34.3,79.4,36.3,TEACH-01_METER,正常
TEACH-02,教学楼,2026-07-27 15:00,91.56,5.41,7.38,7.1,12.2,33.5,68.2,32.4,TEACH-02_METER,正常
TEACH-03,教学楼,2026-07-27 15:00,112.67,5.55,7.37,8.0,12.7,34.3,73.2,28.2,TEACH-03_METER,正常
LIB-01,公共机构,2026-07-27 15:00,62.88,4.59,5.7,6.9,12.1,34.5,66.9,16.0,LIB-01_METER,正常
GYM-01,公共机构,2026-07-27 15:00,85.46,4.75,4.84,7.3,11.5,33.0,71.0,17.7,GYM-01_METER,正常
OFF-01,办公楼,2026-07-27 16:00,81.17,2.8,3.43,7.5,12.5,30.9,77.8,17.1,OFF-01_METER,正常
OFF-02,办公楼,2026-07-27 16:00,81.49,3.73,5.0,8.8,14.1,33.2,73.8,17.6,OFF-02_METER,正常
OFF-03,办公楼,2026-07-27 16:00,98.47,3.13,5.06,7.9,12.1,32.9,71.3,22.1,OFF-03_METER,正常
OFF-04,办公楼,2026-07-27 16:00,77.14,2.83,6.03,6.6,10.3,34.2,69.7,19.2,OFF-04_METER,正常
OFF-05,办公楼,2026-07-27 16:00,74.4,2.87,5.73,5.2,10.1,34.4,78.5,17.4,OFF-05_METER,正常
TEACH-01,教学楼,2026-07-27 16:00,129.24,5.65,7.08,7.2,11.9,33.6,71.8,36.5,TEACH-01_METER,正常
TEACH-02,教学楼,2026-07-27 16:00,133.92,5.55,5.63,7.4,11.4,32.1,78.8,33.2,TEACH-02_METER,正常
TEACH-03,教学楼,2026-07-27 16:00,85.26,5.68,4.17,6.4,11.2,30.5,73.7,39.6,TEACH-03_METER,正常
LIB-01,公共机构,2026-07-27 16:00,78.72,4.75,4.48,7.0,11.1,32.7,68.9,15.5,LIB-01_METER,正常
GYM-01,公共机构,2026-07-27 16:00,95.7,5.13,4.97,6.5,11.8,33.4,88.3,10.2,GYM-01_METER,正常
OFF-01,办公楼,2026-07-27 17:00,99.97,2.76,3.97,7.2,11.0,31.7,81.3,16.4,OFF-01_METER,正常
OFF-02,办公楼,2026-07-27 17:00,73.87,2.7,6.86,6.5,10.7,35.9,75.8,15.4,OFF-02_METER,正常
OFF-03,办公楼,2026-07-27 17:00,105.36,2.82,6.43,7.9,12.4,35.1,83.9,18.8,OFF-03_METER,正常
OFF-04,办公楼,2026-07-27 17:00,88.94,2.77,5.25,7.4,11.7,33.5,76.8,17.4,OFF-04_METER,正常
OFF-05,办公楼,2026-07-27 17:00,100.15,3.03,4.8,7.0,12.0,32.7,72.2,18.8,OFF-05_METER,正常
TEACH-01,教学楼,2026-07-27 17:00,138.94,5.73,6.37,6.9,12.0,33.1,75.2,27.9,TEACH-01_METER,正常
TEACH-02,教学楼,2026-07-27 17:00,141.72,5.7,6.38,6.4,10.7,32.5,76.3,29.8,TEACH-02_METER,正常
TEACH-03,教学楼,2026-07-27 17:00,124.99,5.48,9.17,6.5,11.9,35.6,79.0,31.5,TEACH-03_METER,正常
LIB-01,公共机构,2026-07-27 17:00,112.01,4.82,5.44,8.8,13.9,33.8,70.1,12.2,LIB-01_METER,正常
GYM-01,公共机构,2026-07-27 17:00,73.18,5.07,5.7,7.9,12.0,34.0,77.3,16.1,GYM-01_METER,正常
OFF-01,办公楼,2026-07-27 18:00,75.13,3.14,4.43,6.5,10.0,34.2,76.6,22.5,OFF-01_METER,正常
OFF-02,办公楼,2026-07-27 18:00,94.22,3.15,2.84,8.2,12.5,31.4,74.5,19.6,OFF-02_METER,正常
OFF-03,办公楼,2026-07-27 18:00,79.0,2.91,2.75,7.2,11.8,31.0,71.4,16.5,OFF-03_METER,正常
OFF-04,办公楼,2026-07-27 18:00,100.97,3.05,3.93,8.3,12.9,33.5,74.0,18.1,OFF-04_METER,正常
OFF-05,办公楼,2026-07-27 18:00,95.68,2.85,4.07,6.8,11.1,33.6,67.9,23.0,OFF-05_METER,正常
TEACH-01,教学楼,2026-07-27 18:00,89.25,6.24,6.74,5.1,10.0,35.2,80.0,37.0,TEACH-01_METER,正常
TEACH-02,教学楼,2026-07-27 18:00,104.59,5.41,4.2,6.7,10.2,32.0,73.5,28.4,TEACH-02_METER,正常
TEACH-03,教学楼,2026-07-27 18:00,139.56,6.01,5.01,7.1,12.0,33.2,77.2,36.0,TEACH-03_METER,正常
LIB-01,公共机构,2026-07-27 18:00,57.59,4.6,4.16,7.5,13.5,33.9,75.5,17.4,LIB-01_METER,正常
GYM-01,公共机构,2026-07-27 18:00,82.22,4.62,5.34,7.1,12.1,35.9,89.7,13.4,GYM-01_METER,正常
OFF-01,办公楼,2026-07-27 19:00,22.37,1.29,3.51,6.6,10.6,32.8,71.5,3.3,OFF-01_METER,正常
OFF-02,办公楼,2026-07-27 19:00,24.44,1.25,5.14,7.3,11.1,36.0,76.2,3.3,OFF-02_METER,正常
OFF-03,办公楼,2026-07-27 19:00,29.3,0.94,4.65,5.7,10.0,34.7,80.1,3.8,OFF-03_METER,正常
OFF-04,办公楼,2026-07-27 19:00,32.88,0.92,5.02,6.3,10.0,35.0,75.2,2.1,OFF-04_METER,正常
OFF-05,办公楼,2026-07-27 19:00,27.44,2.24,1.53,7.6,11.5,29.0,74.4,4.0,OFF-05_METER,正常
TEACH-01,教学楼,2026-07-27 19:00,25.42,1.97,5.05,6.7,10.9,32.8,81.0,1.4,TEACH-01_METER,正常
TEACH-02,教学楼,2026-07-27 19:00,26.06,1.81,5.62,5.9,10.0,33.8,77.5,1.0,TEACH-02_METER,正常
TEACH-03,教学楼,2026-07-27 19:00,19.51,1.82,7.44,8.7,13.8,36.0,77.8,0.1,TEACH-03_METER,正常
LIB-01,公共机构,2026-07-27 19:00,67.77,1.91,4.4,6.8,10.3,34.2,82.4,4.8,LIB-01_METER,正常
GYM-01,公共机构,2026-07-27 19:00,103.08,1.5,3.87,8.0,14.2,32.9,75.3,4.4,GYM-01_METER,正常
OFF-01,办公楼,2026-07-27 20:00,33.27,0.92,4.58,7.2,13.1,34.2,78.3,3.7,OFF-01_METER,正常
OFF-02,办公楼,2026-07-27 20:00,28.99,0.94,3.42,8.3,12.9,32.4,82.7,3.5,OFF-02_METER,正常
OFF-03,办公楼,2026-07-27 20:00,26.14,1.94,3.42,7.6,12.4,32.3,71.8,3.5,OFF-03_METER,正常
OFF-04,办公楼,2026-07-27 20:00,24.25,1.43,4.06,7.0,11.2,33.9,78.3,2.2,OFF-04_METER,正常
OFF-05,办公楼,2026-07-27 20:00,21.64,0.95,2.74,6.9,11.1,30.9,69.6,1.6,OFF-05_METER,正常
TEACH-01,教学楼,2026-07-27 20:00,20.59,1.82,4.92,7.7,11.6,33.1,72.6,1.9,TEACH-01_METER,正常
TEACH-02,教学楼,2026-07-27 20:00,25.89,1.92,6.09,7.7,13.3,34.5,77.6,1.7,TEACH-02_METER,正常
TEACH-03,教学楼,2026-07-27 20:00,36.32,2.05,5.53,6.5,11.7,34.0,80.4,1.3,TEACH-03_METER,正常
LIB-01,公共机构,2026-07-27 20:00,80.9,1.61,3.94,7.1,12.0,33.4,80.6,0.8,LIB-01_METER,正常
GYM-01,公共机构,2026-07-27 20:00,112.54,1.85,3.53,8.7,12.3,32.7,73.5,3.9,GYM-01_METER,正常
OFF-01,办公楼,2026-07-27 21:00,29.25,1.16,3.51,6.1,10.2,32.5,76.5,1.9,OFF-01_METER,正常
OFF-02,办公楼,2026-07-27 21:00,21.27,0.95,4.13,5.8,10.0,34.0,81.0,3.7,OFF-02_METER,正常
OFF-03,办公楼,2026-07-27 21:00,25.17,2.17,2.81,7.8,11.8,31.5,73.8,3.6,OFF-03_METER,正常
OFF-04,办公楼,2026-07-27 21:00,28.94,2.09,4.52,6.9,12.4,34.7,83.2,1.5,OFF-04_METER,正常
OFF-05,办公楼,2026-07-27 21:00,24.9,1.54,4.2,5.7,10.0,34.0,77.2,1.6,OFF-05_METER,正常
TEACH-01,教学楼,2026-07-27 21:00,25.25,1.97,5.6,7.6,10.2,34.1,81.8,0.7,TEACH-01_METER,正常
TEACH-02,教学楼,2026-07-27 21:00,17.35,2.03,6.0,6.5,10.8,34.1,77.3,0.4,TEACH-02_METER,正常
TEACH-03,教学楼,2026-07-27 21:00,17.98,1.85,4.5,6.8,10.7,32.5,75.7,0.2,TEACH-03_METER,正常
LIB-01,公共机构,2026-07-27 21:00,59.67,2.45,3.81,6.3,10.9,33.0,67.5,1.2,LIB-01_METER,正常
GYM-01,公共机构,2026-07-27 21:00,80.13,1.74,3.68,6.8,11.6,32.8,84.6,2.8,GYM-01_METER,正常
OFF-01,办公楼,2026-07-27 22:00,20.66,1.81,5.24,8.3,13.4,35.7,78.4,3.8,OFF-01_METER,正常
OFF-02,办公楼,2026-07-27 22:00,22.15,0.95,4.09,7.4,11.9,33.6,73.2,3.8,OFF-02_METER,正常
OFF-03,办公楼,2026-07-27 22:00,31.2,0.97,4.64,7.0,11.6,34.7,77.8,2.7,OFF-03_METER,正常
OFF-04,办公楼,2026-07-27 22:00,34.91,1.08,2.8,6.6,12.4,31.5,70.2,2.2,OFF-04_METER,正常
OFF-05,办公楼,2026-07-27 22:00,18.61,0.92,3.08,5.2,10.4,32.0,76.6,0.5,OFF-05_METER,正常
TEACH-01,教学楼,2026-07-27 22:00,15.74,2.08,4.98,6.6,10.6,33.2,79.6,1.6,TEACH-01_METER,正常
TEACH-02,教学楼,2026-07-27 22:00,16.94,1.89,5.45,7.2,12.2,33.5,76.8,0.2,TEACH-02_METER,正常
TEACH-03,教学楼,2026-07-27 22:00,24.2,1.92,5.04,8.1,13.1,32.7,69.7,1.1,TEACH-03_METER,正常
LIB-01,公共机构,2026-07-27 22:00,31.4,1.59,5.57,7.5,11.8,36.0,78.6,3.1,LIB-01_METER,正常
GYM-01,公共机构,2026-07-27 22:00,38.88,1.65,4.93,6.9,12.5,34.7,74.8,2.9,GYM-01_METER,正常
OFF-01,办公楼,2026-07-27 23:00,20.32,1.08,3.43,6.6,10.8,32.7,77.0,2.1,OFF-01_METER,正常
OFF-02,办公楼,2026-07-27 23:00,22.99,1.41,2.99,5.0,10.5,31.8,75.0,3.4,OFF-02_METER,正常
OFF-03,办公楼,2026-07-27 23:00,20.47,1.14,3.41,7.6,11.6,32.4,77.1,1.3,OFF-03_METER,正常
OFF-04,办公楼,2026-07-27 23:00,25.11,1.23,5.18,6.5,11.2,35.5,88.4,1.9,OFF-04_METER,正常
OFF-05,办公楼,2026-07-27 23:00,23.67,2.0,3.27,7.5,12.6,32.3,74.1,1.9,OFF-05_METER,正常
TEACH-01,教学楼,2026-07-27 23:00,27.47,1.83,4.73,6.8,10.7,32.6,73.7,2.0,TEACH-01_METER,正常
TEACH-02,教学楼,2026-07-27 23:00,28.94,2.52,5.37,7.0,11.3,33.5,80.8,1.3,TEACH-02_METER,正常
TEACH-03,教学楼,2026-07-27 23:00,11.98,1.88,5.44,7.8,12.5,33.4,68.9,1.6,TEACH-03_METER,正常
LIB-01,公共机构,2026-07-27 23:00,41.08,2.21,2.85,6.4,11.1,31.4,75.7,4.7,LIB-01_METER,正常
GYM-01,公共机构,2026-07-27 23:00,26.8,1.57,2.17,7.7,12.7,30.0,67.0,2.7,GYM-01_METER,正常
OFF-01,办公楼,2026-07-28 00:00,15.06,1.06,0.0,6.2,10.0,25.0,74.5,1.1,OFF-01_METER,正常
OFF-02,办公楼,2026-07-28 00:00,24.09,1.79,0.0,8.8,13.0,25.0,62.8,4.5,OFF-02_METER,正常
OFF-03,办公楼,2026-07-28 00:00,25.84,1.17,0.11,8.6,13.0,26.2,69.1,1.6,OFF-03_METER,正常
OFF-04,办公楼,2026-07-28 00:00,19.3,1.62,0.0,7.0,10.8,25.0,68.0,2.9,OFF-04_METER,正常
OFF-05,办公楼,2026-07-28 00:00,22.98,1.06,0.0,6.7,12.1,25.0,73.8,2.8,OFF-05_METER,正常
TEACH-01,教学楼,2026-07-28 00:00,15.54,2.32,0.0,7.0,11.0,25.0,73.7,0.3,TEACH-01_METER,正常
TEACH-02,教学楼,2026-07-28 00:00,13.94,2.06,0.0,6.6,10.4,25.0,68.0,1.9,TEACH-02_METER,正常
TEACH-03,教学楼,2026-07-28 00:00,15.42,1.82,0.0,7.8,12.4,25.0,67.5,0.3,TEACH-03_METER,正常
LIB-01,公共机构,2026-07-28 00:00,27.04,2.19,0.0,6.4,11.9,25.5,67.5,4.8,LIB-01_METER,正常
GYM-01,公共机构,2026-07-28 00:00,25.05,1.57,0.0,6.7,11.5,25.0,64.3,1.7,GYM-01_METER,正常
OFF-01,办公楼,2026-07-28 01:00,29.58,2.14,0.0,7.1,11.9,25.0,72.0,2.4,OFF-01_METER,正常
OFF-02,办公楼,2026-07-28 01:00,21.64,1.52,0.0,7.5,12.4,25.2,62.3,2.8,OFF-02_METER,正常
OFF-03,办公楼,2026-07-28 01:00,17.81,1.04,0.0,7.3,11.2,25.0,68.5,1.8,OFF-03_METER,正常
OFF-04,办公楼,2026-07-28 01:00,16.65,1.08,0.0,7.2,10.6,25.0,74.8,0.6,OFF-04_METER,正常
OFF-05,办公楼,2026-07-28 01:00,29.83,0.93,0.0,6.6,10.1,25.0,65.6,3.3,OFF-05_METER,正常
TEACH-01,教学楼,2026-07-28 01:00,13.53,2.02,0.0,7.7,13.1,25.0,64.8,1.9,TEACH-01_METER,正常
TEACH-02,教学楼,2026-07-28 01:00,11.25,2.57,0.0,6.6,11.6,25.5,63.7,0.1,TEACH-02_METER,正常
TEACH-03,教学楼,2026-07-28 01:00,24.46,1.84,0.0,7.8,12.9,25.0,73.0,1.3,TEACH-03_METER,正常
LIB-01,公共机构,2026-07-28 01:00,40.58,1.56,0.0,6.2,10.7,25.0,66.0,2.2,LIB-01_METER,正常
GYM-01,公共机构,2026-07-28 01:00,21.46,1.64,0.11,5.8,10.2,26.2,70.5,0.8,GYM-01_METER,正常
OFF-01,办公楼,2026-07-28 02:00,20.48,1.06,0.22,7.0,11.3,26.4,75.4,2.5,OFF-01_METER,正常
OFF-02,办公楼,2026-07-28 02:00,17.95,0.93,0.04,7.9,12.4,26.1,52.2,0.7,OFF-02_METER,正常
OFF-03,办公楼,2026-07-28 02:00,22.98,1.05,0.36,6.7,10.7,26.6,69.3,3.0,OFF-03_METER,正常
OFF-04,办公楼,2026-07-28 02:00,18.42,1.37,0.46,5.7,10.0,26.9,63.7,3.0,OFF-04_METER,正常
OFF-05,办公楼,2026-07-28 02:00,31.53,1.01,0.0,6.3,10.7,25.0,62.1,0.6,OFF-05_METER,正常
TEACH-01,教学楼,2026-07-28 02:00,16.9,2.0,0.0,7.3,12.8,25.0,65.3,1.4,TEACH-01_METER,正常
TEACH-02,教学楼,2026-07-28 02:00,23.89,2.34,0.34,6.7,11.8,26.5,64.3,0.1,TEACH-02_METER,正常
TEACH-03,教学楼,2026-07-28 02:00,10.54,1.84,0.89,6.7,12.4,27.2,66.4,1.2,TEACH-03_METER,正常
LIB-01,公共机构,2026-07-28 02:00,35.31,1.59,1.39,7.7,12.8,28.6,76.4,3.5,LIB-01_METER,正常
GYM-01,公共机构,2026-07-28 02:00,28.14,1.71,0.0,8.2,12.8,25.0,71.5,2.2,GYM-01_METER,正常
OFF-01,办公楼,2026-07-28 03:00,25.54,1.45,0.41,8.4,14.4,26.8,69.0,1.6,OFF-01_METER,正常
OFF-02,办公楼,2026-07-28 03:00,22.72,1.15,0.37,7.1,13.0,26.7,66.4,2.8,OFF-02_METER,正常
OFF-03,办公楼,2026-07-28 03:00,26.26,1.44,0.31,6.4,10.6,26.6,60.9,3.4,OFF-03_METER,正常
OFF-04,办公楼,2026-07-28 03:00,19.09,0.94,0.0,6.5,10.0,25.0,76.8,3.9,OFF-04_METER,正常
OFF-05,办公楼,2026-07-28 03:00,24.67,1.05,0.0,7.5,12.9,25.0,73.9,3.8,OFF-05_METER,正常
TEACH-01,教学楼,2026-07-28 03:00,19.69,1.91,1.46,5.1,10.0,28.0,73.8,0.5,TEACH-01_METER,正常
TEACH-02,教学楼,2026-07-28 03:00,12.54,1.97,0.58,8.0,11.4,26.8,59.7,1.5,TEACH-02_METER,正常
TEACH-03,教学楼,2026-07-28 03:00,10.6,1.81,0.0,7.6,11.4,25.0,68.1,1.0,TEACH-03_METER,正常
LIB-01,公共机构,2026-07-28 03:00,21.96,1.82,0.2,7.0,12.3,26.4,64.2,1.4,LIB-01_METER,正常
GYM-01,公共机构,2026-07-28 03:00,37.68,2.11,0.0,7.4,10.7,25.0,69.6,4.1,GYM-01_METER,正常
OFF-01,办公楼,2026-07-28 04:00,18.94,0.95,0.14,6.6,11.2,26.2,61.2,1.6,OFF-01_METER,正常
OFF-02,办公楼,2026-07-28 04:00,25.6,1.25,0.03,7.0,11.9,26.1,56.0,4.5,OFF-02_METER,正常
OFF-03,办公楼,2026-07-28 04:00,16.15,1.01,1.13,8.5,13.0,28.2,67.0,4.9,OFF-03_METER,正常
OFF-04,办公楼,2026-07-28 04:00,21.94,1.01,1.12,6.6,10.5,28.0,78.2,4.9,OFF-04_METER,正常
OFF-05,办公楼,2026-07-28 04:00,24.56,1.07,1.3,6.4,10.6,28.4,76.0,2.5,OFF-05_METER,正常
TEACH-01,教学楼,2026-07-28 04:00,28.54,1.9,0.48,7.5,12.4,26.7,73.0,1.8,TEACH-01_METER,正常
TEACH-02,教学楼,2026-07-28 04:00,16.47,2.4,0.0,7.3,12.6,25.1,66.0,0.0,TEACH-02_METER,正常
TEACH-03,教学楼,2026-07-28 04:00,14.86,2.17,0.0,5.9,11.5,25.7,65.7,0.3,TEACH-03_METER,正常
LIB-01,公共机构,2026-07-28 04:00,27.71,1.76,0.73,6.1,10.8,27.3,71.1,1.3,LIB-01_METER,正常
GYM-01,公共机构,2026-07-28 04:00,44.86,1.65,0.0,6.5,10.5,25.3,72.8,4.6,GYM-01_METER,正常
OFF-01,办公楼,2026-07-28 05:00,27.56,1.13,0.41,6.7,10.5,26.7,67.9,2.2,OFF-01_METER,正常
OFF-02,办公楼,2026-07-28 05:00,30.37,1.2,0.65,6.4,10.3,27.2,69.4,0.5,OFF-02_METER,正常
OFF-03,办公楼,2026-07-28 05:00,28.26,1.07,1.38,7.4,11.5,28.4,72.7,1.3,OFF-03_METER,正常
OFF-04,办公楼,2026-07-28 05:00,26.37,1.15,0.88,7.6,12.8,27.7,68.5,3.9,OFF-04_METER,正常
OFF-05,办公楼,2026-07-28 05:00,25.33,1.48,0.0,7.6,11.3,25.0,63.1,3.1,OFF-05_METER,正常
TEACH-01,教学楼,2026-07-28 05:00,15.3,2.6,1.83,7.5,12.1,28.5,78.5,0.8,TEACH-01_METER,正常
TEACH-02,教学楼,2026-07-28 05:00,23.58,2.11,2.5,7.5,12.3,29.4,75.1,1.0,TEACH-02_METER,正常
TEACH-03,教学楼,2026-07-28 05:00,13.92,2.01,0.86,6.6,10.6,27.1,64.3,1.0,TEACH-03_METER,正常
LIB-01,公共机构,2026-07-28 05:00,23.63,1.57,0.87,5.6,10.0,27.6,69.1,4.7,LIB-01_METER,正常
GYM-01,公共机构,2026-07-28 05:00,37.89,1.95,0.51,6.8,11.8,26.9,64.0,4.3,GYM-01_METER,正常
OFF-01,办公楼,2026-07-28 06:00,32.96,1.32,0.35,6.4,10.0,26.7,74.1,4.0,OFF-01_METER,正常
OFF-02,办公楼,2026-07-28 06:00,20.04,1.05,1.3,6.5,10.0,28.3,68.7,4.6,OFF-02_METER,正常
OFF-03,办公楼,2026-07-28 06:00,14.78,1.22,1.64,6.1,10.0,28.9,72.9,1.7,OFF-03_METER,正常
OFF-04,办公楼,2026-07-28 06:00,25.18,1.41,0.0,7.8,11.8,25.6,69.3,1.0,OFF-04_METER,正常
OFF-05,办公楼,2026-07-28 06:00,26.3,1.68,2.01,7.6,11.3,29.6,71.6,1.5,OFF-05_METER,正常
TEACH-01,教学楼,2026-07-28 06:00,22.65,1.86,1.23,7.1,12.4,27.8,70.2,0.1,TEACH-01_METER,正常
TEACH-02,教学楼,2026-07-28 06:00,17.64,2.17,2.03,6.7,11.5,29.0,72.4,0.8,TEACH-02_METER,正常
TEACH-03,教学楼,2026-07-28 06:00,17.76,1.87,0.16,6.4,11.5,26.2,65.1,1.0,TEACH-03_METER,正常
LIB-01,公共机构,2026-07-28 06:00,39.59,1.81,0.79,6.9,12.1,27.5,65.1,4.2,LIB-01_METER,正常
GYM-01,公共机构,2026-07-28 06:00,30.65,1.56,0.57,6.0,10.0,27.0,63.9,3.5,GYM-01_METER,正常
OFF-01,办公楼,2026-07-28 07:00,23.96,1.25,0.88,6.6,12.2,27.7,71.6,0.7,OFF-01_METER,正常
OFF-02,办公楼,2026-07-28 07:00,23.52,1.51,1.93,6.1,10.7,29.5,72.3,3.0,OFF-02_METER,正常
OFF-03,办公楼,2026-07-28 07:00,22.62,1.12,1.01,6.3,12.4,27.8,68.9,4.3,OFF-03_METER,正常
OFF-04,办公楼,2026-07-28 07:00,33.02,1.18,1.14,7.7,11.2,28.1,80.6,0.7,OFF-04_METER,正常
OFF-05,办公楼,2026-07-28 07:00,23.79,1.43,0.98,8.4,14.0,27.9,71.9,4.5,OFF-05_METER,正常
TEACH-01,教学楼,2026-07-28 07:00,14.53,2.59,0.58,6.2,11.8,26.8,59.0,0.6,TEACH-01_METER,正常
TEACH-02,教学楼,2026-07-28 07:00,16.95,2.27,0.04,6.0,10.9,26.1,65.9,1.2,TEACH-02_METER,正常
TEACH-03,教学楼,2026-07-28 07:00,12.04,2.65,0.86,6.3,10.4,27.2,72.5,0.1,TEACH-03_METER,正常
LIB-01,公共机构,2026-07-28 07:00,26.81,1.71,2.12,7.3,11.0,30.0,82.6,2.7,LIB-01_METER,正常
GYM-01,公共机构,2026-07-28 07:00,43.02,1.66,1.54,7.3,11.6,28.8,71.3,4.9,GYM-01_METER,正常
OFF-01,办公楼,2026-07-28 08:00,65.71,2.78,2.13,6.9,11.0,29.9,65.2,16.0,OFF-01_METER,正常
OFF-02,办公楼,2026-07-28 08:00,66.75,3.14,1.84,6.6,11.8,29.6,71.2,15.1,OFF-02_METER,正常
OFF-03,办公楼,2026-07-28 08:00,67.03,2.75,0.55,5.8,11.0,27.1,71.1,23.8,OFF-03_METER,正常
OFF-04,办公楼,2026-07-28 08:00,68.29,2.91,2.54,6.2,10.7,30.8,75.4,15.3,OFF-04_METER,正常
OFF-05,办公楼,2026-07-28 08:00,90.04,3.37,2.82,7.9,11.5,31.0,64.4,24.2,OFF-05_METER,正常
TEACH-01,教学楼,2026-07-28 08:00,118.91,5.4,1.93,7.3,11.8,28.7,75.2,29.1,TEACH-01_METER,正常
TEACH-02,教学楼,2026-07-28 08:00,119.28,5.93,2.15,6.9,11.2,29.0,78.8,30.4,TEACH-02_METER,正常
TEACH-03,教学楼,2026-07-28 08:00,96.86,5.91,1.41,7.1,12.1,27.9,74.6,28.9,TEACH-03_METER,正常
LIB-01,公共机构,2026-07-28 08:00,27.82,4.8,1.61,7.8,11.2,29.0,70.3,16.2,LIB-01_METER,正常
GYM-01,公共机构,2026-07-28 08:00,20.24,4.89,3.08,6.9,11.5,31.6,77.2,13.4,GYM-01_METER,正常
OFF-01,办公楼,2026-07-28 09:00,105.09,2.89,2.28,9.0,13.6,29.2,72.8,23.8,OFF-01_METER,正常
OFF-02,办公楼,2026-07-28 09:00,101.62,3.08,2.2,6.2,10.8,29.1,69.3,17.9,OFF-02_METER,正常
OFF-03,办公楼,2026-07-28 09:00,71.02,2.75,3.15,7.4,11.7,30.7,65.9,17.6,OFF-03_METER,正常
OFF-04,办公楼,2026-07-28 09:00,88.83,2.88,0.43,6.4,11.3,26.6,59.6,20.1,OFF-04_METER,正常
OFF-05,办公楼,2026-07-28 09:00,76.23,3.15,2.84,5.7,10.0,30.1,78.6,15.3,OFF-05_METER,正常
TEACH-01,教学楼,2026-07-28 09:00,91.35,6.11,1.46,7.4,14.1,27.6,75.9,37.3,TEACH-01_METER,正常
TEACH-02,教学楼,2026-07-28 09:00,108.17,6.34,4.19,8.2,12.8,30.4,67.0,29.6,TEACH-02_METER,正常
TEACH-03,教学楼,2026-07-28 09:00,88.33,6.25,3.4,6.2,10.0,29.5,71.9,30.5,TEACH-03_METER,正常
LIB-01,公共机构,2026-07-28 09:00,88.67,4.89,2.07,7.7,11.9,29.0,68.8,12.1,LIB-01_METER,正常
GYM-01,公共机构,2026-07-28 09:00,75.61,4.61,1.34,6.5,11.8,27.8,68.1,10.5,GYM-01_METER,正常
OFF-01,办公楼,2026-07-28 10:00,102.85,2.88,3.54,8.3,13.5,31.2,75.3,18.1,OFF-01_METER,正常
OFF-02,办公楼,2026-07-28 10:00,93.45,3.65,4.01,6.9,11.4,31.6,68.8,19.3,OFF-02_METER,正常
OFF-03,办公楼,2026-07-28 10:00,93.47,2.73,3.98,5.8,10.8,31.5,71.9,17.5,OFF-03_METER,正常
OFF-04,办公楼,2026-07-28 10:00,81.74,2.99,2.64,7.4,12.8,29.8,68.0,22.0,OFF-04_METER,正常
OFF-05,办公楼,2026-07-28 10:00,63.33,2.95,0.69,6.2,10.7,27.0,74.0,16.3,OFF-05_METER,正常
TEACH-01,教学楼,2026-07-28 10:00,120.76,5.46,1.99,6.8,11.3,28.2,75.0,32.8,TEACH-01_METER,正常
TEACH-02,教学楼,2026-07-28 10:00,143.71,5.73,4.07,7.1,11.2,30.3,85.0,36.5,TEACH-02_METER,正常
TEACH-03,教学楼,2026-07-28 10:00,84.29,5.43,4.64,7.3,12.5,31.2,71.7,34.9,TEACH-03_METER,正常
LIB-01,公共机构,2026-07-28 10:00,72.71,4.71,3.09,6.9,11.8,30.2,70.5,19.4,LIB-01_METER,正常
GYM-01,公共机构,2026-07-28 10:00,109.56,4.57,3.93,7.8,11.5,31.8,81.6,12.9,GYM-01_METER,正常
OFF-01,办公楼,2026-07-28 11:00,95.74,3.19,3.49,6.1,12.1,31.2,78.5,22.5,OFF-01_METER,正常
OFF-02,办公楼,2026-07-28 11:00,98.68,2.92,4.16,7.0,11.2,32.0,70.1,19.5,OFF-02_METER,正常
OFF-03,办公楼,2026-07-28 11:00,74.6,2.75,4.07,5.7,10.0,31.5,81.4,21.8,OFF-03_METER,正常
OFF-04,办公楼,2026-07-28 11:00,101.3,2.93,4.2,7.2,11.1,32.0,78.9,16.9,OFF-04_METER,正常
OFF-05,办公楼,2026-07-28 11:00,86.49,2.95,3.22,5.8,10.1,30.7,78.8,16.9,OFF-05_METER,正常
TEACH-01,教学楼,2026-07-28 11:00,88.41,5.45,6.12,6.5,11.6,32.2,77.8,26.6,TEACH-01_METER,正常
TEACH-02,教学楼,2026-07-28 11:00,143.11,5.5,3.57,8.4,14.0,30.0,78.4,25.6,TEACH-02_METER,正常
TEACH-03,教学楼,2026-07-28 11:00,112.62,5.44,5.13,7.8,12.9,31.5,73.8,29.2,TEACH-03_METER,正常
LIB-01,公共机构,2026-07-28 11:00,91.51,4.56,4.25,5.6,10.0,31.9,77.6,13.8,LIB-01_METER,正常
GYM-01,公共机构,2026-07-28 11:00,74.39,4.63,6.67,6.5,10.4,35.3,76.4,11.5,GYM-01_METER,正常
OFF-01,办公楼,2026-07-28 12:00,108.08,2.81,5.8,7.5,11.2,34.5,75.4,20.8,OFF-01_METER,正常
OFF-02,办公楼,2026-07-28 12:00,91.17,2.81,3.25,8.3,13.0,30.5,74.3,19.3,OFF-02_METER,正常
OFF-03,办公楼,2026-07-28 12:00,74.16,2.94,4.9,7.3,12.2,33.2,80.4,16.4,OFF-03_METER,正常
OFF-04,办公楼,2026-07-28 12:00,85.91,2.75,5.97,7.4,11.2,34.7,79.1,21.1,OFF-04_METER,正常
OFF-05,办公楼,2026-07-28 12:00,82.3,3.28,3.71,6.0,10.0,31.4,65.6,18.1,OFF-05_METER,正常
TEACH-01,教学楼,2026-07-28 12:00,112.44,6.05,3.27,7.0,11.9,29.4,72.0,31.9,TEACH-01_METER,正常
TEACH-02,教学楼,2026-07-28 12:00,140.7,5.42,6.39,7.1,12.0,33.2,76.1,33.4,TEACH-02_METER,正常
TEACH-03,教学楼,2026-07-28 12:00,143.02,5.5,6.61,5.9,10.9,33.3,81.7,29.4,TEACH-03_METER,正常
LIB-01,公共机构,2026-07-28 12:00,93.96,4.53,5.5,7.4,12.1,33.5,78.9,10.0,LIB-01_METER,正常
GYM-01,公共机构,2026-07-28 12:00,53.77,4.71,3.23,7.5,12.1,30.8,74.8,13.3,GYM-01_METER,正常
OFF-01,办公楼,2026-07-28 13:00,77.13,2.84,5.96,6.6,10.5,34.3,73.6,22.7,OFF-01_METER,正常
OFF-02,办公楼,2026-07-28 13:00,79.77,2.89,3.74,6.2,11.8,31.2,75.5,17.5,OFF-02_METER,正常
OFF-03,办公楼,2026-07-28 13:00,97.53,2.78,4.58,7.3,11.1,32.5,78.1,18.0,OFF-03_METER,正常
OFF-04,办公楼,2026-07-28 13:00,64.4,2.89,4.7,6.9,12.2,32.8,69.8,19.3,OFF-04_METER,正常
OFF-05,办公楼,2026-07-28 13:00,66.22,2.84,3.26,6.7,11.4,30.7,69.9,20.5,OFF-05_METER,正常
TEACH-01,教学楼,2026-07-28 13:00,88.91,5.45,4.22,6.8,10.5,30.5,66.2,35.0,TEACH-01_METER,正常
TEACH-02,教学楼,2026-07-28 13:00,81.33,5.43,4.98,6.9,10.1,31.3,75.2,25.3,TEACH-02_METER,正常
TEACH-03,教学楼,2026-07-28 13:00,98.96,5.44,6.5,6.1,10.4,32.7,74.8,30.4,TEACH-03_METER,正常
LIB-01,公共机构,2026-07-28 13:00,81.84,4.72,5.34,5.6,10.2,33.3,70.8,19.3,LIB-01_METER,正常
GYM-01,公共机构,2026-07-28 13:00,61.96,4.61,7.05,6.5,10.0,35.7,71.1,14.2,GYM-01_METER,正常
OFF-01,办公楼,2026-07-28 14:00,91.51,2.7,6.25,6.4,10.4,34.6,86.4,18.4,OFF-01_METER,正常
OFF-02,办公楼,2026-07-28 14:00,70.29,2.99,4.65,7.4,10.0,32.9,74.2,18.9,OFF-02_METER,正常
OFF-03,办公楼,2026-07-28 14:00,80.21,2.85,6.13,6.4,10.1,34.3,75.8,22.7,OFF-03_METER,正常
OFF-04,办公楼,2026-07-28 14:00,88.55,2.72,6.79,7.4,12.8,35.5,68.6,23.0,OFF-04_METER,正常
OFF-05,办公楼,2026-07-28 14:00,73.1,2.72,3.08,7.0,12.8,30.4,72.3,15.7,OFF-05_METER,正常
TEACH-01,教学楼,2026-07-28 14:00,97.63,5.45,6.9,6.9,11.6,33.5,74.5,28.6,TEACH-01_METER,正常
TEACH-02,教学楼,2026-07-28 14:00,97.24,5.4,4.8,7.1,12.6,31.4,67.0,31.8,TEACH-02_METER,正常
TEACH-03,教学楼,2026-07-28 14:00,132.7,5.41,6.92,7.4,13.7,33.6,69.6,29.3,TEACH-03_METER,正常
LIB-01,公共机构,2026-07-28 14:00,115.71,4.61,4.7,6.7,10.3,33.1,67.3,13.3,LIB-01_METER,正常
GYM-01,公共机构,2026-07-28 14:00,69.83,5.35,3.62,7.3,13.0,31.4,82.2,14.3,GYM-01_METER,正常
OFF-01,办公楼,2026-07-28 15:00,104.25,3.13,4.32,7.4,13.3,31.9,73.7,20.9,OFF-01_METER,正常
OFF-02,办公楼,2026-07-28 15:00,73.65,3.33,4.52,7.1,11.5,32.2,75.4,19.2,OFF-02_METER,正常
OFF-03,办公楼,2026-07-28 15:00,69.89,2.75,6.42,8.0,11.3,35.1,76.1,17.6,OFF-03_METER,正常
OFF-04,办公楼,2026-07-28 15:00,85.42,2.7,5.19,8.3,13.1,33.0,77.7,18.2,OFF-04_METER,正常
OFF-05,办公楼,2026-07-28 15:00,83.11,2.77,5.84,7.7,11.6,34.3,72.8,22.6,OFF-05_METER,正常
TEACH-01,教学楼,2026-07-28 15:00,106.27,5.84,6.38,6.0,10.7,32.7,83.6,39.5,TEACH-01_METER,正常
TEACH-02,教学楼,2026-07-28 15:00,118.22,5.67,7.31,7.2,11.5,33.5,74.6,39.7,TEACH-02_METER,正常
TEACH-03,教学楼,2026-07-28 15:00,92.58,5.83,5.79,5.9,10.1,32.4,70.3,37.1,TEACH-03_METER,正常
LIB-01,公共机构,2026-07-28 15:00,83.6,4.76,6.49,7.8,11.5,34.9,73.4,19.6,LIB-01_METER,正常
GYM-01,公共机构,2026-07-28 15:00,93.07,5.39,6.15,7.6,12.1,34.7,74.1,18.9,GYM-01_METER,正常
OFF-01,办公楼,2026-07-28 16:00,88.36,3.5,5.32,6.8,11.3,33.9,73.0,21.8,OFF-01_METER,正常
OFF-02,办公楼,2026-07-28 16:00,78.71,3.24,5.43,5.9,10.8,34.0,74.4,20.4,OFF-02_METER,正常
OFF-03,办公楼,2026-07-28 16:00,98.12,2.78,7.16,5.9,10.7,36.0,73.6,20.3,OFF-03_METER,正常
OFF-04,办公楼,2026-07-28 16:00,90.82,2.76,4.94,7.5,11.3,32.9,69.2,19.0,OFF-04_METER,正常
OFF-05,办公楼,2026-07-28 16:00,74.9,3.31,4.48,5.4,10.1,32.4,71.9,24.0,OFF-05_METER,正常
TEACH-01,教学楼,2026-07-28 16:00,132.91,5.42,6.13,6.8,12.0,32.8,72.0,32.9,TEACH-01_METER,正常
TEACH-02,教学楼,2026-07-28 16:00,142.54,5.62,9.12,7.1,11.8,35.9,85.1,33.3,TEACH-02_METER,正常
TEACH-03,教学楼,2026-07-28 16:00,100.34,5.83,9.5,6.1,11.8,36.0,75.1,34.2,TEACH-03_METER,正常
LIB-01,公共机构,2026-07-28 16:00,81.51,4.57,5.32,5.0,10.0,33.3,81.0,19.5,LIB-01_METER,正常
GYM-01,公共机构,2026-07-28 16:00,108.88,4.7,7.32,6.0,11.7,36.0,83.8,11.3,GYM-01_METER,正常
OFF-01,办公楼,2026-07-28 17:00,88.48,2.85,5.04,7.5,12.2,33.4,76.8,24.4,OFF-01_METER,正常
OFF-02,办公楼,2026-07-28 17:00,106.16,2.85,6.63,5.3,10.0,35.2,77.1,22.6,OFF-02_METER,正常
OFF-03,办公楼,2026-07-28 17:00,85.98,2.83,6.28,7.9,11.9,34.7,80.4,20.2,OFF-03_METER,正常
OFF-04,办公楼,2026-07-28 17:00,86.65,2.86,7.08,6.7,11.4,35.9,81.7,17.2,OFF-04_METER,正常
OFF-05,办公楼,2026-07-28 17:00,91.11,3.0,6.14,5.8,11.0,34.5,79.7,16.6,OFF-05_METER,正常
TEACH-01,教学楼,2026-07-28 17:00,141.61,5.76,8.89,6.1,10.9,35.0,73.7,35.3,TEACH-01_METER,正常
TEACH-02,教学楼,2026-07-28 17:00,116.13,5.41,8.66,5.5,10.2,35.0,83.1,25.4,TEACH-02_METER,正常
TEACH-03,教学楼,2026-07-28 17:00,133.69,5.81,8.1,6.5,11.1,34.2,85.0,28.7,TEACH-03_METER,正常
LIB-01,公共机构,2026-07-28 17:00,60.16,4.82,4.27,6.8,11.7,32.0,63.2,13.0,LIB-01_METER,正常
GYM-01,公共机构,2026-07-28 17:00,80.64,4.65,5.04,6.3,10.8,33.3,77.4,12.5,GYM-01_METER,正常
OFF-01,办公楼,2026-07-28 18:00,87.36,2.95,4.33,7.8,11.7,34.4,74.9,15.5,OFF-01_METER,正常
OFF-02,办公楼,2026-07-28 18:00,78.87,3.14,5.57,7.6,12.4,35.8,83.0,16.4,OFF-02_METER,正常
OFF-03,办公楼,2026-07-28 18:00,67.73,2.76,3.5,7.2,11.2,32.2,69.2,17.1,OFF-03_METER,正常
OFF-04,办公楼,2026-07-28 18:00,87.9,2.8,5.24,7.5,11.5,36.0,87.9,17.5,OFF-04_METER,正常
OFF-05,办公楼,2026-07-28 18:00,83.43,2.73,4.42,6.7,11.6,34.1,83.5,22.1,OFF-05_METER,正常
TEACH-01,教学楼,2026-07-28 18:00,126.86,5.57,5.78,8.4,13.0,34.1,73.7,25.2,TEACH-01_METER,正常
TEACH-02,教学楼,2026-07-28 18:00,105.89,5.61,5.83,5.7,10.4,33.9,83.1,37.1,TEACH-02_METER,正常
TEACH-03,教学楼,2026-07-28 18:00,126.75,6.03,6.83,6.9,11.1,36.0,79.6,36.2,TEACH-03_METER,正常
LIB-01,公共机构,2026-07-28 18:00,87.44,4.54,3.42,6.4,10.4,32.1,71.7,16.1,LIB-01_METER,正常
GYM-01,公共机构,2026-07-28 18:00,102.96,5.24,4.23,6.2,11.4,34.2,86.1,14.9,GYM-01_METER,正常
OFF-01,办公楼,2026-07-28 19:00,23.41,0.98,3.47,7.1,11.2,32.5,72.6,2.4,OFF-01_METER,正常
OFF-02,办公楼,2026-07-28 19:00,28.06,1.22,3.97,6.1,11.1,33.0,72.3,2.8,OFF-02_METER,正常
OFF-03,办公楼,2026-07-28 19:00,28.05,1.34,4.66,7.0,12.6,35.1,77.2,4.8,OFF-03_METER,正常
OFF-04,办公楼,2026-07-28 19:00,17.96,1.34,4.1,7.5,12.9,33.4,77.6,1.7,OFF-04_METER,正常
OFF-05,办公楼,2026-07-28 19:00,37.58,1.1,4.79,6.2,11.0,34.5,74.6,1.9,OFF-05_METER,正常
TEACH-01,教学楼,2026-07-28 19:00,28.97,1.96,4.3,6.5,11.0,31.7,70.5,0.7,TEACH-01_METER,正常
TEACH-02,教学楼,2026-07-28 19:00,31.49,2.1,7.59,6.1,10.0,36.0,73.4,1.6,TEACH-02_METER,正常
TEACH-03,教学楼,2026-07-28 19:00,22.83,2.07,5.29,8.2,12.0,33.1,73.2,0.7,TEACH-03_METER,正常
LIB-01,公共机构,2026-07-28 19:00,64.39,1.53,4.31,6.6,11.4,34.4,75.0,4.9,LIB-01_METER,正常
GYM-01,公共机构,2026-07-28 19:00,82.67,1.51,5.17,7.6,11.5,36.0,88.0,3.7,GYM-01_METER,正常
OFF-01,办公楼,2026-07-28 20:00,30.79,0.94,4.3,7.1,12.3,34.3,69.8,2.8,OFF-01_METER,正常
OFF-02,办公楼,2026-07-28 20:00,20.61,0.93,2.61,6.7,12.4,30.6,70.0,0.6,OFF-02_METER,正常
OFF-03,办公楼,2026-07-28 20:00,25.28,1.56,4.94,8.3,13.1,34.7,78.0,1.8,OFF-03_METER,正常
OFF-04,办公楼,2026-07-28 20:00,27.48,0.95,4.07,6.6,10.8,33.4,79.6,4.7,OFF-04_METER,正常
OFF-05,办公楼,2026-07-28 20:00,17.07,0.91,4.57,7.7,10.4,34.2,79.4,2.2,OFF-05_METER,正常
TEACH-01,教学楼,2026-07-28 20:00,27.32,2.08,7.15,7.0,11.5,36.0,82.9,0.5,TEACH-01_METER,正常
TEACH-02,教学楼,2026-07-28 20:00,19.06,2.27,4.71,8.4,12.8,32.5,70.7,0.0,TEACH-02_METER,正常
TEACH-03,教学楼,2026-07-28 20:00,23.07,1.84,6.66,8.1,13.5,35.5,75.3,0.4,TEACH-03_METER,正常
LIB-01,公共机构,2026-07-28 20:00,105.89,2.07,4.83,6.1,10.3,34.7,78.0,5.0,LIB-01_METER,正常
GYM-01,公共机构,2026-07-28 20:00,100.47,1.53,3.21,6.8,11.2,31.7,77.7,3.8,GYM-01_METER,正常
OFF-01,办公楼,2026-07-28 21:00,21.92,1.14,3.48,8.7,13.5,32.5,73.6,0.6,OFF-01_METER,正常
OFF-02,办公楼,2026-07-28 21:00,34.19,1.01,4.41,9.0,13.4,34.0,79.6,3.2,OFF-02_METER,正常
OFF-03,办公楼,2026-07-28 21:00,27.33,1.08,5.03,5.8,10.0,35.1,82.7,3.8,OFF-03_METER,正常
OFF-04,办公楼,2026-07-28 21:00,26.9,1.57,4.07,7.4,13.0,33.8,79.6,0.5,OFF-04_METER,正常
OFF-05,办公楼,2026-07-28 21:00,23.7,1.02,5.63,7.2,11.2,36.0,71.9,2.0,OFF-05_METER,正常
TEACH-01,教学楼,2026-07-28 21:00,24.73,2.17,4.1,7.7,10.9,32.0,79.7,0.9,TEACH-01_METER,正常
TEACH-02,教学楼,2026-07-28 21:00,22.73,2.04,6.06,6.6,11.2,34.5,74.6,1.3,TEACH-02_METER,正常
TEACH-03,教学楼,2026-07-28 21:00,23.14,1.91,4.95,7.0,12.2,33.0,79.8,1.5,TEACH-03_METER,正常
LIB-01,公共机构,2026-07-28 21:00,78.77,1.52,4.63,7.3,11.9,34.3,75.0,3.1,LIB-01_METER,正常
GYM-01,公共机构,2026-07-28 21:00,60.38,1.81,3.09,6.2,11.4,31.7,78.8,4.0,GYM-01_METER,正常
OFF-01,办公楼,2026-07-28 22:00,28.21,1.16,3.7,5.0,10.0,33.0,74.9,2.1,OFF-01_METER,正常
OFF-02,办公楼,2026-07-28 22:00,22.99,1.39,4.99,6.4,10.4,34.8,79.5,0.9,OFF-02_METER,正常
OFF-03,办公楼,2026-07-28 22:00,29.54,1.85,3.51,6.7,11.5,32.7,69.9,4.1,OFF-03_METER,正常
OFF-04,办公楼,2026-07-28 22:00,22.02,1.07,4.69,5.7,10.4,34.4,67.5,2.8,OFF-04_METER,正常
OFF-05,办公楼,2026-07-28 22:00,34.31,1.2,4.13,6.1,10.8,33.6,77.9,3.8,OFF-05_METER,正常
TEACH-01,教学楼,2026-07-28 22:00,17.13,1.94,4.83,8.3,13.0,32.5,71.5,0.4,TEACH-01_METER,正常
TEACH-02,教学楼,2026-07-28 22:00,23.49,2.01,5.36,6.6,10.5,33.5,83.2,1.8,TEACH-02_METER,正常
TEACH-03,教学楼,2026-07-28 22:00,22.09,2.26,5.41,7.6,12.3,33.3,84.7,0.3,TEACH-03_METER,正常
LIB-01,公共机构,2026-07-28 22:00,37.29,1.75,4.32,7.2,12.3,34.0,79.8,2.8,LIB-01_METER,正常
GYM-01,公共机构,2026-07-28 22:00,36.47,2.54,2.76,6.4,10.5,31.0,73.4,4.4,GYM-01_METER,正常
OFF-01,办公楼,2026-07-28 23:00,28.49,1.03,4.11,6.7,11.7,33.3,73.2,2.4,OFF-01_METER,正常
OFF-02,办公楼,2026-07-28 23:00,26.11,1.03,3.31,6.1,10.0,32.0,61.2,3.4,OFF-02_METER,正常
OFF-03,办公楼,2026-07-28 23:00,30.85,2.48,3.7,6.3,10.4,32.9,84.6,4.7,OFF-03_METER,正常
OFF-04,办公楼,2026-07-28 23:00,26.15,0.91,4.08,7.4,11.3,33.9,67.2,1.5,OFF-04_METER,正常
OFF-05,办公楼,2026-07-28 23:00,23.02,1.32,2.88,6.5,10.0,31.3,74.3,3.4,OFF-05_METER,正常
TEACH-01,教学楼,2026-07-28 23:00,23.0,2.62,3.18,5.7,10.0,30.3,69.1,1.5,TEACH-01_METER,正常
TEACH-02,教学楼,2026-07-28 23:00,30.9,2.77,4.09,6.9,11.8,31.6,76.8,1.9,TEACH-02_METER,正常
TEACH-03,教学楼,2026-07-28 23:00,17.15,2.13,4.65,5.5,10.0,32.6,74.1,0.4,TEACH-03_METER,正常
LIB-01,公共机构,2026-07-28 23:00,37.69,1.58,4.84,6.3,11.3,34.8,82.4,0.6,LIB-01_METER,正常
GYM-01,公共机构,2026-07-28 23:00,35.22,1.58,4.33,8.7,13.8,34.2,75.6,3.7,GYM-01_METER,正常
OFF-01,办公楼,2026-07-29 00:00,17.09,1.2,0.0,7.1,11.6,25.0,66.2,3.0,OFF-01_METER,正常
OFF-02,办公楼,2026-07-29 00:00,13.5,1.1,0.0,6.6,11.2,25.9,68.9,3.2,OFF-02_METER,正常
OFF-03,办公楼,2026-07-29 00:00,23.79,1.46,0.0,8.7,13.3,25.0,69.9,1.4,OFF-03_METER,正常
OFF-04,办公楼,2026-07-29 00:00,29.29,1.13,0.0,6.5,11.7,25.0,65.2,3.5,OFF-04_METER,正常
OFF-05,办公楼,2026-07-29 00:00,30.28,2.33,0.0,6.6,12.6,25.0,73.8,1.3,OFF-05_METER,正常
TEACH-01,教学楼,2026-07-29 00:00,7.93,1.82,0.0,7.1,12.7,25.0,71.7,2.0,TEACH-01_METER,正常
TEACH-02,教学楼,2026-07-29 00:00,14.5,1.87,0.0,7.9,12.9,25.0,62.1,0.0,TEACH-02_METER,正常
TEACH-03,教学楼,2026-07-29 00:00,16.53,1.81,0.0,6.6,10.4,25.0,67.4,1.7,TEACH-03_METER,正常
LIB-01,公共机构,2026-07-29 00:00,23.92,1.51,0.0,5.4,10.0,25.0,75.4,3.8,LIB-01_METER,正常
GYM-01,公共机构,2026-07-29 00:00,36.66,1.95,0.0,8.2,11.5,25.0,68.2,3.1,GYM-01_METER,正常
OFF-01,办公楼,2026-07-29 01:00,28.89,0.99,0.42,7.9,11.0,26.8,71.2,3.9,OFF-01_METER,正常
OFF-02,办公楼,2026-07-29 01:00,21.89,0.93,0.0,7.9,11.4,25.0,71.2,3.8,OFF-02_METER,正常
OFF-03,办公楼,2026-07-29 01:00,20.32,0.91,0.0,7.7,12.4,25.0,65.6,1.2,OFF-03_METER,正常
OFF-04,办公楼,2026-07-29 01:00,22.03,0.99,0.7,7.7,11.4,27.3,72.8,3.9,OFF-04_METER,正常
OFF-05,办公楼,2026-07-29 01:00,15.1,0.91,0.0,7.1,11.6,25.0,68.5,0.9,OFF-05_METER,正常
TEACH-01,教学楼,2026-07-29 01:00,21.13,1.92,0.0,7.6,12.0,25.6,63.7,1.8,TEACH-01_METER,正常
TEACH-02,教学楼,2026-07-29 01:00,17.24,2.2,0.0,8.8,12.9,25.0,66.4,1.1,TEACH-02_METER,正常
TEACH-03,教学楼,2026-07-29 01:00,9.74,1.88,0.13,6.7,10.2,26.2,68.5,0.1,TEACH-03_METER,正常
LIB-01,公共机构,2026-07-29 01:00,22.15,1.53,0.0,8.1,11.6,25.2,73.3,4.6,LIB-01_METER,正常
GYM-01,公共机构,2026-07-29 01:00,23.49,2.06,0.0,7.2,12.2,25.4,63.5,3.6,GYM-01_METER,正常
OFF-01,办公楼,2026-07-29 02:00,27.41,1.06,0.06,5.3,10.0,26.1,73.3,3.4,OFF-01_METER,正常
OFF-02,办公楼,2026-07-29 02:00,30.98,1.67,0.0,6.6,12.1,25.0,69.0,3.2,OFF-02_METER,正常
OFF-03,办公楼,2026-07-29 02:00,18.42,1.05,0.07,8.0,12.7,26.1,67.3,4.1,OFF-03_METER,正常
OFF-04,办公楼,2026-07-29 02:00,28.85,1.12,0.0,7.3,12.0,25.0,66.0,2.4,OFF-04_METER,正常
OFF-05,办公楼,2026-07-29 02:00,19.89,1.29,0.61,7.3,11.7,27.2,74.0,3.0,OFF-05_METER,正常
TEACH-01,教学楼,2026-07-29 02:00,18.96,2.38,0.0,7.2,12.8,25.2,63.2,1.8,TEACH-01_METER,正常
TEACH-02,教学楼,2026-07-29 02:00,24.79,2.28,1.17,5.6,10.0,27.5,70.9,0.2,TEACH-02_METER,正常
TEACH-03,教学楼,2026-07-29 02:00,16.95,2.55,0.0,7.3,13.3,25.5,72.4,0.8,TEACH-03_METER,正常
LIB-01,公共机构,2026-07-29 02:00,35.4,1.68,0.0,6.1,10.7,25.4,70.6,3.2,LIB-01_METER,正常
GYM-01,公共机构,2026-07-29 02:00,18.44,1.65,0.0,7.7,12.5,25.6,70.9,4.4,GYM-01_METER,正常
OFF-01,办公楼,2026-07-29 03:00,23.97,0.92,0.44,6.6,11.0,26.8,62.9,2.0,OFF-01_METER,正常
OFF-02,办公楼,2026-07-29 03:00,31.1,1.58,0.0,5.9,10.8,25.0,67.8,2.7,OFF-02_METER,正常
OFF-03,办公楼,2026-07-29 03:00,20.32,0.94,0.0,7.1,12.0,25.2,66.5,2.7,OFF-03_METER,正常
OFF-04,办公楼,2026-07-29 03:00,26.17,0.93,0.04,7.6,11.7,26.1,76.3,2.5,OFF-04_METER,正常
OFF-05,办公楼,2026-07-29 03:00,35.29,1.21,0.0,7.4,12.4,25.2,59.3,5.0,OFF-05_METER,正常
TEACH-01,教学楼,2026-07-29 03:00,17.99,2.04,0.33,7.7,13.7,26.5,73.2,1.2,TEACH-01_METER,正常
TEACH-02,教学楼,2026-07-29 03:00,18.42,2.62,0.0,6.4,12.2,25.0,70.7,1.7,TEACH-02_METER,正常
TEACH-03,教学楼,2026-07-29 03:00,16.6,1.9,0.93,6.2,10.0,27.2,68.8,1.2,TEACH-03_METER,正常
LIB-01,公共机构,2026-07-29 03:00,28.28,1.74,0.49,6.7,11.7,27.0,77.0,2.2,LIB-01_METER,正常
GYM-01,公共机构,2026-07-29 03:00,22.99,1.94,0.0,7.8,12.8,25.0,70.8,1.2,GYM-01_METER,正常
OFF-01,办公楼,2026-07-29 04:00,36.37,1.83,0.91,6.8,11.5,27.8,70.6,3.6,OFF-01_METER,正常
OFF-02,办公楼,2026-07-29 04:00,23.09,1.06,0.46,6.2,10.9,26.9,79.1,2.8,OFF-02_METER,正常
OFF-03,办公楼,2026-07-29 04:00,17.66,1.21,0.0,5.4,10.0,25.1,64.8,4.2,OFF-03_METER,正常
OFF-04,办公楼,2026-07-29 04:00,21.84,0.95,0.0,7.6,13.0,25.0,69.4,4.2,OFF-04_METER,正常
OFF-05,办公楼,2026-07-29 04:00,31.28,0.98,0.33,7.0,10.6,26.6,73.6,1.6,OFF-05_METER,正常
TEACH-01,教学楼,2026-07-29 04:00,13.52,1.8,0.0,7.4,11.4,25.0,66.9,1.2,TEACH-01_METER,正常
TEACH-02,教学楼,2026-07-29 04:00,15.84,1.85,0.0,7.5,12.3,25.0,65.7,0.4,TEACH-02_METER,正常
TEACH-03,教学楼,2026-07-29 04:00,10.59,2.09,0.21,7.8,12.6,26.3,61.7,1.9,TEACH-03_METER,正常
LIB-01,公共机构,2026-07-29 04:00,43.1,1.79,0.1,7.1,11.4,26.2,77.8,2.1,LIB-01_METER,正常
GYM-01,公共机构,2026-07-29 04:00,35.42,2.12,0.01,7.7,11.5,26.0,71.7,4.5,GYM-01_METER,正常
OFF-01,办公楼,2026-07-29 05:00,19.71,0.99,0.0,7.1,11.3,25.8,70.5,2.8,OFF-01_METER,正常
OFF-02,办公楼,2026-07-29 05:00,22.61,1.04,0.94,6.3,11.3,27.6,75.4,0.8,OFF-02_METER,正常
OFF-03,办公楼,2026-07-29 05:00,24.01,0.9,0.78,7.7,12.3,27.5,59.0,4.8,OFF-03_METER,正常
OFF-04,办公楼,2026-07-29 05:00,24.9,1.03,0.08,6.4,12.2,26.2,72.4,2.8,OFF-04_METER,正常
OFF-05,办公楼,2026-07-29 05:00,21.4,0.96,0.61,7.1,11.7,27.1,59.8,2.0,OFF-05_METER,正常
TEACH-01,教学楼,2026-07-29 05:00,15.69,2.01,3.11,8.5,13.8,30.1,67.4,0.5,TEACH-01_METER,正常
TEACH-02,教学楼,2026-07-29 05:00,25.59,2.0,2.86,7.1,12.0,30.1,76.3,0.2,TEACH-02_METER,正常
TEACH-03,教学楼,2026-07-29 05:00,11.07,1.86,0.0,7.9,12.4,26.0,75.1,1.4,TEACH-03_METER,正常
LIB-01,公共机构,2026-07-29 05:00,28.62,1.97,0.78,7.6,11.9,27.4,70.3,3.9,LIB-01_METER,正常
GYM-01,公共机构,2026-07-29 05:00,23.5,1.84,1.31,7.7,11.8,28.5,71.6,1.2,GYM-01_METER,正常
OFF-01,办公楼,2026-07-29 06:00,26.13,1.22,3.2,7.1,10.7,32.1,79.2,3.8,OFF-01_METER,正常
OFF-02,办公楼,2026-07-29 06:00,30.82,1.45,1.61,6.7,12.4,29.0,64.3,2.9,OFF-02_METER,正常
OFF-03,办公楼,2026-07-29 06:00,21.86,1.46,0.96,7.3,12.1,27.7,68.6,2.7,OFF-03_METER,正常
OFF-04,办公楼,2026-07-29 06:00,22.81,1.12,0.38,6.8,11.7,26.7,68.3,1.2,OFF-04_METER,正常
OFF-05,办公楼,2026-07-29 06:00,17.05,1.67,2.62,7.6,11.9,30.9,78.6,3.5,OFF-05_METER,正常
TEACH-01,教学楼,2026-07-29 06:00,22.32,1.92,0.8,6.3,10.6,27.1,67.4,0.0,TEACH-01_METER,正常
TEACH-02,教学楼,2026-07-29 06:00,13.08,2.21,1.13,6.7,12.0,27.5,75.2,1.9,TEACH-02_METER,正常
TEACH-03,教学楼,2026-07-29 06:00,23.2,2.42,2.46,7.7,13.3,29.5,67.4,1.2,TEACH-03_METER,正常
LIB-01,公共机构,2026-07-29 06:00,24.88,1.81,0.0,7.1,10.5,25.4,66.7,4.4,LIB-01_METER,正常
GYM-01,公共机构,2026-07-29 06:00,38.78,1.54,2.25,5.8,10.8,30.1,68.9,1.6,GYM-01_METER,正常
OFF-01,办公楼,2026-07-29 07:00,21.63,1.34,2.46,6.1,10.0,30.8,69.8,4.9,OFF-01_METER,正常
OFF-02,办公楼,2026-07-29 07:00,30.37,0.93,2.2,6.8,11.1,30.1,75.5,3.4,OFF-02_METER,正常
OFF-03,办公楼,2026-07-29 07:00,16.32,1.27,1.16,7.8,10.7,28.1,60.9,1.4,OFF-03_METER,正常
OFF-04,办公楼,2026-07-29 07:00,27.42,1.03,2.21,7.1,12.0,30.3,71.1,4.3,OFF-04_METER,正常
OFF-05,办公楼,2026-07-29 07:00,27.56,1.1,1.73,8.5,12.9,29.2,71.8,0.5,OFF-05_METER,正常
TEACH-01,教学楼,2026-07-29 07:00,21.38,2.14,2.58,6.4,10.9,29.6,76.2,1.6,TEACH-01_METER,正常
TEACH-02,教学楼,2026-07-29 07:00,25.46,2.01,4.33,7.5,12.7,32.2,75.2,0.9,TEACH-02_METER,正常
TEACH-03,教学楼,2026-07-29 07:00,24.24,1.89,3.18,6.2,10.0,30.6,80.5,0.5,TEACH-03_METER,正常
LIB-01,公共机构,2026-07-29 07:00,26.56,1.65,1.51,6.6,11.8,28.8,84.9,2.9,LIB-01_METER,正常
GYM-01,公共机构,2026-07-29 07:00,28.67,1.6,1.42,7.4,11.0,28.7,72.3,3.8,GYM-01_METER,正常
OFF-01,办公楼,2026-07-29 08:00,62.06,2.91,3.18,7.7,12.0,32.2,87.5,20.4,OFF-01_METER,正常
OFF-02,办公楼,2026-07-29 08:00,79.69,2.99,1.12,7.9,12.8,28.2,66.6,23.0,OFF-02_METER,正常
OFF-03,办公楼,2026-07-29 08:00,91.78,2.92,1.99,8.0,12.6,29.7,74.4,22.4,OFF-03_METER,正常
OFF-04,办公楼,2026-07-29 08:00,91.38,2.94,0.42,6.9,10.9,26.7,73.2,18.0,OFF-04_METER,正常
OFF-05,办公楼,2026-07-29 08:00,83.98,2.72,1.67,7.8,12.5,29.0,67.6,21.1,OFF-05_METER,正常
TEACH-01,教学楼,2026-07-29 08:00,126.7,5.45,3.1,7.4,11.0,30.2,71.2,39.9,TEACH-01_METER,正常
TEACH-02,教学楼,2026-07-29 08:00,117.53,6.12,2.02,6.2,10.1,28.8,79.6,30.5,TEACH-02_METER,正常
TEACH-03,教学楼,2026-07-29 08:00,121.2,5.74,3.78,6.3,10.9,31.5,81.6,30.3,TEACH-03_METER,正常
LIB-01,公共机构,2026-07-29 08:00,35.91,4.69,0.51,7.5,12.6,26.9,71.6,15.5,LIB-01_METER,正常
GYM-01,公共机构,2026-07-29 08:00,32.88,5.41,0.18,7.4,12.0,26.3,56.5,16.4,GYM-01_METER,正常
OFF-01,办公楼,2026-07-29 09:00,82.56,2.71,3.55,7.1,12.7,31.2,71.0,24.6,OFF-01_METER,正常
OFF-02,办公楼,2026-07-29 09:00,80.27,3.03,0.41,6.5,10.7,26.6,68.4,18.1,OFF-02_METER,正常
OFF-03,办公楼,2026-07-29 09:00,68.73,3.06,2.42,6.9,11.8,29.5,72.8,22.7,OFF-03_METER,正常
OFF-04,办公楼,2026-07-29 09:00,74.44,2.77,2.7,5.8,10.0,29.8,66.5,18.0,OFF-04_METER,正常
OFF-05,办公楼,2026-07-29 09:00,100.18,3.08,2.05,6.9,11.4,28.9,72.5,17.7,OFF-05_METER,正常
TEACH-01,教学楼,2026-07-29 09:00,103.77,5.53,6.04,5.9,10.9,32.2,78.3,25.3,TEACH-01_METER,正常
TEACH-02,教学楼,2026-07-29 09:00,139.08,6.36,3.17,7.5,12.0,29.5,74.4,35.3,TEACH-02_METER,正常
TEACH-03,教学楼,2026-07-29 09:00,95.48,5.65,1.91,6.8,10.7,28.1,70.4,29.3,TEACH-03_METER,正常
LIB-01,公共机构,2026-07-29 09:00,96.84,4.5,1.56,6.4,12.4,28.1,64.0,10.7,LIB-01_METER,正常
GYM-01,公共机构,2026-07-29 09:00,61.18,4.51,4.44,8.1,12.6,32.1,73.6,16.8,GYM-01_METER,正常
OFF-01,办公楼,2026-07-29 10:00,103.45,2.94,3.37,8.4,12.6,30.9,67.1,24.8,OFF-01_METER,正常
OFF-02,办公楼,2026-07-29 10:00,77.86,3.59,3.49,7.9,12.1,31.0,73.3,22.0,OFF-02_METER,正常
OFF-03,办公楼,2026-07-29 10:00,67.73,2.72,4.8,6.6,11.3,32.6,73.8,23.9,OFF-03_METER,正常
OFF-04,办公楼,2026-07-29 10:00,76.29,2.8,2.87,7.2,12.1,30.2,74.8,24.0,OFF-04_METER,正常
OFF-05,办公楼,2026-07-29 10:00,97.37,3.2,5.88,6.6,11.1,34.6,73.0,17.4,OFF-05_METER,正常
TEACH-01,教学楼,2026-07-29 10:00,138.44,5.58,5.31,6.3,10.0,31.4,71.2,28.6,TEACH-01_METER,正常
TEACH-02,教学楼,2026-07-29 10:00,131.19,5.54,2.9,6.4,11.1,29.2,69.6,37.4,TEACH-02_METER,正常
TEACH-03,教学楼,2026-07-29 10:00,126.18,5.55,4.16,7.1,12.7,30.7,73.9,30.6,TEACH-03_METER,正常
LIB-01,公共机构,2026-07-29 10:00,107.44,4.58,3.53,6.1,10.9,31.2,66.0,17.2,LIB-01_METER,正常
GYM-01,公共机构,2026-07-29 10:00,82.81,4.6,3.32,8.8,13.4,30.8,76.7,11.6,GYM-01_METER,正常
OFF-01,办公楼,2026-07-29 11:00,73.37,3.06,3.16,7.7,12.5,30.3,76.9,20.7,OFF-01_METER,正常
OFF-02,办公楼,2026-07-29 11:00,80.54,3.25,5.68,7.0,12.2,33.8,80.4,24.7,OFF-02_METER,正常
OFF-03,办公楼,2026-07-29 11:00,81.55,3.64,6.26,6.1,11.3,34.5,79.1,24.7,OFF-03_METER,正常
OFF-04,办公楼,2026-07-29 11:00,91.2,3.13,5.5,6.0,10.0,34.1,82.3,20.6,OFF-04_METER,正常
OFF-05,办公楼,2026-07-29 11:00,82.8,2.74,3.5,6.0,11.8,31.1,70.0,20.0,OFF-05_METER,正常
TEACH-01,教学楼,2026-07-29 11:00,98.97,5.57,4.4,5.5,10.2,30.8,70.1,26.8,TEACH-01_METER,正常
TEACH-02,教学楼,2026-07-29 11:00,117.92,5.65,3.87,7.1,11.2,30.4,71.3,25.5,TEACH-02_METER,正常
TEACH-03,教学楼,2026-07-29 11:00,94.69,5.53,5.3,6.5,11.9,31.7,76.2,33.8,TEACH-03_METER,正常
LIB-01,公共机构,2026-07-29 11:00,109.29,5.67,5.88,7.3,11.3,34.0,82.2,12.1,LIB-01_METER,正常
GYM-01,公共机构,2026-07-29 11:00,70.62,4.71,3.78,6.7,11.5,31.2,77.1,16.8,GYM-01_METER,正常
OFF-01,办公楼,2026-07-29 12:00,88.41,2.86,4.89,7.1,11.7,33.0,77.2,17.5,OFF-01_METER,正常
OFF-02,办公楼,2026-07-29 12:00,64.9,3.38,3.56,6.6,10.3,30.8,68.7,16.4,OFF-02_METER,正常
OFF-03,办公楼,2026-07-29 12:00,86.27,3.05,4.43,6.2,10.5,32.2,79.3,24.5,OFF-03_METER,正常
OFF-04,办公楼,2026-07-29 12:00,79.89,2.86,3.36,6.8,10.2,30.6,74.0,20.3,OFF-04_METER,正常
OFF-05,办公楼,2026-07-29 12:00,85.75,2.77,5.11,7.2,11.4,33.7,76.8,17.9,OFF-05_METER,正常
TEACH-01,教学楼,2026-07-29 12:00,92.45,5.83,6.8,8.2,12.4,33.1,86.3,31.7,TEACH-01_METER,正常
TEACH-02,教学楼,2026-07-29 12:00,93.33,6.37,6.38,7.0,11.7,32.7,73.1,37.6,TEACH-02_METER,正常
TEACH-03,教学楼,2026-07-29 12:00,114.97,5.85,4.96,8.3,13.2,31.3,80.4,35.1,TEACH-03_METER,正常
LIB-01,公共机构,2026-07-29 12:00,69.67,4.69,3.89,7.1,10.7,31.4,71.0,15.2,LIB-01_METER,正常
GYM-01,公共机构,2026-07-29 12:00,100.6,4.83,5.53,6.4,11.1,33.8,85.5,15.1,GYM-01_METER,正常
OFF-01,办公楼,2026-07-29 13:00,71.36,2.72,4.55,7.6,12.7,32.4,68.5,18.2,OFF-01_METER,正常
OFF-02,办公楼,2026-07-29 13:00,59.6,3.0,5.15,5.7,11.0,33.1,75.3,24.8,OFF-02_METER,正常
OFF-03,办公楼,2026-07-29 13:00,74.55,2.71,3.89,6.4,11.0,31.6,76.1,22.4,OFF-03_METER,正常
OFF-04,办公楼,2026-07-29 13:00,96.44,2.75,3.21,5.7,10.9,30.8,77.8,23.0,OFF-04_METER,正常
OFF-05,办公楼,2026-07-29 13:00,99.46,3.11,4.42,7.0,11.1,32.6,72.4,22.1,OFF-05_METER,正常
TEACH-01,教学楼,2026-07-29 13:00,101.56,5.4,5.15,7.9,12.6,31.3,67.7,26.8,TEACH-01_METER,正常
TEACH-02,教学楼,2026-07-29 13:00,123.26,6.06,5.07,7.0,11.2,31.5,71.6,25.1,TEACH-02_METER,正常
TEACH-03,教学楼,2026-07-29 13:00,143.35,5.58,5.46,7.2,11.6,31.5,76.3,37.5,TEACH-03_METER,正常
LIB-01,公共机构,2026-07-29 13:00,78.88,4.52,6.57,6.5,11.4,35.0,85.1,13.2,LIB-01_METER,正常
GYM-01,公共机构,2026-07-29 13:00,59.07,4.59,5.73,7.5,11.9,34.1,74.5,11.9,GYM-01_METER,正常
OFF-01,办公楼,2026-07-29 14:00,102.97,3.32,7.05,6.0,10.0,35.9,78.8,23.3,OFF-01_METER,正常
OFF-02,办公楼,2026-07-29 14:00,69.34,3.09,4.91,6.8,11.0,33.3,73.3,19.4,OFF-02_METER,正常
OFF-03,办公楼,2026-07-29 14:00,86.51,3.04,5.25,5.4,10.5,33.5,87.4,20.6,OFF-03_METER,正常
OFF-04,办公楼,2026-07-29 14:00,105.14,2.84,5.76,7.3,12.3,34.1,78.4,22.7,OFF-04_METER,正常
OFF-05,办公楼,2026-07-29 14:00,86.71,2.97,3.77,6.4,10.0,31.1,71.0,20.4,OFF-05_METER,正常
TEACH-01,教学楼,2026-07-29 14:00,132.28,5.57,8.95,7.5,12.8,35.5,72.7,38.9,TEACH-01_METER,正常
TEACH-02,教学楼,2026-07-29 14:00,102.01,5.57,7.36,7.1,11.7,33.5,77.8,25.1,TEACH-02_METER,正常
TEACH-03,教学楼,2026-07-29 14:00,123.93,5.6,6.34,8.3,12.5,32.6,70.0,29.2,TEACH-03_METER,正常
LIB-01,公共机构,2026-07-29 14:00,84.86,4.59,5.85,7.4,12.2,34.8,80.4,12.8,LIB-01_METER,正常
GYM-01,公共机构,2026-07-29 14:00,101.99,4.75,7.0,5.8,10.0,35.8,75.0,19.9,GYM-01_METER,正常
OFF-01,办公楼,2026-07-29 15:00,67.48,2.71,3.49,7.6,11.7,31.2,73.9,24.9,OFF-01_METER,正常
OFF-02,办公楼,2026-07-29 15:00,86.96,2.93,3.76,7.3,12.1,31.2,69.9,21.9,OFF-02_METER,正常
OFF-03,办公楼,2026-07-29 15:00,90.93,2.8,4.26,7.1,10.8,32.4,78.1,16.2,OFF-03_METER,正常
OFF-04,办公楼,2026-07-29 15:00,85.23,3.23,6.02,7.7,11.4,34.7,74.6,19.0,OFF-04_METER,正常
OFF-05,办公楼,2026-07-29 15:00,86.31,3.02,4.1,6.9,12.5,31.6,69.0,24.9,OFF-05_METER,正常
TEACH-01,教学楼,2026-07-29 15:00,148.39,5.81,8.49,5.9,10.8,35.2,82.3,35.4,TEACH-01_METER,正常
TEACH-02,教学楼,2026-07-29 15:00,114.36,5.61,7.77,6.9,12.0,34.5,77.3,33.8,TEACH-02_METER,正常
TEACH-03,教学楼,2026-07-29 15:00,126.5,5.89,6.44,6.5,11.2,32.8,82.4,26.7,TEACH-03_METER,正常
LIB-01,公共机构,2026-07-29 15:00,116.59,4.73,5.95,5.8,10.0,34.8,77.2,15.2,LIB-01_METER,正常
GYM-01,公共机构,2026-07-29 15:00,88.13,4.7,6.32,6.9,10.9,34.6,76.3,16.2,GYM-01_METER,正常
OFF-01,办公楼,2026-07-29 16:00,87.95,2.85,5.24,7.4,11.2,33.6,79.8,23.1,OFF-01_METER,正常
OFF-02,办公楼,2026-07-29 16:00,100.62,3.19,5.47,8.6,13.3,33.8,74.3,23.2,OFF-02_METER,正常
OFF-03,办公楼,2026-07-29 16:00,92.71,3.08,4.01,5.8,10.0,31.6,69.6,24.1,OFF-03_METER,正常
OFF-04,办公楼,2026-07-29 16:00,80.11,2.75,4.01,6.2,10.9,31.7,80.3,18.7,OFF-04_METER,正常
OFF-05,办公楼,2026-07-29 16:00,92.19,3.08,5.47,8.0,12.0,34.0,79.7,17.9,OFF-05_METER,正常
TEACH-01,教学楼,2026-07-29 16:00,109.55,5.47,7.74,8.2,11.9,34.7,80.2,39.1,TEACH-01_METER,正常
TEACH-02,教学楼,2026-07-29 16:00,133.06,5.48,5.89,6.6,10.7,32.3,82.2,37.6,TEACH-02_METER,正常
TEACH-03,教学楼,2026-07-29 16:00,118.07,5.43,7.39,6.6,10.9,34.3,86.8,35.3,TEACH-03_METER,正常
LIB-01,公共机构,2026-07-29 16:00,86.14,4.56,6.61,7.1,11.3,35.0,74.7,13.8,LIB-01_METER,正常
GYM-01,公共机构,2026-07-29 16:00,72.08,4.81,6.14,6.9,12.1,35.1,77.6,16.4,GYM-01_METER,正常
OFF-01,办公楼,2026-07-29 17:00,99.49,3.1,6.61,7.9,12.5,35.3,83.8,18.1,OFF-01_METER,正常
OFF-02,办公楼,2026-07-29 17:00,97.01,2.74,2.41,6.6,11.1,29.4,66.2,15.2,OFF-02_METER,正常
OFF-03,办公楼,2026-07-29 17:00,73.42,3.2,5.07,7.3,11.8,33.1,77.7,19.9,OFF-03_METER,正常
OFF-04,办公楼,2026-07-29 17:00,72.17,2.71,4.28,7.6,11.8,32.1,77.3,22.9,OFF-04_METER,正常
OFF-05,办公楼,2026-07-29 17:00,81.69,2.83,6.4,7.9,11.4,35.1,83.4,24.5,OFF-05_METER,正常
TEACH-01,教学楼,2026-07-29 17:00,92.45,5.54,6.84,7.7,12.3,32.9,71.0,30.2,TEACH-01_METER,正常
TEACH-02,教学楼,2026-07-29 17:00,134.27,5.97,6.28,7.4,11.4,32.9,80.9,29.9,TEACH-02_METER,正常
TEACH-03,教学楼,2026-07-29 17:00,92.58,5.93,7.56,7.2,11.9,34.3,79.6,29.4,TEACH-03_METER,正常
LIB-01,公共机构,2026-07-29 17:00,56.89,4.61,4.14,6.7,11.8,31.9,71.2,15.0,LIB-01_METER,正常
GYM-01,公共机构,2026-07-29 17:00,94.44,4.57,4.73,6.7,11.6,33.1,72.6,18.8,GYM-01_METER,正常
OFF-01,办公楼,2026-07-29 18:00,100.21,2.88,4.56,7.0,11.3,34.7,80.2,23.5,OFF-01_METER,正常
OFF-02,办公楼,2026-07-29 18:00,69.08,3.11,4.22,6.6,11.3,33.9,76.3,22.8,OFF-02_METER,正常
OFF-03,办公楼,2026-07-29 18:00,89.63,2.75,3.86,6.7,11.3,33.3,79.7,19.6,OFF-03_METER,正常
OFF-04,办公楼,2026-07-29 18:00,84.0,2.91,5.44,7.3,13.1,35.6,83.2,23.6,OFF-04_METER,正常
OFF-05,办公楼,2026-07-29 18:00,78.64,2.7,5.27,6.2,11.3,36.0,83.1,15.7,OFF-05_METER,正常
TEACH-01,教学楼,2026-07-29 18:00,119.79,5.45,6.09,7.9,12.4,35.0,73.0,34.5,TEACH-01_METER,正常
TEACH-02,教学楼,2026-07-29 18:00,97.45,5.97,5.99,5.8,10.1,34.6,84.0,26.4,TEACH-02_METER,正常
TEACH-03,教学楼,2026-07-29 18:00,124.72,5.54,4.21,5.8,10.2,32.1,71.0,32.0,TEACH-03_METER,正常
LIB-01,公共机构,2026-07-29 18:00,72.85,4.84,4.17,5.7,10.4,33.8,73.1,15.7,LIB-01_METER,正常
GYM-01,公共机构,2026-07-29 18:00,102.27,4.58,3.44,6.8,11.8,32.5,79.4,14.9,GYM-01_METER,正常
OFF-01,办公楼,2026-07-29 19:00,30.19,1.01,5.39,6.1,11.2,35.9,74.3,3.3,OFF-01_METER,正常
OFF-02,办公楼,2026-07-29 19:00,36.19,2.17,3.58,6.8,11.4,32.5,70.5,2.0,OFF-02_METER,正常
OFF-03,办公楼,2026-07-29 19:00,25.68,1.4,3.88,6.2,10.8,33.4,79.1,2.0,OFF-03_METER,正常
OFF-04,办公楼,2026-07-29 19:00,29.44,1.31,3.93,7.3,11.2,33.3,72.7,2.0,OFF-04_METER,正常
OFF-05,办公楼,2026-07-29 19:00,36.18,1.02,4.46,6.7,10.9,34.6,79.9,0.8,OFF-05_METER,正常
TEACH-01,教学楼,2026-07-29 19:00,31.54,2.59,7.41,6.3,10.8,36.0,81.9,0.3,TEACH-01_METER,正常
TEACH-02,教学楼,2026-07-29 19:00,25.68,1.87,6.6,8.4,13.9,34.7,78.1,1.7,TEACH-02_METER,正常
TEACH-03,教学楼,2026-07-29 19:00,28.92,2.15,5.16,5.9,11.0,33.1,80.3,0.4,TEACH-03_METER,正常
LIB-01,公共机构,2026-07-29 19:00,81.9,1.61,4.49,7.4,11.8,34.6,69.2,3.4,LIB-01_METER,正常
GYM-01,公共机构,2026-07-29 19:00,97.12,2.04,3.58,7.3,11.0,32.8,71.1,4.4,GYM-01_METER,正常
OFF-01,办公楼,2026-07-29 20:00,19.22,1.45,3.03,7.2,11.8,31.5,77.1,1.1,OFF-01_METER,正常
OFF-02,办公楼,2026-07-29 20:00,19.5,1.06,4.35,6.8,11.1,34.4,74.3,1.5,OFF-02_METER,正常
OFF-03,办公楼,2026-07-29 20:00,19.96,1.78,4.9,8.2,12.4,35.0,82.8,2.6,OFF-03_METER,正常
OFF-04,办公楼,2026-07-29 20:00,32.84,1.02,4.56,6.0,11.0,34.3,81.0,3.1,OFF-04_METER,正常
OFF-05,办公楼,2026-07-29 20:00,25.61,1.26,3.52,6.0,10.0,32.7,83.0,3.0,OFF-05_METER,正常
TEACH-01,教学楼,2026-07-29 20:00,22.37,1.81,6.96,7.6,11.8,35.4,88.1,0.3,TEACH-01_METER,正常
TEACH-02,教学楼,2026-07-29 20:00,26.08,1.88,5.28,6.7,11.8,33.2,82.3,1.3,TEACH-02_METER,正常
TEACH-03,教学楼,2026-07-29 20:00,26.06,2.47,6.3,6.9,10.0,35.0,75.5,0.3,TEACH-03_METER,正常
LIB-01,公共机构,2026-07-29 20:00,110.27,1.53,3.64,7.0,11.2,32.5,64.8,3.1,LIB-01_METER,正常
GYM-01,公共机构,2026-07-29 20:00,89.44,2.04,3.76,5.3,10.2,32.6,77.7,1.9,GYM-01_METER,正常
OFF-01,办公楼,2026-07-29 21:00,24.01,0.9,4.53,6.5,12.4,34.5,76.4,2.3,OFF-01_METER,正常
OFF-02,办公楼,2026-07-29 21:00,35.55,2.04,3.71,5.8,10.0,32.9,79.4,4.0,OFF-02_METER,正常
OFF-03,办公楼,2026-07-29 21:00,33.05,1.15,5.23,7.9,11.3,36.0,78.9,4.7,OFF-03_METER,正常
OFF-04,办公楼,2026-07-29 21:00,19.16,2.13,3.03,6.4,10.3,31.6,71.0,1.3,OFF-04_METER,正常
OFF-05,办公楼,2026-07-29 21:00,21.36,1.01,4.97,7.7,12.2,34.8,79.0,0.7,OFF-05_METER,正常
TEACH-01,教学楼,2026-07-29 21:00,30.35,1.91,6.79,8.0,12.8,34.9,80.4,0.0,TEACH-01_METER,正常
TEACH-02,教学楼,2026-07-29 21:00,26.39,1.84,5.87,7.3,12.7,34.3,86.9,0.8,TEACH-02_METER,正常
TEACH-03,教学楼,2026-07-29 21:00,18.64,1.9,4.92,6.4,10.6,32.6,82.8,2.0,TEACH-03_METER,正常
LIB-01,公共机构,2026-07-29 21:00,84.44,1.62,2.39,6.6,10.2,30.5,78.0,4.2,LIB-01_METER,正常
GYM-01,公共机构,2026-07-29 21:00,94.63,1.6,4.78,8.5,14.0,34.8,68.7,2.9,GYM-01_METER,正常
OFF-01,办公楼,2026-07-29 22:00,23.45,1.02,3.55,5.6,10.3,32.8,64.7,4.6,OFF-01_METER,正常
OFF-02,办公楼,2026-07-29 22:00,25.07,1.08,4.15,5.8,10.9,33.3,78.2,3.2,OFF-02_METER,正常
OFF-03,办公楼,2026-07-29 22:00,23.27,1.23,5.17,8.1,12.6,35.3,69.0,4.4,OFF-03_METER,正常
OFF-04,办公楼,2026-07-29 22:00,15.63,0.99,4.48,6.4,11.4,34.5,77.4,3.9,OFF-04_METER,正常
OFF-05,办公楼,2026-07-29 22:00,26.78,1.87,4.97,8.2,13.9,35.7,84.4,1.3,OFF-05_METER,正常
TEACH-01,教学楼,2026-07-29 22:00,22.73,2.45,5.17,6.2,10.0,33.0,76.7,1.1,TEACH-01_METER,正常
TEACH-02,教学楼,2026-07-29 22:00,23.42,1.93,3.95,6.7,11.1,31.4,77.2,1.3,TEACH-02_METER,正常
TEACH-03,教学楼,2026-07-29 22:00,22.33,1.83,4.47,6.9,12.5,32.2,75.4,0.2,TEACH-03_METER,正常
LIB-01,公共机构,2026-07-29 22:00,30.64,1.6,4.0,5.1,10.0,33.3,78.6,2.7,LIB-01_METER,正常
GYM-01,公共机构,2026-07-29 22:00,30.83,2.23,3.74,6.9,10.5,32.8,79.0,2.1,GYM-01_METER,正常
OFF-01,办公楼,2026-07-29 23:00,24.55,1.29,4.27,6.8,10.5,34.3,78.1,1.9,OFF-01_METER,正常
OFF-02,办公楼,2026-07-29 23:00,30.34,1.08,2.82,7.2,11.1,31.1,73.2,0.7,OFF-02_METER,正常
OFF-03,办公楼,2026-07-29 23:00,24.6,0.94,4.01,7.0,11.1,33.5,77.0,2.7,OFF-03_METER,正常
OFF-04,办公楼,2026-07-29 23:00,26.97,1.51,2.71,7.0,12.3,30.8,66.0,1.7,OFF-04_METER,正常
OFF-05,办公楼,2026-07-29 23:00,23.87,1.03,3.04,8.0,12.5,31.8,77.7,3.4,OFF-05_METER,正常
TEACH-01,教学楼,2026-07-29 23:00,25.11,1.81,2.87,6.6,12.0,29.9,77.8,1.1,TEACH-01_METER,正常
TEACH-02,教学楼,2026-07-29 23:00,21.53,1.82,5.24,7.6,12.2,33.4,79.2,1.9,TEACH-02_METER,正常
TEACH-03,教学楼,2026-07-29 23:00,28.3,1.92,2.74,5.2,10.0,30.0,68.7,1.0,TEACH-03_METER,正常
LIB-01,公共机构,2026-07-29 23:00,47.46,1.5,3.61,7.4,13.3,33.1,75.3,4.9,LIB-01_METER,正常
GYM-01,公共机构,2026-07-29 23:00,40.04,1.66,4.86,8.5,13.4,34.6,80.0,4.1,GYM-01_METER,正常
OFF-01,办公楼,2026-07-30 00:00,25.0,0.91,0.0,7.3,12.2,25.1,67.7,0.8,OFF-01_METER,正常
OFF-02,办公楼,2026-07-30 00:00,28.23,1.1,0.0,6.5,10.9,25.0,65.2,4.2,OFF-02_METER,正常
OFF-03,办公楼,2026-07-30 00:00,18.25,1.01,0.0,7.0,11.6,25.0,73.7,2.9,OFF-03_METER,正常
OFF-04,办公楼,2026-07-30 00:00,20.86,1.07,0.0,8.3,12.9,25.0,67.1,1.7,OFF-04_METER,正常
OFF-05,办公楼,2026-07-30 00:00,26.85,0.9,0.0,5.3,10.0,25.0,67.3,3.5,OFF-05_METER,正常
TEACH-01,教学楼,2026-07-30 00:00,14.27,1.97,0.0,6.2,11.0,25.0,64.1,0.1,TEACH-01_METER,正常
TEACH-02,教学楼,2026-07-30 00:00,16.26,2.08,0.0,5.8,10.0,25.0,66.6,1.2,TEACH-02_METER,正常
TEACH-03,教学楼,2026-07-30 00:00,18.9,1.82,0.0,6.8,10.5,25.0,63.2,0.7,TEACH-03_METER,正常
LIB-01,公共机构,2026-07-30 00:00,36.39,1.99,0.0,7.5,11.7,25.0,71.1,2.9,LIB-01_METER,正常
GYM-01,公共机构,2026-07-30 00:00,21.33,1.58,0.0,6.9,10.1,25.4,68.6,4.5,GYM-01_METER,正常
OFF-01,办公楼,2026-07-30 01:00,18.57,1.13,0.0,7.8,13.3,25.0,61.4,3.4,OFF-01_METER,正常
OFF-02,办公楼,2026-07-30 01:00,22.56,0.95,0.0,8.0,12.1,25.0,63.8,3.0,OFF-02_METER,正常
OFF-03,办公楼,2026-07-30 01:00,18.08,0.96,0.0,5.7,10.2,25.1,60.2,3.1,OFF-03_METER,正常
OFF-04,办公楼,2026-07-30 01:00,17.02,1.41,0.0,6.5,10.9,25.9,60.6,2.6,OFF-04_METER,正常
OFF-05,办公楼,2026-07-30 01:00,29.38,0.92,0.0,7.0,11.8,25.0,71.7,2.7,OFF-05_METER,正常
TEACH-01,教学楼,2026-07-30 01:00,17.52,2.18,0.0,6.3,10.0,25.7,69.4,1.8,TEACH-01_METER,正常
TEACH-02,教学楼,2026-07-30 01:00,17.03,1.82,0.0,5.8,11.3,25.0,68.9,1.5,TEACH-02_METER,正常
TEACH-03,教学楼,2026-07-30 01:00,16.75,2.16,0.05,8.0,13.7,26.1,75.3,0.8,TEACH-03_METER,正常
LIB-01,公共机构,2026-07-30 01:00,20.83,1.55,0.07,6.8,11.7,26.1,61.2,2.1,LIB-01_METER,正常
GYM-01,公共机构,2026-07-30 01:00,21.91,1.82,0.01,5.5,10.0,26.0,70.3,1.8,GYM-01_METER,正常
OFF-01,办公楼,2026-07-30 02:00,21.07,1.02,0.51,6.8,11.5,26.9,64.0,3.1,OFF-01_METER,正常
OFF-02,办公楼,2026-07-30 02:00,26.69,1.08,0.16,6.9,11.8,26.3,75.0,1.3,OFF-02_METER,正常
OFF-03,办公楼,2026-07-30 02:00,29.46,1.04,0.0,5.9,10.0,25.0,67.7,4.7,OFF-03_METER,正常
OFF-04,办公楼,2026-07-30 02:00,20.5,0.93,0.04,7.2,12.3,26.1,66.0,2.4,OFF-04_METER,正常
OFF-05,办公楼,2026-07-30 02:00,24.46,1.49,0.88,8.0,11.7,27.5,83.9,4.8,OFF-05_METER,正常
TEACH-01,教学楼,2026-07-30 02:00,16.43,2.16,0.0,7.5,11.6,25.9,77.1,0.9,TEACH-01_METER,正常
TEACH-02,教学楼,2026-07-30 02:00,10.15,1.84,0.0,7.2,11.6,25.0,70.4,1.4,TEACH-02_METER,正常
TEACH-03,教学楼,2026-07-30 02:00,16.27,1.85,0.0,5.8,10.3,25.0,66.1,1.2,TEACH-03_METER,正常
LIB-01,公共机构,2026-07-30 02:00,36.23,1.56,0.27,6.1,10.0,26.5,59.0,3.2,LIB-01_METER,正常
GYM-01,公共机构,2026-07-30 02:00,30.94,1.65,0.0,7.6,10.5,25.0,65.7,1.9,GYM-01_METER,正常
OFF-01,办公楼,2026-07-30 03:00,20.02,1.4,0.48,5.7,10.5,26.9,66.6,2.5,OFF-01_METER,正常
OFF-02,办公楼,2026-07-30 03:00,21.36,1.72,0.0,7.0,12.6,25.0,73.5,3.8,OFF-02_METER,正常
OFF-03,办公楼,2026-07-30 03:00,23.45,1.14,0.86,7.5,11.5,27.5,70.3,2.1,OFF-03_METER,正常
OFF-04,办公楼,2026-07-30 03:00,30.14,1.8,0.29,6.4,10.6,26.5,74.6,4.1,OFF-04_METER,正常
OFF-05,办公楼,2026-07-30 03:00,28.02,0.95,0.0,5.5,10.0,25.0,61.4,3.0,OFF-05_METER,正常
TEACH-01,教学楼,2026-07-30 03:00,30.83,1.92,0.0,7.0,12.7,25.1,65.8,1.7,TEACH-01_METER,正常
TEACH-02,教学楼,2026-07-30 03:00,22.31,1.87,0.93,6.7,11.3,27.2,77.4,1.1,TEACH-02_METER,正常
TEACH-03,教学楼,2026-07-30 03:00,16.0,2.02,0.98,6.9,12.1,27.3,80.2,1.3,TEACH-03_METER,正常
LIB-01,公共机构,2026-07-30 03:00,20.92,1.78,0.0,6.6,11.1,25.0,67.0,3.4,LIB-01_METER,正常
GYM-01,公共机构,2026-07-30 03:00,30.62,1.58,0.0,7.5,11.7,25.8,61.2,2.5,GYM-01_METER,正常
OFF-01,办公楼,2026-07-30 04:00,28.78,1.04,0.09,7.6,11.1,26.2,64.2,4.2,OFF-01_METER,正常
OFF-02,办公楼,2026-07-30 04:00,22.72,1.65,0.03,7.0,12.2,26.1,71.7,1.3,OFF-02_METER,正常
OFF-03,办公楼,2026-07-30 04:00,32.32,1.13,0.0,7.7,12.1,25.0,66.9,3.7,OFF-03_METER,正常
OFF-04,办公楼,2026-07-30 04:00,26.86,1.17,0.0,6.8,12.1,25.0,67.2,2.7,OFF-04_METER,正常
OFF-05,办公楼,2026-07-30 04:00,20.44,1.78,0.0,7.9,13.4,25.0,61.5,3.3,OFF-05_METER,正常
TEACH-01,教学楼,2026-07-30 04:00,23.99,1.98,0.0,8.1,14.0,25.7,69.0,0.4,TEACH-01_METER,正常
TEACH-02,教学楼,2026-07-30 04:00,22.9,1.95,0.0,6.3,10.0,25.8,67.6,0.8,TEACH-02_METER,正常
TEACH-03,教学楼,2026-07-30 04:00,20.92,2.14,1.04,6.4,11.1,27.5,74.9,0.1,TEACH-03_METER,正常
LIB-01,公共机构,2026-07-30 04:00,25.29,1.54,1.44,7.6,13.5,28.6,76.7,2.3,LIB-01_METER,正常
GYM-01,公共机构,2026-07-30 04:00,29.45,3.13,0.0,7.2,11.4,25.0,65.4,3.5,GYM-01_METER,正常
OFF-01,办公楼,2026-07-30 05:00,21.76,1.17,0.09,7.6,12.3,26.2,66.6,5.0,OFF-01_METER,正常
OFF-02,办公楼,2026-07-30 05:00,14.18,1.28,0.48,7.4,11.5,26.9,66.9,2.2,OFF-02_METER,正常
OFF-03,办公楼,2026-07-30 05:00,22.12,1.76,1.46,7.0,11.6,28.7,65.7,0.7,OFF-03_METER,正常
OFF-04,办公楼,2026-07-30 05:00,27.57,0.93,0.0,5.9,10.2,25.0,69.3,2.8,OFF-04_METER,正常
OFF-05,办公楼,2026-07-30 05:00,24.93,1.52,0.13,5.5,10.0,26.3,64.3,1.0,OFF-05_METER,正常
TEACH-01,教学楼,2026-07-30 05:00,18.33,2.03,2.61,7.0,11.6,29.5,70.9,0.1,TEACH-01_METER,正常
TEACH-02,教学楼,2026-07-30 05:00,7.22,2.04,1.22,6.0,10.3,27.8,61.6,1.3,TEACH-02_METER,正常
TEACH-03,教学楼,2026-07-30 05:00,27.43,1.95,0.0,7.6,11.9,26.0,76.3,1.4,TEACH-03_METER,正常
LIB-01,公共机构,2026-07-30 05:00,26.01,2.93,0.66,7.2,11.4,27.2,60.3,1.3,LIB-01_METER,正常
GYM-01,公共机构,2026-07-30 05:00,25.74,1.81,0.0,8.0,13.3,25.2,68.9,4.7,GYM-01_METER,正常
OFF-01,办公楼,2026-07-30 06:00,23.2,1.39,1.1,6.3,11.9,28.0,73.7,4.8,OFF-01_METER,正常
OFF-02,办公楼,2026-07-30 06:00,13.14,1.44,0.05,8.3,12.5,26.1,69.5,2.2,OFF-02_METER,正常
OFF-03,办公楼,2026-07-30 06:00,26.06,0.97,0.73,6.3,10.5,27.4,66.5,4.6,OFF-03_METER,正常
OFF-04,办公楼,2026-07-30 06:00,23.5,1.09,2.14,6.3,12.1,30.2,76.4,4.9,OFF-04_METER,正常
OFF-05,办公楼,2026-07-30 06:00,20.71,1.17,1.25,6.0,10.0,28.3,73.8,0.6,OFF-05_METER,正常
TEACH-01,教学楼,2026-07-30 06:00,22.8,2.1,1.26,6.7,12.1,27.7,61.9,0.7,TEACH-01_METER,正常
TEACH-02,教学楼,2026-07-30 06:00,11.39,2.41,1.45,7.0,10.9,27.9,73.5,1.3,TEACH-02_METER,正常
TEACH-03,教学楼,2026-07-30 06:00,15.77,2.4,1.49,5.4,11.1,28.2,72.4,1.1,TEACH-03_METER,正常
LIB-01,公共机构,2026-07-30 06:00,27.15,1.52,1.51,6.8,11.6,28.7,62.7,4.8,LIB-01_METER,正常
GYM-01,公共机构,2026-07-30 06:00,27.06,2.32,1.5,6.5,11.6,28.8,71.5,2.1,GYM-01_METER,正常
OFF-01,办公楼,2026-07-30 07:00,20.1,1.47,1.11,6.8,11.1,28.2,75.1,4.4,OFF-01_METER,正常
OFF-02,办公楼,2026-07-30 07:00,18.62,1.63,1.68,6.7,11.4,29.2,76.5,3.6,OFF-02_METER,正常
OFF-03,办公楼,2026-07-30 07:00,22.67,1.43,3.26,7.7,13.4,32.1,81.7,1.9,OFF-03_METER,正常
OFF-04,办公楼,2026-07-30 07:00,20.4,1.05,1.2,7.3,11.7,28.3,71.4,3.5,OFF-04_METER,正常
OFF-05,办公楼,2026-07-30 07:00,29.78,1.0,0.0,8.3,13.4,25.8,64.5,2.7,OFF-05_METER,正常
TEACH-01,教学楼,2026-07-30 07:00,27.29,1.84,2.2,5.6,10.0,28.9,71.4,1.1,TEACH-01_METER,正常
TEACH-02,教学楼,2026-07-30 07:00,20.16,2.51,2.58,7.6,12.2,29.5,71.1,1.6,TEACH-02_METER,正常
TEACH-03,教学楼,2026-07-30 07:00,19.73,1.88,1.3,7.0,11.4,27.8,66.2,0.9,TEACH-03_METER,正常
LIB-01,公共机构,2026-07-30 07:00,18.98,1.86,0.85,8.6,13.2,27.6,74.4,0.7,LIB-01_METER,正常
GYM-01,公共机构,2026-07-30 07:00,21.44,2.4,0.97,6.5,11.3,27.9,72.9,1.8,GYM-01_METER,正常
OFF-01,办公楼,2026-07-30 08:00,80.54,3.4,1.48,8.5,13.1,28.9,81.0,15.5,OFF-01_METER,正常
OFF-02,办公楼,2026-07-30 08:00,77.73,2.85,0.81,7.2,11.1,27.5,74.8,17.7,OFF-02_METER,正常
OFF-03,办公楼,2026-07-30 08:00,63.6,2.85,0.86,6.2,10.0,27.7,71.7,17.1,OFF-03_METER,正常
OFF-04,办公楼,2026-07-30 08:00,65.95,2.79,2.74,5.9,10.0,30.9,74.5,15.7,OFF-04_METER,正常
OFF-05,办公楼,2026-07-30 08:00,77.81,2.9,1.77,6.3,10.1,29.1,73.5,19.7,OFF-05_METER,正常
TEACH-01,教学楼,2026-07-30 08:00,91.03,6.05,4.13,7.7,12.5,32.0,76.4,35.8,TEACH-01_METER,正常
TEACH-02,教学楼,2026-07-30 08:00,85.44,5.48,4.24,5.0,10.8,31.7,76.0,36.8,TEACH-02_METER,正常
TEACH-03,教学楼,2026-07-30 08:00,125.84,5.45,4.32,7.7,12.7,32.0,72.4,39.1,TEACH-03_METER,正常
LIB-01,公共机构,2026-07-30 08:00,27.28,4.61,2.53,7.1,10.7,30.7,67.3,11.8,LIB-01_METER,正常
GYM-01,公共机构,2026-07-30 08:00,28.65,4.63,0.91,7.0,11.8,27.6,71.5,16.4,GYM-01_METER,正常
OFF-01,办公楼,2026-07-30 09:00,96.02,2.76,2.11,7.0,11.5,29.0,73.7,22.5,OFF-01_METER,正常
OFF-02,办公楼,2026-07-30 09:00,92.08,3.33,3.89,7.0,11.4,31.6,77.5,15.0,OFF-02_METER,正常
OFF-03,办公楼,2026-07-30 09:00,72.73,2.92,2.21,8.1,13.1,29.2,77.1,19.0,OFF-03_METER,正常
OFF-04,办公楼,2026-07-30 09:00,79.21,2.83,3.17,9.1,13.9,30.5,81.9,19.0,OFF-04_METER,正常
OFF-05,办公楼,2026-07-30 09:00,86.22,3.68,2.85,7.5,12.0,30.0,68.3,17.8,OFF-05_METER,正常
TEACH-01,教学楼,2026-07-30 09:00,132.54,5.88,4.46,6.1,10.8,30.8,75.6,30.4,TEACH-01_METER,正常
TEACH-02,教学楼,2026-07-30 09:00,108.25,5.44,2.58,7.0,11.6,28.7,74.9,31.4,TEACH-02_METER,正常
TEACH-03,教学楼,2026-07-30 09:00,126.0,5.52,1.16,7.2,12.5,27.3,67.8,34.0,TEACH-03_METER,正常
LIB-01,公共机构,2026-07-30 09:00,72.01,5.48,2.32,7.0,10.5,29.2,76.1,12.6,LIB-01_METER,正常
GYM-01,公共机构,2026-07-30 09:00,82.99,5.2,2.16,6.2,10.5,29.2,76.0,15.7,GYM-01_METER,正常
OFF-01,办公楼,2026-07-30 10:00,95.95,3.1,3.62,5.8,10.0,31.0,68.6,17.9,OFF-01_METER,正常
OFF-02,办公楼,2026-07-30 10:00,93.9,2.87,5.02,6.3,11.0,33.4,67.8,17.2,OFF-02_METER,正常
OFF-03,办公楼,2026-07-30 10:00,89.57,2.97,3.85,8.0,11.7,31.3,69.3,22.7,OFF-03_METER,正常
OFF-04,办公楼,2026-07-30 10:00,93.81,3.11,3.08,7.3,11.7,30.4,76.7,24.8,OFF-04_METER,正常
OFF-05,办公楼,2026-07-30 10:00,95.34,2.98,3.65,7.6,12.7,31.2,78.5,17.8,OFF-05_METER,正常
TEACH-01,教学楼,2026-07-30 10:00,98.68,5.45,5.51,7.8,11.5,31.6,73.1,38.9,TEACH-01_METER,正常
TEACH-02,教学楼,2026-07-30 10:00,140.82,5.51,5.41,7.7,12.7,31.9,72.9,30.5,TEACH-02_METER,正常
TEACH-03,教学楼,2026-07-30 10:00,137.1,6.19,5.09,6.6,10.8,31.4,74.0,36.6,TEACH-03_METER,正常
LIB-01,公共机构,2026-07-30 10:00,112.8,4.78,3.06,6.3,10.0,30.6,71.3,13.2,LIB-01_METER,正常
GYM-01,公共机构,2026-07-30 10:00,99.08,4.57,2.15,7.0,11.1,29.1,67.8,16.4,GYM-01_METER,正常
OFF-01,办公楼,2026-07-30 11:00,75.54,3.06,4.72,6.6,11.4,32.4,80.3,15.5,OFF-01_METER,正常
OFF-02,办公楼,2026-07-30 11:00,74.52,2.83,5.33,7.2,10.9,33.5,74.8,22.6,OFF-02_METER,正常
OFF-03,办公楼,2026-07-30 11:00,82.53,2.85,4.62,7.2,10.7,33.0,83.7,22.7,OFF-03_METER,正常
OFF-04,办公楼,2026-07-30 11:00,75.72,3.13,3.52,6.6,10.0,30.8,79.7,19.4,OFF-04_METER,正常
OFF-05,办公楼,2026-07-30 11:00,96.94,3.28,5.62,6.0,10.5,34.0,78.4,21.6,OFF-05_METER,正常
TEACH-01,教学楼,2026-07-30 11:00,141.96,5.74,4.26,5.3,10.0,30.6,76.0,25.9,TEACH-01_METER,正常
TEACH-02,教学楼,2026-07-30 11:00,92.57,5.45,5.3,7.6,11.3,31.5,77.2,39.2,TEACH-02_METER,正常
TEACH-03,教学楼,2026-07-30 11:00,93.33,5.6,7.24,6.9,10.4,33.5,77.5,32.7,TEACH-03_METER,正常
LIB-01,公共机构,2026-07-30 11:00,84.68,4.61,3.71,7.7,11.4,31.1,73.4,16.4,LIB-01_METER,正常
GYM-01,公共机构,2026-07-30 11:00,50.96,4.67,1.97,6.8,11.0,28.9,74.1,10.6,GYM-01_METER,正常
OFF-01,办公楼,2026-07-30 12:00,67.28,2.75,5.06,7.1,11.3,33.6,90.7,23.8,OFF-01_METER,正常
OFF-02,办公楼,2026-07-30 12:00,78.04,2.8,4.47,6.8,11.7,32.6,74.2,16.5,OFF-02_METER,正常
OFF-03,办公楼,2026-07-30 12:00,68.5,3.42,3.2,8.4,13.3,30.8,72.6,23.6,OFF-03_METER,正常
OFF-04,办公楼,2026-07-30 12:00,72.01,2.76,3.84,6.0,11.2,31.7,76.2,17.9,OFF-04_METER,正常
OFF-05,办公楼,2026-07-30 12:00,78.67,3.42,4.85,5.8,10.0,32.8,77.7,21.6,OFF-05_METER,正常
TEACH-01,教学楼,2026-07-30 12:00,91.34,6.46,6.86,6.9,12.7,33.0,79.1,25.7,TEACH-01_METER,正常
TEACH-02,教学楼,2026-07-30 12:00,109.49,5.56,6.63,7.2,11.9,33.4,74.3,39.0,TEACH-02_METER,正常
TEACH-03,教学楼,2026-07-30 12:00,112.82,5.61,6.07,7.7,12.4,32.5,79.0,28.9,TEACH-03_METER,正常
LIB-01,公共机构,2026-07-30 12:00,104.77,4.54,4.89,8.0,13.1,32.7,77.4,18.3,LIB-01_METER,正常
GYM-01,公共机构,2026-07-30 12:00,86.01,4.75,4.01,7.2,11.0,31.4,74.8,10.3,GYM-01_METER,正常
OFF-01,办公楼,2026-07-30 13:00,106.95,3.06,4.89,7.6,12.2,33.1,78.4,23.3,OFF-01_METER,正常
OFF-02,办公楼,2026-07-30 13:00,90.34,2.84,5.65,6.2,10.7,33.8,75.4,17.1,OFF-02_METER,正常
OFF-03,办公楼,2026-07-30 13:00,91.44,2.78,5.6,7.5,11.2,34.4,72.3,15.7,OFF-03_METER,正常
OFF-04,办公楼,2026-07-30 13:00,93.36,2.88,4.02,7.0,12.3,31.5,67.8,20.5,OFF-04_METER,正常
OFF-05,办公楼,2026-07-30 13:00,98.72,2.89,4.94,6.9,10.0,32.7,68.0,21.6,OFF-05_METER,正常
TEACH-01,教学楼,2026-07-30 13:00,137.21,5.41,5.02,7.1,12.4,31.6,79.7,32.2,TEACH-01_METER,正常
TEACH-02,教学楼,2026-07-30 13:00,124.65,5.46,5.47,7.4,13.1,31.6,78.2,35.2,TEACH-02_METER,正常
TEACH-03,教学楼,2026-07-30 13:00,140.7,5.4,5.54,6.1,11.0,31.8,71.0,37.9,TEACH-03_METER,正常
LIB-01,公共机构,2026-07-30 13:00,61.09,4.59,4.69,7.0,12.0,32.4,67.8,13.7,LIB-01_METER,正常
GYM-01,公共机构,2026-07-30 13:00,68.7,5.19,5.08,8.3,13.5,32.9,75.4,18.5,GYM-01_METER,正常
OFF-01,办公楼,2026-07-30 14:00,92.43,3.42,4.77,6.9,10.5,32.8,73.8,18.1,OFF-01_METER,正常
OFF-02,办公楼,2026-07-30 14:00,81.18,2.8,5.02,6.3,10.0,33.5,75.5,20.8,OFF-02_METER,正常
OFF-03,办公楼,2026-07-30 14:00,68.78,3.15,5.14,6.4,10.5,33.7,80.1,15.9,OFF-03_METER,正常
OFF-04,办公楼,2026-07-30 14:00,94.54,2.86,6.09,7.2,12.0,34.9,79.6,16.3,OFF-04_METER,正常
OFF-05,办公楼,2026-07-30 14:00,70.93,3.05,5.51,6.9,11.2,34.3,81.4,18.2,OFF-05_METER,正常
TEACH-01,教学楼,2026-07-30 14:00,121.43,5.59,7.87,6.9,10.8,34.4,71.6,36.3,TEACH-01_METER,正常
TEACH-02,教学楼,2026-07-30 14:00,124.44,5.75,7.62,5.0,10.0,33.9,78.2,30.7,TEACH-02_METER,正常
TEACH-03,教学楼,2026-07-30 14:00,91.69,5.42,6.93,7.3,11.5,33.7,88.6,26.4,TEACH-03_METER,正常
LIB-01,公共机构,2026-07-30 14:00,83.42,4.78,6.63,5.9,10.0,36.0,84.3,13.7,LIB-01_METER,正常
GYM-01,公共机构,2026-07-30 14:00,104.18,4.57,7.09,7.5,11.6,35.6,71.2,17.0,GYM-01_METER,正常
OFF-01,办公楼,2026-07-30 15:00,88.82,3.51,4.27,7.8,12.6,32.1,81.8,24.2,OFF-01_METER,正常
OFF-02,办公楼,2026-07-30 15:00,70.81,2.7,4.71,6.3,10.8,32.6,79.4,22.4,OFF-02_METER,正常
OFF-03,办公楼,2026-07-30 15:00,85.2,2.77,5.65,7.5,11.9,33.6,72.3,20.3,OFF-03_METER,正常
OFF-04,办公楼,2026-07-30 15:00,106.45,2.93,5.72,5.8,10.0,34.4,87.3,17.2,OFF-04_METER,正常
OFF-05,办公楼,2026-07-30 15:00,90.03,2.9,7.16,6.5,10.3,36.0,77.5,24.9,OFF-05_METER,正常
TEACH-01,教学楼,2026-07-30 15:00,118.8,5.59,6.01,7.0,11.5,32.5,62.8,27.6,TEACH-01_METER,正常
TEACH-02,教学楼,2026-07-30 15:00,117.37,5.45,5.7,7.5,11.3,31.9,64.0,32.8,TEACH-02_METER,正常
TEACH-03,教学楼,2026-07-30 15:00,107.79,5.58,6.73,6.1,10.0,33.6,77.6,37.6,TEACH-03_METER,正常
LIB-01,公共机构,2026-07-30 15:00,105.98,4.57,6.45,6.7,11.9,35.3,80.2,16.8,LIB-01_METER,正常
GYM-01,公共机构,2026-07-30 15:00,105.6,4.51,4.41,6.5,10.4,32.1,71.8,15.8,GYM-01_METER,正常
OFF-01,办公楼,2026-07-30 16:00,97.5,2.79,4.23,6.9,10.4,31.9,70.7,19.0,OFF-01_METER,正常
OFF-02,办公楼,2026-07-30 16:00,87.21,2.99,4.05,7.2,11.6,32.1,80.3,24.2,OFF-02_METER,正常
OFF-03,办公楼,2026-07-30 16:00,74.18,3.7,7.21,6.5,10.5,36.0,86.9,15.9,OFF-03_METER,正常
OFF-04,办公楼,2026-07-30 16:00,87.11,2.73,7.04,6.3,11.1,35.8,86.7,23.9,OFF-04_METER,正常
OFF-05,办公楼,2026-07-30 16:00,88.56,3.24,5.99,6.4,10.7,34.8,76.9,19.0,OFF-05_METER,正常
TEACH-01,教学楼,2026-07-30 16:00,102.78,5.84,6.69,7.0,10.7,33.4,81.6,25.6,TEACH-01_METER,正常
TEACH-02,教学楼,2026-07-30 16:00,102.34,5.47,4.45,6.0,10.7,30.6,75.3,31.4,TEACH-02_METER,正常
TEACH-03,教学楼,2026-07-30 16:00,132.23,5.77,6.99,7.3,11.6,33.6,84.5,27.0,TEACH-03_METER,正常
LIB-01,公共机构,2026-07-30 16:00,86.58,4.84,7.06,6.9,12.5,36.0,78.7,15.8,LIB-01_METER,正常
GYM-01,公共机构,2026-07-30 16:00,58.37,4.54,5.67,5.7,10.0,34.1,78.5,12.9,GYM-01_METER,正常
OFF-01,办公楼,2026-07-30 17:00,78.78,3.92,7.32,7.5,12.1,36.0,81.5,16.6,OFF-01_METER,正常
OFF-02,办公楼,2026-07-30 17:00,103.33,2.9,5.9,7.9,13.2,34.4,77.2,17.6,OFF-02_METER,正常
OFF-03,办公楼,2026-07-30 17:00,99.32,2.88,6.87,7.5,12.3,35.9,71.5,23.3,OFF-03_METER,正常
OFF-04,办公楼,2026-07-30 17:00,100.65,2.79,5.3,5.6,11.2,34.0,81.9,23.9,OFF-04_METER,正常
OFF-05,办公楼,2026-07-30 17:00,102.12,2.72,6.47,6.9,12.0,34.9,83.5,18.5,OFF-05_METER,正常
TEACH-01,教学楼,2026-07-30 17:00,123.15,6.32,5.16,5.8,10.4,31.3,75.0,28.7,TEACH-01_METER,正常
TEACH-02,教学楼,2026-07-30 17:00,96.16,5.46,5.82,7.7,12.2,31.9,81.9,39.2,TEACH-02_METER,正常
TEACH-03,教学楼,2026-07-30 17:00,124.48,5.48,6.19,7.4,11.7,32.7,70.5,39.7,TEACH-03_METER,正常
LIB-01,公共机构,2026-07-30 17:00,111.4,4.54,7.23,7.0,11.9,35.9,80.3,17.7,LIB-01_METER,正常
GYM-01,公共机构,2026-07-30 17:00,61.69,4.56,4.65,6.8,11.8,32.9,74.3,19.4,GYM-01_METER,正常
OFF-01,办公楼,2026-07-30 18:00,80.39,2.76,3.8,5.5,10.0,33.4,75.5,16.1,OFF-01_METER,正常
OFF-02,办公楼,2026-07-30 18:00,68.02,2.83,3.76,5.6,10.9,33.2,69.8,24.6,OFF-02_METER,正常
OFF-03,办公楼,2026-07-30 18:00,77.33,2.74,5.15,7.6,12.8,36.0,74.0,24.3,OFF-03_METER,正常
OFF-04,办公楼,2026-07-30 18:00,98.3,2.71,4.41,8.0,12.4,34.4,65.4,20.9,OFF-04_METER,正常
OFF-05,办公楼,2026-07-30 18:00,73.97,2.71,3.31,5.1,10.0,32.4,79.2,18.9,OFF-05_METER,正常
TEACH-01,教学楼,2026-07-30 18:00,115.6,5.43,5.99,7.3,12.2,34.2,77.8,26.2,TEACH-01_METER,正常
TEACH-02,教学楼,2026-07-30 18:00,128.74,5.53,6.62,7.7,11.7,35.0,75.4,25.0,TEACH-02_METER,正常
TEACH-03,教学楼,2026-07-30 18:00,132.78,6.07,5.45,6.9,11.7,34.0,79.7,38.8,TEACH-03_METER,正常
LIB-01,公共机构,2026-07-30 18:00,86.75,4.58,3.41,8.4,11.9,32.1,82.8,18.7,LIB-01_METER,正常
GYM-01,公共机构,2026-07-30 18:00,82.42,4.71,3.13,9.3,14.6,31.5,76.4,14.3,GYM-01_METER,正常
OFF-01,办公楼,2026-07-30 19:00,37.98,1.62,5.17,8.1,12.6,35.4,81.1,1.6,OFF-01_METER,正常
OFF-02,办公楼,2026-07-30 19:00,19.22,1.52,4.03,5.3,10.2,33.4,81.0,2.2,OFF-02_METER,正常
OFF-03,办公楼,2026-07-30 19:00,29.18,1.04,5.26,6.8,11.9,36.0,73.8,0.9,OFF-03_METER,正常
OFF-04,办公楼,2026-07-30 19:00,21.26,1.34,3.4,7.8,10.9,32.3,76.8,1.9,OFF-04_METER,正常
OFF-05,办公楼,2026-07-30 19:00,29.17,1.3,5.14,9.1,12.5,35.3,74.8,2.9,OFF-05_METER,正常
TEACH-01,教学楼,2026-07-30 19:00,30.87,2.14,5.29,6.7,11.7,33.4,71.0,0.3,TEACH-01_METER,正常
TEACH-02,教学楼,2026-07-30 19:00,31.06,1.96,7.54,7.9,14.2,36.0,82.2,0.5,TEACH-02_METER,正常
TEACH-03,教学楼,2026-07-30 19:00,14.33,2.1,5.87,6.1,11.2,34.1,68.9,1.8,TEACH-03_METER,正常
LIB-01,公共机构,2026-07-30 19:00,105.51,1.97,4.02,7.3,11.7,33.3,74.6,0.8,LIB-01_METER,正常
GYM-01,公共机构,2026-07-30 19:00,61.16,1.97,5.2,7.7,12.0,36.0,76.2,2.4,GYM-01_METER,正常
OFF-01,办公楼,2026-07-30 20:00,18.3,1.52,4.67,7.4,11.8,34.8,75.4,4.5,OFF-01_METER,正常
OFF-02,办公楼,2026-07-30 20:00,28.79,0.94,5.26,7.2,12.0,35.6,89.7,1.6,OFF-02_METER,正常
OFF-03,办公楼,2026-07-30 20:00,33.93,1.16,3.76,7.7,11.6,32.8,69.6,2.1,OFF-03_METER,正常
OFF-04,办公楼,2026-07-30 20:00,39.09,1.01,4.99,6.8,10.9,35.3,81.3,2.5,OFF-04_METER,正常
OFF-05,办公楼,2026-07-30 20:00,27.18,1.42,3.76,9.1,13.3,33.0,77.6,1.6,OFF-05_METER,正常
TEACH-01,教学楼,2026-07-30 20:00,17.65,1.89,5.91,5.7,11.1,33.8,78.0,1.1,TEACH-01_METER,正常
TEACH-02,教学楼,2026-07-30 20:00,19.06,2.13,4.57,8.3,12.4,32.2,77.0,1.2,TEACH-02_METER,正常
TEACH-03,教学楼,2026-07-30 20:00,29.08,2.3,6.84,6.7,10.8,35.3,81.6,0.1,TEACH-03_METER,正常
LIB-01,公共机构,2026-07-30 20:00,89.32,1.5,3.04,7.4,11.9,32.0,67.0,3.9,LIB-01_METER,正常
GYM-01,公共机构,2026-07-30 20:00,104.58,1.99,3.59,6.4,10.6,32.6,71.7,1.2,GYM-01_METER,正常
OFF-01,办公楼,2026-07-30 21:00,15.04,0.91,2.55,7.2,13.4,30.5,74.7,2.5,OFF-01_METER,正常
OFF-02,办公楼,2026-07-30 21:00,29.39,0.91,4.32,7.2,11.8,34.3,66.6,3.6,OFF-02_METER,正常
OFF-03,办公楼,2026-07-30 21:00,37.44,1.03,3.55,7.0,11.9,32.6,73.3,3.5,OFF-03_METER,正常
OFF-04,办公楼,2026-07-30 21:00,20.68,0.94,4.38,5.2,10.5,34.2,76.3,2.5,OFF-04_METER,正常
OFF-05,办公楼,2026-07-30 21:00,13.33,0.93,3.24,7.6,12.4,32.0,64.1,3.6,OFF-05_METER,正常
TEACH-01,教学楼,2026-07-30 21:00,23.32,1.89,4.53,6.0,10.0,32.3,72.1,0.2,TEACH-01_METER,正常
TEACH-02,教学楼,2026-07-30 21:00,19.83,2.69,5.71,5.8,10.0,34.2,85.6,0.5,TEACH-02_METER,正常
TEACH-03,教学楼,2026-07-30 21:00,21.21,2.01,4.46,5.7,10.3,32.5,58.1,0.9,TEACH-03_METER,正常
LIB-01,公共机构,2026-07-30 21:00,58.72,2.3,3.04,8.2,14.9,31.9,66.9,1.1,LIB-01_METER,正常
GYM-01,公共机构,2026-07-30 21:00,104.08,1.63,4.11,6.6,12.3,33.3,79.8,1.7,GYM-01_METER,正常
OFF-01,办公楼,2026-07-30 22:00,22.52,0.91,3.67,6.6,11.1,32.8,79.0,3.8,OFF-01_METER,正常
OFF-02,办公楼,2026-07-30 22:00,30.4,1.24,3.71,6.2,10.5,32.9,84.4,3.6,OFF-02_METER,正常
OFF-03,办公楼,2026-07-30 22:00,23.76,1.02,3.84,8.2,13.2,32.8,77.3,3.5,OFF-03_METER,正常
OFF-04,办公楼,2026-07-30 22:00,26.05,1.14,4.11,7.4,11.5,33.8,83.6,2.8,OFF-04_METER,正常
OFF-05,办公楼,2026-07-30 22:00,23.89,1.26,5.19,5.2,10.0,35.1,74.8,0.5,OFF-05_METER,正常
TEACH-01,教学楼,2026-07-30 22:00,28.91,1.82,5.18,7.4,11.5,33.3,69.0,1.2,TEACH-01_METER,正常
TEACH-02,教学楼,2026-07-30 22:00,27.87,2.43,6.44,6.3,11.0,34.8,73.1,0.9,TEACH-02_METER,正常
TEACH-03,教学楼,2026-07-30 22:00,23.4,2.07,5.13,5.8,10.4,33.0,83.3,1.0,TEACH-03_METER,正常
LIB-01,公共机构,2026-07-30 22:00,21.17,1.81,4.87,8.0,12.7,35.5,82.5,3.0,LIB-01_METER,正常
GYM-01,公共机构,2026-07-30 22:00,34.53,1.91,3.36,7.2,11.9,32.4,80.8,1.2,GYM-01_METER,正常
OFF-01,办公楼,2026-07-30 23:00,26.2,1.07,2.73,7.7,12.3,30.9,76.0,1.2,OFF-01_METER,正常
OFF-02,办公楼,2026-07-30 23:00,20.97,1.61,4.98,5.5,10.0,35.0,79.7,1.8,OFF-02_METER,正常
OFF-03,办公楼,2026-07-30 23:00,41.01,1.16,3.47,6.3,10.5,32.5,70.9,0.9,OFF-03_METER,正常
OFF-04,办公楼,2026-07-30 23:00,24.69,2.25,1.3,5.0,10.0,28.4,62.1,3.5,OFF-04_METER,正常
OFF-05,办公楼,2026-07-30 23:00,19.95,1.61,4.38,6.6,11.3,34.3,73.7,4.9,OFF-05_METER,正常
TEACH-01,教学楼,2026-07-30 23:00,26.09,3.11,6.65,6.7,11.1,35.7,76.0,0.4,TEACH-01_METER,正常
TEACH-02,教学楼,2026-07-30 23:00,18.16,1.93,3.92,6.4,11.7,31.6,73.7,0.2,TEACH-02_METER,正常
TEACH-03,教学楼,2026-07-30 23:00,25.41,2.58,6.1,6.6,11.6,34.3,72.7,0.1,TEACH-03_METER,正常
LIB-01,公共机构,2026-07-30 23:00,39.56,1.77,4.34,6.6,11.6,34.0,78.9,1.6,LIB-01_METER,正常
GYM-01,公共机构,2026-07-30 23:00,37.27,1.8,3.37,8.5,12.7,32.1,73.7,2.3,GYM-01_METER,正常
